timesteps,reward,episode_length
40,0.0,5
40,0.0,5
40,0.0,5
40,0.0,5
40,0.0,5
40,0.0,5
40,0.0,5
80,0.0,5
80,0.0,5
80,0.0,5
120,0.0,5
128,1.0,16
152,1.0,14
168,0.0,5
168,1.0,16
192,0.0,5
192,0.0,3
192,1.0,14
200,0.0,4
232,0.0,5
232,0.0,5
232,0.0,5
240,0.0,5
248,1.0,16
272,2.0,24
272,0.0,5
272,0.0,5
272,0.0,5
280,0.0,5
288,0.0,5
312,3.0,34
312,0.0,5
312,0.0,5
312,0.0,5
320,0.0,5
328,3.0,36
328,0.0,5
336,0.0,3
352,0.0,5
352,0.0,5
360,0.0,3
360,0.0,5
368,0.0,5
368,0.0,5
384,0.0,3
392,0.0,5
400,1.0,16
400,0.0,5
408,0.0,5
424,0.0,5
424,1.0,14
440,0.0,5
448,0.0,3
464,0.0,5
480,0.0,5
488,0.0,5
496,1.0,16
504,0.0,5
512,2.0,20
520,1.0,16
520,0.0,5
528,1.0,15
536,1.0,17
536,0.0,5
552,0.0,5
560,0.0,5
560,0.0,5
568,0.0,5
576,0.0,5
576,0.0,3
576,0.0,5
608,0.0,5
616,1.0,14
616,0.0,5
616,0.0,5
616,0.0,5
624,1.0,17
640,0.0,3
640,0.0,3
656,0.0,5
664,0.0,5
680,0.0,5
680,0.0,5
688,1.0,16
704,1.0,12
712,0.0,3
720,0.0,5
728,1.0,14
744,0.0,5
744,2.0,23
760,0.0,5
768,1.0,14
776,1.0,14
784,0.0,5
792,1.0,14
800,0.0,5
824,1.0,12
824,0.0,5
832,0.0,5
840,0.0,5
840,1.0,16
864,1.0,12
880,0.0,5
880,0.0,5
888,0.0,3
904,1.0,16
920,0.0,5
920,0.0,5
928,0.0,5
944,0.0,5
952,1.0,15
960,0.0,5
960,0.0,5
960,1.0,17
984,0.0,3
984,0.0,3
992,0.0,5
1000,0.0,5
1008,2.0,23
1016,3.0,34
1024,0.0,5
1024,0.0,5
1032,0.0,5
1048,0.0,3
1048,0.0,5
1056,0.0,5
1064,1.0,15
1072,0.0,3
1072,0.0,3
1096,0.0,5
1096,2.0,21
1104,0.0,5
1112,1.0,14
1112,0.0,5
1112,0.0,5
1120,0.0,3
1136,1.0,14
1144,0.0,5
1152,0.0,5
1152,0.0,5
1160,1.0,16
1160,0.0,5
1176,0.0,5
1192,0.0,5
1200,0.0,5
1216,0.0,5
1232,0.0,5
1240,0.0,5
1272,1.0,16
1272,0.0,5
1280,0.0,5
1296,1.0,17
1312,0.0,5
1320,0.0,5
1336,1.0,15
1336,0.0,5
1368,2.0,27
1368,3.0,34
1376,0.0,5
1376,0.0,5
1384,3.0,34
1408,0.0,5
1416,0.0,5
1416,0.0,5
1424,0.0,5
1440,2.0,21
1456,0.0,5
1464,0.0,5
1480,0.0,5
1488,2.0,21
1496,0.0,5
1504,1.0,17
1504,0.0,5
1520,0.0,5
1528,0.0,5
1528,1.0,14
1544,0.0,5
1560,0.0,5
1568,0.0,5
1568,2.0,20
1568,0.0,3
1608,0.0,5
1608,0.0,5
1624,3.0,39
1664,0.0,5
1664,1.0,17
1696,1.0,16
1704,1.0,12
1704,0.0,5
1704,0.0,5
1720,2.0,28
1728,2.0,21
1736,0.0,5
1736,1.0,16
1744,0.0,5
1744,0.0,5
1744,2.0,30
1744,0.0,5
1768,0.0,5
1776,0.0,5
1776,0.0,5
1784,0.0,5
1784,0.0,5
1808,0.0,3
1816,0.0,5
1832,0.0,3
1856,1.0,14
1856,0.0,5
1856,1.0,14
1888,1.0,15
1896,0.0,5
1896,0.0,5
1912,2.0,24
1928,0.0,5
1936,0.0,5
1936,0.0,5
1952,2.0,21
1952,0.0,5
1952,0.0,3
1968,1.0,14
1976,0.0,5
1976,0.0,5
1992,0.0,5
2000,2.0,28
2008,0.0,5
2016,2.0,23
2016,0.0,5
2016,0.0,5
2040,0.0,5
2040,0.0,3
2048,0.0,5
2056,0.0,5
2056,0.0,5
2064,0.0,3
2080,0.0,5
2080,1.0,16
2088,1.0,17
2088,0.0,5
2096,0.0,5
2104,0.0,5
2120,0.0,3
2120,0.0,5
2120,1.0,16
2120,0.0,5
2128,0.0,5
2144,0.0,5
2160,0.0,5
2160,0.0,5
2160,0.0,5
2160,0.0,5
2168,1.0,14
2184,0.0,5
2200,0.0,5
2200,0.0,5
2200,1.0,14
2200,0.0,5
2200,0.0,5
2224,0.0,5
2240,0.0,5
2240,0.0,5
2280,0.0,5
2304,1.0,17
2312,1.0,14
2320,0.0,5
2328,1.0,16
2336,0.0,3
2344,0.0,5
2352,1.0,14
2360,0.0,5
2368,2.0,21
2376,0.0,5
2384,0.0,5
2392,0.0,5
2392,0.0,3
2400,0.0,5
2408,0.0,3
2424,3.0,37
2432,0.0,5
2432,0.0,3
2432,0.0,5
2456,1.0,16
2464,0.0,5
2496,0.0,5
2496,3.0,34
2496,1.0,15
2504,0.0,5
2536,0.0,5
2536,0.0,5
2552,1.0,15
2560,1.0,16
2568,2.0,21
2576,0.0,5
2576,0.0,5
2592,0.0,5
2600,0.0,5
2608,0.0,5
2616,2.0,23
2616,0.0,5
2632,0.0,3
2632,1.0,17
2632,0.0,5
2640,0.0,5
2656,0.0,5
2672,2.0,21
2672,0.0,5
2672,0.0,5
2680,0.0,3
2704,1.0,16
2712,1.0,12
2712,0.0,5
2720,0.0,5
2728,1.0,12
2744,0.0,5
2752,0.0,5
2752,1.0,14
2768,0.0,5
2776,0.0,3
2784,0.0,5
2792,0.0,5
2800,1.0,16
2808,0.0,3
2840,0.0,5
2840,2.0,21
2840,1.0,16
2848,0.0,5
2864,0.0,3
2880,0.0,5
2888,0.0,5
2904,1.0,14
2904,0.0,5
2920,0.0,5
2928,0.0,3
2936,2.0,27
2944,0.0,5
2968,0.0,5
2968,1.0,16
2976,0.0,5
2992,0.0,3
3000,0.0,3
3000,2.0,28
3000,2.0,29
3008,0.0,5
3040,0.0,5
3040,0.0,5
3040,0.0,5
3048,0.0,5
3048,1.0,16
3072,0.0,3
3080,0.0,5
3088,0.0,5
3088,1.0,12
3112,0.0,3
3112,0.0,3
3112,0.0,5
3136,0.0,3
3152,0.0,5
3152,0.0,5
3176,0.0,5
3192,0.0,5
3200,3.0,39
3208,2.0,21
3208,2.0,21
3232,0.0,5
3232,0.0,3
3248,1.0,12
3248,0.0,5
3264,2.0,23
3272,0.0,5
3272,4.0,41
3272,0.0,5
3288,0.0,5
3288,1.0,14
3288,0.0,5
3296,0.0,3
3304,0.0,5
3312,0.0,5
3320,0.0,3
3328,0.0,5
3328,0.0,5
3344,0.0,5
3360,0.0,5
3368,0.0,5
3368,0.0,5
3384,0.0,5
3392,2.0,24
3392,1.0,15
3400,0.0,5
3408,0.0,3
3408,0.0,5
3416,0.0,3
3416,1.0,16
3432,0.0,3
3432,0.0,5
3440,0.0,5
3440,1.0,16
3448,0.0,5
3456,0.0,5
3472,0.0,5
3472,0.0,5
3472,0.0,3
3480,0.0,5
3488,1.0,15
3496,0.0,5
3496,0.0,3
3512,0.0,5
3528,0.0,5
3536,0.0,5
3536,0.0,5
3568,1.0,12
3568,1.0,16
3568,0.0,5
3576,2.0,20
3576,0.0,5
3576,0.0,5
3608,0.0,5
3608,0.0,5
3608,0.0,5
3616,0.0,5
3616,0.0,5
3616,1.0,17
3616,0.0,5
3648,0.0,5
3648,0.0,5
3648,0.0,5
3656,0.0,5
3656,0.0,5
3680,0.0,3
3688,0.0,5
3688,0.0,5
3696,2.0,23
3712,1.0,12
3720,0.0,3
3728,0.0,5
3728,0.0,5
3752,0.0,3
3752,1.0,17
3752,0.0,5
3760,0.0,5
3776,0.0,3
3792,1.0,17
3792,0.0,5
3792,0.0,5
3816,0.0,5
3824,1.0,12
3840,2.0,24
3856,2.0,22
3864,0.0,3
3880,1.0,15
3888,0.0,3
3896,0.0,5
3904,1.0,14
3904,1.0,14
3912,1.0,15
3920,0.0,5
3928,0.0,5
3928,1.0,14
3936,0.0,5
3944,0.0,5
3952,1.0,16
3952,0.0,5
3960,0.0,5
3968,0.0,5
3968,0.0,5
3976,0.0,5
3984,0.0,5
3992,0.0,5
4000,0.0,5
4016,0.0,5
4024,0.0,5
4024,1.0,15
4032,0.0,5
4048,1.0,12
4056,0.0,3
4056,0.0,5
4064,0.0,5
4064,1.0,12
4080,0.0,3
4088,0.0,5
4096,0.0,5
4104,0.0,5
4120,0.0,5
4120,0.0,3
4144,0.0,5
4152,2.0,23
4152,1.0,16
4160,0.0,5
4176,0.0,3
4184,0.0,5
4200,1.0,17
4216,1.0,12
4216,0.0,5
4240,0.0,3
4240,0.0,3
4264,0.0,3
4272,2.0,23
4272,1.0,14
4272,3.0,34
4280,0.0,5
4288,1.0,17
4288,0.0,3
4296,0.0,3
4296,0.0,3
4296,1.0,14
4312,0.0,5
4320,0.0,3
4320,0.0,5
4320,0.0,3
4328,0.0,5
4328,0.0,5
4336,0.0,5
4360,0.0,3
4360,0.0,5
4360,0.0,5
4368,0.0,5
4400,0.0,5
4400,0.0,5
4400,0.0,5
4408,0.0,5
4432,1.0,15
4440,0.0,5
4440,0.0,5
4456,1.0,16
4464,0.0,3
4472,0.0,5
4480,0.0,5
4488,2.0,21
4488,0.0,3
4496,0.0,5
4512,0.0,5
4520,0.0,5
4520,1.0,14
4528,0.0,5
4528,3.0,41
4552,0.0,5
4560,0.0,5
4560,0.0,5
4568,2.0,21
4576,0.0,3
4600,0.0,5
4600,0.0,3
4608,0.0,5
4624,0.0,3
4624,1.0,12
4640,0.0,5
4648,0.0,5
4656,2.0,20
4664,0.0,5
4672,1.0,14
4672,2.0,23
4680,0.0,5
4680,0.0,3
4688,0.0,5
4696,0.0,3
4704,0.0,5
4712,0.0,5
4712,0.0,3
4720,0.0,5
4720,0.0,5
4728,0.0,3
4736,0.0,5
4744,2.0,27
4752,0.0,5
4752,0.0,5
4752,1.0,16
4760,0.0,5
4760,0.0,3
4760,0.0,5
4768,0.0,5
4776,0.0,3
4784,0.0,5
4792,0.0,5
4800,0.0,5
4800,0.0,5
4808,0.0,5
4816,0.0,5
4832,0.0,5
4840,0.0,5
4848,0.0,5
4856,0.0,5
4856,1.0,12
4864,1.0,14
4872,0.0,5
4880,0.0,3
4904,0.0,5
4912,0.0,5
4912,1.0,16
4912,1.0,14
4920,0.0,5
4936,0.0,3
4944,0.0,5
4944,1.0,12
4952,0.0,5
4968,1.0,16
4976,0.0,5
4984,0.0,5
4984,0.0,5
4984,1.0,16
4992,0.0,3
4992,0.0,5
5024,0.0,5
5024,1.0,14
5024,0.0,5
5032,0.0,5
5032,0.0,5
5064,0.0,5
5064,0.0,5
5072,0.0,5
5072,0.0,5
5096,1.0,14
5096,0.0,3
5104,0.0,5
5104,0.0,5
5112,0.0,5
5120,1.0,12
5136,0.0,5
5136,0.0,5
5144,0.0,5
5144,0.0,5
5160,0.0,5
5176,0.0,5
5176,0.0,5
5184,0.0,5
5184,0.0,5
5200,0.0,5
5200,2.0,28
5208,0.0,3
5216,0.0,5
5224,1.0,14
5232,0.0,3
5232,3.0,39
5240,0.0,5
5240,0.0,5
5256,0.0,5
5264,0.0,5
5272,0.0,5
5280,1.0,12
5280,0.0,5
5280,0.0,5
5296,0.0,5
5304,0.0,3
5304,0.0,5
5320,0.0,5
5320,0.0,3
5344,0.0,5
5344,0.0,5
5360,0.0,5
5360,2.0,23
5360,0.0,5
5384,0.0,5
5384,0.0,5
5392,1.0,14
5400,0.0,5
5400,0.0,5
5400,0.0,5
5400,1.0,16
5424,0.0,5
5424,0.0,5
5424,2.0,24
5432,0.0,5
5440,0.0,5
5440,0.0,5
5440,0.0,5
5464,0.0,5
5464,0.0,5
5464,0.0,5
5472,0.0,5
5480,0.0,5
5480,0.0,5
5504,0.0,5
5504,0.0,5
5504,0.0,5
5504,0.0,3
5512,1.0,14
5520,0.0,5
5544,0.0,5
5544,0.0,5
5544,0.0,5
5544,0.0,5
5560,0.0,5
5568,0.0,3
5576,1.0,17
5584,0.0,5
5584,0.0,5
5584,0.0,5
5600,1.0,16
5600,0.0,5
5608,0.0,5
5624,0.0,5
5624,0.0,5
5640,0.0,5
5640,0.0,5
5648,0.0,5
5648,0.0,3
5664,0.0,5
5680,0.0,5
5680,0.0,5
5688,0.0,5
5696,2.0,23
5720,0.0,5
5720,0.0,5
5728,0.0,5
5736,0.0,5
5736,2.0,20
5752,2.0,21
5760,0.0,5
5760,0.0,5
5760,1.0,14
5768,0.0,5
5776,0.0,5
5776,0.0,5
5784,0.0,3
5784,0.0,3
5792,1.0,16
5792,0.0,5
5800,0.0,5
5808,0.0,3
5808,0.0,5
5816,0.0,5
5816,0.0,5
5824,0.0,5
5832,0.0,5
5832,0.0,5
5840,0.0,5
5848,0.0,5
5848,0.0,5
5864,0.0,5
5888,0.0,5
5888,0.0,5
5904,0.0,5
5928,0.0,5
5928,1.0,14
5928,0.0,5
5936,1.0,15
5944,0.0,5
5952,0.0,3
5968,1.0,16
5968,1.0,17
5968,0.0,5
5968,0.0,5
5976,0.0,5
5976,0.0,3
6008,0.0,5
6008,0.0,5
6008,0.0,5
6016,0.0,5
6056,0.0,5
6072,1.0,16
6088,1.0,14
6096,0.0,5
6112,0.0,3
6120,0.0,3
6120,1.0,14
6128,2.0,20
6136,0.0,3
6136,1.0,16
6144,4.0,39
6144,0.0,3
6160,0.0,3
6168,0.0,5
6176,0.0,5
6184,0.0,5
6208,0.0,3
6208,1.0,17
6216,1.0,12
6216,0.0,5
6232,0.0,3
6232,0.0,3
6256,0.0,5
6272,0.0,5
6272,0.0,5
6296,3.0,36
6296,0.0,5
6312,0.0,5
6328,1.0,14
6336,0.0,5
6336,2.0,21
6352,0.0,5
6368,0.0,5
6376,0.0,5
6376,2.0,29
6376,0.0,5
6384,1.0,14
6392,0.0,5
6400,0.0,3
6408,0.0,5
6416,0.0,5
6416,0.0,5
6424,0.0,3
6424,0.0,5
6440,0.0,3
6448,3.0,36
6448,0.0,5
6464,2.0,21
6464,0.0,5
6488,0.0,5
6488,0.0,5
6504,1.0,14
6504,0.0,5
6512,0.0,3
6528,0.0,5
6536,0.0,3
6544,0.0,5
6544,0.0,5
6544,1.0,16
6560,1.0,17
6568,1.0,16
6568,0.0,5
6576,0.0,5
6584,0.0,5
6584,0.0,5
6584,0.0,5
6608,0.0,3
6608,0.0,5
6616,0.0,5
6624,0.0,5
6624,0.0,5
6632,0.0,3
6632,2.0,21
6656,0.0,5
6664,0.0,5
6664,0.0,5
6672,0.0,5
6672,0.0,5
6680,1.0,15
6696,0.0,5
6704,1.0,12
6712,0.0,5
6720,0.0,5
6736,0.0,5
6744,0.0,5
6776,1.0,14
6784,0.0,5
6816,0.0,5
6824,0.0,5
6832,1.0,14
6840,0.0,3
6848,2.0,23
6848,3.0,35
6872,0.0,3
6872,0.0,5
6880,0.0,5
6880,2.0,21
6888,0.0,5
6896,0.0,3
6912,0.0,3
6912,0.0,5
6920,0.0,5
6920,0.0,5
6936,0.0,5
6936,0.0,3
6952,0.0,5
6952,3.0,35
6960,0.0,5
6992,0.0,5
6992,2.0,21
7000,0.0,5
7008,3.0,34
7016,1.0,12
7032,0.0,5
7040,0.0,5
7048,0.0,5
7056,0.0,5
7064,1.0,16
7072,0.0,3
7072,0.0,5
7080,1.0,16
7080,0.0,5
7120,0.0,5
7120,1.0,16
7160,0.0,5
7160,0.0,5
7184,1.0,14
7192,1.0,16
7200,0.0,5
7200,0.0,5
7216,1.0,17
7224,3.0,36
7240,0.0,5
7240,2.0,23
7240,0.0,5
7256,0.0,5
7264,0.0,5
7280,1.0,12
7280,0.0,5
7280,0.0,5
7280,0.0,5
7288,1.0,12
7296,0.0,5
7304,0.0,5
7320,0.0,5
7320,0.0,5
7320,0.0,5
7320,0.0,5
7328,0.0,5
7336,0.0,5
7344,0.0,5
7344,0.0,3
7360,0.0,5
7360,0.0,5
7360,0.0,5
7368,0.0,3
7368,0.0,5
7376,0.0,5
7400,0.0,5
7400,0.0,5
7400,3.0,41
7408,0.0,5
7416,0.0,5
7440,1.0,12
7440,0.0,5
7440,0.0,5
7448,0.0,5
7464,1.0,12
7472,1.0,14
7480,0.0,5
7488,0.0,3
7488,0.0,5
7496,1.0,12
7512,0.0,3
7520,0.0,3
7528,1.0,14
7528,0.0,5
7560,0.0,5
7560,1.0,15
7568,0.0,5
7568,0.0,5
7576,1.0,17
7592,1.0,14
7600,0.0,5
7608,0.0,5
7608,1.0,12
7616,0.0,5
7640,0.0,5
7648,0.0,5
7648,0.0,5
7656,2.0,23
7672,0.0,3
7680,1.0,14
7696,0.0,5
7696,0.0,3
7696,1.0,17
7720,0.0,5
7728,1.0,17
7728,1.0,14
7736,0.0,5
7736,0.0,5
7736,0.0,5
7752,1.0,14
7752,0.0,3
7760,0.0,5
7760,0.0,3
7768,1.0,15
7768,0.0,5
7776,0.0,3
7808,0.0,5
7808,0.0,5
7848,0.0,5
7848,1.0,12
7848,0.0,5
7848,1.0,14
7864,1.0,16
7872,1.0,12
7888,0.0,5
7888,1.0,16
7888,0.0,5
7888,1.0,16
7888,0.0,5
7888,0.0,5
7888,0.0,3
7912,0.0,5
7912,0.0,3
7928,0.0,5
7928,0.0,5
7928,0.0,5
7928,0.0,5
7936,0.0,3
7952,0.0,5
7968,0.0,5
7976,0.0,5
7984,1.0,12
7992,0.0,5
8000,1.0,14
8008,0.0,5
8016,0.0,5
8024,1.0,12
8024,0.0,5
8032,0.0,5
8040,1.0,14
8040,0.0,5
8064,0.0,3
8064,0.0,5
8080,0.0,5
8088,0.0,3
8128,0.0,5
8144,1.0,10
8144,2.0,27
8144,1.0,16
8152,1.0,16
8152,0.0,3
8176,0.0,3
8176,2.0,21
8184,0.0,5
8184,0.0,5
8192,0.0,5
8200,1.0,15
8216,0.0,5
8216,0.0,5
8224,0.0,5
8232,0.0,5
8240,0.0,5
8256,0.0,5
8256,0.0,5
8264,0.0,5
8272,0.0,5
8280,0.0,5
8280,1.0,17
8296,0.0,5
8312,0.0,5
8320,3.0,36
8320,0.0,5
8336,0.0,5
8352,1.0,12
8352,0.0,5
8360,0.0,5
8360,0.0,5
8368,2.0,23
8376,1.0,14
8392,0.0,5
8392,0.0,5
8400,0.0,5
8400,0.0,5
8400,0.0,3
8408,0.0,5
8416,0.0,3
8440,0.0,5
8440,0.0,5
8440,0.0,5
8456,0.0,5
8464,1.0,16
8464,0.0,3
8472,2.0,24
8480,0.0,5
8496,0.0,5
8496,0.0,3
8504,1.0,14
8504,0.0,5
8504,0.0,5
8520,0.0,5
8536,0.0,5
8544,0.0,5
8560,1.0,15
8584,0.0,5
8600,2.0,24
8600,0.0,5
8600,1.0,12
8624,0.0,5
8640,0.0,5
8640,0.0,5
8664,0.0,5
8664,2.0,21
8664,1.0,16
8680,0.0,5
8680,0.0,5
8688,2.0,23
8704,0.0,5
8704,0.0,5
8704,0.0,5
8704,2.0,23
8720,0.0,5
8728,0.0,3
8744,0.0,5
8744,0.0,5
8760,0.0,5
8784,0.0,5
8784,0.0,5
8784,2.0,23
8792,1.0,14
8800,1.0,12
8824,1.0,17
8824,0.0,5
8824,0.0,5
8824,0.0,5
8864,0.0,5
8864,0.0,5
8864,0.0,5
8864,1.0,17
8888,1.0,16
8904,0.0,5
8904,0.0,5
8904,0.0,5
8904,0.0,5
8928,0.0,5
8944,0.0,5
8944,0.0,5
8944,0.0,5
8944,0.0,5
8968,0.0,5
8984,0.0,5
8984,0.0,5
8984,0.0,5
9008,2.0,23
9008,0.0,3
9024,0.0,5
9024,0.0,5
9024,2.0,28
9048,0.0,5
9048,0.0,5
9056,1.0,14
9064,0.0,5
9064,0.0,5
9080,3.0,36
9088,0.0,5
9088,0.0,5
9096,0.0,5
9104,0.0,5
9104,0.0,5
9104,0.0,3
9128,0.0,5
9128,0.0,5
9128,0.0,3
9136,2.0,21
9136,0.0,5
9136,1.0,14
9144,0.0,5
9168,0.0,5
9168,0.0,5
9176,0.0,5
9176,0.0,5
9208,0.0,5
9216,0.0,5
9216,0.0,5
9240,0.0,3
9248,0.0,5
9256,0.0,5
9256,1.0,14
9256,1.0,11
9264,1.0,16
9272,0.0,3
9280,0.0,5
9288,0.0,3
9296,0.0,5
9296,0.0,5
9296,0.0,3
9296,2.0,21
9296,0.0,5
9312,0.0,3
9320,0.0,5
9336,0.0,5
9336,0.0,5
9352,0.0,5
9360,0.0,5
9392,0.0,5
9400,0.0,5
9408,1.0,14
9416,1.0,15
9432,0.0,5
9432,3.0,41
9448,0.0,5
9456,0.0,5
9464,2.0,21
9464,1.0,16
9472,1.0,17
9472,0.0,5
9488,0.0,5
9496,0.0,5
9504,0.0,5
9512,0.0,5
9528,1.0,12
9528,0.0,5
9536,0.0,5
9544,0.0,5
9552,0.0,5
9568,0.0,5
9568,0.0,5
9592,0.0,5
9600,1.0,17
9608,0.0,5
9608,1.0,17
9616,0.0,3
9632,0.0,3
9640,0.0,5
9664,0.0,3
9672,0.0,5
9704,0.0,5
9712,3.0,39
9712,0.0,5
9720,2.0,23
9728,2.0,23
9736,2.0,21
9744,0.0,5
9744,1.0,16
9752,0.0,5
9768,0.0,3
9808,0.0,5
9832,2.0,28
9832,0.0,3
9848,1.0,12
9864,1.0,17
9872,0.0,5
9872,0.0,5
9872,1.0,17
9880,2.0,21
9888,0.0,3
9912,0.0,5
9912,2.0,24
9912,0.0,5
9912,0.0,5
9920,0.0,5
9928,0.0,5
9944,1.0,12
9952,0.0,5
9952,0.0,5
9960,0.0,5
9968,0.0,5
9984,0.0,5
9992,0.0,5
10000,0.0,5
10008,1.0,12
10024,3.0,35
10024,0.0,5
10032,0.0,5
10032,1.0,15
10048,0.0,5
10064,0.0,5
10064,0.0,5
10072,0.0,5
10072,0.0,5
10080,1.0,16
10096,1.0,16
10104,0.0,5
10104,0.0,5
10112,0.0,5
10120,0.0,5
10136,0.0,5
10144,0.0,5
10152,0.0,5
10160,0.0,5
10176,0.0,5
10184,0.0,5
10184,2.0,23
10192,0.0,5
10200,0.0,5
10232,0.0,5
10232,2.0,23
10240,0.0,5
10256,2.0,23
10272,0.0,5
10272,0.0,5
10280,0.0,5
10288,2.0,23
10296,0.0,5
10312,0.0,5
10320,1.0,17
10336,0.0,5
10352,0.0,5
10360,2.0,23
10360,0.0,5
10368,2.0,23
10392,0.0,5
10400,0.0,5
10408,0.0,5
10432,0.0,5
10440,0.0,5
10448,0.0,5
10456,2.0,23
10464,2.0,23
10472,2.0,23
10472,1.0,17
10480,0.0,5
10488,0.0,5
10496,0.0,5
10496,1.0,17
10536,0.0,5
10560,1.0,12
10568,1.0,17
10568,1.0,12
10568,1.0,12
10576,1.0,12
10584,1.0,12
10608,0.0,5
10608,0.0,5
10656,1.0,12
10664,1.0,12
10672,1.0,12
10680,1.0,12
10704,1.0,12
10704,1.0,12
10752,1.0,12
10760,1.0,12
10768,1.0,12
10776,1.0,12
10792,0.0,5
10800,1.0,12
10800,0.0,5
10800,1.0,12
10808,0.0,5
10816,0.0,5
10840,0.0,5
10840,0.0,5
10840,0.0,5
10848,0.0,5
10856,0.0,5
10856,4.0,45
10880,0.0,5
10880,0.0,5
10880,0.0,5
10896,0.0,5
10896,0.0,5
10896,4.0,45
10920,0.0,5
10936,0.0,5
10936,0.0,5
10976,2.0,23
10976,0.0,5
10976,0.0,5
11016,0.0,5
11016,0.0,5
11032,2.0,23
11056,0.0,5
11064,2.0,23
11064,2.0,23
11072,0.0,5
11080,2.0,23
11104,2.0,23
11104,0.0,5
11104,1.0,16
11104,0.0,5
11112,0.0,5
11120,0.0,5
11144,0.0,5
11144,0.0,5
11144,0.0,5
11152,0.0,5
11160,0.0,5
11184,0.0,5
11184,0.0,5
11184,0.0,5
11192,0.0,5
11200,0.0,5
11200,2.0,23
11224,0.0,5
11224,0.0,5
11224,0.0,5
11232,0.0,5
11240,0.0,5
11240,2.0,23
11240,0.0,5
11240,1.0,17
11264,0.0,5
11264,0.0,5
11280,0.0,5
11280,0.0,5
11280,0.0,5
11280,0.0,5
11304,0.0,5
11320,0.0,5
11320,0.0,5
11320,0.0,5
11320,0.0,5
11360,0.0,5
11408,2.0,23
11416,2.0,23
11432,0.0,3
11440,1.0,15
11440,0.0,3
11448,2.0,23
11456,0.0,3
11464,0.0,3
11472,2.0,21
11480,0.0,5
11488,2.0,21
11488,2.0,21
11496,0.0,4
11496,0.0,5
11512,0.0,5
11520,0.0,5
11528,0.0,5
11528,2.0,21
11528,0.0,5
11552,0.0,5
11568,0.0,5
11568,0.0,5
11592,0.0,5
11608,0.0,5
11608,0.0,5
11632,1.0,17
11632,2.0,23
11632,0.0,5
11648,0.0,5
11664,1.0,17
11672,0.0,5
11672,0.0,5
11680,2.0,23
11688,0.0,5
11704,2.0,23
11712,0.0,5
11720,0.0,5
11744,0.0,5
11752,0.0,5
11760,0.0,5
11784,0.0,5
11792,0.0,5
11792,2.0,23
11800,1.0,17
11800,0.0,5
11816,2.0,23
11832,0.0,5
11832,0.0,5
11840,0.0,5
11840,0.0,5
11856,2.0,23
11856,0.0,5
11872,2.0,23
11872,0.0,5
11872,0.0,5
11880,0.0,5
11880,0.0,5
11896,0.0,5
11896,0.0,5
11912,0.0,5
11912,0.0,5
11920,0.0,5
11936,0.0,5
11936,0.0,5
11952,0.0,5
11968,2.0,23
11976,0.0,5
11976,0.0,5
11992,0.0,5
12008,0.0,5
12016,0.0,5
12016,0.0,5
12032,0.0,5
12048,1.0,17
12056,2.0,23
12056,0.0,5
12064,2.0,23
12072,0.0,5
12088,0.0,5
12096,0.0,5
12104,0.0,5
12104,2.0,23
12112,0.0,5
12128,0.0,5
12136,0.0,5
12144,0.0,5
12144,1.0,17
12152,0.0,5
12168,0.0,5
12176,0.0,5
12184,0.0,5
12184,0.0,5
12192,0.0,5
12200,2.0,23
12208,0.0,5
12224,0.0,5
12232,0.0,5
12240,0.0,5
12240,1.0,17
12240,2.0,23
12248,0.0,5
12264,0.0,5
12272,0.0,5
12280,0.0,5
12280,0.0,5
12320,0.0,5
12320,0.0,5
12360,0.0,5
12360,2.0,23
12360,0.0,5
12368,2.0,23
12376,1.0,17
12400,0.0,5
12400,0.0,5
12400,0.0,5
12408,0.0,5
12416,0.0,5
12432,2.0,23
12440,0.0,5
12440,0.0,5
12448,0.0,5
12448,2.0,23
12456,0.0,5
12456,2.0,23
12480,0.0,5
12488,0.0,5
12496,0.0,5
12496,0.0,5
12528,0.0,5
12536,1.0,17
12536,0.0,5
12568,1.0,17
12576,0.0,5
12576,0.0,5
12584,1.0,17
12608,0.0,5
12616,0.0,5
12616,0.0,5
12624,0.0,5
12624,2.0,23
12648,0.0,5
12656,0.0,5
12664,0.0,5
12664,1.0,17
12664,2.0,23
12680,2.0,23
12688,0.0,5
12696,0.0,5
12704,0.0,5
12704,0.0,5
12704,0.0,5
12720,0.0,5
12736,0.0,5
12744,0.0,5
12744,0.0,5
12744,0.0,5
12760,1.0,17
12784,0.0,5
12784,0.0,5
12784,0.0,5
12800,2.0,23
12800,0.0,5
12816,1.0,16
12816,1.0,12
12824,0.0,5
12832,1.0,12
12840,0.0,5
12840,0.0,5
12856,0.0,5
12856,0.0,5
12864,0.0,5
12872,0.0,5
12880,1.0,12
12880,1.0,12
12880,0.0,5
12880,0.0,5
12904,0.0,5
12912,0.0,5
12920,0.0,5
12920,0.0,5
12920,0.0,5
12944,0.0,5
12952,0.0,5
12960,0.0,5
12960,0.0,5
12960,0.0,5
12984,1.0,16
12984,0.0,5
12984,1.0,16
12992,0.0,5
13000,0.0,5
13000,0.0,5
13000,0.0,5
13008,1.0,16
13024,0.0,5
13024,0.0,5
13024,0.0,5
13032,0.0,5
13040,0.0,5
13040,0.0,5
13040,0.0,5
13048,0.0,5
13064,0.0,5
13064,0.0,5
13064,0.0,5
13072,0.0,5
13080,0.0,5
13080,0.0,5
13080,0.0,5
13088,0.0,5
13104,0.0,5
13104,0.0,5
13104,0.0,5
13112,0.0,5
13120,0.0,5
13120,0.0,5
13120,0.0,5
13128,0.0,5
13144,0.0,5
13144,0.0,5
13144,0.0,5
13152,0.0,5
13160,0.0,5
13160,0.0,5
13160,0.0,5
13168,0.0,5
13184,0.0,5
13184,0.0,5
13184,0.0,5
13200,0.0,5
13200,0.0,5
13200,0.0,5
13208,0.0,5
13224,0.0,5
13224,0.0,5
13224,0.0,5
13240,0.0,5
13240,0.0,5
13240,0.0,5
13248,0.0,5
13264,0.0,5
13264,0.0,5
13264,0.0,5
13280,0.0,5
13280,0.0,5
13280,1.0,16
13288,0.0,5
13304,0.0,5
13320,0.0,5
13320,0.0,5
13320,0.0,5
13328,0.0,5
13360,1.0,12
13360,0.0,5
13360,0.0,5
13360,1.0,12
13360,0.0,5
13368,0.0,5
13376,1.0,17
13400,0.0,5
13400,0.0,5
13400,0.0,5
13408,0.0,5
13432,1.0,16
13448,0.0,5
13472,1.0,12
13472,0.0,5
13488,0.0,5
13496,1.0,17
13504,1.0,18
13512,0.0,5
13512,0.0,5
13528,1.0,16
13528,0.0,5
13528,1.0,16
13536,1.0,17
13536,0.0,5
13544,0.0,5
13552,0.0,5
13552,0.0,5
13568,0.0,5
13568,0.0,5
13568,0.0,5
13576,0.0,5
13576,0.0,5
13584,0.0,5
13592,0.0,5
13592,0.0,5
13608,0.0,5
13608,0.0,5
13616,0.0,5
13616,0.0,5
13632,0.0,5
13632,0.0,5
13656,0.0,5
13656,0.0,5
13672,0.0,5
13672,0.0,5
13696,0.0,5
13696,0.0,5
13696,1.0,16
13712,0.0,5
13712,0.0,5
13712,1.0,16
13736,0.0,5
13736,0.0,5
13736,1.0,16
13736,0.0,5
13744,1.0,17
13752,0.0,5
13752,0.0,5
13752,0.0,5
13776,0.0,5
13776,0.0,5
13776,0.0,5
13776,0.0,5
13784,0.0,5
13792,0.0,5
13792,0.0,5
13792,0.0,5
13816,0.0,5
13816,0.0,5
13816,0.0,5
13816,0.0,5
13824,0.0,5
13832,0.0,5
13832,0.0,5
13856,0.0,5
13856,0.0,5
13856,0.0,5
13856,0.0,5
13864,0.0,5
13872,0.0,5
13872,0.0,5
13896,0.0,5
13896,0.0,5
13896,0.0,5
13896,0.0,5
13904,0.0,5
13912,0.0,5
13912,0.0,5
13928,1.0,17
13936,0.0,5
13936,0.0,5
13936,0.0,5
13936,0.0,5
13944,0.0,5
13952,0.0,5
13952,0.0,5
13968,0.0,5
13976,0.0,5
13976,0.0,5
13976,0.0,5
13976,0.0,5
13984,0.0,5
13992,0.0,5
14008,0.0,5
14016,0.0,5
14016,0.0,5
14016,0.0,5
14032,0.0,5
14048,0.0,5
14056,0.0,5
14056,0.0,5
14072,0.0,5
14080,1.0,16
14088,0.0,5
14096,0.0,5
14096,0.0,5
14104,1.0,16
14112,1.0,16
14112,0.0,5
14120,0.0,5
14128,0.0,5
14136,0.0,5
14136,0.0,5
14144,0.0,5
14144,1.0,16
14152,0.0,5
14152,0.0,5
14160,0.0,5
14176,0.0,5
14176,0.0,5
14184,0.0,5
14184,0.0,5
14192,0.0,5
14192,0.0,5
14200,0.0,5
14216,0.0,5
14216,0.0,5
14224,0.0,5
14224,0.0,5
14232,0.0,5
14232,0.0,5
14240,0.0,5
14256,0.0,5
14256,0.0,5
14256,1.0,16
14264,0.0,5
14264,0.0,5
14272,0.0,5
14272,0.0,5
14280,0.0,5
14296,0.0,5
14296,0.0,5
14296,0.0,5
14304,0.0,5
14304,0.0,5
14312,0.0,5
14320,0.0,5
14336,0.0,5
14336,0.0,5
14336,0.0,5
14344,0.0,5
14344,0.0,5
14352,0.0,5
14360,0.0,5
14376,0.0,5
14376,0.0,5
14376,0.0,5
14384,0.0,5
14384,0.0,5
14392,0.0,5
14400,1.0,16
14400,0.0,3
14416,0.0,5
14416,0.0,5
14424,0.0,5
14424,0.0,5
14432,0.0,5
14440,0.0,5
14440,0.0,5
14456,0.0,5
14456,0.0,5
14464,0.0,5
14464,0.0,5
14472,0.0,5
14480,0.0,5
14480,0.0,5
14496,0.0,5
14496,0.0,5
14504,0.0,5
14504,0.0,5
14512,0.0,5
14520,0.0,5
14520,0.0,5
14536,0.0,5
14536,0.0,5
14544,0.0,5
14544,0.0,5
14552,0.0,5
14552,2.0,24
14560,0.0,5
14560,0.0,5
14576,0.0,5
14576,0.0,5
14584,0.0,5
14592,0.0,5
14592,0.0,5
14600,0.0,5
14600,0.0,5
14616,0.0,5
14616,0.0,5
14624,0.0,5
14632,0.0,5
14632,0.0,5
14640,0.0,5
14640,0.0,5
14656,0.0,5
14664,0.0,5
14672,0.0,5
14672,0.0,5
14680,0.0,5
14680,0.0,5
14704,0.0,5
14712,0.0,5
14712,0.0,5
14720,0.0,5
14728,2.0,23
14744,0.0,5
14752,0.0,5
14752,0.0,5
14768,0.0,5
14784,0.0,5
14792,0.0,5
14792,0.0,5
14800,2.0,23
14808,0.0,5
14824,0.0,5
14832,0.0,5
14840,2.0,23
14840,0.0,5
14848,0.0,5
14864,0.0,5
14864,2.0,23
14872,0.0,5
14880,0.0,5
14880,0.0,5
14888,0.0,5
14904,2.0,23
14904,0.0,5
14912,0.0,5
14920,0.0,5
14920,0.0,5
14928,0.0,5
14944,0.0,5
14944,0.0,5
14952,0.0,5
14960,0.0,5
14960,0.0,5
14968,0.0,5
14976,2.0,23
14984,0.0,5
15000,0.0,5
15008,0.0,5
15016,0.0,5
15024,0.0,5
15040,0.0,5
15048,2.0,23
15048,0.0,5
15056,0.0,5
15064,0.0,5
15080,0.0,5
15088,0.0,5
15088,0.0,5
15096,0.0,5
15104,0.0,5
15112,0.0,3
15128,2.0,23
15136,2.0,23
15144,0.0,5
15144,2.0,23
15152,0.0,5
15152,0.0,3
15168,0.0,3
15176,0.0,5
15192,0.0,5
15208,1.0,15
15216,0.0,3
15232,0.0,3
15248,2.0,21
15264,1.0,14
15272,0.0,5
15288,1.0,14
15288,0.0,5
15304,0.0,5
15304,1.0,17
15328,0.0,5
15328,0.0,5
15344,0.0,5
15344,0.0,5
15352,1.0,17
15360,2.0,27
15368,0.0,5
15368,0.0,5
15384,0.0,5
15384,0.0,5
15392,0.0,5
15400,1.0,16
15400,0.0,5
15408,4.0,39
15408,0.0,5
15408,0.0,5
15424,0.0,5
15424,0.0,5
15448,0.0,5
15448,0.0,5
15464,0.0,5
15488,1.0,12
15496,1.0,12
15496,1.0,12
15520,1.0,12
15544,1.0,12
15544,1.0,12
15560,1.0,12
15584,0.0,5
15584,1.0,12
15592,1.0,12
15600,2.0,24
15616,1.0,12
15624,0.0,5
15632,0.0,5
15640,1.0,12
15656,0.0,5
15656,1.0,12
15680,1.0,12
15680,0.0,5
15696,0.0,5
15704,0.0,3
15720,1.0,12
15728,1.0,12
15752,1.0,12
15760,0.0,5
15768,0.0,5
15792,1.0,12
15800,1.0,12
15824,3.0,41
15840,2.0,30
15840,0.0,5
15848,1.0,12
15856,1.0,12
15864,1.0,12
15864,0.0,5
15880,0.0,5
15880,0.0,5
15888,0.0,5
15888,1.0,12
15896,0.0,5
15904,0.0,5
15904,0.0,5
15912,0.0,3
15920,0.0,5
15936,0.0,3
15976,0.0,5
16040,4.0,45
16048,2.0,21
16080,0.0,5
16088,0.0,5
16088,1.0,14
16120,0.0,5
16128,0.0,5
16128,0.0,5
16160,0.0,5
16168,0.0,5
16168,0.0,5
16200,0.0,5
16200,4.0,39
16208,0.0,5
16208,4.0,39
16216,4.0,39
16216,4.0,39
16232,4.0,39
16240,0.0,5
16240,0.0,5
16248,0.0,5
16248,0.0,5
16256,0.0,5
16256,0.0,5
16272,0.0,5
16280,0.0,5
16288,0.0,5
16288,0.0,5
16296,1.0,16
16296,0.0,5
16296,0.0,5
16312,0.0,5
16320,0.0,5
16328,0.0,5
16328,0.0,5
16336,0.0,5
16336,0.0,5
16336,0.0,5
16352,0.0,5
16360,0.0,5
16368,1.0,16
16368,0.0,5
16368,0.0,5
16376,0.0,5
16376,0.0,5
16392,0.0,5
16400,0.0,5
16408,0.0,5
16408,0.0,5
16408,0.0,5
16416,0.0,5
16432,0.0,5
16440,0.0,5
16448,0.0,5
16448,0.0,5
16456,0.0,5
16472,1.0,17
16472,0.0,5
16480,0.0,5
16488,0.0,5
16488,0.0,5
16496,0.0,5
16504,1.0,16
16512,0.0,5
16512,0.0,5
16520,0.0,5
16528,0.0,5
16528,0.0,5
16536,0.0,5
16536,0.0,3
16544,0.0,5
16544,1.0,17
16552,0.0,5
16560,0.0,5
16568,0.0,5
16576,0.0,5
16576,0.0,5
16584,0.0,5
16584,0.0,5
16592,0.0,5
16600,0.0,5
16608,0.0,5
16616,0.0,5
16616,0.0,5
16624,0.0,5
16624,0.0,5
16632,0.0,5
16640,0.0,5
16648,0.0,5
16656,0.0,5
16656,0.0,5
16664,0.0,5
16664,0.0,5
16672,0.0,5
16696,0.0,5
16736,1.0,12
16744,1.0,12
16752,1.0,12
16760,1.0,12
16760,1.0,12
16792,1.0,12
16800,0.0,5
16832,1.0,12
16840,1.0,12
16848,1.0,12
16856,1.0,12
16872,0.0,5
16888,1.0,12
16888,4.0,45
16912,0.0,5
16936,1.0,12
16944,1.0,12
16952,1.0,12
16976,0.0,5
16984,1.0,12
16984,1.0,12
17008,1.0,12
17016,0.0,5
17024,0.0,5
17024,0.0,5
17032,4.0,45
17040,1.0,12
17056,1.0,13
17104,1.0,12
17112,1.0,12
17120,1.0,12
17120,1.0,12
17128,1.0,12
17136,1.0,12
17160,4.0,45
17160,0.0,5
17160,0.0,5
17200,1.0,12
17208,1.0,12
17240,1.0,13
17248,0.0,5
17256,1.0,12
17256,1.0,12
17256,1.0,12
17280,0.0,5
17296,0.0,5
17296,1.0,12
17336,0.0,5
17344,1.0,12
17352,1.0,12
17376,0.0,5
17384,0.0,5
17392,0.0,5
17400,1.0,13
17408,1.0,16
17416,0.0,5
17416,4.0,45
17424,0.0,5
17432,0.0,5
17440,0.0,5
17448,0.0,5
17456,0.0,5
17456,0.0,5
17464,0.0,5
17472,0.0,5
17480,0.0,5
17488,4.0,45
17488,0.0,5
17496,0.0,5
17496,0.0,5
17504,0.0,5
17512,0.0,5
17520,0.0,5
17528,0.0,5
17528,0.0,5
17536,0.0,5
17536,0.0,5
17544,0.0,5
17552,0.0,5
17560,0.0,5
17568,0.0,5
17568,0.0,5
17576,0.0,5
17576,0.0,5
17584,0.0,5
17592,0.0,5
17600,0.0,5
17608,0.0,5
17608,0.0,5
17616,0.0,5
17616,0.0,5
17616,4.0,45
17624,0.0,5
17632,0.0,5
17640,0.0,5
17648,0.0,5
17656,0.0,5
17656,0.0,5
17656,0.0,5
17664,0.0,5
17680,0.0,5
17688,0.0,5
17696,0.0,5
17696,0.0,5
17696,0.0,5
17704,0.0,5
17720,0.0,5
17728,0.0,5
17736,1.0,16
17736,0.0,5
17736,0.0,5
17736,0.0,5
17744,0.0,5
17760,1.0,16
17760,0.0,5
17768,0.0,5
17776,0.0,5
17776,0.0,5
17776,0.0,5
17776,0.0,5
17784,0.0,5
17800,0.0,5
17800,0.0,5
17808,0.0,5
17816,0.0,5
17816,0.0,5
17816,0.0,5
17816,0.0,5
17824,0.0,5
17840,0.0,5
17840,0.0,5
17848,0.0,5
17856,0.0,5
17856,0.0,5
17856,0.0,5
17856,0.0,5
17864,0.0,5
17880,0.0,5
17880,0.0,5
17888,0.0,5
17896,0.0,5
17896,0.0,5
17896,0.0,5
17904,0.0,5
17920,0.0,5
17920,0.0,5
17928,0.0,5
17936,0.0,5
17936,0.0,5
17936,0.0,5
17944,0.0,5
17960,0.0,5
17968,0.0,5
17976,0.0,5
17976,0.0,5
17976,0.0,5
17984,0.0,5
17984,1.0,16
18000,0.0,5
18008,0.0,5
18016,0.0,5
18016,0.0,5
18024,0.0,5
18048,1.0,16
18048,0.0,5
18056,0.0,5
18064,0.0,5
18088,0.0,5
18088,0.0,5
18096,0.0,5
18104,1.0,16
18112,1.0,16
18128,0.0,5
18128,1.0,16
18128,0.0,5
18136,0.0,5
18144,0.0,5
18144,1.0,16
18168,0.0,5
18168,0.0,5
18176,0.0,5
18200,1.0,17
18208,0.0,5
18216,0.0,5
18240,0.0,5
18248,0.0,5
18248,1.0,17
18256,0.0,5
18256,1.0,16
18280,1.0,17
18280,1.0,17
18280,0.0,5
18288,0.0,5
18288,0.0,5
18296,0.0,5
18296,0.0,5
18304,1.0,17
18320,0.0,5
18320,0.0,5
18320,0.0,5
18328,0.0,5
18336,0.0,5
18336,0.0,5
18344,0.0,5
18360,0.0,5
18360,0.0,5
18360,0.0,5
18368,0.0,5
18376,0.0,5
18376,0.0,5
18384,0.0,5
18400,0.0,5
18400,0.0,5
18400,0.0,5
18408,0.0,5
18416,0.0,5
18416,1.0,16
18416,0.0,5
18424,0.0,5
18440,0.0,5
18440,0.0,5
18440,0.0,5
18448,0.0,5
18456,0.0,5
18456,0.0,5
18456,0.0,5
18464,0.0,5
18480,0.0,3
18480,0.0,5
18480,0.0,5
18480,0.0,5
18496,0.0,5
18504,0.0,5
18520,0.0,5
18520,0.0,5
18520,0.0,5
18520,0.0,5
18536,0.0,5
18544,0.0,5
18544,1.0,12
18560,0.0,5
18560,0.0,5
18560,0.0,5
18560,0.0,5
18576,0.0,5
18584,0.0,5
18584,1.0,16
18584,0.0,5
18600,0.0,5
18600,0.0,5
18600,0.0,5
18600,0.0,5
18616,0.0,5
18624,0.0,5
18624,0.0,5
18624,0.0,5
18640,0.0,5
18640,0.0,5
18640,0.0,5
18640,0.0,5
18656,0.0,5
18664,0.0,5
18664,0.0,5
18664,0.0,5
18680,0.0,5
18680,0.0,5
18680,0.0,5
18680,0.0,5
18696,0.0,5
18704,0.0,5
18704,0.0,5
18704,0.0,5
18720,0.0,5
18720,0.0,5
18720,0.0,5
18720,0.0,5
18736,0.0,5
18744,0.0,5
18744,0.0,5
18744,0.0,5
18760,0.0,5
18760,0.0,5
18760,0.0,5
18760,0.0,5
18768,0.0,3
18776,0.0,5
18784,0.0,5
18800,0.0,5
18800,0.0,5
18800,0.0,5
18800,0.0,5
18808,0.0,5
18816,0.0,5
18824,0.0,5
18840,0.0,3
18840,0.0,5
18840,0.0,5
18840,0.0,5
18840,0.0,5
18848,0.0,5
18864,0.0,3
18864,0.0,5
18872,1.0,16
18880,0.0,5
18880,0.0,5
18880,0.0,5
18888,0.0,3
18888,0.0,5
18912,0.0,5
18920,0.0,5
18928,0.0,5
18936,0.0,3
18960,0.0,3
18968,1.0,16
18976,1.0,14
18984,0.0,3
18992,1.0,14
18992,1.0,14
18992,0.0,3
19000,0.0,3
19000,1.0,14
19016,0.0,3
19016,0.0,3
19024,0.0,3
19032,1.0,14
19040,1.0,14
19056,0.0,3
19056,0.0,5
19064,0.0,3
19120,1.0,16
19128,1.0,16
19144,0.0,3
19168,0.0,5
19168,2.0,23
19168,0.0,3
19184,1.0,16
19192,1.0,16
19192,0.0,3
19200,2.0,23
19208,0.0,3
19208,2.0,23
19208,0.0,5
19216,0.0,3
19216,0.0,3
19224,0.0,3
19224,2.0,21
19232,0.0,3
19248,0.0,5
19248,0.0,3
19248,0.0,3
19256,0.0,5
19256,0.0,5
19256,0.0,3
19272,0.0,3
19272,0.0,3
19288,0.0,5
19288,0.0,4
19312,0.0,5
19312,0.0,5
19336,2.0,21
19352,0.0,5
19360,0.0,3
19376,1.0,15
19376,2.0,21
19400,0.0,5
19400,0.0,3
19408,1.0,15
19408,1.0,15
19416,0.0,5
19424,2.0,21
19448,0.0,3
19448,0.0,5
19448,0.0,5
19480,2.0,21
19488,0.0,5
19504,0.0,3
19520,2.0,21
19520,1.0,15
19536,1.0,17
19544,0.0,5
19544,0.0,3
19560,0.0,5
19560,0.0,3
19584,0.0,5
19584,2.0,21
19600,0.0,5
19608,1.0,15
19608,0.0,3
19616,2.0,21
19616,2.0,21
19640,0.0,3
19640,0.0,3
19648,0.0,5
19648,0.0,5
19680,0.0,5
19704,1.0,15
19712,2.0,21
19728,2.0,21
19736,0.0,3
19744,0.0,5
19752,0.0,3
19768,1.0,15
19768,2.0,21
19776,0.0,5
19776,1.0,17
19792,0.0,5
19792,0.0,3
19800,0.0,3
19800,1.0,15
19816,2.0,21
19840,0.0,3
19840,0.0,5
19840,0.0,5
19880,0.0,5
19896,1.0,15
19912,2.0,21
19912,1.0,15
19920,0.0,5
19928,1.0,17
19936,0.0,5
19952,0.0,5
19952,0.0,5
19952,2.0,23
19960,0.0,5
19968,0.0,5
19992,0.0,5
20000,0.0,5
20008,2.0,21
20008,2.0,21
20008,0.0,5
20032,0.0,5
20040,0.0,5
20048,0.0,5
20048,0.0,5
20048,0.0,5
20080,0.0,5
20088,0.0,5
20088,1.0,17
20088,1.0,17
20088,0.0,5
20088,0.0,5
20120,0.0,5
20120,2.0,23
20128,0.0,5
20128,0.0,5
20128,0.0,5
20128,0.0,5
20128,0.0,5
20160,0.0,5
20160,0.0,5
20168,0.0,5
20168,0.0,5
20168,0.0,5
20168,0.0,5
20168,0.0,5
20200,0.0,5
20200,0.0,5
20208,0.0,5
20208,0.0,5
20208,0.0,5
20208,0.0,5
20208,0.0,5
20216,2.0,23
20240,0.0,5
20240,0.0,5
20248,0.0,5
20248,0.0,5
20248,0.0,5
20248,0.0,5
20248,0.0,5
20256,0.0,5
20280,0.0,5
20280,0.0,5
20288,0.0,5
20288,0.0,5
20288,0.0,5
20288,0.0,5
20296,0.0,5
20320,0.0,5
20320,0.0,5
20328,0.0,5
20328,0.0,5
20328,0.0,5
20336,0.0,5
20360,0.0,5
20360,0.0,5
20368,0.0,5
20376,0.0,5
20400,0.0,5
20400,0.0,5
20408,0.0,5
20416,0.0,5
20432,2.0,23
20440,0.0,5
20440,0.0,5
20456,0.0,5
20472,2.0,23
20480,0.0,5
20480,0.0,5
20504,1.0,12
20512,2.0,23
20512,0.0,5
20512,2.0,23
20552,0.0,5
20552,0.0,5
20560,1.0,16
20584,1.0,16
20608,1.0,16
20608,1.0,16
20608,1.0,12
20632,1.0,16
20648,0.0,5
20648,0.0,5
20648,0.0,5
20672,0.0,5
20680,1.0,16
20680,1.0,16
20688,0.0,5
20688,0.0,5
20688,1.0,16
20712,0.0,5
20720,0.0,5
20768,2.0,23
20816,1.0,16
20816,1.0,17
20824,1.0,17
20824,1.0,17
20840,2.0,24
20848,1.0,17
20856,1.0,17
20864,0.0,5
20888,0.0,5
20904,1.0,17
20912,1.0,12
20944,0.0,5
20952,1.0,17
20960,1.0,17
21008,1.0,12
21040,1.0,12
21048,0.0,5
21048,1.0,12
21056,1.0,12
21080,0.0,5
21088,0.0,5
21088,0.0,5
21096,0.0,5
21096,2.0,30
21120,0.0,5
21128,0.0,5
21128,0.0,5
21136,0.0,5
21136,0.0,5
21200,4.0,45
21216,1.0,12
21224,1.0,12
21224,4.0,45
21224,1.0,12
21232,1.0,12
21248,4.0,45
21312,1.0,12
21320,1.0,12
21320,1.0,12
21320,1.0,12
21328,1.0,12
21344,1.0,12
21360,0.0,5
21360,0.0,5
21360,0.0,5
21384,0.0,3
21384,0.0,5
21408,1.0,12
21424,0.0,5
21424,1.0,12
21448,0.0,3
21448,0.0,5
21472,0.0,3
21488,0.0,5
21496,0.0,3
21496,4.0,45
21520,0.0,3
21528,2.0,21
21528,2.0,21
21544,0.0,3
21552,0.0,3
21552,0.0,3
21552,2.0,21
21560,4.0,45
21568,0.0,3
21576,0.0,3
21576,0.0,3
21592,2.0,21
21592,0.0,5
21600,0.0,5
21616,0.0,5
21616,0.0,5
21632,0.0,5
21640,0.0,5
21656,0.0,5
21656,2.0,21
21656,0.0,5
21672,2.0,22
21672,0.0,5
21680,0.0,5
21696,0.0,5
21696,0.0,5
21696,0.0,5
21712,0.0,5
21712,0.0,5
21720,0.0,5
21728,1.0,17
21736,0.0,5
21752,0.0,5
21752,2.0,23
21760,0.0,5
21768,0.0,5
21792,0.0,5
21792,0.0,5
21808,0.0,5
21832,1.0,17
21832,0.0,5
21832,0.0,5
21840,1.0,16
21848,0.0,5
21872,0.0,5
21872,0.0,5
21872,0.0,5
21880,2.0,23
21880,0.0,5
21888,0.0,5
21904,0.0,3
21912,0.0,3
21920,2.0,23
21928,0.0,3
21944,0.0,3
21944,2.0,23
21968,1.0,12
21968,0.0,3
21984,1.0,14
21992,1.0,10
21992,1.0,14
21992,0.0,3
21992,1.0,15
22016,0.0,3
22024,1.0,12
22032,0.0,5
22040,1.0,12
22056,0.0,3
22080,1.0,11
22088,1.0,15
22104,1.0,10
22112,1.0,12
22112,0.0,3
22120,1.0,10
22120,0.0,5
22136,1.0,10
22144,0.0,3
22152,0.0,5
22152,0.0,5
22160,0.0,3
22176,0.0,3
22176,2.0,23
22184,0.0,3
22216,0.0,5
22224,1.0,15
22224,0.0,5
22232,1.0,14
22248,0.0,3
22256,0.0,3
22264,1.0,14
22280,0.0,4
22288,0.0,3
22296,1.0,15
22320,0.0,5
22320,2.0,22
22320,0.0,3
22344,0.0,3
22344,4.0,45
22360,0.0,5
22368,0.0,3
22384,2.0,21
22384,0.0,5
22384,1.0,16
22392,0.0,3
22392,2.0,21
22408,0.0,3
22408,0.0,3
22416,1.0,16
22416,0.0,3
22416,0.0,3
22432,0.0,3
22440,0.0,3
22448,0.0,5
22456,0.0,5
22472,0.0,5
22480,0.0,5
22488,2.0,21
22512,0.0,3
22520,0.0,5
22528,2.0,21
22536,1.0,15
22552,2.0,21
22560,1.0,14
22560,0.0,5
22568,1.0,14
22568,0.0,5
22600,1.0,16
22600,0.0,5
22600,0.0,5
22608,0.0,5
22640,0.0,5
22640,0.0,5
22648,1.0,17
22648,0.0,5
22664,1.0,16
22680,0.0,5
22680,0.0,5
22688,0.0,5
22688,1.0,17
22688,0.0,5
22704,1.0,17
22704,0.0,5
22720,0.0,5
22720,0.0,5
22728,0.0,5
22728,0.0,5
22728,0.0,5
22728,1.0,16
22744,0.0,5
22760,0.0,5
22760,0.0,5
22768,0.0,5
22768,0.0,5
22768,0.0,5
22784,0.0,5
22800,0.0,5
22808,0.0,5
22808,0.0,5
22808,0.0,5
22824,0.0,5
22840,1.0,17
22840,0.0,5
22848,0.0,5
22848,0.0,5
22848,0.0,5
22864,0.0,5
22864,1.0,17
22880,0.0,5
22888,0.0,5
22888,1.0,16
22888,0.0,5
22888,0.0,5
22904,0.0,5
22928,0.0,5
22928,0.0,5
22944,0.0,5
22968,0.0,5
22968,0.0,5
22968,1.0,16
22984,0.0,5
22992,1.0,16
23008,0.0,5
23008,0.0,5
23008,0.0,5
23016,1.0,16
23016,1.0,17
23016,1.0,16
23024,0.0,5
23032,0.0,5
23048,0.0,5
23048,0.0,5
23048,0.0,5
23056,0.0,5
23056,0.0,5
23056,0.0,5
23088,0.0,5
23088,0.0,5
23096,0.0,5
23096,0.0,5
23096,0.0,5
23128,0.0,5
23128,0.0,5
23136,0.0,5
23136,0.0,5
23136,0.0,5
23152,1.0,16
23168,1.0,17
23168,0.0,5
23168,0.0,5
23176,1.0,16
23176,0.0,5
23192,0.0,5
23208,0.0,5
23208,0.0,5
23208,0.0,5
23216,0.0,5
23232,0.0,5
23248,0.0,5
23248,0.0,5
23256,0.0,5
23272,1.0,17
23272,0.0,5
23288,0.0,5
23288,0.0,5
23312,0.0,5
23312,0.0,5
23312,1.0,17
23320,2.0,23
23328,0.0,5
23328,0.0,5
23336,1.0,16
23352,0.0,5
23352,0.0,5
23352,0.0,5
23368,0.0,5
23368,0.0,5
23376,0.0,5
23392,0.0,5
23392,0.0,5
23392,0.0,5
23408,0.0,5
23408,0.0,5
23416,0.0,5
23432,0.0,5
23432,0.0,5
23440,2.0,23
23456,0.0,5
23456,1.0,17
23496,0.0,5
23536,1.0,12
23592,1.0,12
23632,1.0,12
23688,1.0,12
23728,0.0,5
23728,1.0,12
23752,4.0,45
23752,0.0,3
23768,4.0,45
23768,0.0,5
23768,4.0,45
23776,0.0,3
23792,4.0,45
23792,0.0,3
23792,0.0,3
23792,4.0,45
23792,0.0,5
23816,0.0,3
23816,0.0,3
23816,0.0,3
23816,4.0,45
23816,0.0,5
23832,0.0,5
23840,0.0,3
23840,0.0,3
23856,0.0,5
23880,0.0,5
23880,0.0,5
23896,1.0,16
23896,1.0,10
23904,1.0,14
23920,0.0,3
23928,0.0,3
23936,1.0,15
23944,1.0,14
23960,0.0,3
23968,0.0,3
23968,1.0,14
23992,0.0,3
24008,0.0,5
24032,0.0,5
24048,0.0,5
24048,2.0,21
24048,2.0,21
24048,1.0,16
24056,1.0,16
24072,0.0,5
24080,2.0,23
24088,0.0,5
24088,0.0,5
24088,0.0,5
24096,0.0,5
24112,0.0,5
24120,0.0,5
24128,0.0,5
24128,0.0,5
24128,0.0,5
24136,0.0,5
24152,0.0,5
24152,2.0,24
24160,0.0,5
24168,0.0,5
24168,0.0,5
24176,0.0,5
24184,1.0,17
24192,0.0,5
24192,0.0,5
24200,0.0,5
24208,0.0,5
24232,0.0,5
24312,2.0,23
24320,1.0,17
24320,1.0,15
24336,0.0,3
24336,2.0,21
24344,0.0,3
24344,2.0,21
24360,0.0,3
24360,2.0,21
24360,0.0,3
24360,0.0,5
24368,0.0,3
24376,2.0,21
24384,0.0,3
24384,0.0,5
24384,0.0,3
24392,0.0,3
24400,0.0,5
24400,0.0,3
24400,2.0,21
24424,0.0,3
24424,0.0,3
24424,0.0,5
24424,0.0,3
24424,0.0,5
24432,0.0,5
24448,0.0,3
24448,0.0,3
24464,0.0,5
24464,0.0,5
24480,0.0,4
24496,1.0,14
24504,0.0,5
24520,0.0,3
24520,0.0,5
24528,2.0,21
24552,0.0,3
24576,0.0,3
24592,2.0,21
24600,2.0,21
24616,0.0,3
24616,0.0,5
24624,2.0,22
24624,0.0,3
24632,2.0,21
24648,0.0,3
24648,1.0,16
24656,0.0,5
24656,0.0,3
24664,0.0,5
24672,2.0,21
24672,0.0,3
24688,0.0,5
24688,2.0,21
24688,0.0,3
24696,0.0,3
24696,0.0,5
24712,0.0,5
24712,0.0,3
24776,1.0,15
24800,2.0,23
24816,0.0,5
24816,1.0,15
24824,0.0,3
24832,1.0,17
24848,1.0,17
24856,2.0,21
24856,0.0,3
24856,0.0,5
24864,0.0,5
24872,0.0,3
24872,2.0,23
24880,0.0,3
24880,2.0,21
24880,0.0,3
24888,0.0,3
24896,0.0,3
24904,0.0,3
24912,0.0,5
24920,0.0,5
24936,0.0,3
24944,0.0,3
24944,0.0,5
24976,0.0,5
24976,1.0,12
24984,1.0,12
24992,1.0,12
25024,0.0,5
25040,1.0,12
25064,0.0,5
25072,1.0,12
25072,1.0,12
25080,0.0,5
25088,1.0,12
25104,0.0,5
25112,0.0,5
25112,0.0,5
25120,0.0,5
25128,4.0,39
25128,0.0,5
25144,3.0,36
25144,0.0,5
25160,0.0,5
25168,0.0,5
25168,0.0,5
25184,0.0,5
25184,0.0,5
25200,0.0,5
25208,0.0,5
25208,0.0,5
25224,0.0,5
25224,0.0,5
25240,0.0,5
25240,1.0,16
25240,1.0,16
25248,0.0,5
25248,0.0,5
25264,0.0,5
25264,0.0,5
25280,0.0,5
25280,0.0,5
25288,0.0,5
25304,4.0,45
25304,0.0,5
25320,0.0,5
25320,0.0,5
25344,0.0,5
25344,0.0,5
25360,0.0,5
25360,0.0,5
25376,1.0,17
25376,1.0,16
25392,1.0,16
25400,0.0,5
25400,0.0,5
25416,1.0,16
25416,0.0,5
25416,0.0,5
25432,0.0,5
25440,0.0,5
25456,0.0,5
25456,0.0,5
25456,0.0,5
25472,1.0,16
25472,1.0,16
25472,0.0,5
25480,0.0,5
25496,0.0,5
25496,0.0,5
25496,0.0,5
25512,0.0,5
25512,0.0,5
25512,0.0,5
25520,0.0,5
25528,1.0,16
25536,0.0,5
25536,0.0,5
25552,0.0,5
25552,0.0,5
25568,0.0,5
25576,0.0,5
25576,0.0,5
25592,0.0,5
25592,0.0,5
25592,1.0,12
25608,0.0,5
25608,1.0,12
25616,0.0,5
25616,0.0,5
25616,1.0,12
25648,0.0,5
25648,0.0,5
25656,0.0,5
25656,0.0,5
25656,0.0,5
25688,1.0,12
25688,0.0,5
25688,0.0,5
25688,1.0,12
25696,0.0,5
25696,0.0,5
25696,0.0,5
25720,1.0,16
25728,0.0,5
25728,0.0,5
25728,0.0,5
25728,0.0,5
25736,0.0,5
25752,0.0,3
25760,0.0,5
25768,0.0,5
25768,0.0,5
25776,0.0,3
25776,0.0,5
25784,0.0,3
25792,0.0,3
25792,1.0,12
25792,0.0,3
25800,0.0,3
25808,0.0,3
25816,0.0,3
25816,0.0,3
25824,0.0,3
25824,1.0,16
25832,0.0,3
25832,0.0,5
25840,0.0,3
25840,0.0,3
25848,0.0,3
25848,0.0,3
25856,1.0,16
25864,0.0,3
25864,0.0,3
25872,0.0,5
25872,0.0,3
25880,0.0,3
25904,0.0,5
25904,0.0,5
25952,1.0,15
25960,2.0,23
25976,1.0,16
25992,0.0,5
26000,0.0,5
26008,1.0,16
26016,0.0,5
26032,0.0,5
26040,2.0,21
26040,0.0,3
26048,0.0,5
26056,2.0,23
26072,2.0,21
26072,2.0,21
26080,0.0,5
26080,0.0,5
26096,0.0,5
26112,0.0,5
26120,1.0,15
26160,0.0,5
26168,1.0,15
26200,1.0,15
26200,2.0,21
26208,1.0,17
26208,0.0,5
26216,1.0,15
26232,1.0,15
26240,0.0,5
26240,0.0,5
26248,2.0,21
26248,0.0,5
26256,0.0,5
26272,0.0,5
26272,0.0,3
26280,1.0,15
26280,0.0,5
26296,0.0,3
26312,0.0,5
26320,0.0,5
26336,0.0,5
26360,1.0,15
26368,1.0,15
26376,1.0,15
26376,0.0,5
26376,2.0,21
26400,0.0,5
26400,0.0,3
26408,0.0,5
26416,0.0,5
26424,0.0,3
26440,0.0,3
26448,2.0,21
26464,0.0,5
26472,0.0,3
26480,0.0,5
26480,2.0,21
26488,2.0,21
26496,0.0,3
26504,0.0,3
26504,0.0,5
26512,0.0,3
26528,0.0,3
26536,0.0,3
26544,2.0,21
26568,0.0,5
26576,2.0,21
26584,0.0,5
26584,2.0,23
26608,0.0,5
26616,0.0,5
26632,1.0,17
26648,2.0,21
26672,1.0,17
26672,0.0,5
26672,2.0,21
26704,1.0,15
26712,0.0,5
26712,0.0,5
26720,1.0,17
26736,1.0,15
26776,2.0,21
26800,1.0,12
26816,1.0,12
26848,2.0,25
26856,0.0,5
26872,1.0,12
26896,1.0,12
26952,1.0,12
26968,1.0,12
26992,1.0,12
27032,3.0,40
27032,3.0,40
27064,3.0,41
27072,2.0,28
27080,5.0,51
27120,1.0,16
27144,2.0,24
27168,1.0,17
27168,1.0,17
27168,2.0,25
27208,1.0,17
27216,1.0,17
27224,2.0,20
27240,1.0,12
27240,0.0,3
27256,1.0,17
27264,0.0,3
27264,0.0,5
27288,0.0,3
27296,1.0,16
27304,1.0,12
27312,1.0,18
27312,1.0,18
27312,0.0,3
27320,0.0,3
27328,0.0,3
27336,0.0,3
27344,0.0,3
27352,0.0,5
27352,0.0,3
27376,0.0,5
27392,0.0,5
27392,1.0,17
27424,2.0,23
27432,0.0,5
27448,2.0,23
27448,0.0,3
27472,0.0,3
27472,0.0,3
27488,2.0,22
27504,0.0,4
27512,0.0,5
27520,2.0,21
27520,2.0,22
27528,0.0,5
27544,2.0,21
27544,0.0,3
27544,0.0,3
27560,2.0,21
27568,0.0,3
27568,0.0,3
27584,0.0,3
27584,0.0,5
27592,0.0,3
27600,2.0,21
27608,0.0,3
27624,0.0,3
27624,1.0,15
27632,0.0,5
27648,0.0,5
27664,0.0,5
27672,0.0,5
27680,2.0,21
27688,0.0,5
27696,2.0,21
27704,1.0,17
27704,0.0,3
27720,0.0,3
27728,0.0,5
27744,0.0,5
27744,0.0,5
27752,2.0,21
27760,0.0,5
27784,1.0,15
27792,0.0,5
27808,2.0,23
27832,0.0,5
27840,2.0,21
27848,0.0,5
27856,1.0,14
27864,1.0,15
27880,0.0,5
27888,0.0,5
27896,0.0,5
27896,2.0,21
27896,1.0,17
27904,0.0,5
27936,0.0,5
27936,0.0,5
27936,0.0,5
27944,0.0,5
27968,1.0,17
27968,2.0,23
27976,0.0,5
27976,0.0,5
27976,0.0,5
27984,0.0,5
28008,0.0,5
28008,0.0,5
28016,1.0,17
28016,0.0,5
28016,0.0,5
28024,0.0,5
28024,1.0,17
28048,0.0,5
28056,0.0,5
28056,0.0,5
28056,0.0,5
28064,0.0,5
28088,0.0,5
28096,0.0,5
28096,0.0,5
28104,1.0,16
28104,0.0,5
28128,0.0,5
28136,0.0,5
28136,0.0,5
28144,0.0,5
28144,1.0,17
28152,1.0,16
28168,0.0,5
28176,0.0,5
28176,0.0,5
28184,1.0,16
28184,0.0,5
28184,0.0,5
28192,0.0,5
28208,0.0,5
28216,0.0,5
28224,0.0,5
28224,0.0,5
28224,0.0,5
28232,0.0,5
28248,0.0,5
28256,0.0,5
28264,0.0,5
28264,0.0,5
28272,0.0,5
28288,0.0,5
28296,2.0,24
28304,0.0,5
28304,1.0,16
28304,0.0,5
28312,0.0,5
28328,1.0,13
28328,0.0,5
28336,0.0,5
28344,0.0,5
28344,0.0,5
28352,0.0,5
28368,0.0,5
28376,0.0,5
28384,0.0,5
28384,0.0,5
28384,1.0,16
28408,0.0,5
28416,0.0,5
28424,0.0,5
28424,0.0,5
28424,0.0,5
28440,1.0,17
28456,1.0,16
28456,0.0,5
28464,0.0,5
28464,0.0,5
28480,0.0,5
28480,1.0,16
28488,0.0,3
28496,0.0,5
28512,0.0,3
28520,0.0,5
28536,1.0,16
28536,1.0,14
28552,0.0,5
28568,1.0,14
28576,0.0,5
28576,1.0,14
28600,1.0,15
28600,0.0,3
28608,1.0,14
28608,0.0,5
28616,0.0,5
28640,0.0,5
28640,0.0,5
28640,1.0,15
28648,0.0,5
28664,1.0,14
28672,1.0,17
28680,0.0,5
28680,0.0,5
28688,0.0,3
28696,0.0,3
28720,0.0,3
28728,1.0,15
28736,1.0,15
28752,1.0,14
28752,0.0,3
28760,0.0,3
28768,1.0,15
28776,0.0,3
28792,0.0,3
28792,0.0,5
28800,0.0,5
28800,1.0,15
28816,1.0,16
28816,0.0,5
28816,0.0,3
28824,0.0,3
28832,0.0,5
28840,0.0,3
28840,0.0,5
28848,2.0,21
28848,1.0,16
28856,0.0,5
28856,0.0,3
28856,0.0,5
28864,0.0,5
28864,0.0,3
28872,0.0,3
28880,0.0,5
28888,0.0,5
28896,0.0,5
28896,0.0,5
28896,0.0,5
28904,0.0,3
28912,0.0,5
28920,0.0,3
28920,0.0,3
28928,0.0,5
28936,0.0,5
28944,0.0,5
28952,0.0,3
28960,0.0,5
28960,0.0,3
28960,1.0,12
28960,0.0,5
28984,0.0,5
28992,0.0,5
29000,0.0,5
29000,0.0,5
29000,1.0,17
29032,0.0,5
29040,0.0,5
29128,2.0,21
29128,2.0,21
29144,2.0,29
29152,0.0,3
29152,2.0,21
29152,0.0,3
29168,2.0,21
29176,0.0,3
29184,0.0,5
29184,2.0,23
29192,0.0,5
29192,0.0,3
29200,2.0,21
29208,0.0,3
29208,0.0,3
29208,2.0,21
29216,0.0,3
29216,0.0,5
29224,0.0,3
29232,0.0,3
29232,0.0,3
29248,0.0,5
29248,0.0,3
29256,0.0,5
29288,0.0,5
29328,0.0,5
29336,2.0,23
29344,1.0,14
29360,2.0,21
29360,0.0,3
29368,1.0,17
29384,0.0,3
29384,0.0,5
29400,0.0,5
29400,2.0,23
29408,0.0,5
29416,2.0,21
29424,0.0,5
29424,0.0,5
29424,0.0,3
29424,0.0,3
29440,2.0,23
29440,0.0,3
29440,1.0,14
29448,0.0,3
29448,0.0,5
29464,0.0,5
29464,0.0,5
29480,0.0,5
29480,0.0,5
29480,0.0,5
29488,0.0,5
29504,0.0,5
29504,0.0,3
29504,0.0,3
29512,0.0,3
29528,0.0,3
29544,0.0,5
29544,0.0,5
29560,1.0,14
29560,1.0,12
29576,1.0,12
29584,0.0,5
29608,1.0,12
29616,0.0,5
29624,1.0,12
29624,1.0,10
29656,1.0,12
29656,1.0,12
29704,1.0,12
29712,1.0,12
29720,1.0,12
29720,1.0,12
29752,1.0,12
29760,0.0,5
29784,4.0,45
29792,0.0,5
29800,1.0,12
29800,0.0,5
29808,1.0,12
29816,1.0,12
29832,0.0,5
29832,0.0,3
29840,0.0,5
29840,0.0,3
29856,0.0,3
29856,0.0,3
29880,0.0,3
29880,0.0,5
29904,0.0,3
29912,1.0,16
29920,1.0,15
29928,0.0,3
29936,0.0,3
29944,0.0,3
29944,4.0,45
29952,1.0,14
29968,0.0,3
29968,0.0,3
29968,0.0,5
29976,0.0,3
29976,1.0,15
29992,0.0,3
29992,0.0,3
29992,1.0,14
30016,0.0,3
30016,0.0,3
30016,0.0,5
30016,4.0,45
30032,0.0,5
30040,0.0,3
30064,1.0,16
30064,0.0,3
30080,1.0,14
30088,0.0,3
30104,1.0,16
30104,0.0,5
30104,0.0,3
30128,0.0,3
30128,1.0,14
30144,1.0,14
30144,1.0,16
30152,0.0,3
30168,0.0,5
30168,0.0,3
30168,0.0,3
30192,2.0,22
30192,0.0,5
30208,0.0,5
30208,0.0,5
30208,1.0,15
30216,1.0,14
30232,0.0,5
30232,1.0,16
30240,0.0,3
30248,0.0,5
30256,0.0,3
30272,0.0,5
30280,1.0,14
30280,0.0,5
30312,1.0,15
30320,0.0,5
30320,1.0,14
30328,1.0,15
30352,0.0,5
30360,0.0,5
30360,1.0,14
30368,0.0,5
30384,1.0,16
30392,0.0,5
30400,1.0,15
30400,1.0,16
30400,0.0,5
30400,0.0,5
30408,0.0,5
30424,0.0,5
30440,1.0,15
30440,0.0,5
30440,0.0,5
30464,0.0,5
30480,0.0,5
30480,0.0,5
30480,0.0,5
30504,0.0,5
30520,0.0,5
30520,0.0,5
30520,1.0,16
30536,1.0,16
30536,1.0,17
30536,1.0,17
30560,0.0,5
30560,0.0,5
30560,0.0,5
30576,0.0,5
30576,0.0,5
30576,0.0,5
30600,0.0,5
30600,0.0,5
30600,0.0,3
30600,0.0,5
30608,1.0,16
30632,1.0,16
30640,0.0,5
30648,0.0,5
30672,0.0,5
30696,1.0,15
30704,1.0,16
30712,1.0,14
30728,1.0,16
30728,1.0,16
30736,0.0,5
30744,0.0,5
30752,0.0,5
30752,1.0,14
30768,0.0,5
30768,1.0,15
30768,0.0,5
30792,0.0,5
30792,1.0,15
30808,0.0,5
30808,0.0,5
30832,0.0,5
30848,0.0,5
30864,1.0,16
30864,1.0,15
30880,1.0,16
30888,1.0,15
30888,0.0,5
30904,0.0,5
30904,0.0,5
30912,1.0,15
30920,0.0,5
30928,0.0,5
30928,0.0,5
30928,1.0,15
30944,0.0,5
30944,0.0,5
30952,0.0,5
30960,0.0,5
30960,1.0,16
30968,0.0,5
30968,0.0,5
30968,0.0,5
30984,0.0,5
30984,0.0,5
30992,0.0,5
31000,0.0,5
31008,0.0,5
31008,0.0,5
31008,0.0,5
31024,0.0,5
31024,0.0,5
31032,0.0,5
31040,0.0,5
31048,0.0,5
31072,0.0,5
31080,0.0,5
31088,0.0,5
31112,0.0,5
31112,0.0,3
31120,0.0,5
31120,1.0,12
31120,1.0,12
31136,1.0,16
31144,0.0,3
31152,0.0,5
31160,0.0,3
31160,0.0,5
31168,0.0,3
31184,0.0,3
31192,0.0,5
31224,1.0,14
31232,1.0,14
31256,0.0,3
31264,0.0,5
31272,1.0,14
31280,1.0,14
31288,3.0,41
31304,1.0,15
31304,1.0,14
31312,0.0,3
31312,0.0,5
31328,0.0,3
31336,0.0,3
31344,0.0,5
31360,0.0,3
31368,4.0,45
31376,1.0,14
31384,1.0,16
31392,0.0,3
31400,0.0,3
31400,0.0,5
31416,1.0,17
31416,0.0,3
31424,0.0,5
31424,1.0,14
31440,0.0,5
31440,0.0,3
31448,0.0,3
31456,1.0,14
31456,0.0,5
31456,1.0,16
31480,0.0,3
31480,0.0,3
31512,1.0,14
31520,0.0,5
31520,0.0,5
31536,1.0,14
31536,0.0,3
31560,0.0,3
31560,1.0,15
31568,1.0,14
31568,1.0,16
31584,1.0,17
31592,0.0,3
31600,0.0,5
31608,0.0,5
31608,0.0,3
31624,0.0,3
31632,1.0,14
31640,1.0,15
31648,0.0,3
31648,0.0,5
31656,0.0,3
31664,1.0,16
31672,0.0,3
31680,0.0,5
31688,1.0,16
31688,0.0,3
31704,0.0,3
31712,0.0,3
31720,1.0,16
31720,1.0,14
31728,0.0,3
31728,0.0,5
31744,0.0,3
31744,0.0,3
31752,0.0,5
31752,0.0,3
31760,1.0,14
31776,0.0,3
31776,0.0,3
31784,1.0,14
31784,0.0,5
31784,1.0,16
31784,0.0,3
31800,0.0,3
31800,0.0,3
31808,0.0,3
31824,0.0,3
31824,0.0,5
31840,1.0,14
31848,0.0,5
31872,1.0,16
31872,0.0,3
31880,0.0,5
31896,1.0,14
31896,0.0,3
31912,1.0,14
31912,0.0,5
31912,1.0,16
31920,0.0,3
31936,1.0,14
31936,1.0,14
31944,0.0,3
31968,0.0,3
31976,0.0,5
32000,0.0,3
32008,1.0,12
32008,1.0,14
32008,1.0,12
32096,1.0,12
32104,1.0,12
32104,1.0,12
32144,0.0,5
32144,0.0,5
32168,0.0,3
32192,1.0,12
32192,0.0,3
32232,0.0,5
32240,4.0,45
32256,1.0,14
32264,3.0,41
32272,0.0,5
32272,4.0,45
32280,0.0,5
32296,0.0,3
32296,0.0,5
32304,0.0,5
32312,0.0,5
32320,1.0,16
32328,0.0,3
32328,4.0,45
32336,0.0,5
32336,0.0,3
32360,0.0,5
32368,0.0,5
32368,0.0,5
32368,4.0,45
32376,0.0,5
32384,0.0,3
32392,1.0,14
32392,0.0,3
32408,0.0,5
32416,1.0,15
32424,0.0,5
32432,0.0,5
32432,0.0,5
32432,0.0,3
32448,1.0,14
32448,0.0,3
32456,0.0,5
32472,0.0,5
32472,0.0,5
32480,1.0,14
32488,0.0,5
32488,1.0,14
32496,0.0,5
32512,0.0,5
32520,0.0,5
32528,0.0,5
32528,0.0,5
32544,1.0,14
32576,1.0,16
32584,0.0,5
32584,1.0,14
32608,1.0,14
32616,0.0,5
32624,1.0,14
32624,0.0,5
32640,1.0,14
32640,1.0,15
32640,1.0,14
32648,0.0,5
32664,0.0,5
32680,0.0,5
32680,0.0,5
32680,0.0,5
32688,0.0,5
32696,1.0,14
32720,0.0,5
32720,0.0,5
32736,0.0,5
32736,1.0,15
32736,1.0,14
32760,0.0,5
32776,0.0,5
32784,1.0,15
32800,0.0,5
32800,1.0,15
32808,1.0,15
32816,0.0,5
32824,0.0,5
32840,0.0,5
32848,0.0,5
32856,1.0,17
32856,0.0,5
32864,0.0,5
32872,1.0,17
32880,0.0,5
32880,1.0,18
32888,0.0,5
32896,0.0,5
32896,0.0,5
32904,0.0,5
32912,0.0,5
32920,0.0,5
32920,0.0,5
32928,1.0,16
32928,0.0,5
32936,0.0,5
32936,0.0,5
32952,0.0,5
32960,0.0,5
32968,0.0,5
32968,0.0,5
32976,0.0,5
32976,0.0,5
33000,0.0,5
33008,0.0,5
33008,0.0,5
33016,0.0,5
33016,0.0,5
33040,0.0,5
33040,1.0,15
33048,0.0,5
33048,0.0,5
33056,0.0,5
33080,0.0,5
33080,0.0,5
33088,2.0,23
33128,0.0,5
33136,2.0,23
33176,0.0,5
33192,1.0,14
33200,2.0,23
33216,2.0,21
33216,2.0,21
33224,2.0,21
33232,0.0,5
33240,0.0,5
33240,0.0,3
33248,1.0,15
33248,2.0,21
33256,0.0,5
33264,0.0,5
33264,0.0,3
33288,0.0,5
33288,0.0,5
33296,1.0,15
33304,0.0,5
33336,0.0,5
33344,0.0,5
33352,1.0,15
33376,1.0,15
33376,0.0,5
33384,1.0,15
33392,0.0,5
33416,0.0,5
33424,0.0,5
33432,0.0,5
33440,0.0,3
33464,0.0,5
33480,0.0,5
33504,2.0,27
33512,3.0,34
33544,0.0,5
33552,1.0,15
33576,1.0,14
33584,0.0,5
33592,1.0,14
33592,0.0,5
33600,1.0,11
33600,4.0,39
33608,0.0,3
33632,0.0,5
33656,3.0,39
33672,0.0,5
33688,1.0,12
33688,4.0,39
33696,0.0,3
33696,1.0,12
33728,0.0,5
33736,0.0,5
33736,2.0,20
33768,0.0,5
33768,2.0,20
33784,1.0,12
33784,1.0,16
33792,2.0,24
33792,1.0,12
33824,0.0,5
33824,0.0,5
33832,0.0,5
33832,1.0,12
33832,0.0,5
33832,1.0,12
33864,1.0,12
33864,0.0,5
33864,0.0,5
33872,0.0,5
33872,0.0,5
33872,0.0,5
33896,1.0,16
33904,0.0,5
33904,0.0,5
33912,0.0,5
33936,0.0,5
33944,0.0,5
33944,0.0,5
33960,1.0,16
33968,0.0,3
33984,1.0,14
33984,0.0,5
33992,1.0,16
34000,0.0,5
34000,1.0,16
34008,0.0,5
34024,1.0,14
34024,0.0,5
34024,0.0,5
34032,0.0,5
34040,0.0,5
34040,0.0,5
34064,0.0,5
34064,0.0,5
34064,0.0,5
34064,1.0,16
34072,0.0,5
34080,0.0,5
34080,0.0,5
34104,0.0,5
34104,0.0,5
34104,0.0,5
34104,0.0,5
34112,0.0,5
34120,0.0,5
34120,0.0,5
34120,1.0,14
34144,0.0,5
34144,0.0,3
34144,0.0,5
34152,0.0,5
34160,0.0,5
34184,0.0,5
34184,0.0,5
34192,0.0,5
34200,0.0,5
34200,1.0,12
34200,1.0,12
34224,0.0,5
34240,0.0,5
34240,0.0,5
34248,1.0,16
34264,0.0,5
34272,1.0,16
34272,0.0,3
34280,0.0,5
34296,1.0,14
34304,1.0,14
34312,0.0,5
34312,0.0,5
34328,1.0,16
34336,0.0,5
34336,0.0,3
34344,0.0,5
34352,1.0,14
34368,0.0,5
34376,0.0,5
34376,1.0,14
34392,0.0,5
34392,1.0,14
34416,0.0,5
34416,0.0,5
34432,0.0,5
34432,0.0,5
34432,1.0,15
34456,1.0,15
34456,0.0,5
34464,1.0,15
34472,0.0,5
34472,0.0,5
34488,1.0,15
34496,0.0,5
34504,0.0,5
34528,0.0,5
34536,1.0,15
34544,1.0,14
34544,0.0,5
34576,0.0,5
34584,0.0,5
34584,1.0,16
34592,1.0,15
34592,1.0,15
34608,1.0,14
34616,0.0,5
34624,0.0,5
34632,0.0,5
34632,0.0,5
34648,1.0,15
34648,0.0,5
34656,1.0,14
34656,0.0,5
34664,0.0,5
34672,0.0,5
34672,0.0,5
34688,0.0,5
34696,0.0,5
34720,1.0,17
34720,0.0,3
34728,0.0,5
34760,0.0,5
34760,0.0,5
34768,1.0,14
34776,1.0,16
34784,1.0,15
34784,1.0,14
34784,1.0,14
34800,0.0,5
34808,0.0,5
34816,0.0,5
34824,0.0,5
34824,0.0,5
34824,0.0,5
34840,1.0,14
34864,0.0,5
34880,0.0,5
34888,1.0,16
34912,1.0,14
34928,1.0,15
34936,1.0,15
34944,1.0,15
34944,1.0,15
34952,0.0,5
34968,0.0,5
34976,1.0,14
34976,0.0,5
34984,0.0,5
35000,1.0,15
35000,0.0,3
35024,1.0,17
35040,0.0,5
35040,0.0,5
35072,1.0,15
35072,1.0,16
35080,1.0,14
35096,1.0,14
35112,0.0,5
35112,1.0,17
35120,0.0,5
35136,0.0,5
35152,0.0,5
35152,1.0,14
35152,0.0,5
35152,1.0,14
35160,1.0,17
35200,0.0,5
35208,1.0,17
35240,1.0,15
35256,1.0,15
35264,1.0,14
35272,1.0,15
35280,0.0,5
35288,1.0,17
35288,1.0,11
35288,1.0,17
35304,1.0,12
35312,0.0,5
35320,0.0,5
35328,0.0,5
35336,0.0,3
35352,1.0,12
35360,1.0,12
35392,0.0,5
35400,1.0,12
35416,0.0,3
35416,1.0,12
35432,1.0,12
35440,1.0,14
35456,1.0,12
35456,0.0,5
35456,0.0,5
35480,0.0,3
35480,0.0,5
35480,2.0,24
35496,0.0,5
35496,1.0,12
35520,2.0,29
35520,0.0,5
35520,0.0,5
35528,1.0,12
35536,0.0,5
35536,0.0,5
35552,1.0,12
35560,0.0,3
35560,0.0,5
35560,0.0,3
35560,0.0,5
35560,0.0,5
35568,0.0,5
35584,0.0,3
35592,0.0,5
35600,0.0,5
35600,0.0,5
35600,0.0,5
35608,0.0,5
35608,1.0,16
35624,0.0,3
35624,0.0,5
35632,0.0,5
35648,0.0,5
35664,0.0,5
35688,1.0,16
35712,1.0,14
35712,1.0,14
35720,1.0,14
35728,0.0,5
35736,1.0,14
35744,1.0,14
35752,0.0,5
35752,0.0,5
35760,0.0,5
35760,1.0,14
35776,1.0,14
35776,0.0,5
35784,0.0,5
35800,0.0,5
35816,0.0,5
35816,0.0,5
35840,0.0,5
35848,1.0,15
35856,0.0,5
35872,1.0,15
35880,1.0,15
35880,1.0,16
35888,0.0,5
35904,1.0,15
35912,0.0,5
35920,0.0,5
35920,0.0,5
35928,1.0,14
35944,0.0,5
35952,0.0,5
35960,1.0,15
35968,1.0,14
35968,0.0,5
36000,1.0,14
36008,0.0,5
36040,0.0,5
36040,1.0,15
36048,1.0,16
36064,1.0,14
36072,1.0,16
36080,0.0,5
36088,0.0,5
36088,1.0,16
36088,1.0,15
36104,0.0,5
36112,0.0,5
36128,1.0,15
36128,0.0,5
36128,0.0,5
36136,0.0,3
36160,1.0,15
36168,0.0,5
36176,0.0,5
36192,0.0,3
36200,0.0,5
36200,1.0,15
36208,1.0,15
36216,0.0,3
36224,1.0,15
36232,0.0,3
36240,0.0,5
36240,0.0,5
36248,1.0,15
36248,0.0,3
36256,0.0,3
36264,1.0,17
36264,0.0,3
36272,0.0,3
36288,0.0,5
36296,0.0,5
36296,0.0,3
36296,1.0,15
36304,0.0,5
36304,0.0,5
36336,0.0,5
36336,0.0,5
36392,2.0,22
36408,2.0,21
36432,0.0,3
36432,0.0,5
36456,0.0,3
36456,2.0,21
36464,2.0,21
36472,2.0,21
36472,2.0,21
36472,0.0,5
36488,0.0,3
36496,0.0,5
36496,0.0,3
36496,0.0,3
36496,0.0,5
36504,2.0,21
36504,2.0,21
36528,0.0,3
36528,0.0,3
36536,0.0,5
36568,0.0,5
36616,1.0,15
36624,1.0,17
36632,1.0,17
36640,2.0,21
36656,0.0,5
36664,0.0,5
36664,1.0,17
36664,0.0,3
36672,0.0,5
36680,2.0,23
36688,1.0,15
36696,0.0,5
36704,0.0,3
36704,0.0,5
36704,2.0,21
36704,0.0,5
36712,0.0,5
36728,0.0,3
36744,0.0,5
36768,0.0,5
36800,1.0,17
36824,1.0,15
36840,0.0,5
36864,1.0,15
36864,2.0,21
36864,0.0,5
36872,2.0,21
36872,2.0,23
36880,2.0,21
36888,1.0,15
36888,0.0,3
36896,0.0,3
36896,0.0,3
36904,0.0,5
36904,0.0,3
36928,0.0,5
36936,0.0,5
36936,0.0,5
36944,0.0,5
36944,0.0,5
37008,2.0,21
37024,1.0,17
37032,2.0,21
37048,0.0,5
37056,1.0,15
37056,1.0,15
37064,1.0,15
37072,0.0,5
37096,0.0,5
37096,2.0,21
37096,0.0,3
37096,0.0,5
37104,0.0,5
37112,2.0,21
37136,0.0,5
37136,0.0,5
37136,0.0,5
37152,0.0,5
37160,1.0,17
37168,1.0,15
37176,0.0,5
37176,0.0,5
37192,0.0,5
37200,0.0,5
37208,0.0,5
37248,0.0,5
37264,2.0,21
37272,2.0,21
37288,1.0,14
37296,1.0,15
37304,0.0,5
37312,1.0,15
37312,0.0,5
37320,2.0,23
37328,0.0,3
37328,0.0,5
37336,0.0,3
37336,0.0,5
37352,0.0,5
37360,0.0,5
37368,2.0,21
37384,0.0,3
37392,0.0,5
37408,0.0,5
37424,1.0,12
37424,0.0,5
37432,1.0,12
37432,0.0,3
37456,1.0,16
37488,1.0,12
37496,0.0,5
37528,2.0,24
37528,1.0,12
37536,0.0,5
37552,1.0,16
37552,0.0,3
37552,1.0,15
37552,1.0,16
37560,4.0,39
37560,0.0,3
37568,1.0,10
37592,0.0,5
37592,0.0,5
37600,0.0,5
37608,0.0,5
37616,0.0,3
37656,1.0,16
37656,1.0,12
37680,0.0,3
37680,1.0,16
37680,1.0,10
37680,1.0,11
37712,1.0,12
37736,2.0,23
37776,1.0,15
37776,1.0,12
37776,1.0,12
37776,1.0,12
37808,1.0,12
37816,0.0,5
37816,0.0,5
37816,0.0,5
37840,0.0,3
37848,0.0,5
37856,0.0,5
37864,1.0,16
37872,2.0,24
37872,0.0,3
37872,1.0,12
37880,0.0,5
37912,0.0,5
37912,1.0,12
37936,0.0,3
37960,1.0,12
37968,4.0,45
37968,1.0,12
37968,1.0,12
37976,0.0,5
37976,1.0,12
38008,1.0,12
38016,0.0,5
38016,0.0,5
38048,0.0,5
38048,2.0,24
38056,1.0,12
38064,1.0,12
38064,1.0,12
38112,1.0,12
38144,1.0,12
38144,1.0,12
38152,1.0,12
38160,1.0,12
38160,2.0,24
38184,0.0,5
38184,0.0,5
38192,0.0,5
38200,0.0,5
38200,0.0,5
38208,0.0,3
38208,0.0,3
38224,0.0,3
38232,0.0,5
38232,0.0,3
38248,1.0,17
38248,0.0,5
38256,0.0,3
38264,0.0,5
38272,0.0,5
38280,0.0,3
38288,0.0,3
38288,0.0,5
38312,0.0,3
38312,0.0,3
38328,1.0,16
38336,0.0,3
38336,0.0,3
38360,0.0,3
38360,1.0,14
38368,0.0,5
38376,0.0,5
38376,4.0,45
38384,1.0,14
38392,0.0,3
38392,1.0,14
38400,0.0,5
38400,0.0,5
38416,0.0,5
38416,0.0,3
38416,0.0,5
38424,4.0,45
38424,0.0,3
38424,0.0,5
38424,0.0,3
38432,0.0,5
38440,0.0,3
38440,0.0,3
38440,0.0,3
38448,0.0,3
38448,0.0,3
38464,0.0,5
38464,0.0,5
38472,0.0,5
38480,0.0,5
38480,0.0,5
38480,0.0,5
38488,0.0,5
38488,0.0,5
38496,0.0,3
38504,0.0,3
38504,0.0,5
38504,0.0,5
38504,0.0,3
38528,0.0,3
38528,0.0,3
38528,0.0,5
38528,0.0,5
38536,0.0,5
38544,0.0,5
38544,0.0,5
38552,0.0,3
38568,0.0,5
38568,0.0,5
38568,0.0,3
38584,0.0,5
38592,1.0,14
38592,0.0,5
38608,0.0,3
38608,0.0,5
38616,0.0,3
38632,0.0,5
38640,1.0,14
38648,1.0,14
38656,0.0,3
38680,1.0,14
38680,0.0,5
38688,0.0,5
38696,1.0,16
38696,0.0,5
38720,0.0,5
38720,0.0,5
38720,1.0,14
38736,1.0,16
38736,0.0,5
38736,0.0,5
38744,1.0,16
38760,0.0,5
38776,0.0,5
38784,0.0,5
38800,0.0,5
38816,1.0,16
38840,1.0,15
38840,1.0,15
38848,1.0,14
38856,1.0,15
38856,0.0,5
38872,0.0,3
38880,0.0,5
38880,0.0,5
38896,1.0,15
38896,0.0,5
38904,1.0,15
38912,0.0,5
38912,1.0,14
38920,0.0,5
38936,0.0,5
38936,0.0,3
38944,0.0,5
38976,1.0,15
38976,0.0,5
38992,1.0,14
39016,1.0,15
39016,0.0,5
39016,0.0,3
39032,1.0,15
39032,1.0,14
39048,1.0,14
39056,0.0,5
39056,0.0,3
39056,0.0,5
39064,1.0,15
39072,0.0,3
39072,0.0,5
39096,0.0,5
39096,1.0,15
39104,0.0,5
39112,0.0,5
39120,0.0,3
39128,0.0,3
39136,1.0,15
39136,0.0,5
39168,1.0,14
39168,0.0,5
39176,1.0,15
39184,1.0,14
39192,0.0,3
39208,0.0,3
39216,0.0,5
39232,1.0,15
39232,0.0,5
39248,0.0,5
39248,1.0,16
39248,1.0,14
39264,1.0,16
39272,0.0,5
39272,0.0,3
39272,0.0,3
39272,0.0,3
39280,1.0,14
39288,0.0,3
39304,0.0,3
39312,0.0,5
39312,0.0,5
39312,0.0,5
39328,1.0,14
39336,0.0,3
39344,0.0,5
39352,1.0,15
39352,0.0,3
39384,1.0,14
39392,0.0,5
39392,0.0,5
39408,0.0,3
39424,1.0,17
39432,1.0,15
39432,1.0,15
39448,0.0,3
39456,0.0,3
39472,0.0,5
39488,0.0,5
39512,1.0,15
39512,2.0,21
39520,2.0,23
39528,0.0,5
39536,0.0,3
39544,1.0,17
39544,0.0,3
39560,2.0,21
39568,0.0,3
39576,0.0,5
39584,0.0,3
39584,0.0,5
39608,0.0,5
39624,0.0,5
39624,0.0,5
39640,2.0,23
39640,2.0,21
39664,0.0,3
39664,0.0,3
39688,0.0,3
39688,0.0,3
39696,2.0,21
39696,2.0,23
39696,1.0,15
39720,0.0,3
39720,0.0,3
39728,0.0,5
39728,0.0,5
39736,0.0,5
39744,1.0,15
39744,0.0,3
39744,0.0,3
39768,0.0,5
39776,2.0,21
39784,0.0,5
39784,0.0,5
39792,2.0,21
39800,0.0,3
39808,0.0,3
39816,0.0,3
39824,0.0,3
39840,0.0,3
39848,1.0,15
39848,0.0,5
39864,0.0,5
39880,0.0,5
39904,0.0,5
39904,2.0,21
39920,0.0,5
39928,2.0,23
39928,0.0,3
39936,2.0,21
39952,0.0,3
39952,0.0,3
39960,0.0,3
39968,2.0,23
39976,0.0,3
39984,0.0,3
39992,0.0,3
39992,0.0,5
40016,0.0,5
40016,0.0,3
40016,2.0,21
40024,0.0,5
40032,2.0,23
40032,0.0,5
40040,0.0,3
40056,0.0,3
40056,0.0,5
40064,0.0,5
40072,2.0,21
40080,0.0,5
40088,2.0,21
40088,0.0,3
40096,0.0,3
40096,0.0,5
40112,0.0,3
40128,0.0,5
40136,0.0,5
40136,1.0,15
40152,0.0,5
40176,0.0,5
40176,1.0,15
40200,0.0,3
40200,1.0,15
40200,2.0,21
40216,1.0,15
40216,0.0,5
40224,0.0,3
40240,0.0,5
40240,0.0,3
40240,0.0,5
40256,1.0,15
40264,0.0,5
40272,1.0,15
40296,0.0,5
40296,2.0,21
40312,0.0,5
40320,0.0,3
40336,0.0,3
40376,0.0,5
40384,2.0,21
40384,1.0,15
40408,2.0,21
40408,0.0,3
40408,2.0,21
40424,2.0,23
40424,0.0,5
40432,0.0,3
40432,0.0,3
40448,0.0,3
40448,0.0,5
40464,2.0,21
40472,0.0,5
40472,0.0,5
40488,0.0,3
40488,0.0,5
40504,2.0,23
40528,0.0,5
40528,0.0,3
40544,2.0,21
40568,0.0,3
40568,1.0,15
40568,0.0,5
40584,1.0,14
40592,1.0,15
40592,2.0,21
40608,0.0,3
40608,0.0,5
40608,1.0,15
40608,0.0,5
40616,0.0,3
40632,0.0,3
40632,0.0,3
40632,0.0,5
40640,0.0,3
40648,1.0,15
40648,0.0,5
40656,0.0,3
40672,0.0,5
40680,0.0,3
40680,0.0,5
40688,0.0,5
40688,1.0,15
40712,0.0,3
40720,0.0,5
40752,0.0,5
40768,1.0,15
40776,2.0,21
40784,1.0,14
40792,1.0,14
40800,1.0,14
40800,0.0,3
40808,0.0,5
40808,0.0,3
40816,2.0,23
40824,0.0,3
40824,0.0,3
40832,0.0,5
40832,1.0,14
40840,0.0,3
40848,0.0,3
40848,0.0,5
40856,0.0,4
40856,0.0,3
40864,0.0,3
40864,1.0,14
40872,0.0,5
40888,0.0,5
40888,0.0,3
40896,0.0,5
40896,0.0,5
40904,0.0,5
40928,0.0,5
40928,0.0,5
40952,0.0,3
40960,1.0,14
40984,1.0,14
40992,0.0,5
41008,1.0,14
41016,1.0,15
41024,1.0,15
41040,1.0,14
41056,1.0,12
41056,0.0,5
41064,0.0,5
41080,1.0,12
41088,1.0,12
41096,0.0,5
41104,1.0,12
41104,0.0,5
41120,4.0,39
41120,0.0,5
41128,0.0,3
41128,0.0,5
41136,1.0,12
41136,0.0,5
41144,0.0,5
41160,0.0,5
41160,0.0,5
41168,0.0,5
41168,0.0,5
41168,1.0,14
41176,0.0,5
41176,0.0,5
41184,0.0,5
41200,0.0,5
41200,0.0,5
41208,0.0,5
41208,0.0,5
41208,0.0,5
41216,0.0,5
41216,0.0,5
41240,0.0,5
41240,0.0,5
41248,0.0,5
41248,0.0,5
41264,0.0,3
41280,0.0,5
41304,0.0,3
41304,0.0,5
41304,1.0,12
41312,1.0,16
41312,1.0,12
41344,1.0,16
41344,0.0,5
41360,1.0,14
41360,1.0,14
41384,1.0,10
41392,1.0,10
41400,0.0,5
41416,1.0,14
41424,0.0,5
41432,1.0,11
41440,0.0,5
41448,0.0,3
41456,0.0,3
41456,1.0,14
41456,0.0,5
41456,1.0,12
41464,0.0,3
41488,1.0,12
41496,0.0,5
41496,2.0,23
41504,0.0,5
41528,0.0,5
41536,0.0,5
41536,1.0,10
41544,1.0,12
41552,1.0,12
41568,1.0,14
41568,0.0,3
41576,0.0,5
41576,0.0,5
41592,0.0,5
41592,1.0,12
41608,0.0,5
41608,0.0,5
41616,0.0,5
41632,0.0,5
41632,0.0,5
41648,0.0,5
41648,0.0,5
41656,0.0,5
41672,0.0,5
41672,0.0,5
41672,2.0,21
41688,0.0,5
41696,2.0,21
41696,0.0,5
41704,1.0,16
41712,0.0,5
41712,0.0,5
41736,0.0,5
41736,0.0,5
41744,0.0,5
41752,0.0,5
41752,0.0,5
41776,0.0,5
41776,0.0,5
41776,1.0,16
41792,0.0,5
41792,0.0,5
41808,1.0,17
41816,0.0,5
41816,1.0,16
41832,0.0,5
41832,0.0,5
41848,0.0,5
41856,0.0,5
41856,0.0,5
41872,0.0,5
41880,1.0,17
41888,0.0,5
41896,0.0,5
41896,0.0,5
41904,1.0,16
41912,0.0,5
41912,1.0,17
41920,0.0,5
41936,0.0,5
41936,0.0,5
41944,0.0,5
41952,0.0,5
41952,0.0,5
41960,0.0,5
41960,1.0,16
41976,0.0,5
41976,0.0,5
41984,0.0,5
41992,0.0,5
41992,0.0,5
42000,0.0,5
42000,0.0,5
42016,1.0,16
42016,0.0,5
42016,0.0,5
42024,0.0,5
42032,0.0,5
42032,0.0,5
42040,0.0,5
42040,0.0,5
42056,0.0,5
42056,0.0,5
42056,0.0,5
42064,0.0,5
42072,0.0,5
42072,0.0,5
42080,0.0,5
42080,0.0,5
42096,0.0,5
42096,0.0,5
42096,0.0,5
42104,0.0,5
42112,0.0,5
42120,0.0,5
42120,0.0,5
42136,0.0,5
42136,0.0,5
42144,0.0,5
42152,0.0,5
42160,0.0,5
42160,0.0,5
42176,0.0,5
42176,0.0,5
42192,0.0,5
42200,0.0,5
42200,0.0,5
42216,0.0,5
42216,0.0,5
42232,1.0,17
42240,0.0,5
42240,0.0,5
42256,0.0,5
42256,0.0,5
42256,2.0,23
42272,0.0,5
42280,0.0,5
42296,0.0,5
42296,0.0,5
42312,0.0,5
42328,2.0,23
42336,0.0,5
42336,0.0,5
42352,0.0,5
42368,0.0,5
42376,2.0,23
42376,0.0,5
42376,0.0,5
42392,0.0,5
42408,0.0,5
42416,0.0,5
42416,0.0,5
42416,0.0,5
42424,2.0,23
42432,0.0,5
42440,2.0,23
42456,0.0,5
42456,0.0,5
42456,0.0,5
42464,2.0,23
42464,0.0,5
42472,0.0,5
42480,0.0,5
42496,0.0,5
42496,0.0,5
42496,0.0,5
42504,0.0,5
42504,0.0,5
42512,0.0,5
42520,0.0,5
42536,0.0,5
42536,0.0,5
42536,0.0,5
42544,0.0,5
42544,0.0,5
42552,0.0,5
42560,0.0,5
42576,0.0,5
42576,0.0,5
42576,0.0,5
42584,0.0,5
42584,0.0,5
42592,0.0,5
42592,2.0,23
42600,0.0,5
42616,0.0,5
42616,0.0,5
42616,0.0,5
42624,0.0,5
42632,0.0,5
42640,0.0,5
42656,0.0,5
42656,0.0,5
42656,0.0,5
42664,0.0,5
42672,0.0,5
42680,0.0,5
42696,0.0,5
42696,0.0,5
42696,0.0,5
42704,0.0,5
42712,1.0,16
42712,0.0,5
42720,0.0,5
42720,1.0,16
42736,0.0,5
42736,0.0,5
42736,0.0,5
42744,0.0,5
42744,0.0,3
42752,0.0,5
42752,0.0,5
42760,0.0,5
42776,0.0,3
42776,0.0,5
42784,0.0,5
42784,0.0,3
42792,0.0,5
42800,0.0,3
42800,0.0,3
42808,0.0,3
42816,0.0,3
42824,0.0,3
42824,0.0,3
42840,0.0,3
42848,1.0,14
42848,1.0,14
42848,0.0,5
42848,0.0,3
42856,1.0,14
42864,0.0,3
42864,0.0,5
42872,0.0,3
42880,0.0,3
42888,0.0,5
42896,0.0,3
42896,1.0,14
42904,0.0,3
42920,0.0,3
42920,0.0,3
42928,0.0,3
42944,0.0,3
42960,0.0,5
42960,1.0,14
42960,1.0,14
42968,0.0,5
42968,0.0,3
42976,1.0,14
42976,1.0,14
42984,0.0,3
43000,0.0,3
43000,1.0,14
43000,0.0,5
43008,0.0,3
43024,0.0,3
43024,0.0,3
43032,0.0,3
43048,0.0,3
43048,0.0,3
43072,1.0,14
43072,0.0,3
43080,1.0,14
43088,0.0,5
43096,0.0,3
43104,0.0,3
43112,0.0,3
43112,0.0,5
43112,1.0,14
43120,0.0,3
43136,0.0,3
43136,0.0,3
43144,0.0,3
43152,2.0,23
43160,2.0,23
43176,0.0,5
43176,0.0,3
43176,0.0,5
43184,0.0,3
43184,0.0,5
43200,0.0,3
43208,0.0,3
43208,0.0,3
43216,2.0,23
43232,1.0,16
43232,0.0,4
43240,0.0,3
43248,0.0,5
43256,0.0,3
43264,0.0,3
43280,2.0,21
43296,0.0,5
43296,1.0,15
43304,0.0,3
43304,0.0,5
43328,0.0,3
43336,0.0,5
43344,1.0,17
43344,2.0,21
43352,1.0,15
43368,0.0,3
43368,0.0,5
43384,0.0,5
43392,0.0,5
43408,0.0,5
43408,0.0,5
43416,2.0,21
43424,1.0,15
43440,0.0,3
43464,0.0,5
43472,2.0,22
43496,0.0,3
43504,2.0,21
43520,0.0,3
43528,0.0,3
43552,2.0,21
43560,2.0,21
43568,1.0,16
43576,2.0,21
43576,2.0,21
43584,0.0,3
43600,0.0,3
43600,0.0,3
43608,0.0,3
43624,0.0,3
43624,0.0,3
43632,2.0,21
43648,0.0,5
43656,1.0,16
43680,1.0,16
43720,1.0,12
43720,1.0,12
43752,1.0,12
43776,1.0,12
43816,1.0,12
43856,0.0,5
43872,1.0,12
43880,4.0,45
43896,3.0,41
43912,2.0,24
43952,1.0,12
43992,1.0,12
43992,4.0,45
44008,1.0,12
44008,4.0,45
44032,0.0,5
44032,0.0,5
44048,0.0,5
44048,1.0,12
44072,0.0,5
44072,2.0,24
44072,0.0,5
44088,0.0,5
44112,0.0,5
44112,4.0,45
44128,0.0,5
44144,1.0,17
44168,0.0,5
44168,1.0,12
44168,0.0,3
44176,1.0,16
44200,1.0,16
44208,0.0,5
44232,4.0,45
44240,1.0,16
44240,0.0,5
44240,1.0,16
44248,0.0,5
44272,0.0,5
44280,0.0,5
44288,0.0,5
44296,1.0,16
44304,1.0,17
44304,1.0,16
44320,0.0,5
44328,0.0,5
44336,0.0,5
44344,0.0,5
44344,0.0,5
44360,0.0,5
44368,0.0,5
44376,1.0,17
44376,0.0,5
44376,1.0,17
44384,0.0,5
44384,0.0,5
44400,1.0,16
44400,0.0,5
44408,0.0,5
44416,0.0,5
44416,0.0,5
44416,0.0,5
44424,0.0,5
44424,0.0,5
44440,0.0,5
44448,0.0,5
44456,0.0,5
44456,0.0,5
44456,0.0,5
44464,0.0,5
44480,0.0,5
44496,0.0,5
44496,0.0,5
44496,0.0,5
44520,0.0,5
44528,1.0,16
44536,0.0,5
44536,0.0,5
44536,0.0,5
44560,1.0,17
44568,0.0,5
44576,1.0,16
44576,0.0,5
44576,0.0,5
44576,0.0,5
44592,1.0,16
44600,0.0,5
44608,0.0,5
44616,0.0,5
44616,0.0,5
44616,0.0,5
44616,0.0,5
44632,0.0,5
44640,0.0,5
44648,1.0,16
44648,0.0,5
44656,0.0,5
44656,0.0,5
44656,0.0,5
44672,0.0,5
44680,0.0,5
44688,0.0,5
44696,0.0,5
44696,0.0,5
44696,0.0,5
44720,0.0,5
44728,0.0,5
44736,0.0,5
44736,0.0,5
44736,0.0,5
44744,1.0,16
44760,0.0,5
44768,0.0,5
44776,0.0,5
44776,0.0,5
44776,1.0,16
44776,0.0,5
44784,0.0,5
44800,1.0,16
44816,0.0,5
44816,0.0,5
44816,0.0,5
44824,0.0,5
44856,0.0,5
44856,0.0,5
44864,0.0,5
44888,1.0,16
44896,0.0,5
44896,1.0,12
44896,1.0,16
44896,0.0,5
44904,0.0,5
44904,1.0,16
44920,0.0,3
44928,0.0,5
44936,0.0,5
44936,0.0,5
44936,0.0,5
44944,0.0,5
44944,0.0,5
44944,1.0,16
44960,0.0,5
44968,0.0,5
44976,0.0,5
44976,0.0,5
44976,0.0,5
44984,0.0,5
44984,0.0,5
45008,0.0,5
45016,0.0,5
45024,0.0,5
45040,1.0,12
45048,0.0,5
45056,0.0,5
45056,1.0,12
45072,1.0,12
45080,0.0,5
45088,0.0,5
45096,0.0,5
45096,0.0,5
45096,0.0,3
45120,0.0,5
45128,0.0,5
45136,0.0,5
45136,0.0,5
45152,0.0,3
45192,1.0,12
45192,0.0,5
45216,0.0,3
45216,1.0,12
45216,0.0,3
45216,2.0,24
45232,1.0,12
45248,1.0,14
45256,0.0,5
45256,0.0,3
45256,0.0,5
45256,0.0,5
45288,0.0,5
45296,0.0,5
45296,0.0,5
45296,0.0,5
45312,1.0,12
45328,0.0,5
45336,0.0,5
45336,0.0,5
45336,4.0,45
45336,0.0,5
45344,4.0,45
45352,0.0,5
45368,0.0,5
45376,0.0,5
45376,0.0,5
45376,0.0,5
45376,0.0,5
45384,0.0,5
45392,0.0,5
45408,0.0,5
45416,0.0,5
45416,0.0,5
45416,0.0,5
45416,0.0,5
45424,0.0,5
45432,0.0,5
45448,0.0,5
45456,0.0,5
45456,0.0,5
45456,0.0,5
45456,0.0,5
45464,0.0,5
45472,0.0,5
45488,0.0,5
45496,0.0,5
45496,0.0,5
45496,0.0,5
45496,0.0,5
45504,0.0,5
45512,0.0,5
45528,0.0,5
45536,0.0,5
45536,0.0,5
45536,0.0,5
45536,0.0,5
45544,0.0,5
45552,0.0,5
45576,0.0,5
45576,0.0,5
45576,0.0,5
45576,0.0,5
45584,0.0,5
45592,0.0,5
45616,4.0,45
45616,0.0,5
45616,0.0,5
45616,0.0,5
45624,0.0,5
45632,0.0,5
45656,0.0,5
45656,1.0,16
45656,0.0,5
45664,0.0,5
45696,0.0,5
45696,0.0,5
45696,0.0,5
45704,0.0,5
45704,1.0,16
45736,0.0,5
45736,0.0,5
45736,0.0,5
45744,0.0,5
45744,1.0,16
45744,1.0,16
45760,1.0,16
45776,0.0,5
45776,0.0,5
45784,0.0,5
45784,0.0,5
45800,0.0,5
45816,0.0,5
45816,0.0,5
45824,0.0,5
45824,0.0,5
45832,1.0,16
45840,0.0,5
45856,0.0,5
45864,1.0,16
45864,0.0,5
45872,0.0,5
45880,1.0,17
45880,0.0,5
45896,0.0,5
45904,0.0,5
45912,0.0,5
45920,0.0,5
45936,0.0,5
45944,0.0,5
45944,1.0,16
45952,0.0,5
45960,0.0,5
45960,1.0,17
45976,0.0,5
45984,0.0,5
45984,0.0,5
46000,1.0,17
46000,0.0,5
46000,0.0,5
46008,1.0,16
46016,0.0,5
46024,0.0,5
46024,0.0,5
46040,0.0,5
46040,0.0,5
46040,0.0,5
46048,0.0,5
46056,0.0,5
46064,0.0,5
46064,0.0,5
46080,1.0,16
46080,0.0,5
46080,0.0,5
46080,0.0,5
46088,0.0,5
46096,0.0,5
46104,0.0,5
46104,0.0,5
46120,0.0,5
46120,0.0,5
46120,0.0,5
46128,0.0,5
46136,0.0,5
46144,0.0,5
46144,0.0,5
46160,0.0,5
46168,0.0,5
46176,0.0,5
46184,0.0,5
46184,0.0,5
46200,0.0,5
46208,1.0,16
46208,0.0,5
46216,0.0,5
46224,0.0,5
46224,0.0,5
46232,0.0,3
46240,0.0,5
46248,1.0,16
46248,0.0,5
46248,1.0,16
46248,0.0,3
46256,0.0,5
46256,0.0,3
46264,0.0,5
46272,0.0,3
46288,0.0,5
46288,0.0,5
46296,0.0,5
46328,0.0,5
46352,1.0,14
46368,1.0,14
46384,1.0,17
46384,1.0,14
46392,0.0,5
46392,1.0,16
46400,1.0,14
46408,1.0,14
46408,0.0,5
46424,0.0,5
46432,0.0,5
46440,1.0,14
46448,0.0,5
46448,0.0,5
46464,0.0,5
46472,0.0,5
46480,0.0,5
46504,0.0,3
46512,1.0,15
46512,1.0,16
46528,0.0,3
46536,1.0,17
46536,0.0,3
46552,0.0,5
46560,0.0,3
46560,1.0,14
46568,0.0,5
46568,1.0,15
46576,1.0,14
46584,0.0,3
46584,1.0,14
46600,0.0,3
46608,0.0,5
46608,0.0,3
46664,1.0,16
46688,0.0,3
46712,1.0,16
46712,0.0,3
46728,1.0,16
46736,2.0,23
46736,2.0,21
46736,0.0,3
46736,1.0,16
46744,2.0,23
46752,0.0,5
46752,0.0,3
46760,0.0,3
46760,0.0,3
46760,0.0,3
46768,0.0,3
46776,2.0,21
46776,0.0,5
46784,0.0,3
46784,0.0,3
46792,0.0,3
46792,0.0,5
46800,0.0,3
46800,0.0,5
46824,0.0,3
46920,1.0,17
46920,1.0,17
46920,2.0,21
46928,1.0,17
46944,0.0,3
46944,2.0,21
46944,0.0,3
46952,0.0,3
46960,0.0,5
46960,1.0,17
46960,2.0,21
46968,0.0,3
46968,0.0,3
46968,2.0,21
46984,0.0,5
46984,0.0,3
46992,0.0,5
46992,0.0,3
46992,0.0,3
47000,0.0,5
47008,0.0,5
47008,0.0,3
47016,0.0,3
47032,0.0,5
47048,0.0,5
47048,0.0,5
47072,1.0,14
47072,0.0,5
47088,0.0,5
47088,0.0,5
47096,0.0,3
47152,2.0,21
47152,1.0,17
47160,2.0,21
47168,2.0,21
47176,0.0,3
47184,0.0,3
47192,0.0,3
47192,0.0,5
47200,0.0,3
47208,0.0,3
47216,0.0,3
47216,0.0,3
47232,1.0,17
47240,0.0,5
47240,2.0,21
47248,0.0,5
47256,0.0,3
47256,0.0,5
47256,2.0,21
47256,0.0,5
47256,2.0,21
47264,0.0,3
47280,0.0,5
47280,0.0,3
47280,0.0,3
47288,0.0,5
47296,0.0,5
47296,0.0,5
47304,0.0,5
47320,0.0,5
47320,0.0,5
47328,0.0,3
47360,0.0,5
47368,0.0,5
47368,1.0,14
47392,1.0,14
47400,1.0,14
47408,1.0,14
47408,1.0,14
47408,0.0,5
47408,0.0,5
47440,1.0,15
47448,0.0,5
47448,0.0,5
47472,1.0,14
47488,1.0,12
47496,1.0,12
47512,0.0,3
47536,1.0,16
47544,1.0,12
47544,1.0,12
47568,1.0,16
47592,1.0,12
47640,1.0,12
47688,1.0,12
47704,2.0,29
47736,3.0,41
47744,0.0,5
47768,1.0,16
47776,0.0,5
47784,0.0,5
47808,0.0,5
47816,0.0,5
47816,1.0,16
47824,0.0,5
47840,3.0,41
47840,0.0,3
47848,0.0,5
47864,0.0,5
47864,3.0,41
47872,3.0,41
47880,0.0,5
47880,0.0,5
47888,0.0,5
47888,0.0,3
47896,3.0,41
47904,0.0,3
47904,0.0,5
47920,0.0,5
47928,0.0,5
47944,1.0,16
47944,0.0,5
47944,0.0,5
47984,0.0,5
48024,1.0,17
48032,1.0,17
48048,1.0,15
48056,2.0,23
48056,0.0,3
48064,0.0,5
48080,0.0,3
48080,1.0,17
48088,2.0,21
48088,0.0,5
48104,0.0,3
48104,0.0,3
48112,0.0,3
48112,2.0,21
48128,0.0,3
48136,0.0,3
48144,0.0,5
48152,0.0,3
48152,2.0,21
48152,0.0,5
48176,0.0,5
48176,0.0,3
48176,1.0,15
48192,0.0,5
48200,0.0,3
48216,0.0,5
48232,2.0,21
48256,0.0,3
48256,2.0,21
48264,1.0,15
48280,0.0,3
48280,0.0,3
48304,0.0,5
48304,1.0,14
48304,0.0,3
48320,0.0,5
48320,2.0,21
48328,1.0,14
48336,1.0,17
48344,2.0,21
48344,0.0,5
48344,0.0,5
48344,0.0,3
48360,0.0,5
48368,0.0,3
48368,0.0,3
48368,0.0,5
48376,0.0,5
48384,0.0,5
48384,0.0,5
48392,0.0,3
48400,0.0,5
48408,0.0,5
48416,0.0,5
48424,0.0,5
48432,0.0,5
48440,0.0,5
48440,1.0,17
48448,0.0,5
48464,0.0,5
48472,0.0,5
48480,0.0,5
48488,0.0,5
48504,0.0,5
48504,1.0,17
48512,0.0,5
48520,1.0,17
48520,0.0,5
48528,0.0,5
48544,0.0,5
48544,1.0,16
48544,0.0,5
48552,0.0,5
48560,0.0,5
48560,0.0,5
48568,1.0,16
48568,0.0,5
48584,0.0,5
48584,0.0,5
48584,0.0,5
48592,0.0,5
48600,0.0,5
48600,0.0,5
48608,0.0,5
48624,0.0,5
48624,0.0,5
48624,0.0,5
48632,0.0,5
48640,0.0,5
48648,0.0,5
48664,0.0,5
48664,0.0,5
48672,0.0,5
48680,0.0,5
48688,0.0,5
48696,1.0,16
48712,0.0,5
48720,0.0,5
48728,1.0,16
48728,0.0,5
48736,0.0,5
48752,0.0,5
48752,1.0,16
48760,0.0,5
48768,0.0,5
48768,0.0,5
48776,0.0,5
48792,0.0,5
48792,1.0,16
48792,0.0,5
48792,1.0,16
48800,0.0,5
48808,0.0,5
48808,0.0,5
48832,0.0,5
48832,0.0,5
48832,0.0,5
48832,0.0,5
48848,0.0,5
48848,0.0,5
48872,0.0,5
48872,0.0,5
48872,0.0,5
48872,0.0,5
48888,0.0,5
48904,1.0,16
48912,0.0,5
48912,0.0,5
48912,0.0,5
48928,1.0,16
48928,0.0,5
48944,0.0,5
48952,0.0,5
48952,0.0,5
48952,0.0,5
48968,0.0,5
48968,0.0,5
48984,0.0,5
48992,0.0,5
48992,0.0,5
48992,0.0,5
49008,0.0,5
49032,0.0,5
49032,2.0,23
49032,0.0,5
49032,0.0,5
49056,2.0,23
49072,0.0,5
49072,0.0,5
49072,0.0,5
49096,0.0,5
49112,0.0,5
49112,0.0,5
49120,1.0,17
49152,0.0,5
49152,0.0,5
49152,2.0,23
49192,0.0,5
49192,0.0,5
49192,2.0,23
49192,0.0,5
49216,2.0,23
49232,1.0,17
49232,0.0,5
49232,0.0,5
49232,0.0,5
49256,2.0,23
49256,0.0,5
49272,0.0,5
49272,0.0,5
49272,0.0,5
49272,0.0,5
49296,0.0,5
49304,2.0,23
49312,0.0,5
49312,0.0,5
49336,0.0,5
49344,0.0,5
49352,0.0,5
49376,2.0,23
49376,0.0,5
49384,0.0,5
49392,0.0,5
49408,1.0,17
49416,0.0,5
49416,0.0,5
49424,0.0,5
49432,0.0,5
49440,2.0,23
49448,0.0,5
49456,0.0,5
49456,0.0,5
49456,2.0,23
49464,0.0,5
49472,0.0,5
49480,0.0,5
49488,0.0,5
49496,2.0,23
49496,0.0,5
49496,0.0,5
49504,0.0,5
49512,0.0,5
49528,0.0,5
49536,0.0,5
49536,0.0,5
49536,0.0,5
49544,0.0,5
49552,0.0,5
49568,0.0,5
49576,0.0,5
49576,0.0,5
49576,0.0,5
49584,0.0,5
49592,0.0,5
49592,1.0,17
49608,0.0,5
49616,0.0,5
49616,1.0,17
49624,0.0,5
49632,0.0,5
49648,0.0,5
49656,0.0,5
49688,1.0,12
49704,1.0,16
49712,1.0,17
49712,1.0,12
49720,1.0,12
49728,1.0,12
49776,1.0,16
49784,1.0,12
49800,1.0,12
49808,1.0,12
49824,1.0,12
49848,1.0,16
49872,1.0,12
49880,1.0,12
49888,0.0,5
49896,1.0,12
49920,1.0,12
49920,0.0,5
49928,0.0,5
49936,0.0,5
49944,2.0,29
49968,1.0,12
49976,0.0,5
49984,0.0,5
50008,0.0,5
50016,1.0,12
50016,4.0,45
50016,1.0,12
50024,1.0,12
50056,0.0,5
50056,0.0,5
50064,0.0,5
50072,1.0,12
50080,1.0,12
50096,0.0,5
50104,1.0,12
50104,0.0,5
50112,1.0,12
50112,0.0,5
50136,0.0,5
50144,0.0,5
50144,0.0,5
50152,1.0,12
50168,4.0,45
50176,1.0,12
50176,0.0,5
50184,0.0,5
50208,1.0,12
50208,0.0,5
50208,1.0,12
50240,1.0,12
50248,0.0,5
50248,1.0,12
50272,1.0,12
50272,1.0,12
50280,0.0,5
50280,1.0,12
50288,0.0,5
50304,1.0,12
50304,1.0,12
50312,0.0,5
50312,0.0,5
50320,0.0,5
50344,0.0,5
50344,1.0,12
50376,1.0,12
50384,0.0,5
50384,0.0,5
50384,1.0,12
50408,1.0,12
50408,1.0,12
50424,0.0,5
50424,0.0,5
50432,1.0,16
50448,0.0,5
50448,0.0,5
50464,0.0,5
50464,0.0,5
50472,0.0,5
50488,0.0,5
50488,0.0,5
50504,0.0,5
50504,0.0,5
50504,1.0,16
50512,1.0,16
50512,0.0,5
50528,0.0,5
50544,0.0,5
50544,0.0,5
50552,0.0,5
50552,0.0,5
50568,0.0,5
50584,0.0,5
50584,0.0,5
50592,0.0,5
50624,0.0,5
50624,0.0,5
50664,0.0,5
50664,0.0,5
50672,2.0,23
50680,4.0,45
50688,2.0,23
50688,1.0,17
50704,0.0,5
50704,0.0,5
50712,0.0,5
50720,0.0,5
50728,0.0,5
50728,1.0,17
50728,0.0,5
50744,0.0,5
50752,2.0,23
50760,0.0,5
50768,0.0,5
50768,0.0,5
50784,0.0,5
50800,0.0,5
50808,0.0,5
50808,0.0,5
50824,0.0,5
50840,0.0,5
50848,0.0,5
50864,1.0,17
50880,0.0,5
50888,0.0,5
50888,1.0,17
50904,0.0,5
50920,0.0,5
50928,0.0,5
50928,0.0,5
50936,1.0,16
50952,1.0,16
50976,0.0,3
51016,0.0,5
51032,4.0,41
51040,4.0,41
51048,1.0,15
51072,2.0,21
51072,1.0,17
51072,0.0,5
51088,0.0,5
51088,2.0,21
51096,2.0,21
51096,0.0,3
51112,0.0,3
51112,0.0,5
51120,0.0,3
51120,0.0,3
51136,0.0,3
51144,0.0,3
51160,1.0,15
51160,0.0,5
51176,0.0,5
51184,0.0,3
51184,0.0,5
51184,2.0,21
51192,1.0,15
51200,0.0,5
51208,0.0,3
51216,0.0,5
51216,0.0,3
51224,0.0,5
51232,0.0,3
51256,2.0,21
51256,0.0,5
51264,0.0,4
51280,0.0,3
51280,2.0,21
51304,1.0,15
51304,0.0,3
51304,0.0,3
51328,0.0,3
51336,0.0,4
51344,0.0,5
51360,0.0,4
51368,2.0,21
51376,0.0,5
51384,2.0,21
51392,2.0,21
51392,0.0,3
51400,0.0,3
51408,0.0,3
51416,0.0,3
51416,0.0,3
51424,0.0,3
51424,2.0,21
51432,0.0,3
51440,0.0,3
51448,0.0,4
51448,2.0,23
51456,1.0,14
51464,0.0,4
51472,0.0,3
51480,0.0,3
51480,0.0,5
51488,0.0,5
51496,0.0,3
51504,0.0,5
51520,0.0,5
51544,2.0,23
51560,1.0,17
51584,0.0,5
51584,0.0,3
51608,1.0,16
51608,2.0,23
51632,0.0,3
51632,0.0,3
51632,1.0,17
51656,2.0,21
51656,0.0,3
51672,0.0,5
51672,0.0,5
51672,2.0,21
51688,2.0,21
51696,0.0,5
51696,0.0,5
51704,1.0,15
51704,1.0,15
51712,0.0,5
51712,0.0,5
51728,0.0,5
51728,0.0,3
51736,0.0,5
51736,0.0,5
51744,0.0,5
51752,0.0,5
51752,0.0,5
51768,0.0,5
51768,0.0,5
51776,0.0,3
51784,0.0,5
51792,0.0,5
51800,0.0,3
51808,1.0,17
51808,0.0,3
51832,0.0,3
51832,0.0,3
51840,0.0,5
51872,1.0,17
51888,1.0,15
51912,0.0,5
51920,2.0,23
51928,0.0,5
51944,0.0,3
51952,1.0,15
51952,2.0,23
51960,2.0,21
51968,0.0,3
51992,0.0,5
52000,0.0,5
52008,2.0,21
52008,0.0,5
52008,2.0,22
52040,0.0,5
52048,0.0,5
52048,0.0,5
52080,0.0,5
52080,2.0,21
52088,1.0,17
52088,0.0,5
52096,2.0,21
52112,0.0,3
52120,0.0,5
52120,0.0,5
52128,0.0,5
52136,0.0,5
52144,1.0,17
52160,0.0,5
52160,0.0,5
52168,0.0,3
52168,0.0,5
52176,0.0,5
52176,2.0,23
52200,0.0,5
52208,0.0,5
52216,0.0,5
52216,0.0,5
52232,1.0,15
52232,2.0,23
52240,0.0,5
52248,0.0,5
52256,0.0,5
52272,0.0,5
52272,0.0,5
52280,0.0,5
52288,1.0,15
52288,0.0,5
52296,0.0,5
52296,1.0,17
52312,0.0,5
52328,0.0,5
52328,0.0,5
52336,0.0,5
52336,0.0,5
52352,1.0,17
52352,0.0,5
52368,0.0,5
52376,0.0,5
52392,0.0,5
52408,0.0,5
52416,0.0,5
52456,2.0,23
52464,2.0,23
52512,1.0,12
52512,2.0,23
52520,2.0,23
52536,2.0,23
52552,0.0,5
52576,2.0,23
52584,1.0,16
52592,2.0,23
52600,1.0,17
52632,0.0,5
52640,1.0,16
52648,1.0,16
52664,1.0,16
52672,1.0,12
52680,0.0,5
52680,1.0,16
52680,1.0,12
52688,0.0,5
52704,0.0,5
52712,0.0,5
52720,0.0,5
52720,0.0,5
52720,0.0,5
52728,0.0,5
52752,0.0,5
52760,0.0,5
52760,0.0,5
52768,0.0,5
52792,0.0,5
52800,0.0,5
52800,1.0,12
52832,0.0,5
52840,0.0,5
52856,1.0,12
52872,0.0,5
52880,0.0,5
52880,2.0,31
52896,1.0,12
52912,0.0,5
52912,2.0,24
52928,3.0,41
52952,1.0,12
52952,0.0,5
52976,1.0,12
52976,1.0,12
53008,1.0,12
53048,1.0,12
53072,1.0,12
53072,1.0,12
53104,1.0,12
53120,2.0,24
53128,4.0,45
53152,1.0,13
53168,0.0,5
53168,1.0,12
53192,0.0,5
53200,1.0,12
53216,1.0,12
53256,0.0,5
53256,4.0,45
53264,1.0,12
53264,1.0,12
53288,1.0,12
53296,0.0,5
53296,1.0,12
53304,0.0,5
53312,4.0,45
53328,0.0,5
53336,0.0,5
53352,1.0,12
53360,1.0,12
53368,0.0,5
53400,0.0,5
53408,1.0,12
53432,1.0,16
53432,1.0,12
53432,4.0,45
53448,1.0,12
53464,1.0,12
53472,0.0,5
53472,0.0,5
53488,0.0,5
53504,0.0,5
53512,0.0,5
53512,0.0,5
53528,1.0,12
53552,0.0,5
53568,0.0,5
53584,1.0,12
53608,0.0,5
53608,1.0,12
53624,0.0,5
53632,1.0,16
53648,0.0,5
53648,2.0,30
53648,0.0,5
53656,4.0,45
53664,0.0,5
53672,0.0,5
53688,0.0,5
53688,0.0,5
53696,0.0,5
53712,0.0,5
53728,0.0,5
53736,0.0,5
53752,0.0,5
53760,1.0,12
53760,4.0,45
53768,0.0,5
53776,0.0,5
53776,1.0,16
53784,1.0,12
53792,0.0,5
53800,0.0,5
53800,0.0,5
53808,0.0,5
53816,0.0,5
53816,0.0,5
53824,0.0,5
53832,0.0,5
53840,0.0,5
53840,0.0,5
53848,0.0,5
53856,0.0,5
53864,0.0,5
53872,0.0,5
53880,0.0,5
53888,0.0,5
53896,0.0,5
53904,0.0,5
53912,0.0,5
53912,4.0,45
53920,0.0,5
53928,0.0,5
53936,0.0,5
53944,1.0,16
53944,0.0,5
53952,0.0,5
53952,0.0,5
53960,0.0,5
53968,0.0,5
53992,0.0,5
53992,0.0,5
54032,0.0,5
54064,1.0,16
54072,1.0,16
54072,0.0,5
54072,2.0,29
54080,1.0,17
54088,1.0,16
54096,1.0,16
54112,0.0,5
54112,0.0,5
54112,0.0,5
54120,0.0,5
54120,1.0,16
54128,0.0,5
54136,0.0,5
54152,0.0,5
54152,0.0,5
54160,0.0,5
54168,0.0,5
54192,0.0,5
54192,0.0,5
54200,1.0,17
54208,0.0,5
54232,0.0,5
54232,0.0,5
54240,0.0,5
54256,1.0,17
54272,0.0,5
54272,1.0,17
54272,0.0,5
54280,0.0,5
54296,0.0,5
54296,1.0,17
54296,2.0,23
54312,0.0,5
54312,0.0,5
54320,0.0,5
54336,0.0,5
54336,0.0,5
54336,0.0,5
54344,1.0,17
54352,0.0,5
54360,0.0,3
54360,0.0,5
54376,0.0,5
54376,0.0,5
54392,0.0,5
54400,0.0,5
54400,0.0,5
54416,0.0,5
54440,0.0,5
54440,1.0,16
54440,0.0,5
54456,0.0,5
54456,2.0,23
54472,1.0,16
54480,0.0,5
54480,0.0,5
54480,0.0,3
54480,0.0,5
54496,0.0,5
54504,1.0,16
54504,0.0,3
54512,0.0,5
54520,0.0,5
54520,1.0,16
54520,0.0,5
54520,0.0,5
54536,0.0,5
54544,0.0,5
54544,0.0,5
54552,0.0,5
54560,0.0,5
54560,0.0,5
54560,0.0,5
54560,0.0,5
54576,0.0,5
54584,0.0,5
54584,0.0,5
54600,0.0,5
54600,0.0,5
54616,0.0,5
54624,0.0,5
54624,0.0,5
54640,0.0,5
54640,0.0,5
54656,0.0,5
54664,0.0,5
54680,0.0,5
54688,1.0,16
54688,1.0,17
54688,1.0,16
54696,0.0,5
54704,0.0,5
54728,0.0,5
54728,0.0,5
54736,0.0,5
54752,1.0,16
54768,1.0,16
54776,0.0,5
54784,1.0,12
54792,0.0,5
54808,1.0,16
54824,1.0,12
54864,1.0,12
54872,1.0,12
54880,1.0,12
54896,2.0,24
54904,1.0,12
54904,0.0,5
54920,1.0,12
54960,0.0,5
54968,1.0,12
54992,1.0,12
55000,1.0,12
55032,0.0,5
55056,1.0,12
55064,1.0,12
55088,4.0,45
55096,1.0,12
55112,2.0,29
55136,0.0,5
55152,4.0,45
55152,1.0,12
55160,1.0,16
55168,1.0,13
55184,1.0,12
55208,1.0,12
55224,0.0,5
55248,0.0,5
55248,1.0,12
55248,1.0,12
55256,1.0,12
55264,4.0,45
55304,0.0,5
55328,2.0,24
55344,1.0,12
55344,1.0,12
55352,1.0,16
55352,1.0,12
55352,1.0,13
55384,0.0,5
55400,1.0,12
55424,1.0,12
55440,1.0,12
55448,1.0,12
55448,1.0,12
55496,1.0,12
55512,1.0,16
55520,1.0,12
55528,4.0,45
55536,0.0,5
55552,1.0,13
55568,0.0,5
55608,0.0,5
55616,1.0,12
55704,1.0,12
55712,4.0,45
55752,0.0,5
55800,4.0,45
55808,4.0,45
55840,0.0,5
55848,0.0,5
55872,4.0,45
55880,0.0,5
55888,0.0,5
55896,4.0,45
55912,4.0,45
55912,0.0,5
55920,0.0,5
55928,0.0,5
55936,2.0,29
55936,0.0,5
55936,2.0,23
55944,3.0,41
55952,0.0,5
55960,0.0,5
55960,0.0,3
55968,0.0,5
55976,0.0,5
55984,0.0,5
55984,0.0,3
55992,0.0,5
56000,0.0,5
56008,0.0,5
56024,0.0,5
56048,0.0,3
56072,0.0,3
56080,2.0,21
56096,0.0,3
56104,2.0,21
56104,0.0,3
56128,0.0,3
56128,0.0,3
56144,2.0,21
56152,2.0,21
56152,0.0,3
56160,2.0,21
56168,2.0,21
56168,0.0,3
56168,0.0,5
56176,2.0,21
56176,0.0,3
56184,0.0,3
56192,0.0,5
56200,0.0,3
56200,0.0,3
56208,0.0,5
56208,0.0,5
56224,0.0,3
56224,0.0,5
56232,0.0,4
56248,0.0,5
56248,0.0,5
56264,0.0,5
56264,0.0,5
56272,0.0,5
56288,0.0,5
56288,0.0,5
56288,1.0,12
56336,2.0,21
56368,3.0,34
56384,1.0,12
56408,0.0,5
56448,2.0,23
56448,0.0,5
56472,1.0,17
56472,0.0,3
56480,1.0,12
56480,2.0,24
56488,0.0,5
56512,0.0,3
56552,0.0,5
56568,1.0,12
56608,1.0,16
56608,1.0,16
56608,1.0,17
56624,4.0,45
56632,4.0,45
56632,0.0,3
56632,0.0,3
56632,0.0,3
56648,4.0,45
56648,1.0,12
56664,0.0,5
56664,1.0,12
56672,0.0,5
56672,0.0,5
56672,0.0,5
56704,0.0,5
56704,0.0,5
56712,0.0,5
56712,0.0,5
56712,0.0,5
56728,1.0,12
56744,0.0,5
56752,0.0,3
56752,0.0,5
56752,0.0,5
56752,0.0,5
56768,0.0,3
56792,0.0,5
56792,0.0,5
56792,0.0,5
56792,0.0,3
56816,0.0,3
56832,2.0,23
56832,2.0,23
56832,0.0,5
56832,0.0,5
56856,0.0,5
56872,0.0,5
56872,0.0,5
56872,0.0,5
56872,0.0,5
56888,2.0,23
56896,0.0,5
56912,0.0,5
56912,0.0,5
56928,0.0,5
56936,0.0,5
56952,0.0,5
56952,0.0,5
56968,0.0,5
56976,0.0,3
56976,0.0,5
56992,0.0,5
57000,1.0,16
57008,1.0,17
57048,0.0,5
57064,1.0,12
57080,4.0,41
57088,0.0,5
57088,1.0,11
57104,1.0,16
57104,1.0,16
57104,4.0,39
57120,1.0,16
57120,0.0,5
57144,0.0,5
57144,0.0,5
57160,1.0,12
57160,0.0,5
57184,1.0,12
57184,1.0,12
57240,1.0,12
57240,1.0,12
57256,1.0,12
57256,1.0,12
57280,1.0,12
57288,2.0,23
57296,0.0,5
57296,0.0,5
57304,2.0,23
57312,1.0,16
57336,0.0,5
57336,1.0,12
57368,1.0,16
57384,1.0,12
57392,1.0,12
57400,1.0,12
57408,1.0,12
57432,1.0,12
57432,1.0,12
57464,1.0,12
57480,1.0,12
57488,1.0,12
57504,0.0,5
57528,1.0,12
57528,1.0,12
57568,0.0,5
57568,0.0,5
57576,1.0,12
57608,0.0,5
57608,0.0,5
57640,4.0,45
57648,0.0,5
57648,0.0,5
57728,3.0,41
57736,3.0,41
57736,1.0,12
57744,1.0,12
57744,1.0,12
57768,0.0,5
57776,0.0,5
57776,0.0,5
57784,0.0,5
57784,0.0,5
57808,0.0,5
57816,0.0,5
57824,0.0,5
57824,0.0,5
57848,4.0,45
57856,0.0,5
57864,0.0,5
57864,4.0,45
57888,0.0,5
57896,0.0,5
57904,0.0,5
57904,0.0,5
57928,0.0,5
57936,4.0,45
57936,0.0,5
57944,0.0,5
57944,0.0,5
57960,2.0,23
57976,0.0,5
57984,0.0,3
57984,0.0,5
57984,0.0,5
58008,0.0,3
58024,0.0,5
58048,0.0,5
58064,0.0,5
58088,0.0,5
58104,0.0,5
58112,2.0,23
58120,2.0,23
58136,0.0,3
58144,0.0,3
58144,3.0,40
58144,0.0,5
58160,2.0,23
58168,2.0,23
58168,4.0,45
58176,0.0,5
58184,0.0,5
58184,0.0,5
58184,0.0,3
58192,0.0,3
58208,0.0,5
58216,0.0,5
58224,0.0,5
58224,0.0,5
58224,0.0,5
58248,0.0,5
58256,0.0,5
58264,0.0,5
58264,0.0,5
58272,2.0,23
58272,1.0,16
58296,0.0,3
58296,0.0,5
58304,0.0,5
58312,0.0,5
58320,0.0,3
58336,0.0,5
58344,0.0,5
58352,0.0,5
58376,2.0,23
58376,1.0,16
58376,0.0,5
58384,0.0,5
58392,1.0,16
58392,0.0,5
58400,0.0,3
58416,0.0,5
58416,0.0,5
58424,0.0,5
58432,0.0,5
58432,0.0,5
58440,0.0,5
58456,1.0,17
58456,0.0,5
58456,0.0,5
58464,0.0,5
58472,0.0,5
58472,0.0,5
58496,0.0,5
58496,0.0,5
58512,0.0,5
58552,0.0,5
58560,3.0,42
58560,1.0,12
58568,1.0,12
58576,1.0,17
58584,1.0,16
58600,0.0,5
58600,0.0,5
58608,0.0,5
58624,1.0,16
58624,0.0,5
58624,0.0,3
58624,1.0,16
58648,0.0,3
58648,0.0,5
58664,0.0,5
58664,0.0,5
58680,1.0,16
58688,0.0,5
58688,0.0,5
58704,0.0,5
58704,0.0,5
58712,1.0,17
58728,0.0,5
58728,1.0,16
58728,0.0,5
58744,0.0,5
58744,0.0,5
58752,0.0,5
58752,0.0,3
58752,1.0,16
58768,0.0,5
58768,0.0,5
58776,0.0,3
58792,0.0,5
58808,0.0,5
58808,0.0,5
58816,1.0,17
58832,0.0,3
58856,0.0,5
58856,1.0,14
58872,1.0,16
58880,0.0,3
58888,1.0,14
58888,1.0,17
58904,1.0,14
58904,0.0,3
58912,0.0,3
58920,1.0,14
58928,0.0,5
58936,0.0,3
58960,1.0,16
58960,0.0,3
59000,0.0,5
59016,1.0,14
59040,1.0,14
59040,2.0,23
59048,1.0,11
59056,2.0,23
59064,0.0,3
59080,0.0,3
59088,2.0,23
59088,0.0,5
59104,2.0,23
59112,1.0,12
59128,1.0,16
59128,0.0,3
59168,1.0,10
59176,1.0,12
59200,0.0,3
59200,1.0,17
59224,1.0,17
59224,1.0,12
59240,1.0,16
59296,1.0,16
59312,2.0,23
59320,1.0,15
59336,0.0,3
59344,1.0,15
59352,1.0,16
59400,4.0,45
59424,2.0,23
59424,0.0,3
59432,1.0,12
59440,1.0,12
59448,0.0,3
59448,0.0,3
59472,0.0,5
59480,2.0,23
59496,0.0,3
59504,0.0,3
59536,2.0,23
59544,1.0,12
59544,1.0,12
59560,4.0,45
59560,1.0,15
59560,0.0,3
59568,0.0,3
59568,0.0,3
59584,0.0,3
59584,0.0,3
59592,1.0,12
59600,0.0,5
59608,0.0,3
59608,0.0,3
59608,0.0,5
59616,1.0,14
59616,0.0,3
59624,0.0,3
59632,0.0,3
59632,0.0,3
59640,0.0,3
59640,0.0,3
59664,0.0,5
59672,0.0,5
59680,0.0,5
59680,4.0,45
59680,0.0,5
59704,0.0,3
59728,0.0,3
59752,2.0,23
59752,0.0,3
59776,0.0,3
59776,2.0,21
59800,0.0,3
59800,0.0,3
59808,2.0,22
59824,0.0,3
59832,2.0,21
59840,2.0,21
59848,0.0,5
59848,2.0,21
59848,2.0,21
59856,0.0,4
59856,0.0,3
59864,0.0,3
59872,0.0,3
59872,0.0,3
59880,0.0,3
59888,0.0,3
59896,0.0,3
59896,0.0,5
59896,0.0,3
59920,0.0,5
59928,2.0,22
59936,0.0,5
59936,1.0,17
59960,0.0,3
59960,0.0,5
59968,0.0,5
59976,0.0,5
60000,0.0,5
60016,2.0,21
60024,1.0,17
60032,1.0,17
60040,0.0,3
60064,0.0,3
60064,0.0,5
60064,2.0,21
60072,0.0,5
60072,1.0,14
60080,1.0,14
60088,0.0,3
60096,0.0,4
60112,0.0,3
60112,0.0,5
60120,0.0,5
60136,0.0,5
60144,2.0,21
60152,0.0,5
60168,0.0,3
60168,2.0,21
60192,0.0,3
60192,0.0,3
60192,0.0,5
60216,0.0,3
60232,0.0,5
60232,2.0,21
60232,1.0,15
60240,1.0,15
60240,2.0,21
60256,0.0,5
60256,0.0,3
60256,0.0,3
60264,0.0,3
60264,0.0,3
60272,0.0,5
60280,0.0,3
60288,0.0,3
60296,0.0,5
60296,0.0,5
60304,2.0,21
60304,0.0,5
60328,0.0,3
60328,0.0,5
60344,0.0,5
60352,0.0,3
60360,2.0,21
60384,0.0,3
60392,0.0,5
60408,0.0,3
60416,1.0,17
60432,0.0,5
60440,2.0,21
60448,0.0,5
60472,0.0,5
60480,0.0,5
60488,0.0,5
60512,0.0,5
60520,0.0,5
60544,1.0,16
60552,0.0,5
60584,0.0,5
60592,0.0,5
60608,4.0,39
60608,4.0,39
60616,1.0,16
60624,0.0,5
60632,0.0,5
60640,1.0,15
60648,0.0,5
60648,0.0,5
60656,4.0,39
60656,0.0,5
60656,4.0,41
60664,0.0,5
60672,0.0,5
60680,0.0,5
60688,0.0,5
60688,0.0,5
60696,0.0,5
60696,0.0,5
60696,0.0,5
60704,0.0,5
60712,0.0,5
60720,0.0,5
60728,0.0,5
60728,0.0,5
60736,0.0,5
60736,0.0,5
60744,0.0,5
60752,0.0,5
60760,0.0,5
60768,0.0,5
60768,0.0,5
60776,0.0,5
60776,0.0,5
60784,0.0,5
60792,0.0,5
60800,0.0,5
60808,0.0,5
60816,0.0,5
60816,0.0,5
60824,0.0,5
60832,0.0,5
60832,1.0,17
60840,0.0,5
60848,0.0,5
60856,0.0,5
60856,0.0,5
60864,0.0,5
60872,0.0,5
60872,0.0,5
60888,0.0,5
60896,1.0,16
60896,0.0,5
60912,0.0,5
60912,0.0,5
60928,0.0,5
60936,0.0,5
60952,0.0,5
60952,0.0,5
60968,1.0,16
60976,0.0,5
60984,1.0,16
60992,0.0,5
60992,1.0,16
60992,0.0,5
61008,0.0,5
61016,0.0,5
61024,0.0,5
61032,0.0,5
61032,1.0,17
61032,0.0,5
61048,0.0,5
61056,0.0,5
61056,1.0,16
61064,0.0,5
61072,0.0,5
61072,0.0,5
61088,0.0,5
61104,0.0,5
61112,0.0,5
61112,0.0,5
61128,0.0,5
61144,0.0,5
61152,0.0,5
61168,0.0,5
61176,2.0,23
61184,0.0,5
61192,0.0,5
61192,1.0,17
61216,2.0,23
61232,0.0,5
61240,2.0,23
61256,0.0,5
61272,0.0,5
61280,0.0,5
61296,2.0,23
61312,1.0,17
61320,0.0,5
61328,1.0,17
61336,0.0,5
61352,2.0,23
61352,0.0,5
61360,0.0,5
61368,2.0,23
61368,0.0,5
61376,0.0,5
61392,1.0,17
61392,0.0,5
61392,0.0,5
61400,0.0,5
61408,0.0,5
61416,0.0,5
61432,0.0,5
61432,0.0,5
61440,0.0,5
61448,0.0,5
61456,2.0,23
61472,0.0,5
61488,0.0,5
61496,0.0,3
61496,0.0,5
61504,1.0,17
61512,1.0,15
61520,0.0,3
61544,0.0,3
61544,0.0,5
61552,1.0,15
61552,0.0,5
61568,0.0,3
61584,2.0,21
61592,0.0,5
61608,2.0,21
61608,0.0,3
61632,0.0,3
61656,2.0,21
61664,2.0,21
61672,0.0,5
61680,0.0,3
61688,0.0,3
61704,0.0,3
61712,0.0,3
61720,2.0,21
61744,0.0,3
61744,0.0,5
61752,0.0,5
61760,2.0,21
61768,0.0,3
61784,0.0,3
61792,0.0,5
61792,2.0,23
61800,1.0,16
61808,0.0,3
61808,0.0,5
61816,0.0,3
61840,0.0,3
61840,0.0,5
61848,0.0,5
61856,4.0,39
61872,1.0,16
61880,0.0,5
61880,4.0,39
61896,0.0,5
61904,1.0,14
61912,0.0,5
61920,0.0,5
61944,1.0,17
61944,0.0,5
61960,1.0,14
61960,1.0,15
61960,0.0,5
61984,0.0,5
62000,1.0,15
62000,0.0,5
62008,1.0,14
62032,1.0,15
62040,0.0,5
62064,1.0,15
62080,1.0,12
62088,1.0,16
62096,1.0,17
62096,1.0,12
62104,1.0,12
62112,0.0,3
62136,1.0,12
62136,0.0,5
62176,1.0,12
62176,0.0,5
62184,1.0,15
62192,1.0,12
62200,1.0,12
62200,0.0,3
62208,1.0,12
62224,0.0,3
62224,0.0,5
62224,2.0,24
62240,0.0,5
62280,0.0,5
62288,1.0,12
62304,1.0,12
62320,1.0,12
62320,1.0,12
62328,0.0,5
62328,2.0,24
62328,0.0,3
62360,0.0,5
62360,0.0,5
62368,0.0,5
62368,0.0,5
62400,0.0,5
62408,2.0,29
62408,0.0,5
62432,0.0,3
62440,0.0,5
62472,0.0,5
62480,0.0,5
62480,1.0,14
62520,0.0,5
62552,4.0,41
62576,0.0,3
62592,4.0,39
62616,0.0,3
62640,4.0,39
62640,1.0,15
62656,0.0,5
62664,0.0,3
62672,4.0,39
62680,3.0,34
62696,0.0,3
62704,0.0,5
62712,1.0,17
62720,0.0,5
62736,0.0,5
62744,0.0,3
62752,0.0,5
62776,1.0,15
62776,0.0,5
62776,1.0,17
62784,0.0,5
62784,4.0,39
62792,0.0,5
62792,4.0,39
62816,0.0,5
62816,0.0,5
62816,0.0,5
62824,0.0,5
62824,1.0,15
62824,0.0,5
62832,0.0,5
62856,0.0,5
62856,0.0,5
62856,0.0,5
62864,0.0,5
62864,0.0,5
62864,0.0,5
62872,0.0,5
62896,0.0,5
62896,0.0,5
62896,0.0,5
62904,0.0,5
62904,0.0,5
62904,0.0,5
62912,0.0,5
62936,0.0,5
62936,0.0,5
62936,0.0,5
62944,0.0,5
62944,0.0,5
62952,0.0,5
62976,0.0,5
62976,0.0,5
62976,0.0,5
62984,0.0,5
62992,0.0,5
63016,0.0,5
63016,0.0,5
63016,0.0,5
63024,0.0,5
63032,0.0,5
63032,1.0,16
63040,1.0,12
63056,0.0,5
63056,0.0,5
63056,0.0,5
63064,0.0,5
63072,0.0,5
63072,0.0,5
63120,4.0,41
63136,1.0,12
63152,1.0,12
63152,1.0,12
63152,1.0,12
63168,1.0,12
63176,0.0,5
63192,1.0,16
63216,0.0,5
63232,0.0,5
63240,0.0,3
63248,1.0,12
63248,1.0,12
63248,1.0,12
63264,1.0,12
63304,2.0,29
63312,2.0,24
63328,1.0,12
63336,1.0,12
63344,1.0,12
63344,0.0,5
63344,1.0,12
63344,1.0,12
63360,1.0,12
63376,0.0,5
63384,0.0,5
63384,0.0,5
63384,0.0,5
63400,0.0,5
63408,1.0,12
63408,0.0,3
63416,0.0,5
63424,1.0,12
63440,1.0,12
63448,0.0,3
63448,0.0,5
63464,0.0,3
63480,1.0,12
63480,1.0,12
63488,0.0,5
63496,1.0,12
63504,1.0,12
63504,0.0,3
63504,0.0,3
63512,1.0,12
63520,0.0,3
63528,0.0,3
63536,0.0,3
63544,0.0,5
63544,0.0,5
63544,1.0,12
63560,1.0,12
63560,0.0,5
63568,0.0,5
63568,0.0,3
63568,0.0,3
63568,0.0,3
63576,0.0,5
63584,0.0,3
63584,0.0,3
63600,0.0,3
63608,0.0,5
63608,0.0,5
63624,0.0,5
63624,0.0,5
63640,0.0,5
63720,3.0,29
63744,0.0,3
63768,0.0,3
63792,0.0,3
63832,0.0,5
63840,3.0,29
63864,0.0,3
63880,4.0,39
63888,0.0,3
63896,4.0,41
63904,0.0,3
63912,0.0,3
63920,4.0,39
63920,0.0,3
63928,0.0,3
63936,4.0,39
63936,4.0,39
63944,0.0,3
63944,0.0,3
63952,0.0,3
63952,0.0,5
63952,4.0,39
63960,0.0,3
63960,0.0,3
63968,0.0,3
63968,0.0,3
63976,0.0,3
63984,0.0,3
63984,0.0,3
63992,0.0,5
63992,0.0,3
63992,0.0,3
64000,0.0,3
64008,0.0,3
64008,0.0,3
64024,0.0,3
64032,0.0,5
64032,0.0,5
64048,0.0,5
64048,0.0,5
64064,0.0,5
64120,2.0,21
64144,0.0,3
64144,4.0,39
64160,2.0,21
64168,0.0,3
64168,0.0,3
64184,0.0,3
64200,2.0,21
64200,2.0,21
64208,0.0,3
64208,0.0,5
64216,2.0,21
64216,2.0,21
64224,0.0,3
64224,0.0,3
64232,2.0,21
64240,0.0,4
64240,0.0,3
64240,0.0,3
64248,0.0,3
64248,0.0,3
64256,1.0,11
64256,0.0,3
64264,0.0,3
64264,0.0,3
64280,0.0,5
64280,0.0,3
64288,0.0,5
64288,0.0,5
64304,0.0,3
64304,0.0,5
64304,0.0,5
64320,0.0,5
64328,0.0,3
64328,0.0,5
64344,0.0,5
64344,0.0,5
64360,0.0,5
64368,0.0,3
64376,1.0,15
64384,0.0,3
64392,2.0,23
64392,0.0,3
64416,0.0,3
64440,0.0,3
64440,1.0,14
64456,1.0,14
64464,1.0,10
64464,0.0,3
64472,1.0,10
64472,1.0,12
64480,0.0,3
64488,0.0,3
64504,0.0,3
64512,0.0,3
64528,0.0,3
64536,1.0,12
64552,1.0,10
64560,1.0,12
64592,1.0,15
64616,1.0,10
64616,4.0,41
64624,1.0,12
64640,4.0,39
64640,1.0,10
64640,0.0,3
64664,0.0,3
64672,1.0,15
64696,0.0,3
64704,0.0,5
64704,1.0,10
64728,0.0,3
64752,1.0,17
64760,1.0,15
64784,0.0,3
64792,1.0,12
64800,1.0,12
64824,1.0,12
64824,0.0,3
64832,1.0,10
64832,2.0,24
64840,4.0,41
64872,0.0,5
64880,1.0,12
64912,0.0,5
64920,1.0,12
64928,1.0,12
64928,1.0,17
64936,1.0,12
64944,1.0,15
64952,4.0,45
64976,1.0,12
64992,0.0,5
65008,1.0,12
65016,1.0,12
65024,1.0,12
65032,1.0,12
65048,1.0,15
65048,0.0,5
65064,1.0,15
65072,1.0,12
65088,1.0,12
65088,0.0,5
65112,1.0,12
65120,1.0,12
65128,1.0,12
65136,0.0,3
65144,1.0,12
65152,0.0,3
65168,1.0,10
65168,1.0,12
65184,1.0,12
65192,0.0,3
65216,1.0,12
65232,1.0,12
65240,0.0,3
65240,1.0,12
65256,0.0,3
65264,1.0,10
65288,1.0,12
65296,2.0,29
65296,1.0,16
65320,0.0,3
65320,1.0,10
65336,1.0,12
65360,0.0,3
65384,1.0,12
65416,1.0,12
65440,0.0,3
65448,1.0,16
65456,1.0,12
65464,1.0,10
65472,0.0,3
65512,4.0,45
65536,0.0,3
65536,1.0,12
65560,0.0,3
65560,0.0,3
65560,1.0,12
65568,1.0,12
65584,0.0,3
65600,0.0,5
65616,4.0,45
65624,4.0,45
65624,0.0,3
65640,0.0,3
65648,0.0,3
65648,0.0,3
65656,4.0,45
65656,1.0,12
65664,0.0,3
65672,0.0,3
65680,0.0,3
65680,1.0,12
65704,0.0,3
65760,1.0,12
65768,1.0,12
65776,1.0,15
65776,1.0,12
65784,4.0,41
65784,0.0,3
65792,0.0,3
65800,1.0,12
65800,0.0,3
65808,0.0,3
65816,0.0,5
65824,0.0,3
65832,0.0,5
65840,2.0,24
65848,0.0,5
65864,0.0,5
65872,0.0,3
65872,0.0,5
65896,4.0,41
65896,0.0,3
65896,0.0,3
65896,1.0,12
65912,1.0,12
65912,1.0,16
65920,0.0,3
65936,0.0,5
65936,0.0,5
65936,0.0,3
65936,0.0,3
65936,1.0,12
65960,0.0,3
65960,0.0,3
66000,0.0,5
66000,0.0,5
66024,0.0,3
66024,1.0,16
66032,1.0,12
66032,1.0,12
66048,0.0,3
66056,0.0,3
66096,0.0,5
66112,2.0,24
66128,1.0,12
66136,0.0,5
66152,1.0,16
66168,0.0,5
66176,1.0,16
66192,0.0,5
66224,4.0,45
66232,1.0,15
66232,1.0,12
66248,0.0,3
66256,0.0,3
66272,0.0,5
66288,1.0,12
66296,4.0,45
66312,0.0,5
66312,1.0,17
66320,0.0,3
66336,0.0,3
66344,1.0,12
66360,4.0,45
66368,0.0,3
66384,0.0,3
66408,1.0,12
66408,0.0,5
66424,1.0,17
66432,0.0,3
66432,1.0,12
66448,0.0,3
66456,0.0,3
66480,1.0,12
66504,1.0,12
66528,1.0,12
66528,4.0,45
66560,2.0,30
66584,0.0,3
66600,1.0,15
66616,4.0,45
66624,1.0,12
66624,1.0,12
66632,1.0,16
66648,0.0,3
66648,2.0,25
66696,1.0,12
66712,1.0,16
66712,1.0,12
66720,1.0,12
66720,0.0,3
66728,1.0,12
66744,0.0,3
66744,1.0,12
66752,0.0,3
66768,0.0,3
66784,0.0,5
66784,4.0,41
66808,1.0,12
66816,1.0,12
66824,0.0,5
66832,0.0,3
66840,0.0,3
66848,0.0,3
66864,1.0,12
66880,1.0,12
66888,0.0,3
66904,0.0,3
66928,1.0,12
66936,1.0,12
66936,3.0,36
66952,0.0,3
67000,1.0,12
67024,0.0,3
67032,1.0,12
67032,1.0,12
67040,3.0,41
67064,0.0,3
67112,4.0,45
67112,1.0,10
67128,1.0,12
67136,0.0,3
67136,2.0,23
67160,1.0,12
67160,0.0,3
67184,0.0,3
67208,4.0,45
67208,1.0,10
67232,1.0,15
67232,0.0,3
67240,1.0,10
67248,4.0,45
67256,0.0,3
67256,0.0,3
67312,1.0,16
67328,1.0,15
67336,0.0,3
67352,0.0,3
67352,1.0,12
67352,1.0,12
67368,1.0,15
67384,4.0,45
67432,1.0,10
67432,1.0,10
67432,1.0,12
67432,1.0,10
67456,0.0,3
67464,1.0,12
67472,0.0,5
67488,0.0,3
67496,0.0,5
67496,4.0,45
67504,1.0,15
67520,0.0,3
67528,1.0,12
67528,1.0,12
67536,0.0,5
67560,0.0,5
67568,0.0,5
67568,1.0,12
67584,0.0,3
67584,1.0,12
67592,0.0,3
67600,4.0,45
67600,1.0,12
67624,0.0,5
67680,1.0,10
67680,1.0,12
67680,1.0,10
67720,0.0,5
67720,1.0,12
67760,0.0,5
67760,0.0,5
67776,1.0,12
67848,4.0,39
67856,1.0,12
67856,1.0,12
67888,0.0,5
67888,4.0,45
67920,2.0,30
67928,4.0,45
67928,0.0,5
67952,4.0,45
67952,1.0,12
67952,1.0,12
68016,2.0,30
68016,1.0,12
68024,1.0,12
68024,1.0,12
68048,1.0,12
68064,0.0,5
68088,2.0,25
68112,1.0,12
68120,1.0,12
68144,1.0,12
68152,1.0,17
68152,0.0,5
68160,1.0,12
68184,0.0,5
68216,1.0,12
68216,1.0,16
68240,3.0,36
68248,1.0,12
68256,1.0,12
68312,1.0,12
68312,1.0,12
68312,4.0,45
68336,1.0,12
68352,1.0,12
68352,0.0,5
68352,1.0,13
68448,1.0,17
68448,1.0,12
68448,1.0,12
68488,0.0,5
68488,0.0,5
68512,4.0,45
68512,4.0,41
68528,0.0,5
68544,1.0,12
68584,1.0,12
68608,1.0,12
68608,1.0,12
68624,1.0,12
68640,1.0,12
68672,4.0,45
68696,4.0,45
68696,0.0,3
68704,1.0,12
68704,1.0,12
68712,4.0,45
68720,1.0,12
68736,0.0,3
68800,1.0,12
68800,1.0,12
68816,1.0,15
68824,0.0,3
68832,1.0,12
68840,0.0,5
68848,1.0,16
68872,0.0,5
68912,1.0,12
68912,0.0,5
68936,1.0,12
68944,4.0,45
68944,1.0,12
68984,0.0,5
69000,4.0,45
69008,1.0,12
69008,1.0,12
69032,1.0,12
69040,1.0,12
69056,4.0,45
69080,1.0,12
69096,1.0,12
69104,1.0,12
69104,1.0,12
69128,1.0,12
69136,1.0,12
69136,0.0,5
69152,1.0,12
69160,0.0,3
69176,1.0,12
69184,4.0,45
69200,0.0,5
69232,1.0,16
69232,1.0,12
69248,1.0,12
69256,0.0,3
69280,1.0,12
69328,1.0,12
69344,1.0,12
69352,1.0,12
69368,0.0,3
69376,1.0,12
69424,1.0,12
69448,1.0,12
69464,4.0,45
69472,1.0,12
69488,4.0,45
69520,1.0,12
69536,4.0,45
69544,1.0,12
69560,1.0,12
69560,4.0,45
69576,1.0,13
69584,1.0,12
69624,1.0,13
69632,1.0,12
69648,1.0,13
69656,1.0,12
69656,1.0,12
69680,1.0,12
69720,1.0,12
69728,4.0,45
69728,1.0,12
69752,1.0,12
69776,1.0,16
69776,1.0,12
69784,1.0,16
69816,1.0,12
69816,0.0,5
69824,1.0,12
69856,1.0,13
69912,1.0,12
69920,1.0,12
69936,4.0,45
69952,1.0,12
69960,0.0,5
69984,2.0,25
69992,0.0,5
70008,1.0,12
70016,3.0,36
70024,0.0,5
70032,0.0,5
70032,1.0,12
70048,0.0,5
70056,0.0,3
70056,1.0,12
70088,0.0,5
70096,0.0,5
70112,1.0,12
70136,0.0,5
70136,4.0,45
70152,1.0,16
70176,4.0,45
70184,1.0,12
70192,0.0,5
70232,1.0,12
70232,1.0,12
70240,1.0,16
70256,0.0,3
70264,1.0,10
70272,0.0,5
70272,1.0,12
70280,0.0,5
70288,1.0,12
70296,2.0,30
70304,0.0,5
70312,0.0,5
70312,0.0,5
70320,0.0,5
70328,0.0,5
70336,0.0,5
70344,0.0,5
70352,0.0,5
70352,0.0,5
70360,0.0,5
70384,0.0,5
70392,4.0,45
70392,0.0,5
70400,0.0,5
70416,0.0,3
70424,1.0,12
70432,0.0,5
70440,0.0,5
70456,0.0,5
70464,1.0,16
70464,0.0,5
70480,1.0,16
70480,0.0,5
70496,2.0,30
70504,0.0,5
70520,0.0,5
70520,0.0,5
70536,0.0,5
70544,0.0,5
70560,1.0,16
70560,0.0,5
70560,0.0,5
70576,0.0,5
70576,1.0,14
70584,0.0,5
70600,0.0,5
70600,0.0,5
70600,0.0,5
70616,0.0,5
70624,0.0,5
70640,0.0,5
70640,0.0,5
70664,0.0,5
70680,0.0,5
70720,0.0,5
70728,1.0,16
70744,4.0,45
70760,1.0,12
70768,4.0,39
70768,0.0,5
70784,0.0,3
70824,0.0,5
70840,1.0,12
70864,1.0,12
70904,0.0,5
70920,1.0,12
70936,1.0,12
70936,4.0,45
70944,3.0,41
70960,2.0,24
70960,0.0,5
70960,0.0,3
70960,0.0,3
70984,0.0,3
71000,0.0,5
71000,1.0,12
71000,4.0,45
71024,0.0,5
71024,0.0,3
71040,0.0,5
71040,1.0,12
71056,1.0,12
71064,0.0,5
71080,4.0,45
71080,0.0,5
71096,1.0,12
71120,1.0,12
71152,1.0,12
71152,1.0,14
71184,1.0,15
71192,0.0,5
71192,0.0,5
71200,2.0,30
71216,0.0,3
71216,1.0,12
71224,0.0,5
71256,0.0,5
71296,1.0,12
71320,2.0,30
71336,1.0,14
71344,1.0,16
71360,0.0,3
71368,1.0,14
71368,0.0,3
71392,0.0,3
71416,1.0,12
71424,1.0,16
71432,0.0,5
71440,0.0,3
71440,4.0,45
71448,0.0,3
71456,1.0,12
71456,4.0,45
71464,0.0,3
71464,1.0,12
71472,0.0,5
71480,0.0,3
71480,0.0,3
71480,0.0,5
71488,0.0,5
71488,0.0,3
71512,0.0,5
71520,0.0,5
71520,3.0,41
71544,0.0,3
71560,1.0,12
71584,0.0,5
71584,0.0,3
71592,1.0,13
71616,1.0,12
71624,0.0,5
71632,0.0,5
71640,0.0,3
71680,1.0,12
71704,0.0,3
71720,2.0,30
71720,1.0,12
71728,1.0,12
71736,1.0,12
71744,0.0,5
71744,0.0,3
71752,0.0,3
71760,0.0,5
71784,0.0,5
71792,0.0,5
71816,3.0,41
71832,1.0,12
71840,1.0,12
71840,4.0,45
71872,4.0,45
71872,0.0,5
71880,0.0,5
71880,0.0,5
71888,1.0,16
71888,1.0,12
71912,0.0,5
71912,0.0,5
71912,1.0,12
71928,0.0,5
71928,0.0,5
71952,0.0,5
71968,0.0,5
72008,1.0,12
72024,1.0,12
72040,1.0,16
72048,1.0,12
72064,0.0,5
72104,1.0,12
72104,0.0,5
72120,2.0,30
72136,1.0,12
72144,1.0,12
72144,4.0,45
72200,1.0,12
72208,1.0,13
72216,1.0,12
72232,1.0,12
72240,1.0,12
72240,0.0,5
72240,4.0,45
72280,0.0,5
72328,1.0,12
72328,4.0,45
72336,1.0,16
72336,1.0,12
72336,1.0,12
72376,1.0,12
72376,0.0,5
72424,1.0,12
72432,1.0,12
72432,1.0,12
72432,1.0,13
72472,1.0,12
72472,0.0,5
72472,1.0,12
72472,0.0,5
72504,4.0,45
72512,0.0,5
72512,0.0,5
72528,1.0,12
72552,0.0,5
72568,1.0,12
72568,1.0,12
72576,4.0,45
72592,0.0,5
72600,1.0,12
72624,1.0,12
72664,1.0,12
72664,1.0,12
72664,2.0,30
72688,1.0,12
72696,1.0,12
72704,2.0,24
72704,0.0,5
72728,1.0,13
72744,0.0,5
72768,1.0,13
72768,0.0,5
72800,1.0,12
72808,0.0,5
72808,0.0,5
72816,1.0,16
72816,2.0,30
72840,1.0,12
72840,0.0,5
72848,0.0,5
72856,2.0,24
72880,0.0,5
72888,0.0,5
72904,1.0,12
72920,0.0,5
72928,0.0,3
72936,2.0,30
72960,0.0,5
72960,1.0,18
72968,0.0,5
72976,0.0,5
72984,1.0,12
73000,0.0,5
73016,0.0,5
73024,0.0,5
73056,1.0,12
73056,0.0,5
73064,1.0,12
73080,0.0,3
73096,1.0,12
73096,0.0,5
73104,0.0,5
73136,0.0,5
73144,3.0,41
73176,1.0,12
73184,3.0,41
73200,4.0,45
73216,0.0,5
73224,0.0,5
73232,1.0,12
73240,1.0,12
73312,1.0,12
73320,1.0,12
73328,1.0,12
73336,1.0,12
73344,0.0,3
73368,0.0,5
73376,0.0,5
73384,4.0,45
73408,1.0,12
73440,2.0,30
73448,0.0,5
73456,4.0,45
73464,4.0,45
73480,1.0,12
73480,0.0,5
73504,0.0,3
73504,1.0,16
73544,1.0,12
73560,1.0,12
73576,1.0,12
73584,0.0,3
73584,0.0,5
73600,1.0,12
73600,0.0,3
73624,0.0,3
73624,0.0,5
73640,0.0,5
73696,2.0,30
73704,4.0,45
73720,1.0,12
73720,1.0,12
73728,4.0,45
73736,0.0,5
73736,1.0,12
73744,2.0,30
73744,0.0,3
73768,0.0,5
73776,0.0,5
73784,0.0,5
73800,1.0,12
73824,2.0,30
73824,0.0,5
73832,1.0,12
73840,1.0,12
73840,0.0,5
73864,0.0,5
73864,1.0,12
73880,0.0,5
73888,0.0,3
73928,0.0,5
73928,1.0,12
73936,1.0,12
73960,1.0,12
73976,1.0,12
74000,0.0,3
74016,3.0,37
74024,1.0,12
74024,1.0,12
74048,0.0,3
74056,1.0,12
74056,0.0,5
74056,1.0,15
74064,0.0,5
74080,0.0,3
74080,0.0,3
74088,0.0,5
74096,1.0,12
74104,0.0,5
74136,4.0,45
74152,1.0,12
74176,1.0,12
74176,0.0,3
74176,1.0,12
74184,4.0,45
74184,1.0,12
74192,1.0,12
74200,1.0,12
74224,0.0,3
74224,0.0,5
74232,0.0,5
74232,1.0,12
74256,0.0,3
74280,1.0,12
74296,0.0,5
74304,1.0,16
74304,1.0,16
74320,1.0,12
74320,1.0,12
74328,1.0,12
74336,0.0,5
74360,1.0,10
74360,0.0,5
74368,0.0,5
74400,1.0,12
74400,1.0,12
74416,1.0,12
74432,1.0,12
74456,1.0,12
74464,1.0,12
74488,1.0,16
74496,1.0,12
74496,1.0,12
74504,0.0,5
74512,1.0,12
74528,1.0,12
74536,4.0,45
74536,0.0,5
74552,1.0,12
74568,0.0,5
74576,0.0,5
74584,1.0,12
74592,1.0,12
74608,1.0,12
74632,1.0,12
74648,1.0,12
74664,1.0,12
74680,1.0,12
74696,1.0,13
74704,1.0,12
74736,0.0,5
74744,0.0,5
74752,1.0,13
74760,1.0,12
74776,0.0,5
74776,1.0,12
74784,0.0,5
74856,1.0,12
74864,4.0,45
74872,1.0,12
74880,1.0,13
74912,0.0,5
74920,0.0,5
74936,4.0,45
74952,0.0,5
74952,1.0,12
74960,1.0,12
74976,0.0,5
74992,0.0,5
74992,4.0,45
75016,1.0,12
75032,0.0,5
75056,0.0,5
75056,1.0,12
75056,1.0,13
75072,1.0,12
75088,1.0,12
75096,0.0,5
75112,4.0,45
75128,1.0,12
75128,0.0,5
75136,1.0,10
75144,4.0,45
75152,1.0,12
75152,0.0,5
75168,1.0,12
75176,0.0,5
75192,1.0,12
75208,0.0,5
75224,1.0,12
75224,1.0,12
75232,0.0,5
75240,1.0,12
75248,0.0,5
75248,1.0,12
75256,1.0,13
75288,0.0,5
75288,0.0,5
75320,1.0,12
75328,1.0,12
75360,0.0,5
75376,1.0,17
75384,1.0,12
75392,1.0,17
75424,1.0,12
75424,0.0,5
75456,1.0,12
75464,2.0,30
75472,1.0,12
75488,1.0,12
75504,0.0,5
75520,1.0,12
75520,1.0,12
75536,4.0,45
75552,1.0,12
75568,1.0,12
75576,3.0,36
75592,0.0,5
75600,1.0,12
75608,1.0,15
75608,0.0,5
75616,1.0,12
75632,0.0,3
75632,1.0,12
75672,0.0,5
75696,1.0,12
75712,1.0,12
75728,1.0,12
75768,2.0,24
75768,0.0,5
75768,1.0,12
75792,0.0,3
75792,1.0,12
75832,0.0,5
75832,0.0,5
75864,1.0,12
75872,0.0,5
75880,4.0,45
75904,0.0,5
75912,0.0,5
75920,0.0,5
75944,0.0,5
75952,4.0,45
75952,0.0,5
75960,0.0,5
75968,4.0,45
75984,0.0,5
75992,0.0,5
75992,0.0,5
76000,0.0,5
76000,3.0,36
76016,2.0,23
76024,0.0,5
76032,0.0,5
76032,0.0,5
76040,0.0,5
76040,0.0,5
76056,0.0,5
76064,0.0,5
76072,0.0,5
76072,0.0,5
76080,0.0,5
76096,0.0,5
76096,4.0,41
76104,0.0,5
76112,0.0,5
76120,0.0,5
76136,0.0,5
76136,0.0,5
76144,0.0,5
76152,2.0,23
76160,0.0,5
76176,0.0,5
76176,0.0,5
76184,0.0,5
76192,0.0,5
76200,0.0,5
76216,0.0,5
76224,2.0,23
76224,0.0,5
76232,0.0,5
76240,0.0,5
76256,0.0,5
76264,0.0,5
76272,0.0,5
76280,0.0,5
76296,2.0,23
76296,0.0,5
76304,0.0,5
76312,0.0,5
76336,0.0,5
76336,0.0,5
76352,0.0,5
76376,0.0,5
76376,0.0,5
76392,0.0,5
76400,4.0,41
76416,0.0,5
76432,0.0,5
76440,0.0,5
76456,0.0,5
76472,0.0,5
76480,0.0,5
76496,0.0,5
76504,4.0,41
76512,0.0,5
76520,0.0,5
76536,0.0,5
76544,0.0,5
76552,4.0,41
76552,0.0,5
76576,0.0,5
76584,0.0,5
76592,0.0,5
76592,0.0,5
76608,4.0,41
76616,0.0,5
76624,0.0,5
76632,4.0,41
76632,0.0,5
76648,0.0,5
76656,0.0,5
76664,0.0,5
76688,0.0,5
76696,0.0,5
76704,2.0,23
76704,0.0,5
76704,4.0,41
76728,1.0,17
76728,0.0,5
76744,0.0,5
76768,1.0,17
76768,0.0,5
76784,0.0,5
76816,2.0,23
76824,0.0,5
76840,1.0,17
76856,0.0,5
76864,1.0,17
76880,0.0,5
76880,2.0,23
76888,2.0,23
76896,0.0,5
76904,0.0,5
76920,0.0,5
76920,0.0,5
76936,0.0,5
76952,2.0,23
76952,2.0,23
76960,0.0,5
76960,0.0,5
76992,0.0,5
76992,0.0,5
77000,0.0,5
77008,2.0,23
77024,1.0,17
77032,0.0,5
77032,0.0,5
77048,0.0,5
77064,0.0,5
77072,0.0,5
77072,1.0,17
77088,2.0,23
77088,0.0,5
77104,0.0,5
77112,0.0,5
77128,0.0,5
77128,0.0,5
77144,2.0,23
77144,0.0,5
77152,0.0,5
77168,0.0,5
77168,1.0,17
77168,0.0,5
77184,2.0,23
77184,0.0,5
77184,0.0,5
77192,0.0,5
77208,0.0,5
77208,0.0,5
77208,0.0,5
77224,0.0,5
77224,0.0,5
77232,0.0,5
77248,0.0,5
77248,0.0,5
77248,0.0,5
77256,2.0,23
77264,0.0,5
77272,0.0,5
77304,0.0,5
77312,0.0,5
77344,0.0,5
77384,0.0,5
77392,1.0,17
77424,0.0,5
77432,0.0,5
77440,1.0,16
77464,0.0,5
77472,0.0,5
77480,0.0,5
77504,0.0,5
77512,4.0,41
77512,0.0,5
77520,0.0,5
77544,0.0,5
77552,4.0,41
77552,0.0,5
77552,0.0,5
77560,0.0,5
77576,4.0,41
77576,4.0,41
77576,4.0,41
77584,0.0,5
77592,0.0,5
77592,0.0,5
77592,0.0,5
77600,0.0,5
77616,0.0,5
77616,0.0,5
77616,0.0,5
77624,0.0,5
77632,0.0,5
77632,0.0,5
77632,0.0,5
77640,0.0,5
77656,0.0,5
77656,0.0,5
77656,0.0,5
77664,0.0,5
77672,0.0,5
77680,0.0,5
77696,0.0,5
77696,0.0,5
77696,0.0,5
77712,0.0,5
77720,0.0,5
77736,0.0,5
77736,0.0,5
77760,1.0,12
77760,0.0,5
77768,1.0,17
77776,0.0,5
77776,0.0,5
77784,0.0,3
77800,0.0,5
77816,0.0,5
77816,0.0,5
77824,0.0,5
77840,0.0,3
77864,1.0,12
77880,0.0,5
77888,2.0,24
77896,1.0,12
77904,0.0,5
77912,1.0,12
77920,1.0,12
77920,0.0,3
77928,0.0,5
77944,0.0,5
77944,0.0,3
77960,0.0,5
77960,4.0,41
77976,1.0,12
77984,0.0,5
77984,0.0,5
78000,0.0,5
78000,0.0,5
78000,0.0,3
78008,0.0,3
78008,1.0,12
78024,1.0,12
78040,0.0,5
78040,0.0,5
78048,0.0,5
78064,0.0,3
78072,4.0,45
78088,0.0,5
78096,1.0,12
78104,0.0,5
78112,1.0,16
78120,0.0,3
78120,1.0,12
78128,0.0,5
78136,1.0,16
78136,1.0,12
78144,0.0,5
78152,0.0,3
78160,0.0,3
78168,1.0,12
78184,0.0,5
78208,0.0,5
78216,1.0,12
78216,1.0,12
78224,0.0,5
78248,1.0,12
78272,0.0,3
78304,1.0,12
78320,1.0,12
78336,1.0,15
78344,1.0,16
78344,0.0,3
78376,0.0,5
78400,1.0,16
78440,3.0,41
78472,1.0,12
78488,3.0,41
78496,0.0,3
78496,1.0,12
78496,4.0,45
78528,0.0,5
78536,0.0,5
78536,1.0,12
78560,0.0,3
78568,0.0,5
78576,0.0,5
78592,1.0,12
78592,1.0,12
78616,0.0,3
78632,0.0,5
78656,1.0,12
78664,4.0,45
78672,3.0,41
78696,1.0,16
78704,1.0,16
78704,4.0,45
78712,1.0,12
78728,1.0,12
78752,0.0,5
78752,0.0,3
78768,1.0,12
78784,1.0,16
78792,0.0,3
78792,0.0,5
78800,1.0,12
78840,0.0,5
78880,1.0,12
78888,1.0,12
78888,1.0,12
78904,2.0,30
78904,0.0,3
78928,0.0,3
78936,1.0,12
78960,0.0,3
79000,1.0,14
79000,1.0,12
79024,3.0,41
79032,3.0,41
79040,0.0,5
79056,1.0,12
79072,0.0,5
79080,0.0,5
79096,1.0,12
79112,4.0,45
79120,0.0,5
79120,1.0,12
79136,0.0,5
79152,1.0,12
79160,0.0,5
79176,0.0,5
79200,0.0,5
79208,1.0,12
79216,4.0,41
79216,1.0,12
79256,0.0,5
79256,4.0,41
79272,1.0,12
79296,1.0,12
79296,0.0,5
79312,1.0,12
79312,0.0,5
79336,0.0,5
79352,1.0,12
79392,4.0,40
79392,0.0,5
79408,1.0,12
79408,1.0,12
79432,1.0,17
79472,0.0,5
79480,4.0,41
79488,1.0,12
79536,4.0,41
79544,1.0,17
79584,1.0,12
79632,2.0,30
79632,1.0,12
79640,1.0,12
79648,2.0,30
79672,0.0,5
79672,2.0,24
79680,0.0,5
79688,0.0,5
79696,4.0,45
79712,0.0,5
79720,0.0,5
79728,1.0,12
79768,1.0,12
79800,3.0,41
79808,1.0,12
79808,0.0,5
79824,1.0,12
79848,0.0,5
79888,0.0,5
79896,1.0,12
79904,1.0,12
79912,4.0,41
79936,2.0,30
79976,0.0,5
80000,1.0,12
80016,4.0,41
80016,0.0,5
80040,0.0,5
80056,0.0,5
80056,0.0,5
80080,4.0,45
80104,2.0,24
80120,3.0,37
80120,0.0,5
80136,1.0,12
80144,0.0,5
80152,1.0,12
80160,0.0,5
80160,0.0,5
80176,0.0,5
80192,0.0,5
80200,4.0,38
80200,0.0,5
80216,0.0,5
80232,0.0,5
80240,0.0,5
80240,0.0,5
80248,2.0,24
80248,1.0,13
80248,4.0,45
80256,0.0,5
80256,1.0,12
80272,0.0,5
80280,0.0,5
80280,0.0,5
80288,0.0,5
80288,0.0,5
80288,0.0,5
80296,0.0,5
80296,0.0,5
80312,0.0,5
80320,0.0,5
80320,0.0,5
80328,0.0,5
80328,0.0,5
80328,0.0,5
80336,0.0,5
80336,0.0,5
80352,0.0,5
80360,0.0,5
80360,0.0,5
80368,0.0,5
80368,0.0,5
80376,0.0,5
80376,0.0,5
80392,0.0,5
80400,0.0,5
80400,0.0,5
80408,0.0,5
80408,0.0,5
80416,0.0,5
80416,0.0,5
80440,0.0,5
80440,0.0,5
80448,0.0,5
80456,0.0,5
80456,0.0,5
80480,0.0,5
80480,0.0,5
80488,0.0,5
80488,1.0,12
80496,0.0,5
80520,0.0,5
80520,0.0,5
80528,0.0,5
80528,0.0,5
80536,0.0,5
80560,0.0,5
80568,0.0,5
80568,0.0,5
80568,2.0,30
80592,1.0,17
80600,0.0,5
80608,0.0,5
80608,0.0,5
80608,0.0,5
80632,0.0,5
80640,0.0,5
80648,2.0,30
80672,1.0,17
80672,0.0,5
80688,0.0,5
80704,1.0,12
80704,1.0,12
80704,1.0,12
80728,0.0,5
80736,1.0,12
80744,0.0,5
80760,2.0,30
80768,1.0,12
80768,1.0,12
80776,0.0,5
80792,0.0,3
80800,0.0,3
80800,1.0,12
80800,1.0,12
80824,1.0,12
80840,1.0,12
80840,0.0,5
80840,0.0,5
80856,1.0,12
80864,1.0,12
80880,0.0,3
80896,1.0,12
80904,0.0,5
80920,1.0,12
80936,1.0,12
80960,0.0,5
80968,1.0,16
80968,1.0,16
80976,0.0,5
80976,1.0,12
80992,1.0,12
81000,1.0,12
81000,0.0,3
81032,0.0,5
81056,1.0,12
81064,1.0,12
81064,1.0,12
81072,1.0,12
81096,1.0,12
81096,1.0,12
81104,0.0,5
81128,1.0,12
81152,4.0,45
81160,1.0,12
81168,0.0,5
81192,1.0,12
81192,0.0,5
81200,1.0,12
81208,1.0,17
81216,0.0,3
81248,1.0,10
81256,1.0,12
81280,0.0,3
81288,2.0,24
81288,1.0,10
81288,0.0,5
81296,1.0,12
81328,0.0,5
81384,1.0,12
81416,1.0,17
81416,4.0,45
81416,1.0,11
81416,1.0,16
81440,0.0,3
81456,0.0,5
81480,1.0,12
81480,0.0,3
81512,1.0,12
81512,1.0,12
81536,1.0,12
81552,0.0,5
81552,4.0,45
81552,0.0,5
81560,0.0,3
81576,4.0,45
81592,0.0,5
81632,0.0,5
81648,1.0,12
81648,1.0,12
81656,1.0,12
81656,4.0,45
81672,1.0,12
81672,0.0,3
81672,0.0,3
81696,0.0,5
81696,0.0,3
81712,0.0,5
81720,2.0,30
81752,1.0,12
81752,0.0,5
81760,1.0,16
81776,0.0,3
81792,1.0,12
81792,1.0,12
81792,0.0,5
81808,3.0,41
81832,0.0,5
81840,1.0,15
81856,1.0,12
81872,0.0,5
81872,1.0,12
81888,1.0,12
81888,1.0,12
81904,1.0,12
81912,0.0,5
81912,2.0,30
81952,0.0,5
81952,1.0,12
81968,1.0,12
81968,1.0,16
81984,1.0,12
81984,1.0,12
81992,0.0,5
82008,0.0,5
82024,0.0,5
82064,1.0,12
82080,1.0,12
82088,1.0,12
82104,1.0,12
82104,2.0,24
82120,1.0,12
82128,0.0,5
82160,0.0,5
82160,1.0,12
82184,1.0,13
82200,1.0,12
82200,1.0,12
82224,0.0,5
82224,1.0,12
82256,1.0,12
82256,1.0,12
82264,4.0,45
82264,0.0,5
82264,0.0,5
82296,1.0,12
82296,1.0,12
82304,0.0,5
82304,0.0,5
82312,4.0,45
82344,0.0,5
82360,1.0,12
82360,1.0,13
82392,1.0,12
82400,1.0,13
82400,1.0,12
82408,1.0,12
82416,0.0,3
82440,1.0,12
82456,0.0,5
82456,1.0,12
82480,0.0,5
82504,1.0,12
82536,1.0,10
82552,1.0,12
82560,0.0,3
82576,0.0,3
82600,1.0,15
82600,1.0,12
82616,4.0,45
82624,0.0,3
82656,1.0,12
82664,0.0,5
82712,1.0,12
82720,4.0,45
82720,1.0,15
82736,1.0,10
82744,0.0,3
82744,1.0,10
82760,4.0,45
82760,4.0,45
82784,0.0,5
82792,1.0,10
82816,1.0,12
82832,1.0,12
82856,1.0,12
82856,1.0,12
82864,1.0,15
82872,0.0,5
82888,1.0,12
82896,1.0,10
82904,0.0,5
82912,0.0,5
82936,4.0,45
82952,1.0,12
82952,1.0,12
82976,2.0,24
82984,1.0,12
82992,0.0,5
82992,1.0,12
83000,1.0,12
83008,1.0,12
83032,1.0,12
83048,1.0,12
83072,1.0,12
83088,1.0,12
83104,1.0,12
83112,1.0,15
83128,1.0,12
83128,1.0,16
83152,1.0,13
83168,1.0,12
83200,1.0,12
83224,1.0,12
83224,1.0,12
83240,0.0,5
83264,1.0,12
83264,0.0,5
83280,0.0,5
83280,1.0,16
83328,1.0,13
83344,4.0,45
83360,1.0,12
83368,1.0,13
83376,1.0,12
83376,1.0,12
83400,0.0,5
83440,1.0,12
83448,4.0,45
83472,4.0,45
83472,1.0,12
83472,1.0,12
83480,0.0,5
83544,1.0,12
83568,1.0,12
83568,1.0,12
83568,1.0,12
83576,1.0,12
83640,1.0,12
83664,1.0,12
83664,1.0,12
83672,1.0,12
83672,1.0,13
83688,4.0,45
83728,0.0,5
83728,4.0,45
83728,4.0,41
83736,1.0,12
83760,1.0,12
83760,1.0,12
83800,0.0,5
83824,1.0,12
83824,1.0,12
83824,1.0,12
83840,1.0,13
83856,1.0,12
83920,1.0,12
83920,1.0,12
83920,1.0,12
83936,1.0,12
83960,1.0,13
83960,0.0,5
83960,0.0,5
83992,3.0,40
84000,0.0,5
84016,1.0,12
84032,0.0,5
84032,1.0,12
84032,4.0,45
84056,1.0,12
84072,0.0,5
84096,1.0,12
84120,1.0,13
84128,1.0,12
84128,1.0,12
84152,1.0,12
84152,2.0,24
84160,4.0,45
84168,1.0,12
84192,1.0,12
84208,0.0,5
84216,1.0,12
84224,1.0,12
84232,0.0,5
84232,1.0,13
84248,1.0,12
84256,1.0,12
84296,0.0,5
84304,1.0,12
84312,1.0,10
84312,1.0,12
84320,1.0,12
84328,1.0,12
84344,0.0,5
84352,1.0,13
84352,0.0,5
84352,0.0,5
84392,1.0,12
84392,0.0,5
84424,1.0,12
84424,1.0,13
84448,1.0,12
84448,1.0,12
84488,1.0,12
84512,4.0,45
84520,1.0,12
84544,1.0,12
84544,1.0,12
84552,0.0,5
84584,1.0,12
84584,0.0,5
84616,1.0,12
84624,0.0,5
84640,0.0,3
84640,1.0,12
84648,1.0,12
84664,0.0,3
84680,1.0,12
84688,0.0,5
84704,1.0,10
84704,4.0,45
84728,0.0,5
84744,1.0,13
84752,4.0,45
84760,1.0,12
84776,1.0,12
84784,4.0,45
84800,1.0,12
84824,1.0,15
84824,1.0,12
84840,1.0,12
84848,1.0,12
84856,1.0,12
84872,1.0,12
84880,1.0,12
84896,1.0,12
84896,0.0,5
84896,0.0,3
84920,1.0,12
84920,1.0,12
84936,1.0,12
84936,0.0,5
84944,1.0,12
84976,1.0,10
84976,1.0,12
85016,0.0,5
85016,1.0,12
85032,1.0,12
85032,1.0,12
85040,1.0,12
85072,0.0,5
85072,1.0,12
85080,0.0,5
85112,1.0,12
85128,2.0,29
85128,1.0,12
85152,0.0,3
85152,1.0,10
85152,0.0,5
85176,1.0,13
85192,0.0,5
85208,2.0,24
85224,1.0,12
85248,1.0,12
85248,1.0,12
85272,2.0,24
85280,4.0,45
85288,0.0,5
85288,1.0,12
85304,1.0,12
85320,0.0,5
85328,1.0,13
85328,0.0,5
85344,1.0,12
85368,1.0,12
85368,2.0,24
85384,0.0,5
85384,1.0,12
85400,1.0,12
85408,0.0,5
85416,1.0,12
85424,1.0,12
85464,1.0,12
85480,1.0,12
85480,1.0,12
85496,1.0,12
85504,1.0,12
85504,0.0,5
85512,1.0,12
85520,1.0,12
85576,1.0,12
85576,1.0,12
85592,1.0,12
85600,1.0,12
85600,1.0,12
85608,1.0,12
85672,1.0,12
85672,1.0,12
85688,4.0,45
85696,1.0,12
85712,0.0,5
85776,1.0,13
85784,1.0,12
85792,1.0,12
85808,1.0,12
85824,0.0,5
85832,0.0,5
85856,1.0,10
85872,0.0,5
85880,4.0,45
85904,1.0,12
85920,4.0,41
85920,1.0,12
85920,0.0,5
85960,4.0,45
85960,0.0,5
85968,4.0,45
85968,1.0,12
86000,1.0,12
86000,0.0,5
86016,1.0,12
86016,1.0,12
86056,0.0,5
86064,1.0,12
86064,1.0,12
86096,1.0,12
86104,0.0,5
86112,1.0,12
86144,2.0,23
86152,1.0,12
86168,0.0,3
86192,1.0,12
86200,1.0,12
86208,1.0,12
86216,4.0,45
86288,1.0,12
86296,1.0,12
86304,1.0,12
86312,1.0,12
86328,4.0,41
86400,1.0,12
86408,1.0,12
86408,2.0,30
86424,1.0,12
86424,4.0,45
86448,0.0,5
86496,1.0,12
86504,1.0,12
86512,4.0,45
86520,1.0,12
86536,0.0,5
86544,1.0,12
86544,0.0,5
86608,1.0,12
86616,1.0,12
86632,1.0,12
86648,4.0,45
86656,4.0,45
86672,0.0,5
86680,3.0,32
86704,0.0,3
86704,1.0,12
86712,1.0,12
86728,0.0,3
86728,0.0,3
86736,0.0,3
86744,1.0,12
86752,1.0,12
86776,0.0,3
86824,1.0,12
86864,1.0,15
86864,2.0,24
86872,1.0,12
86896,0.0,3
86904,4.0,45
86904,4.0,45
86920,2.0,24
86920,1.0,12
86960,1.0,12
86984,0.0,3
87000,1.0,10
87024,1.0,15
87024,0.0,3
87024,1.0,15
87040,1.0,15
87048,0.0,3
87048,0.0,3
87048,0.0,3
87064,0.0,3
87072,0.0,3
87080,1.0,12
87096,2.0,29
87096,4.0,45
87104,0.0,3
87112,0.0,5
87120,0.0,3
87128,1.0,10
87136,0.0,3
87152,0.0,3
87160,1.0,12
87168,1.0,15
87176,1.0,10
87192,0.0,3
87200,1.0,12
87200,0.0,3
87216,1.0,10
87224,0.0,3
87224,0.0,3
87240,0.0,3
87248,0.0,3
87256,4.0,45
87256,1.0,12
87264,0.0,3
87288,1.0,12
87288,0.0,5
87304,0.0,5
87312,2.0,24
87312,0.0,3
87320,1.0,12
87344,0.0,3
87352,1.0,12
87368,1.0,10
87384,0.0,5
87392,0.0,5
87392,0.0,3
87400,1.0,12
87408,1.0,12
87408,1.0,12
87472,1.0,10
87480,1.0,12
87488,1.0,10
87488,1.0,12
87512,4.0,45
87512,0.0,3
87512,0.0,3
87568,1.0,12
87576,1.0,12
87584,4.0,41
87592,2.0,23
87608,1.0,12
87608,1.0,12
87664,1.0,12
87672,1.0,12
87680,1.0,12
87688,1.0,12
87704,1.0,12
87704,2.0,24
87720,0.0,5
87760,1.0,12
87760,4.0,45
87776,1.0,13
87792,2.0,23
87800,1.0,12
87800,1.0,12
87816,1.0,12
87840,0.0,5
87856,1.0,12
87856,1.0,12
87856,1.0,10
87872,2.0,23
87880,0.0,5
87888,1.0,12
87896,0.0,5
87896,1.0,12
87912,1.0,12
87912,0.0,5
87960,1.0,13
87976,1.0,12
87984,1.0,12
87992,1.0,17
87992,1.0,12
88008,1.0,12
88032,0.0,5
88040,1.0,10
88080,1.0,12
88096,2.0,23
88104,1.0,12
88128,1.0,12
88136,1.0,12
88168,0.0,5
88176,1.0,12
88192,1.0,12
88200,1.0,12
88232,1.0,12
88248,1.0,10
88256,4.0,45
88272,1.0,12
88288,1.0,12
88296,0.0,5
88312,0.0,5
88320,3.0,41
88328,1.0,12
88336,4.0,45
88344,1.0,12
88384,1.0,12
88392,1.0,10
88392,1.0,12
88416,1.0,12
88424,1.0,12
88432,0.0,5
88432,1.0,12
88480,1.0,12
88512,1.0,12
88528,1.0,13
88528,1.0,12
88528,1.0,12
88560,4.0,45
88584,2.0,24
88600,0.0,5
88608,1.0,12
88624,1.0,12
88624,1.0,12
88648,0.0,3
88680,1.0,12
88696,1.0,12
88704,4.0,45
88736,0.0,5
88744,1.0,12
88776,1.0,12
88816,1.0,10
88840,1.0,12
88840,4.0,45
88872,1.0,12
88880,0.0,5
88888,4.0,45
88904,0.0,3
88944,0.0,5
88952,4.0,41
88968,4.0,45
88984,1.0,12
89008,0.0,5
89024,0.0,5
89024,1.0,10
89048,1.0,12
89064,4.0,45
89088,1.0,10
89104,1.0,10
89120,1.0,12
89144,1.0,12
89160,1.0,12
89160,0.0,5
89176,4.0,45
89184,1.0,12
89200,3.0,41
89200,4.0,45
89224,0.0,5
89240,1.0,10
89248,1.0,13
89256,1.0,12
89296,0.0,5
89296,1.0,15
89320,1.0,15
89320,1.0,12
89336,1.0,12
89344,2.0,30
89360,0.0,5
89376,1.0,10
89392,1.0,12
89416,1.0,12
89416,1.0,10
89440,1.0,10
89464,0.0,3
89472,1.0,12
89472,1.0,10
89512,1.0,12
89536,2.0,24
89552,1.0,10
89552,0.0,5
89560,4.0,45
89560,1.0,12
89568,1.0,12
89576,0.0,5
89600,0.0,5
89608,4.0,45
89608,0.0,5
89632,0.0,3
89632,1.0,10
89640,0.0,5
89648,1.0,12
89656,0.0,3
89664,0.0,3
89672,0.0,3
89680,1.0,15
89680,0.0,3
89696,1.0,15
89704,0.0,3
89704,0.0,5
89712,0.0,5
89720,0.0,5
89728,1.0,12
89736,0.0,5
89752,0.0,5
89776,4.0,45
89776,0.0,3
89784,1.0,10
89800,1.0,12
89808,1.0,10
89816,0.0,5
89816,1.0,12
89832,0.0,3
89864,1.0,16
89880,1.0,10
89896,1.0,15
89896,1.0,10
89896,1.0,10
89904,0.0,5
89920,0.0,5
89928,1.0,12
89936,4.0,41
89952,0.0,3
89976,0.0,5
89992,0.0,5
89992,1.0,12
89992,1.0,12
90000,1.0,12
90016,0.0,3
90016,1.0,12
90016,0.0,3
90016,0.0,5
90024,1.0,16
90080,1.0,10
90096,1.0,10
90104,1.0,11
90112,1.0,12
90112,1.0,11
90112,4.0,41
90112,1.0,12
90120,1.0,16
90176,1.0,12
90192,1.0,12
90192,1.0,10
90200,1.0,12
90208,1.0,12
90208,1.0,12
90216,0.0,3
90216,0.0,5
90216,1.0,12
90280,1.0,10
90288,1.0,10
90296,1.0,10
90312,1.0,12
90312,1.0,15
90376,1.0,12
90384,1.0,12
90392,1.0,10
90392,1.0,12
90400,2.0,24
90400,0.0,3
90408,0.0,3
90408,1.0,12
90416,0.0,3
90432,0.0,5
90440,0.0,5
90472,4.0,45
90488,1.0,10
90496,0.0,3
90496,1.0,12
90512,1.0,10
90536,0.0,5
90576,4.0,45
90592,1.0,12
90608,1.0,12
90616,1.0,10
90672,1.0,10
90672,1.0,12
90712,1.0,12
90752,1.0,10
90768,1.0,12
90768,4.0,45
90776,4.0,45
90792,0.0,5
90800,4.0,45
90808,0.0,5
90808,1.0,12
90848,0.0,5
90848,0.0,5
90848,4.0,45
90864,1.0,12
90872,1.0,10
90872,1.0,12
90896,1.0,12
90944,1.0,12
90944,1.0,12
90944,1.0,12
90960,1.0,12
90968,1.0,12
90968,4.0,45
90968,1.0,12
90992,1.0,12
91008,0.0,5
91040,1.0,12
91040,1.0,12
91056,1.0,12
91064,1.0,12
91064,1.0,12
91080,0.0,5
91088,1.0,12
91096,0.0,5
91104,1.0,12
91136,1.0,12
91160,1.0,12
91168,1.0,13
91176,0.0,5
91192,1.0,13
91200,0.0,5
91200,1.0,12
91240,0.0,5
91264,1.0,12
91304,4.0,45
91304,1.0,13
91336,1.0,12
91344,0.0,5
91360,1.0,12
91400,1.0,12
91432,1.0,12
91440,4.0,45
91456,4.0,45
91456,1.0,12
91496,1.0,12
91536,1.0,12
91536,4.0,45
91552,1.0,12
91552,4.0,45
91576,0.0,5
91592,1.0,12
91592,0.0,5
91632,1.0,12
91632,0.0,5
91648,1.0,12
91688,1.0,12
91688,0.0,5
91704,4.0,45
91728,0.0,5
91728,1.0,12
91728,1.0,12
91744,0.0,5
91768,0.0,5
91784,1.0,12
91784,4.0,41
91792,4.0,45
91824,1.0,12
91840,1.0,12
91864,3.0,36
91864,1.0,12
91872,1.0,10
91880,1.0,12
91880,1.0,12
91888,0.0,3
91912,0.0,5
91920,2.0,24
91936,1.0,12
91960,0.0,3
91976,1.0,12
91984,1.0,12
92000,1.0,10
92000,1.0,15
92016,0.0,5
92024,0.0,3
92024,0.0,5
92096,1.0,12
92096,1.0,10
92104,2.0,24
92120,1.0,12
92136,1.0,14
92152,2.0,24
92160,0.0,5
92184,4.0,45
92192,1.0,12
92192,1.0,12
92192,4.0,41
92200,1.0,12
92232,1.0,12
92248,1.0,12
92280,1.0,12
92288,1.0,12
92288,1.0,12
92288,1.0,12
92296,1.0,12
92320,0.0,3
92328,1.0,12
92344,1.0,12
92360,1.0,10
92368,0.0,3
92384,1.0,12
92384,1.0,12
92400,0.0,5
92408,1.0,15
92416,1.0,12
92432,0.0,3
92456,0.0,3
92464,1.0,12
92464,1.0,10
92464,1.0,10
92480,1.0,10
92504,0.0,5
92504,0.0,5
92520,4.0,45
92544,0.0,3
92584,1.0,10
92584,1.0,10
92608,1.0,16
92640,1.0,12
92648,0.0,5
92664,0.0,3
92680,1.0,12
92680,1.0,12
92688,4.0,45
92688,0.0,5
92760,1.0,12
92776,4.0,45
92800,1.0,14
92808,1.0,15
92808,1.0,16
92816,4.0,45
92824,4.0,45
92824,0.0,3
92840,0.0,3
92848,0.0,3
92904,1.0,12
92904,1.0,12
92920,1.0,12
92936,1.0,12
92944,1.0,12
92952,2.0,24
92984,1.0,10
92984,1.0,10
92992,2.0,27
93000,1.0,10
93008,0.0,3
93016,1.0,10
93024,1.0,10
93024,0.0,3
93040,4.0,45
93048,1.0,12
93064,0.0,5
93064,0.0,3
93080,1.0,12
93088,1.0,12
93104,0.0,3
93112,1.0,12
93120,1.0,12
93128,1.0,10
93144,0.0,5
93144,0.0,3
93152,0.0,3
93152,1.0,11
93160,1.0,12
93168,1.0,10
93192,0.0,3
93208,1.0,12
93232,1.0,10
93232,0.0,3
93256,1.0,14
93256,0.0,3
93256,0.0,3
93280,1.0,15
93280,0.0,3
93304,0.0,3
93328,2.0,22
93352,1.0,12
93368,4.0,45
93376,1.0,12
93384,1.0,10
93408,0.0,3
93432,1.0,10
93440,3.0,31
93448,2.0,24
93456,0.0,3
93488,1.0,15
93504,4.0,45
93512,0.0,3
93528,1.0,10
93536,1.0,12
93552,1.0,12
93592,1.0,10
93616,1.0,10
93616,0.0,3
93672,1.0,15
93688,4.0,45
93696,0.0,3
93712,1.0,12
93720,2.0,27
93736,1.0,15
93736,4.0,45
93744,0.0,3
93760,0.0,3
93768,4.0,45
93768,0.0,3
93792,0.0,3
93792,0.0,3
93808,1.0,15
93808,1.0,12
93808,3.0,35
93816,0.0,3
93816,1.0,15
93832,0.0,3
93840,0.0,3
93840,0.0,3
93848,0.0,5
93856,1.0,12
93856,1.0,15
93864,0.0,3
93872,0.0,3
93880,0.0,3
93888,1.0,10
93888,1.0,12
93896,0.0,5
93904,0.0,3
93912,1.0,10
93912,0.0,3
93912,0.0,5
93936,0.0,3
93936,0.0,3
93936,1.0,12
93976,1.0,10
93984,1.0,12
93992,1.0,10
94000,0.0,3
94016,1.0,10
94016,0.0,3
94024,0.0,3
94024,1.0,15
94040,0.0,3
94040,0.0,3
94064,0.0,5
94064,0.0,3
94064,1.0,10
94088,0.0,3
94088,0.0,3
94112,0.0,3
94120,1.0,12
94184,1.0,12
94192,4.0,41
94200,1.0,10
94216,0.0,3
94224,2.0,23
94224,0.0,3
94240,0.0,3
94248,0.0,3
94264,1.0,10
94272,0.0,3
94288,0.0,3
94296,4.0,45
94296,4.0,45
94312,1.0,11
94336,1.0,12
94384,1.0,12
94408,1.0,12
94416,1.0,10
94416,1.0,15
94416,1.0,15
94424,4.0,45
94440,0.0,3
94440,0.0,3
94464,1.0,10
94472,4.0,45
94488,0.0,3
94488,1.0,10
94512,0.0,3
94512,0.0,3
94520,1.0,10
94536,0.0,3
94536,0.0,3
94544,0.0,3
94544,1.0,15
94560,1.0,15
94560,0.0,3
94568,0.0,3
94592,1.0,15
94600,4.0,41
94616,0.0,3
94624,0.0,3
94632,1.0,12
94648,1.0,11
94648,1.0,10
94672,1.0,16
94672,0.0,3
94696,1.0,10
94712,1.0,10
94720,0.0,3
94736,0.0,3
94744,1.0,12
94744,1.0,15
94760,0.0,3
94768,1.0,12
94768,0.0,3
94776,4.0,45
94784,0.0,3
94792,0.0,3
94792,0.0,3
94824,1.0,10
94824,0.0,5
94848,0.0,3
94856,2.0,23
94888,1.0,12
94896,1.0,15
94912,0.0,3
94920,0.0,3
94920,4.0,45
94928,1.0,10
94936,1.0,10
94936,0.0,3
94944,1.0,15
94944,0.0,3
94952,0.0,3
94968,0.0,3
94968,0.0,3
94976,0.0,3
94992,0.0,3
95000,1.0,10
95016,0.0,3
95024,0.0,3
95024,1.0,11
95048,1.0,10
95080,4.0,45
95112,1.0,12
95120,4.0,41
95144,1.0,15
95144,0.0,3
95192,1.0,10
95200,1.0,15
95216,0.0,3
95224,0.0,3
95232,1.0,11
95296,4.0,45
95304,1.0,11
95304,1.0,10
95328,0.0,3
95328,0.0,3
95336,4.0,45
95368,0.0,5
95384,4.0,45
95392,0.0,3
95408,0.0,3
95408,4.0,45
95416,1.0,15
95416,2.0,23
95416,0.0,3
95432,0.0,3
95440,0.0,3
95440,0.0,3
95456,0.0,3
95456,1.0,15
95480,0.0,3
95480,0.0,3
95496,1.0,10
95504,4.0,45
95520,0.0,3
95528,1.0,15
95552,0.0,3
95560,1.0,15
95568,1.0,16
95576,1.0,12
95584,0.0,3
95592,0.0,3
95600,1.0,15
95616,0.0,3
95624,0.0,3
95624,1.0,15
95632,1.0,10
95640,0.0,3
95648,0.0,3
95648,1.0,16
95656,1.0,10
95664,0.0,3
95680,0.0,3
95688,4.0,45
95704,0.0,3
95712,1.0,16
95728,0.0,3
95728,1.0,10
95736,0.0,3
95752,0.0,3
95760,1.0,16
95760,0.0,3
95784,0.0,3
95808,1.0,15
95808,0.0,3
95816,2.0,24
95824,1.0,12
95824,2.0,22
95832,0.0,3
95840,0.0,3
95848,0.0,3
95856,0.0,3
95880,1.0,16
95880,0.0,3
95904,1.0,10
95904,0.0,3
95904,1.0,12
95928,0.0,3
95928,0.0,3
95944,0.0,5
95944,1.0,12
95952,0.0,3
95952,0.0,3
95960,1.0,15
95976,0.0,3
95984,0.0,3
96024,4.0,45
96024,1.0,10
96064,1.0,10
96064,1.0,15
96072,1.0,12
96088,0.0,3
96112,0.0,3
96120,4.0,45
96128,2.0,22
96144,1.0,15
96152,1.0,10
96160,0.0,5
96168,0.0,3
96192,0.0,3
96216,0.0,3
96224,1.0,12
96240,1.0,10
96240,4.0,45
96264,0.0,5
96280,1.0,16
96312,1.0,12
96336,1.0,12
96392,1.0,16
96392,1.0,10
96416,0.0,3
96424,4.0,45
96432,5.0,51
96440,0.0,3
96464,2.0,23
96480,2.0,30
96488,1.0,12
96504,0.0,3
96520,1.0,12
96520,5.0,51
96560,1.0,12
96576,2.0,30
96584,1.0,12
96624,2.0,23
96672,1.0,12
96672,2.0,30
96720,1.0,12
96760,2.0,30
96760,2.0,30
96768,1.0,12
96816,1.0,12
96848,1.0,11
96856,0.0,5
96856,1.0,12
96864,4.0,45
96880,3.0,37
96888,2.0,27
96896,1.0,16
96920,4.0,45
96928,0.0,5
96936,0.0,5
96944,1.0,11
96944,1.0,12
96952,1.0,12
96960,1.0,12
96960,0.0,5
96976,1.0,12
97000,0.0,5
97024,0.0,3
97024,1.0,12
97032,1.0,12
97040,1.0,12
97048,1.0,12
97072,1.0,12
97096,0.0,3
97104,1.0,10
97112,1.0,10
97144,1.0,12
97144,0.0,5
97168,1.0,16
97200,2.0,30
97208,1.0,12
97224,0.0,3
97224,1.0,10
97248,0.0,3
97264,1.0,12
97280,2.0,23
97304,4.0,45
97320,1.0,12
97320,2.0,22
97344,1.0,12
97344,0.0,3
97360,1.0,12
97376,1.0,12
97384,0.0,5
97384,0.0,3
97384,4.0,45
97416,1.0,12
97456,0.0,5
97496,0.0,5
97504,1.0,15
97520,2.0,27
97528,0.0,3
97536,0.0,5
97544,0.0,3
97560,2.0,22
97560,0.0,3
97568,0.0,3
97568,4.0,45
97568,2.0,23
97584,0.0,3
97592,0.0,3
97600,0.0,5
97608,1.0,10
97624,0.0,3
97632,0.0,3
97688,1.0,15
97704,4.0,45
97704,1.0,15
97712,0.0,3
97728,1.0,12
97736,4.0,45
97792,1.0,10
97800,1.0,12
97816,0.0,3
97816,1.0,10
97824,1.0,15
97824,1.0,12
97840,0.0,5
97840,0.0,3
97848,0.0,3
97864,0.0,3
97888,0.0,3
97912,1.0,12
97928,4.0,45
97944,1.0,15
97952,4.0,45
97968,1.0,15
97984,4.0,45
97984,1.0,12
97992,0.0,3
98008,1.0,12
98024,0.0,5
98032,2.0,24
98032,0.0,3
98040,1.0,12
98048,1.0,15
98064,0.0,3
98072,1.0,15
98072,0.0,5
98080,1.0,12
98096,0.0,3
98104,1.0,10
98120,1.0,16
98128,0.0,3
98128,1.0,12
98144,0.0,3
98144,1.0,12
98152,0.0,3
98152,1.0,10
98152,0.0,3
98160,1.0,10
98168,0.0,3
98192,0.0,3
98216,1.0,15
98216,0.0,3
98248,1.0,12
98256,1.0,12
98256,2.0,24
98272,1.0,16
98344,2.0,24
98352,1.0,12
98440,1.0,12
98448,2.0,24
98448,1.0,12
98456,3.0,30
98512,4.0,45
98552,1.0,13
98576,1.0,17
98608,1.0,12
98624,5.0,51
98648,4.0,47
98648,1.0,12
98656,5.0,51
98664,0.0,5
98672,1.0,12
98696,0.0,5
98760,1.0,12
98768,1.0,12
98784,4.0,41
98792,1.0,12
98800,0.0,5
98808,0.0,5
98808,4.0,45
98824,0.0,5
98832,2.0,23
98832,2.0,23
98864,3.0,32
98872,0.0,5
98872,0.0,5
98896,1.0,12
98904,1.0,12
98912,0.0,5
98912,0.0,5
98920,1.0,12
98944,0.0,5
98944,1.0,17
98952,0.0,5
98960,0.0,5
98976,2.0,23
98984,0.0,5
98992,0.0,5
99008,1.0,12
99024,0.0,5
99032,0.0,5
99048,0.0,5
99056,1.0,12
99064,0.0,5
99080,2.0,23
99120,0.0,5
99128,1.0,12
99136,2.0,24
99144,1.0,12
99152,3.0,36
99160,1.0,12
99168,2.0,24
99216,1.0,12
99224,1.0,12
99248,1.0,12
99256,1.0,12
99296,0.0,5
99312,1.0,12
99320,1.0,12
99392,1.0,12
99416,4.0,45
99416,1.0,12
99488,1.0,12
99504,4.0,45
99512,1.0,12
99512,1.0,12
99528,4.0,45
99552,5.0,52
99584,1.0,12
99592,1.0,10
99600,1.0,12
99608,4.0,45
99624,1.0,12
99648,0.0,5
99672,4.0,45
99680,1.0,12
99696,1.0,12
99720,1.0,12
99736,0.0,5
99744,2.0,24
99744,0.0,3
99744,1.0,12
99776,1.0,12
99800,1.0,16
99824,1.0,10
99832,2.0,30
99832,1.0,11
99840,1.0,12
99840,0.0,5
99848,0.0,3
99872,4.0,45
99880,0.0,5
99880,1.0,13
99928,1.0,12
99928,1.0,11
99960,1.0,10
99960,1.0,10
99984,0.0,3
99992,1.0,15
