timesteps,reward,episode_length
40,0.0,5
40,0.0,5
40,0.0,5
40,0.0,5
40,0.0,5
40,0.0,5
40,0.0,5
80,0.0,5
80,0.0,5
80,0.0,5
80,0.0,5
80,0.0,5
120,0.0,5
128,1.0,16
136,1.0,12
168,0.0,5
176,1.0,12
208,1.0,16
232,1.0,14
248,2.0,21
248,0.0,5
264,2.0,23
272,0.0,5
272,1.0,12
280,1.0,14
288,0.0,5
288,0.0,5
288,0.0,3
312,0.0,5
312,0.0,5
320,2.0,23
320,0.0,5
328,0.0,5
328,0.0,5
328,3.0,36
352,0.0,5
352,0.0,5
360,0.0,5
360,0.0,5
368,0.0,5
368,0.0,5
368,0.0,5
376,0.0,3
384,1.0,12
392,0.0,5
392,0.0,3
400,0.0,5
400,0.0,5
408,0.0,5
416,0.0,5
424,0.0,5
432,0.0,5
432,0.0,5
440,0.0,5
448,0.0,5
456,0.0,5
456,0.0,3
472,0.0,5
480,1.0,14
480,0.0,5
480,0.0,3
488,0.0,5
496,0.0,5
496,0.0,3
520,0.0,5
520,0.0,5
528,0.0,5
560,0.0,5
568,2.0,21
568,0.0,5
576,1.0,12
592,2.0,21
600,0.0,5
608,0.0,5
616,0.0,5
624,1.0,16
632,0.0,5
648,1.0,16
648,0.0,5
656,0.0,5
664,2.0,21
664,0.0,5
664,1.0,12
688,0.0,3
688,0.0,5
704,0.0,5
704,0.0,5
712,1.0,14
728,0.0,5
744,0.0,5
744,1.0,12
752,0.0,5
768,0.0,5
784,0.0,5
784,0.0,5
792,0.0,5
824,1.0,17
824,2.0,21
824,0.0,5
832,0.0,5
832,1.0,16
848,0.0,3
856,0.0,3
864,0.0,5
864,2.0,29
872,0.0,5
880,1.0,14
888,0.0,5
896,0.0,5
904,0.0,5
904,0.0,3
912,0.0,5
920,0.0,3
928,0.0,5
944,0.0,5
944,0.0,5
960,1.0,12
968,0.0,5
984,0.0,5
984,0.0,5
1000,0.0,5
1008,0.0,5
1008,2.0,23
1016,2.0,29
1024,0.0,5
1024,0.0,5
1048,0.0,5
1048,1.0,16
1048,1.0,17
1064,0.0,5
1088,0.0,5
1088,0.0,5
1088,0.0,5
1112,1.0,14
1120,1.0,14
1128,0.0,5
1128,0.0,5
1152,1.0,17
1160,0.0,5
1168,0.0,5
1192,2.0,21
1192,0.0,5
1200,0.0,5
1216,1.0,16
1232,0.0,5
1240,0.0,5
1248,1.0,15
1248,2.0,23
1256,0.0,5
1272,0.0,5
1280,0.0,5
1280,0.0,3
1288,0.0,5
1296,2.0,23
1304,0.0,3
1312,1.0,15
1320,0.0,3
1320,0.0,5
1328,0.0,5
1336,0.0,3
1336,2.0,21
1344,0.0,5
1352,0.0,3
1360,0.0,5
1360,0.0,5
1376,0.0,5
1376,0.0,5
1384,0.0,5
1384,1.0,17
1392,0.0,5
1400,0.0,5
1400,1.0,16
1400,0.0,5
1416,0.0,5
1416,0.0,5
1424,0.0,5
1424,0.0,5
1432,0.0,5
1440,0.0,5
1440,0.0,5
1456,0.0,5
1456,0.0,5
1464,0.0,5
1464,0.0,5
1472,0.0,5
1480,0.0,5
1496,0.0,5
1504,0.0,5
1512,0.0,5
1520,0.0,5
1536,0.0,5
1544,0.0,5
1552,1.0,12
1552,1.0,14
1560,0.0,5
1576,0.0,3
1576,0.0,5
1576,1.0,14
1584,2.0,23
1584,0.0,5
1592,0.0,5
1616,0.0,5
1616,0.0,5
1616,0.0,5
1624,0.0,5
1656,0.0,5
1656,0.0,5
1656,0.0,5
1664,0.0,5
1672,1.0,14
1680,2.0,21
1696,0.0,5
1696,0.0,5
1704,0.0,5
1704,0.0,3
1712,0.0,5
1712,1.0,16
1712,1.0,15
1720,0.0,3
1736,0.0,5
1744,0.0,5
1744,0.0,3
1752,0.0,5
1752,0.0,5
1752,0.0,5
1776,0.0,5
1784,0.0,5
1784,0.0,5
1792,0.0,5
1816,0.0,5
1824,0.0,5
1832,0.0,5
1840,0.0,3
1840,1.0,17
1848,1.0,12
1872,0.0,5
1880,1.0,12
1912,0.0,5
1920,0.0,5
1936,2.0,23
1936,1.0,12
1936,1.0,12
1944,3.0,36
1952,1.0,16
1952,0.0,5
1960,0.0,3
1976,1.0,16
1976,0.0,5
1976,0.0,5
1984,0.0,5
1992,0.0,5
1992,0.0,5
2000,0.0,5
2016,0.0,5
2016,0.0,5
2016,0.0,5
2032,0.0,5
2040,0.0,5
2040,0.0,3
2056,0.0,5
2056,0.0,5
2080,0.0,5
2080,0.0,5
2096,0.0,5
2104,2.0,23
2112,1.0,15
2120,0.0,5
2120,1.0,17
2160,0.0,5
2176,1.0,15
2192,1.0,14
2200,0.0,5
2208,1.0,14
2216,0.0,5
2216,2.0,23
2232,0.0,3
2240,1.0,17
2248,1.0,17
2256,0.0,5
2272,0.0,5
2288,2.0,21
2288,0.0,5
2296,0.0,5
2312,0.0,5
2328,0.0,5
2328,1.0,16
2328,0.0,5
2336,0.0,3
2352,0.0,3
2368,0.0,5
2368,0.0,5
2376,0.0,5
2392,0.0,5
2400,2.0,23
2408,0.0,5
2408,0.0,5
2416,0.0,5
2416,0.0,3
2440,0.0,5
2448,0.0,5
2456,0.0,5
2456,0.0,5
2472,2.0,29
2480,2.0,23
2496,0.0,5
2504,1.0,12
2520,0.0,5
2544,0.0,5
2560,0.0,5
2568,5.0,47
2576,1.0,17
2600,0.0,5
2608,1.0,17
2608,0.0,5
2616,0.0,5
2632,2.0,23
2640,0.0,3
2640,0.0,5
2648,0.0,5
2672,0.0,5
2672,1.0,16
2680,0.0,5
2680,2.0,23
2688,0.0,5
2688,2.0,29
2696,0.0,3
2704,1.0,12
2712,0.0,5
2720,0.0,5
2720,0.0,5
2744,0.0,5
2752,0.0,5
2760,0.0,5
2760,0.0,5
2776,0.0,3
2784,0.0,5
2784,1.0,12
2792,1.0,12
2800,0.0,5
2800,0.0,5
2816,0.0,5
2824,0.0,5
2824,1.0,17
2832,0.0,5
2840,0.0,5
2840,0.0,5
2856,0.0,5
2864,0.0,5
2864,0.0,5
2872,0.0,5
2880,0.0,5
2880,0.0,5
2896,1.0,14
2896,0.0,5
2904,0.0,5
2904,0.0,5
2912,0.0,5
2920,0.0,5
2920,0.0,3
2920,0.0,5
2936,0.0,5
2944,0.0,5
2960,0.0,3
2960,0.0,5
2960,0.0,5
2968,3.0,41
2984,0.0,3
3000,0.0,5
3000,0.0,5
3008,0.0,5
3024,1.0,14
3024,1.0,15
3032,1.0,14
3040,0.0,5
3040,1.0,12
3048,0.0,5
3064,0.0,5
3064,0.0,5
3072,0.0,5
3080,0.0,5
3080,0.0,5
3088,0.0,5
3104,0.0,5
3112,0.0,5
3112,1.0,16
3120,0.0,5
3128,0.0,5
3144,0.0,5
3152,0.0,5
3152,0.0,5
3160,0.0,5
3168,2.0,21
3168,0.0,5
3176,0.0,3
3176,0.0,3
3192,1.0,16
3200,0.0,5
3200,0.0,3
3200,0.0,3
3208,0.0,5
3208,1.0,16
3232,0.0,5
3240,0.0,5
3240,0.0,5
3248,0.0,5
3272,0.0,5
3280,0.0,5
3280,1.0,17
3296,1.0,16
3312,0.0,5
3320,1.0,14
3320,0.0,5
3336,0.0,5
3344,0.0,3
3352,0.0,5
3360,0.0,5
3368,1.0,16
3384,2.0,23
3384,0.0,3
3384,1.0,17
3392,0.0,5
3408,0.0,5
3408,0.0,3
3408,0.0,3
3416,1.0,17
3424,0.0,5
3432,0.0,5
3448,0.0,5
3472,0.0,5
3472,1.0,17
3480,1.0,17
3488,0.0,5
3504,1.0,12
3512,0.0,5
3512,0.0,5
3520,0.0,5
3536,1.0,16
3544,0.0,5
3552,1.0,16
3552,0.0,5
3560,0.0,5
3576,0.0,5
3584,0.0,5
3592,0.0,5
3616,0.0,5
3624,0.0,5
3632,0.0,5
3656,0.0,5
3656,3.0,30
3664,0.0,5
3672,1.0,14
3688,1.0,17
3696,0.0,5
3696,0.0,5
3704,0.0,5
3712,0.0,5
3728,0.0,5
3736,0.0,5
3752,0.0,5
3760,0.0,3
3768,0.0,5
3784,3.0,34
3792,0.0,5
3800,4.0,39
3800,0.0,5
3800,1.0,12
3808,0.0,3
3832,1.0,17
3832,0.0,5
3840,0.0,5
3840,0.0,5
3840,0.0,5
3864,0.0,3
3864,2.0,29
3872,0.0,5
3880,0.0,5
3880,0.0,5
3888,1.0,15
3888,0.0,3
3904,0.0,5
3920,0.0,5
3920,0.0,5
3928,0.0,5
3944,1.0,17
3960,0.0,5
3960,0.0,5
3960,1.0,16
3968,0.0,5
3968,0.0,3
3984,0.0,3
4000,1.0,16
4008,0.0,5
4016,1.0,16
4048,0.0,5
4056,1.0,12
4096,0.0,5
4096,1.0,16
4120,1.0,17
4120,1.0,15
4128,2.0,21
4136,2.0,29
4136,0.0,5
4136,0.0,5
4152,1.0,17
4160,0.0,5
4160,0.0,5
4168,0.0,5
4176,0.0,5
4176,0.0,5
4200,0.0,5
4200,0.0,5
4208,0.0,5
4216,0.0,5
4224,0.0,3
4240,0.0,5
4256,1.0,15
4264,0.0,5
4272,1.0,15
4296,1.0,15
4296,0.0,5
4304,0.0,5
4328,1.0,15
4328,1.0,14
4336,0.0,5
4344,0.0,5
4360,3.0,39
4368,0.0,5
4392,1.0,15
4400,0.0,5
4424,1.0,16
4440,0.0,5
4456,1.0,16
4464,0.0,5
4480,0.0,5
4488,1.0,15
4504,0.0,5
4504,2.0,21
4512,3.0,34
4520,0.0,5
4528,0.0,5
4528,2.0,23
4528,1.0,17
4544,0.0,5
4544,0.0,5
4552,1.0,12
4552,0.0,5
4560,0.0,5
4568,0.0,5
4568,0.0,5
4568,0.0,5
4584,0.0,5
4584,0.0,5
4592,0.0,5
4592,0.0,5
4608,0.0,5
4608,0.0,5
4608,0.0,5
4624,0.0,5
4632,0.0,5
4632,0.0,5
4648,0.0,5
4648,0.0,5
4648,0.0,5
4672,0.0,5
4672,0.0,5
4672,1.0,14
4688,0.0,5
4688,0.0,5
4688,0.0,5
4712,0.0,5
4712,0.0,5
4712,0.0,3
4728,0.0,5
4736,0.0,3
4736,0.0,3
4752,0.0,5
4760,0.0,3
4768,2.0,23
4768,0.0,5
4776,0.0,5
4784,0.0,3
4792,0.0,5
4792,2.0,21
4808,0.0,3
4816,0.0,5
4824,1.0,17
4832,0.0,5
4832,0.0,5
4848,0.0,5
4856,0.0,5
4856,0.0,3
4880,1.0,14
4888,0.0,5
4896,0.0,5
4896,0.0,5
4904,0.0,3
4920,3.0,31
4928,0.0,5
4928,1.0,12
4936,0.0,5
4944,0.0,5
4952,2.0,23
4960,0.0,5
4968,0.0,5
4984,0.0,5
4984,0.0,3
4992,0.0,5
5008,2.0,23
5024,1.0,12
5024,0.0,5
5024,0.0,5
5032,0.0,3
5048,1.0,14
5064,0.0,5
5064,0.0,5
5072,0.0,5
5104,0.0,5
5104,0.0,5
5112,0.0,5
5128,1.0,17
5136,1.0,14
5152,0.0,5
5168,0.0,5
5168,3.0,34
5168,1.0,15
5176,0.0,5
5192,0.0,5
5192,0.0,3
5208,0.0,5
5216,1.0,14
5216,1.0,14
5232,0.0,5
5256,0.0,5
5256,0.0,5
5272,0.0,5
5288,1.0,15
5296,4.0,41
5296,0.0,5
5304,1.0,16
5312,0.0,5
5328,0.0,5
5328,1.0,15
5336,0.0,5
5336,0.0,5
5344,0.0,5
5352,0.0,3
5352,0.0,5
5368,0.0,5
5376,0.0,5
5376,0.0,3
5376,2.0,23
5376,0.0,5
5384,1.0,16
5384,0.0,5
5400,0.0,3
5408,0.0,5
5416,0.0,5
5416,0.0,5
5424,0.0,5
5432,0.0,3
5456,0.0,5
5464,0.0,5
5472,0.0,5
5488,1.0,14
5520,2.0,21
5528,0.0,5
5528,1.0,14
5536,1.0,17
5552,1.0,12
5560,0.0,5
5568,0.0,5
5568,1.0,12
5576,0.0,5
5576,0.0,3
5600,0.0,3
5600,2.0,27
5608,0.0,5
5608,0.0,5
5616,0.0,5
5632,0.0,3
5640,0.0,5
5648,0.0,5
5656,1.0,16
5672,0.0,5
5680,0.0,5
5688,0.0,5
5688,2.0,28
5688,1.0,16
5696,0.0,5
5696,0.0,3
5720,0.0,5
5728,1.0,14
5728,1.0,16
5736,0.0,5
5760,0.0,5
5768,0.0,5
5776,0.0,5
5800,1.0,14
5816,1.0,15
5816,0.0,5
5816,1.0,16
5824,1.0,12
5840,0.0,3
5856,0.0,5
5856,0.0,5
5864,0.0,5
5872,2.0,23
5880,0.0,5
5888,1.0,16
5896,0.0,5
5896,0.0,5
5896,0.0,3
5920,0.0,5
5936,0.0,5
5960,0.0,5
5984,2.0,27
6000,0.0,5
6008,0.0,3
6008,1.0,14
6016,1.0,15
6016,1.0,16
6024,2.0,28
6040,0.0,3
6048,0.0,5
6048,0.0,5
6064,0.0,5
6080,0.0,5
6088,0.0,3
6088,0.0,5
6112,1.0,14
6144,1.0,16
6160,2.0,28
6192,1.0,14
6192,4.0,41
6200,1.0,14
6200,0.0,5
6216,1.0,16
6216,0.0,3
6232,2.0,23
6240,0.0,5
6240,0.0,3
6240,0.0,5
6248,1.0,17
6272,0.0,5
6280,0.0,5
6280,1.0,17
6288,0.0,5
6288,1.0,12
6296,0.0,3
6304,0.0,3
6328,0.0,5
6336,1.0,12
6352,1.0,17
6368,0.0,5
6376,0.0,3
6376,0.0,5
6408,0.0,5
6408,2.0,21
6416,1.0,16
6432,1.0,17
6448,0.0,5
6456,0.0,5
6472,0.0,5
6488,0.0,5
6496,2.0,24
6504,2.0,28
6504,1.0,16
6512,0.0,5
6520,0.0,3
6528,0.0,5
6544,0.0,5
6560,0.0,5
6568,2.0,24
6608,0.0,5
6624,2.0,27
6640,2.0,23
6640,1.0,12
6640,1.0,16
6640,1.0,17
6648,0.0,5
6664,0.0,3
6672,1.0,14
6680,0.0,5
6680,0.0,5
6680,0.0,5
6688,0.0,5
6688,0.0,3
6712,0.0,5
6720,0.0,5
6720,1.0,12
6728,0.0,5
6744,0.0,3
6752,2.0,28
6752,0.0,5
6760,0.0,5
6784,0.0,5
6792,0.0,5
6800,0.0,5
6800,1.0,15
6808,1.0,16
6832,0.0,5
6840,0.0,5
6840,0.0,5
6848,0.0,5
6872,2.0,23
6872,1.0,15
6880,0.0,5
6896,2.0,21
6912,0.0,5
6912,1.0,16
6912,0.0,5
6920,0.0,3
6920,0.0,5
6936,0.0,3
6936,0.0,3
6952,0.0,5
6960,0.0,5
6968,1.0,15
6968,1.0,17
6976,0.0,3
6976,0.0,5
6976,0.0,5
7000,0.0,5
7008,0.0,5
7008,0.0,5
7016,0.0,5
7016,0.0,5
7032,0.0,3
7040,0.0,5
7048,0.0,5
7056,0.0,5
7056,1.0,17
7056,2.0,27
7056,0.0,5
7072,0.0,5
7080,0.0,5
7096,0.0,5
7096,0.0,5
7096,0.0,5
7104,1.0,16
7120,0.0,5
7128,0.0,3
7136,0.0,5
7136,0.0,5
7152,1.0,12
7160,0.0,5
7168,1.0,15
7168,0.0,5
7176,0.0,5
7176,0.0,5
7184,1.0,14
7192,0.0,5
7200,0.0,5
7208,1.0,14
7208,0.0,5
7208,0.0,5
7216,0.0,5
7224,0.0,5
7240,0.0,5
7248,0.0,5
7248,0.0,5
7256,0.0,5
7264,0.0,5
7280,0.0,5
7288,0.0,5
7296,0.0,5
7304,0.0,5
7304,1.0,16
7320,0.0,5
7328,1.0,15
7336,0.0,5
7344,0.0,5
7344,0.0,5
7360,0.0,5
7368,1.0,15
7368,0.0,5
7376,0.0,5
7384,0.0,5
7392,0.0,3
7400,0.0,3
7408,0.0,5
7424,0.0,5
7440,0.0,5
7456,1.0,14
7464,0.0,5
7472,2.0,23
7480,0.0,5
7488,1.0,12
7496,0.0,5
7504,4.0,39
7504,0.0,5
7520,1.0,14
7528,0.0,5
7528,2.0,21
7544,0.0,5
7560,0.0,5
7568,0.0,5
7568,0.0,5
7608,0.0,5
7608,1.0,16
7608,0.0,5
7608,1.0,17
7616,1.0,15
7648,0.0,5
7648,0.0,5
7648,0.0,5
7648,0.0,5
7656,0.0,5
7672,2.0,21
7672,0.0,3
7680,1.0,15
7688,0.0,5
7688,0.0,5
7696,0.0,5
7712,0.0,5
7712,0.0,5
7720,2.0,22
7728,0.0,5
7736,0.0,5
7752,0.0,5
7768,0.0,5
7768,1.0,15
7776,0.0,5
7800,1.0,14
7808,0.0,5
7808,1.0,16
7808,0.0,5
7816,0.0,5
7824,0.0,3
7848,1.0,17
7848,0.0,5
7848,0.0,5
7848,0.0,5
7856,0.0,5
7864,0.0,5
7888,0.0,3
7888,0.0,5
7888,0.0,5
7888,0.0,5
7896,0.0,5
7920,0.0,3
7928,0.0,5
7928,0.0,5
7928,0.0,5
7952,0.0,3
7960,0.0,5
7960,2.0,30
7968,0.0,5
7968,0.0,5
7976,1.0,16
7992,0.0,5
8000,0.0,5
8000,1.0,14
8008,0.0,5
8008,0.0,5
8016,0.0,5
8032,0.0,5
8048,0.0,5
8048,0.0,5
8056,0.0,3
8056,0.0,5
8064,4.0,39
8088,0.0,5
8096,0.0,5
8104,0.0,5
8128,0.0,5
8136,0.0,5
8136,1.0,17
8144,0.0,5
8160,2.0,20
8168,0.0,5
8176,0.0,5
8176,1.0,15
8192,2.0,29
8200,0.0,5
8208,0.0,5
8216,0.0,5
8216,0.0,5
8232,1.0,12
8232,0.0,5
8248,0.0,5
8256,0.0,5
8264,1.0,15
8272,0.0,5
8272,0.0,5
8296,0.0,5
8312,0.0,5
8312,0.0,5
8344,1.0,16
8352,0.0,5
8360,4.0,39
8376,1.0,16
8384,2.0,23
8384,0.0,5
8392,0.0,5
8400,0.0,5
8408,0.0,3
8424,0.0,5
8432,1.0,15
8440,0.0,5
8448,0.0,5
8464,2.0,21
8472,0.0,3
8480,0.0,5
8488,2.0,28
8496,1.0,15
8512,1.0,15
8512,0.0,5
8528,1.0,12
8528,0.0,5
8536,0.0,5
8552,0.0,5
8552,0.0,3
8552,1.0,16
8592,0.0,5
8592,0.0,5
8592,1.0,14
8592,1.0,16
8592,0.0,5
8616,0.0,3
8632,0.0,5
8632,0.0,5
8632,0.0,5
8656,1.0,15
8656,0.0,5
8672,0.0,5
8672,0.0,5
8672,0.0,5
8680,2.0,21
8696,0.0,5
8696,2.0,21
8704,0.0,3
8712,0.0,5
8712,0.0,5
8712,0.0,5
8720,1.0,16
8736,0.0,5
8744,0.0,5
8744,0.0,3
8752,0.0,5
8768,1.0,14
8768,0.0,3
8776,0.0,5
8784,0.0,5
8792,0.0,5
8792,0.0,3
8808,0.0,5
8816,0.0,5
8824,1.0,14
8824,0.0,5
8824,1.0,16
8832,0.0,5
8832,0.0,5
8848,0.0,3
8848,0.0,5
8864,0.0,5
8864,0.0,5
8872,0.0,5
8872,0.0,5
8888,0.0,5
8888,0.0,3
8888,0.0,5
8912,0.0,5
8928,0.0,5
8928,1.0,14
8952,0.0,3
8952,0.0,5
8968,0.0,5
8984,3.0,34
8984,1.0,12
8992,0.0,5
8992,0.0,5
9000,1.0,16
9008,0.0,3
9008,0.0,5
9032,0.0,5
9040,0.0,5
9048,0.0,5
9048,0.0,5
9072,0.0,5
9080,0.0,5
9088,0.0,5
9088,0.0,5
9112,0.0,5
9112,1.0,16
9120,0.0,5
9128,0.0,5
9128,0.0,5
9136,0.0,3
9152,0.0,5
9160,0.0,5
9168,0.0,5
9176,0.0,3
9184,2.0,24
9192,3.0,41
9200,4.0,39
9200,0.0,3
9208,0.0,3
9240,0.0,5
9240,1.0,14
9240,0.0,5
9264,1.0,16
9280,0.0,5
9280,0.0,5
9288,1.0,16
9296,1.0,16
9304,0.0,5
9320,0.0,5
9320,0.0,3
9328,1.0,17
9328,0.0,5
9336,1.0,16
9360,0.0,5
9360,0.0,5
9368,0.0,5
9368,1.0,16
9368,0.0,5
9376,0.0,5
9384,0.0,3
9392,0.0,3
9400,0.0,5
9408,0.0,5
9416,1.0,14
9440,0.0,5
9448,2.0,21
9456,0.0,5
9472,0.0,3
9480,0.0,5
9496,0.0,3
9496,0.0,5
9496,1.0,16
9512,1.0,16
9520,0.0,5
9528,1.0,15
9528,1.0,17
9536,0.0,5
9536,0.0,5
9536,0.0,5
9552,0.0,5
9560,0.0,5
9560,2.0,23
9568,0.0,5
9568,0.0,5
9576,0.0,5
9576,0.0,5
9584,0.0,3
9592,0.0,5
9600,0.0,5
9608,0.0,5
9616,0.0,5
9624,0.0,5
9632,0.0,5
9640,0.0,5
9640,0.0,3
9656,0.0,3
9664,1.0,12
9664,0.0,5
9680,0.0,5
9680,0.0,5
9688,0.0,3
9688,1.0,14
9696,0.0,5
9704,0.0,5
9720,0.0,5
9720,0.0,5
9728,0.0,5
9728,2.0,24
9736,0.0,5
9760,0.0,5
9760,0.0,5
9776,2.0,21
9800,0.0,5
9816,1.0,16
9816,0.0,5
9824,1.0,15
9840,0.0,5
9848,1.0,14
9848,1.0,15
9848,0.0,3
9856,0.0,5
9872,1.0,14
9888,0.0,5
9888,0.0,5
9896,0.0,5
9904,2.0,22
9912,0.0,5
9928,0.0,5
9968,0.0,5
9968,1.0,15
10000,2.0,23
10000,1.0,14
10008,1.0,14
10008,0.0,5
10008,0.0,5
10008,1.0,12
10024,2.0,23
10032,0.0,3
10032,0.0,3
10032,1.0,16
10040,0.0,5
10040,0.0,5
10048,0.0,5
10064,0.0,5
10072,0.0,5
10072,0.0,5
10080,0.0,5
10080,0.0,5
10112,0.0,5
10112,0.0,5
10120,0.0,5
10152,0.0,5
10152,0.0,5
10160,0.0,5
10168,1.0,17
10176,1.0,16
10192,0.0,5
10192,0.0,5
10200,0.0,5
10200,1.0,17
10208,0.0,5
10216,1.0,17
10216,0.0,5
10256,0.0,5
10256,0.0,5
10288,1.0,12
10288,1.0,12
10296,1.0,12
10296,0.0,5
10296,0.0,5
10320,4.0,39
10320,1.0,14
10328,0.0,5
10328,0.0,5
10392,1.0,12
10392,1.0,12
10416,1.0,12
10416,1.0,12
10424,1.0,12
10424,1.0,12
10432,2.0,29
10432,0.0,5
10456,0.0,5
10456,0.0,5
10464,0.0,5
10472,0.0,5
10472,0.0,5
10496,0.0,5
10496,0.0,5
10504,0.0,5
10512,0.0,5
10512,0.0,5
10536,0.0,5
10536,0.0,5
10544,0.0,5
10552,0.0,5
10552,0.0,5
10552,1.0,16
10576,2.0,23
10576,0.0,5
10576,0.0,5
10592,0.0,5
10592,0.0,5
10592,0.0,5
10616,0.0,5
10616,0.0,5
10616,0.0,5
10632,0.0,5
10632,0.0,5
10656,0.0,5
10656,4.0,45
10656,0.0,5
10696,0.0,5
10696,0.0,5
10696,0.0,5
10728,2.0,23
10736,0.0,5
10736,0.0,5
10768,1.0,17
10768,0.0,5
10776,2.0,23
10776,0.0,5
10776,0.0,5
10800,2.0,23
10808,0.0,5
10816,2.0,23
10816,0.0,5
10816,0.0,5
10816,0.0,5
10840,0.0,5
10848,0.0,5
10856,0.0,5
10856,0.0,5
10856,0.0,5
10880,0.0,5
10880,2.0,23
10888,0.0,5
10896,0.0,5
10896,1.0,16
10896,0.0,5
10896,0.0,5
10920,0.0,5
10920,0.0,5
10928,0.0,5
10936,0.0,5
10936,0.0,5
10936,0.0,5
10952,1.0,17
10960,0.0,5
10968,0.0,5
10976,0.0,5
10976,0.0,5
10992,0.0,5
11000,0.0,5
11008,0.0,5
11016,0.0,5
11032,0.0,5
11032,1.0,17
11040,0.0,5
11048,0.0,5
11056,0.0,5
11056,1.0,17
11072,0.0,5
11088,0.0,5
11096,0.0,5
11112,0.0,5
11120,2.0,23
11128,0.0,5
11136,0.0,5
11152,0.0,5
11160,2.0,23
11160,0.0,5
11168,0.0,5
11168,1.0,16
11176,0.0,5
11200,0.0,5
11200,0.0,5
11208,0.0,5
11208,0.0,5
11216,2.0,23
11216,0.0,5
11240,0.0,5
11240,2.0,23
11240,0.0,5
11248,0.0,5
11256,0.0,5
11280,0.0,5
11280,1.0,16
11280,0.0,5
11296,0.0,5
11320,0.0,5
11320,0.0,5
11320,0.0,5
11336,0.0,5
11344,1.0,16
11360,0.0,5
11360,0.0,5
11360,0.0,5
11376,0.0,5
11384,0.0,5
11392,2.0,23
11400,0.0,5
11416,0.0,5
11424,0.0,5
11424,2.0,23
11432,0.0,5
11432,2.0,23
11456,0.0,5
11464,0.0,5
11472,0.0,5
11472,0.0,5
11496,0.0,5
11496,1.0,17
11504,0.0,5
11512,0.0,5
11520,1.0,15
11536,0.0,5
11536,0.0,5
11544,2.0,23
11544,0.0,5
11552,0.0,5
11560,0.0,5
11576,0.0,5
11576,0.0,5
11584,0.0,5
11584,0.0,5
11592,0.0,5
11592,2.0,21
11600,0.0,5
11608,1.0,17
11616,0.0,5
11616,0.0,5
11624,0.0,5
11624,0.0,5
11632,0.0,5
11632,0.0,5
11640,0.0,5
11648,0.0,5
11656,0.0,5
11664,0.0,5
11664,0.0,5
11672,0.0,5
11672,0.0,5
11680,0.0,5
11688,0.0,5
11696,0.0,5
11704,0.0,5
11704,0.0,5
11712,0.0,5
11712,0.0,5
11720,0.0,5
11728,0.0,5
11736,0.0,5
11744,0.0,5
11744,0.0,5
11752,0.0,5
11760,0.0,5
11768,0.0,5
11784,0.0,5
11784,0.0,5
11792,0.0,5
11800,2.0,23
11824,0.0,5
11832,0.0,5
11840,0.0,5
11872,0.0,5
11880,0.0,5
11888,1.0,16
11896,1.0,16
11920,0.0,5
11920,1.0,17
11960,1.0,17
11968,3.0,32
11968,1.0,12
11984,1.0,12
11992,1.0,12
12008,0.0,5
12008,0.0,5
12016,1.0,12
12016,1.0,12
12048,0.0,5
12056,1.0,12
12064,4.0,41
12080,1.0,12
12088,1.0,12
12096,0.0,5
12096,1.0,10
12104,1.0,12
12112,1.0,12
12136,0.0,5
12136,0.0,5
12144,0.0,5
12144,1.0,12
12176,0.0,5
12176,1.0,12
12216,0.0,5
12232,1.0,12
12240,1.0,12
12240,1.0,12
12272,1.0,12
12272,0.0,5
12280,0.0,5
12312,1.0,12
12336,1.0,12
12368,1.0,12
12368,1.0,12
12376,0.0,5
12408,1.0,12
12416,0.0,5
12424,4.0,45
12448,4.0,45
12456,0.0,5
12464,1.0,12
12464,1.0,12
12472,4.0,45
12504,1.0,12
12520,1.0,12
12544,1.0,12
12552,1.0,12
12560,0.0,5
12560,1.0,12
12568,1.0,13
12584,0.0,5
12600,0.0,5
12600,0.0,5
12624,0.0,5
12632,1.0,16
12640,0.0,5
12640,4.0,45
12640,0.0,5
12672,0.0,5
12680,0.0,5
12680,0.0,5
12680,1.0,16
12696,1.0,16
12712,0.0,5
12720,0.0,5
12720,0.0,5
12736,0.0,5
12752,1.0,16
12760,0.0,5
12760,0.0,5
12768,1.0,16
12776,0.0,5
12792,0.0,5
12800,0.0,5
12808,1.0,16
12808,0.0,5
12816,0.0,5
12832,0.0,5
12832,4.0,45
12840,0.0,5
12840,1.0,16
12848,0.0,5
12856,0.0,5
12872,0.0,5
12872,0.0,5
12880,0.0,5
12880,0.0,5
12888,1.0,16
12888,0.0,5
12912,0.0,5
12912,0.0,5
12920,0.0,5
12920,0.0,5
12928,0.0,5
12944,1.0,17
12952,0.0,5
12960,0.0,5
12960,0.0,5
12968,0.0,5
12984,1.0,16
12984,0.0,5
13000,0.0,5
13008,0.0,5
13024,0.0,5
13024,1.0,17
13024,0.0,5
13040,0.0,5
13040,1.0,16
13048,0.0,5
13064,0.0,5
13064,0.0,5
13064,0.0,5
13080,1.0,16
13080,0.0,5
13088,1.0,16
13088,0.0,5
13104,0.0,5
13104,0.0,5
13104,0.0,5
13120,0.0,5
13120,0.0,5
13128,0.0,5
13128,0.0,5
13144,0.0,5
13144,0.0,5
13144,0.0,5
13160,0.0,5
13160,0.0,5
13168,0.0,5
13168,1.0,16
13184,0.0,5
13184,0.0,5
13200,0.0,5
13200,0.0,5
13208,0.0,5
13208,0.0,5
13224,0.0,5
13224,0.0,5
13240,1.0,14
13240,0.0,5
13240,0.0,5
13248,0.0,5
13264,0.0,5
13264,0.0,5
13272,1.0,16
13280,0.0,5
13280,0.0,5
13280,0.0,5
13288,0.0,5
13304,0.0,5
13304,0.0,5
13312,0.0,5
13320,0.0,5
13320,0.0,5
13320,0.0,5
13328,0.0,5
13336,1.0,16
13344,0.0,5
13344,0.0,5
13352,0.0,5
13360,0.0,5
13360,0.0,5
13360,0.0,5
13368,0.0,5
13376,0.0,5
13384,0.0,5
13392,0.0,5
13400,0.0,5
13400,0.0,5
13400,0.0,5
13408,0.0,5
13416,0.0,5
13424,0.0,5
13432,0.0,5
13440,0.0,5
13440,0.0,5
13440,0.0,5
13448,0.0,5
13456,0.0,5
13464,0.0,5
13472,1.0,16
13472,0.0,5
13480,0.0,5
13480,0.0,5
13480,0.0,5
13488,0.0,5
13496,0.0,5
13504,0.0,5
13512,0.0,5
13520,0.0,5
13520,0.0,5
13520,0.0,5
13528,0.0,5
13536,0.0,5
13544,0.0,5
13560,0.0,5
13560,0.0,5
13568,0.0,5
13576,0.0,5
13584,0.0,5
13600,1.0,16
13600,0.0,5
13600,0.0,5
13608,0.0,5
13616,0.0,5
13624,0.0,3
13624,0.0,5
13640,1.0,16
13640,0.0,5
13648,0.0,5
13648,1.0,16
13656,0.0,5
13664,0.0,5
13664,0.0,5
13680,0.0,5
13680,0.0,5
13688,0.0,5
13688,0.0,5
13696,0.0,5
13704,0.0,5
13704,0.0,5
13720,0.0,5
13720,0.0,5
13736,1.0,17
13760,0.0,5
13760,0.0,5
13776,0.0,5
13800,0.0,5
13800,0.0,5
13816,0.0,5
13840,0.0,5
13856,2.0,21
13856,0.0,5
13872,2.0,23
13880,2.0,23
13888,2.0,23
13896,0.0,5
13912,0.0,5
13920,0.0,5
13928,0.0,5
13928,1.0,16
13936,0.0,5
13936,2.0,29
13952,0.0,5
13960,0.0,5
13968,0.0,5
13976,0.0,5
13992,0.0,5
14000,0.0,5
14008,0.0,5
14024,2.0,23
14032,0.0,5
14040,2.0,23
14040,0.0,5
14048,0.0,5
14064,1.0,16
14064,0.0,5
14064,1.0,17
14072,0.0,5
14080,0.0,5
14080,0.0,5
14088,0.0,5
14104,0.0,5
14104,0.0,5
14104,0.0,5
14104,1.0,16
14112,0.0,5
14120,0.0,5
14120,0.0,5
14128,0.0,5
14144,0.0,5
14144,0.0,5
14144,0.0,5
14144,0.0,5
14152,0.0,5
14160,0.0,5
14160,0.0,5
14168,0.0,5
14184,0.0,5
14184,0.0,5
14184,0.0,5
14184,0.0,5
14192,0.0,5
14200,0.0,5
14200,0.0,5
14208,0.0,5
14224,0.0,5
14224,0.0,5
14224,0.0,5
14232,0.0,5
14240,0.0,5
14240,0.0,5
14248,0.0,5
14264,0.0,5
14272,0.0,5
14280,0.0,5
14280,1.0,12
14288,0.0,5
14304,0.0,5
14304,0.0,3
14320,0.0,5
14320,1.0,12
14328,0.0,5
14344,0.0,5
14344,0.0,5
14352,1.0,16
14360,0.0,5
14360,0.0,5
14368,1.0,16
14368,1.0,12
14368,0.0,5
14384,0.0,5
14392,0.0,5
14400,0.0,5
14400,0.0,5
14408,0.0,5
14408,0.0,5
14408,0.0,5
14424,0.0,5
14432,0.0,5
14440,0.0,5
14440,0.0,5
14448,0.0,5
14448,0.0,5
14448,0.0,5
14456,1.0,14
14464,0.0,5
14472,0.0,5
14480,0.0,5
14480,0.0,5
14488,0.0,5
14488,0.0,5
14488,0.0,5
14496,0.0,5
14504,0.0,5
14512,0.0,5
14520,0.0,5
14520,0.0,5
14528,0.0,3
14528,0.0,5
14528,0.0,5
14536,0.0,3
14536,0.0,5
14552,0.0,3
14552,0.0,3
14560,0.0,3
14592,0.0,5
14664,1.0,14
14672,2.0,23
14688,2.0,21
14688,2.0,21
14696,0.0,3
14704,0.0,5
14712,2.0,23
14720,0.0,3
14720,2.0,23
14728,0.0,5
14728,0.0,5
14736,0.0,3
14744,0.0,5
14744,0.0,3
14744,2.0,23
14760,0.0,3
14760,2.0,21
14768,0.0,3
14768,0.0,3
14784,0.0,3
14792,0.0,3
14800,0.0,5
14808,0.0,3
14808,0.0,5
14832,0.0,3
14832,0.0,5
14848,1.0,15
14848,0.0,5
14848,1.0,15
14856,1.0,17
14872,0.0,5
14880,0.0,3
14888,0.0,5
14888,0.0,5
14912,2.0,21
14920,0.0,5
14920,1.0,15
14928,0.0,5
14928,0.0,5
14936,0.0,3
14952,1.0,15
14960,0.0,5
14960,0.0,3
14976,1.0,16
14992,0.0,5
15000,0.0,5
15000,0.0,3
15040,0.0,5
15040,1.0,14
15040,2.0,21
15064,0.0,3
15064,0.0,3
15088,2.0,21
15088,0.0,3
15096,2.0,21
15104,1.0,14
15112,0.0,3
15128,2.0,21
15128,1.0,16
15128,0.0,3
15136,0.0,3
15136,0.0,5
15152,0.0,3
15152,1.0,14
15152,0.0,3
15176,0.0,3
15192,0.0,5
15192,0.0,5
15192,1.0,16
15216,0.0,5
15224,1.0,17
15232,0.0,5
15256,1.0,15
15256,1.0,16
15264,0.0,5
15272,1.0,17
15280,0.0,3
15296,0.0,5
15312,1.0,15
15312,1.0,15
15320,0.0,5
15336,0.0,5
15352,0.0,5
15352,0.0,5
15360,0.0,5
15376,0.0,5
15384,2.0,21
15392,0.0,5
15392,0.0,5
15400,2.0,21
15400,0.0,5
15424,0.0,5
15432,0.0,5
15432,0.0,5
15432,2.0,21
15440,0.0,5
15456,2.0,23
15472,0.0,5
15472,0.0,5
15472,0.0,5
15480,0.0,5
15496,0.0,5
15512,0.0,5
15520,0.0,5
15536,1.0,17
15560,2.0,23
15560,1.0,17
15560,0.0,5
15632,1.0,17
15640,2.0,21
15640,2.0,21
15648,1.0,17
15656,0.0,3
15680,0.0,5
15680,0.0,5
15688,0.0,5
15696,0.0,5
15696,1.0,17
15696,1.0,17
15720,0.0,5
15720,0.0,5
15728,0.0,5
15736,0.0,5
15736,0.0,5
15744,2.0,23
15760,0.0,5
15760,0.0,5
15768,2.0,29
15768,0.0,5
15776,0.0,5
15776,0.0,5
15784,0.0,5
15800,0.0,5
15800,0.0,5
15808,0.0,5
15808,0.0,5
15816,0.0,5
15816,0.0,5
15824,0.0,5
15840,0.0,5
15848,0.0,5
15848,0.0,5
15856,0.0,5
15856,0.0,5
15864,0.0,5
15880,0.0,5
15880,2.0,23
15888,0.0,5
15888,0.0,5
15896,0.0,5
15896,0.0,5
15904,0.0,5
15920,0.0,5
15920,0.0,5
15928,0.0,5
15936,0.0,5
15936,0.0,5
15944,0.0,5
15960,0.0,5
15960,0.0,5
15976,0.0,5
15984,2.0,23
15984,0.0,5
16000,0.0,5
16000,0.0,5
16016,0.0,5
16024,0.0,5
16024,0.0,5
16040,0.0,5
16040,0.0,5
16056,0.0,5
16064,0.0,5
16064,0.0,5
16072,2.0,23
16080,0.0,5
16080,0.0,5
16096,0.0,5
16104,0.0,5
16112,2.0,23
16112,0.0,5
16120,2.0,23
16120,0.0,5
16120,0.0,5
16136,0.0,5
16144,0.0,5
16160,0.0,5
16160,0.0,5
16176,0.0,5
16184,0.0,5
16200,0.0,5
16200,0.0,5
16216,0.0,5
16224,0.0,5
16240,0.0,5
16240,0.0,5
16248,1.0,17
16248,1.0,17
16248,2.0,23
16256,1.0,17
16256,0.0,5
16264,0.0,5
16280,0.0,5
16288,0.0,3
16288,0.0,5
16288,0.0,5
16288,0.0,5
16296,0.0,5
16328,0.0,5
16368,1.0,16
16384,1.0,16
16392,1.0,14
16400,1.0,14
16408,0.0,5
16408,1.0,15
16416,1.0,15
16416,1.0,16
16424,0.0,5
16440,0.0,5
16448,0.0,5
16448,0.0,5
16456,1.0,16
16464,0.0,5
16488,0.0,5
16512,1.0,12
16536,1.0,12
16544,1.0,12
16552,1.0,12
16560,1.0,12
16584,1.0,12
16592,0.0,5
16608,1.0,12
16632,1.0,12
16640,1.0,12
16648,0.0,5
16656,1.0,12
16680,3.0,36
16680,1.0,12
16688,1.0,12
16720,0.0,5
16728,1.0,12
16736,1.0,12
16744,1.0,12
16752,1.0,12
16776,4.0,45
16776,1.0,12
16816,1.0,12
16824,1.0,12
16832,1.0,12
16840,1.0,12
16856,0.0,5
16864,0.0,5
16872,1.0,12
16872,1.0,12
16912,0.0,5
16936,1.0,12
16952,0.0,5
16952,1.0,12
16960,1.0,12
16968,1.0,12
16976,0.0,5
17016,0.0,5
17048,1.0,12
17048,4.0,45
17048,1.0,12
17056,1.0,12
17064,1.0,12
17096,0.0,5
17112,1.0,12
17112,4.0,45
17136,0.0,5
17144,1.0,12
17144,1.0,12
17144,1.0,12
17168,1.0,13
17184,0.0,5
17192,4.0,45
17208,1.0,12
17208,1.0,12
17232,1.0,12
17240,1.0,12
17248,1.0,13
17280,1.0,12
17288,1.0,12
17288,0.0,5
17304,1.0,12
17304,1.0,12
17320,0.0,5
17328,1.0,12
17328,0.0,5
17328,0.0,5
17344,0.0,5
17360,0.0,5
17368,0.0,5
17368,0.0,5
17384,0.0,5
17400,0.0,5
17408,0.0,5
17408,0.0,5
17424,0.0,5
17432,1.0,16
17440,0.0,5
17456,1.0,16
17464,0.0,5
17472,0.0,5
17480,0.0,5
17496,0.0,5
17504,0.0,5
17512,0.0,5
17528,4.0,45
17536,0.0,5
17536,1.0,16
17536,1.0,16
17544,0.0,5
17552,0.0,5
17568,0.0,5
17576,0.0,5
17576,0.0,5
17576,0.0,5
17584,0.0,5
17600,4.0,45
17608,0.0,5
17608,1.0,16
17616,0.0,5
17616,0.0,5
17624,0.0,5
17640,0.0,5
17648,0.0,5
17648,0.0,5
17656,0.0,5
17656,0.0,5
17664,0.0,5
17680,0.0,5
17680,1.0,16
17688,0.0,5
17688,0.0,5
17696,0.0,5
17704,0.0,5
17704,1.0,16
17720,0.0,5
17728,0.0,5
17736,0.0,5
17744,0.0,5
17744,0.0,5
17768,0.0,5
17784,0.0,5
17784,1.0,16
17784,0.0,5
17808,0.0,5
17808,1.0,16
17816,1.0,16
17824,0.0,5
17824,0.0,5
17824,0.0,5
17848,0.0,5
17856,1.0,17
17856,0.0,5
17864,0.0,5
17864,1.0,16
17888,0.0,5
17896,0.0,5
17896,0.0,5
17904,0.0,5
17904,0.0,5
17920,1.0,12
17920,1.0,12
17936,1.0,16
17936,0.0,5
17944,0.0,5
17944,0.0,5
17976,0.0,5
17976,0.0,5
17984,1.0,12
17984,0.0,5
17992,1.0,12
18000,0.0,3
18016,0.0,5
18016,1.0,12
18016,1.0,12
18024,0.0,5
18024,0.0,5
18032,0.0,5
18040,1.0,12
18040,0.0,5
18056,0.0,5
18056,0.0,5
18056,0.0,5
18064,0.0,5
18064,0.0,5
18072,0.0,5
18080,0.0,5
18096,0.0,5
18096,0.0,5
18096,0.0,5
18104,0.0,5
18104,0.0,5
18112,0.0,5
18120,0.0,5
18136,0.0,5
18136,0.0,5
18136,0.0,5
18144,0.0,5
18152,0.0,5
18160,0.0,5
18168,1.0,16
18176,0.0,5
18176,0.0,5
18184,0.0,5
18192,0.0,5
18200,1.0,12
18200,0.0,5
18208,0.0,5
18216,0.0,5
18224,0.0,5
18232,1.0,12
18240,0.0,5
18248,0.0,5
18256,0.0,5
18264,0.0,5
18280,0.0,5
18288,0.0,5
18288,1.0,14
18296,0.0,5
18304,0.0,5
18304,1.0,14
18320,0.0,5
18328,1.0,16
18328,0.0,5
18328,0.0,5
18336,0.0,5
18344,0.0,5
18344,0.0,5
18360,1.0,16
18360,0.0,5
18368,0.0,5
18368,0.0,5
18368,0.0,5
18376,0.0,5
18384,0.0,5
18384,0.0,5
18400,0.0,5
18400,0.0,5
18408,0.0,5
18408,0.0,5
18408,0.0,5
18424,0.0,5
18424,0.0,5
18440,0.0,5
18448,0.0,5
18448,0.0,5
18448,0.0,5
18464,0.0,5
18464,0.0,5
18480,0.0,5
18488,0.0,5
18488,0.0,5
18488,0.0,5
18504,1.0,16
18504,0.0,5
18504,0.0,5
18520,0.0,5
18528,1.0,16
18528,0.0,5
18528,0.0,5
18528,0.0,5
18544,0.0,5
18544,0.0,5
18544,0.0,5
18560,0.0,5
18568,0.0,5
18568,0.0,5
18568,0.0,5
18584,0.0,5
18584,0.0,5
18584,0.0,5
18600,0.0,5
18608,0.0,5
18608,0.0,5
18608,0.0,5
18624,0.0,5
18624,0.0,5
18624,0.0,5
18640,0.0,5
18648,0.0,5
18648,0.0,5
18648,0.0,5
18664,0.0,5
18664,0.0,5
18664,1.0,17
18680,0.0,5
18688,0.0,5
18688,0.0,5
18704,0.0,5
18704,0.0,5
18704,0.0,5
18720,0.0,5
18728,0.0,5
18728,0.0,5
18736,1.0,14
18744,0.0,5
18744,0.0,5
18744,0.0,5
18760,0.0,5
18768,0.0,5
18768,0.0,5
18776,1.0,16
18784,0.0,5
18808,0.0,5
18808,0.0,5
18816,0.0,5
18824,0.0,5
18848,0.0,5
18848,0.0,5
18856,0.0,5
18864,0.0,5
18872,1.0,17
18888,0.0,5
18888,0.0,5
18896,0.0,5
18904,0.0,5
18912,0.0,5
18928,2.0,23
18928,0.0,5
18928,0.0,5
18928,2.0,23
18936,0.0,5
18944,0.0,5
18944,2.0,23
18968,0.0,5
18976,0.0,5
18984,0.0,5
18984,0.0,5
19024,0.0,5
19024,0.0,5
19064,1.0,17
19064,0.0,5
19096,2.0,23
19104,0.0,5
19104,0.0,5
19104,1.0,17
19112,2.0,23
19112,2.0,23
19136,0.0,5
19144,0.0,5
19152,0.0,5
19160,2.0,23
19176,0.0,5
19184,0.0,5
19192,0.0,5
19208,2.0,23
19248,0.0,5
19288,2.0,23
19288,0.0,5
19288,2.0,23
19296,1.0,17
19296,2.0,23
19312,0.0,3
19312,0.0,3
19328,1.0,17
19336,0.0,5
19336,0.0,5
19352,0.0,5
19352,2.0,21
19368,0.0,5
19376,0.0,5
19376,0.0,5
19392,0.0,5
19392,0.0,5
19408,0.0,5
19424,1.0,17
19448,1.0,17
19448,0.0,5
19464,0.0,5
19472,3.0,37
19488,0.0,5
19504,0.0,5
19512,0.0,5
19512,1.0,17
19512,1.0,17
19528,0.0,5
19528,1.0,17
19528,1.0,17
19544,0.0,5
19552,0.0,5
19552,0.0,5
19568,0.0,5
19568,0.0,5
19584,0.0,5
19592,0.0,5
19608,0.0,5
19608,0.0,5
19624,0.0,5
19632,0.0,5
19632,2.0,23
19648,0.0,5
19664,0.0,5
19672,0.0,5
19672,0.0,5
19688,0.0,5
19696,2.0,23
19704,0.0,5
19712,2.0,23
19712,0.0,5
19712,0.0,5
19728,0.0,5
19736,0.0,5
19736,2.0,23
19744,0.0,5
19752,0.0,5
19752,0.0,5
19768,0.0,5
19776,0.0,5
19776,0.0,5
19784,0.0,5
19792,0.0,5
19792,2.0,23
19808,0.0,5
19816,0.0,5
19816,0.0,5
19832,0.0,5
19832,0.0,5
19856,0.0,5
19856,0.0,5
19872,0.0,5
19872,0.0,5
19896,2.0,23
19896,0.0,5
19896,0.0,5
19912,0.0,5
19912,0.0,5
19936,0.0,5
19936,0.0,5
19936,0.0,5
19952,0.0,5
19952,0.0,5
19968,2.0,23
19976,0.0,5
19976,0.0,5
19984,2.0,29
19992,0.0,5
19992,2.0,23
19992,0.0,5
20008,0.0,3
20008,0.0,5
20016,0.0,5
20016,0.0,5
20032,0.0,5
20032,0.0,5
20048,0.0,5
20056,0.0,5
20056,0.0,3
20072,0.0,5
20072,1.0,17
20088,0.0,5
20096,0.0,5
20096,0.0,5
20112,0.0,5
20128,1.0,15
20128,0.0,5
20128,1.0,17
20136,0.0,5
20136,0.0,5
20152,0.0,5
20168,0.0,5
20168,0.0,5
20168,0.0,5
20176,0.0,5
20176,0.0,5
20192,0.0,5
20200,2.0,23
20208,0.0,5
20208,0.0,5
20216,0.0,5
20216,0.0,5
20240,0.0,5
20248,0.0,5
20248,0.0,5
20256,0.0,5
20288,0.0,5
20288,0.0,5
20296,0.0,5
20304,2.0,29
20328,0.0,5
20328,0.0,5
20336,0.0,5
20344,0.0,5
20352,2.0,23
20360,2.0,21
20368,0.0,5
20368,0.0,5
20384,0.0,5
20392,0.0,5
20400,0.0,5
20400,2.0,23
20408,0.0,5
20424,0.0,5
20424,2.0,23
20432,0.0,5
20440,0.0,5
20448,0.0,5
20464,0.0,5
20464,0.0,5
20472,0.0,5
20488,0.0,5
20504,0.0,5
20504,0.0,5
20512,0.0,5
20528,1.0,16
20528,0.0,5
20544,0.0,5
20544,0.0,5
20552,0.0,5
20568,0.0,5
20568,0.0,5
20568,1.0,16
20584,0.0,5
20592,0.0,5
20608,0.0,5
20608,0.0,5
20608,0.0,5
20624,0.0,5
20632,0.0,5
20648,0.0,5
20648,0.0,5
20648,0.0,5
20664,4.0,41
20672,1.0,16
20672,0.0,3
20688,0.0,3
20696,4.0,41
20696,0.0,3
20712,0.0,5
20720,0.0,3
20728,0.0,5
20736,0.0,5
20744,1.0,14
20760,0.0,5
20768,1.0,15
20768,1.0,15
20784,0.0,5
20784,0.0,3
20792,2.0,21
20792,0.0,3
20808,0.0,5
20816,0.0,3
20824,0.0,5
20824,1.0,14
20832,0.0,5
20856,0.0,5
20856,1.0,15
20864,0.0,5
20864,0.0,5
20864,1.0,17
20880,0.0,3
20904,0.0,5
20920,1.0,14
20920,0.0,5
20928,0.0,3
20944,0.0,3
20952,2.0,21
20952,0.0,3
20968,1.0,14
20976,0.0,3
21000,0.0,3
21000,2.0,21
21008,0.0,5
21024,0.0,3
21032,2.0,21
21032,2.0,21
21048,0.0,3
21056,0.0,3
21056,0.0,3
21072,1.0,16
21080,0.0,3
21088,2.0,21
21088,0.0,5
21096,0.0,3
21096,0.0,5
21112,0.0,3
21112,0.0,4
21128,1.0,15
21128,0.0,5
21128,2.0,22
21136,0.0,5
21136,1.0,17
21136,0.0,3
21152,0.0,3
21152,0.0,5
21152,0.0,3
21160,0.0,3
21176,0.0,5
21176,0.0,5
21192,0.0,5
21192,0.0,5
21216,1.0,15
21256,0.0,5
21296,2.0,21
21320,2.0,21
21320,0.0,3
21336,2.0,22
21344,2.0,21
21344,0.0,3
21344,0.0,3
21360,0.0,3
21360,2.0,21
21360,2.0,23
21360,2.0,21
21368,0.0,3
21368,0.0,3
21384,0.0,3
21384,0.0,3
21384,0.0,3
21384,0.0,3
21392,0.0,3
21408,0.0,3
21408,0.0,3
21408,0.0,5
21408,0.0,3
21424,0.0,5
21424,2.0,21
21432,0.0,5
21448,0.0,3
21448,0.0,5
21448,0.0,5
21448,0.0,5
21472,0.0,5
21472,0.0,3
21480,1.0,17
21488,0.0,5
21512,0.0,5
21520,0.0,5
21544,1.0,17
21552,0.0,5
21560,0.0,5
21568,1.0,15
21584,0.0,5
21592,2.0,21
21592,0.0,5
21600,0.0,5
21608,0.0,3
21608,0.0,5
21616,2.0,21
21632,0.0,5
21632,0.0,3
21632,0.0,5
21640,2.0,21
21640,0.0,3
21656,2.0,21
21664,0.0,3
21664,0.0,3
21680,0.0,3
21704,0.0,5
21704,0.0,3
21712,1.0,14
21736,0.0,3
21744,1.0,14
21744,0.0,5
21752,1.0,15
21768,0.0,3
21776,0.0,3
21776,2.0,21
21776,0.0,5
21784,0.0,5
21800,1.0,17
21800,0.0,3
21808,2.0,22
21816,0.0,5
21824,0.0,3
21824,0.0,3
21832,0.0,3
21832,1.0,16
21856,0.0,5
21856,0.0,3
21864,0.0,5
21888,1.0,14
21896,1.0,16
21920,0.0,3
21928,0.0,5
21952,2.0,21
21960,1.0,17
21976,0.0,3
21984,1.0,16
22000,0.0,5
22000,0.0,3
22008,0.0,3
22016,2.0,23
22024,2.0,21
22032,2.0,21
22032,0.0,3
22032,0.0,4
22040,0.0,3
22048,0.0,3
22048,1.0,16
22048,1.0,15
22056,0.0,3
22064,0.0,3
22072,0.0,3
22072,0.0,3
22072,0.0,5
22072,0.0,3
22072,0.0,5
22080,0.0,3
22096,0.0,3
22112,0.0,5
22120,0.0,5
22136,0.0,5
22160,0.0,5
22168,2.0,21
22192,0.0,3
22200,1.0,17
22224,0.0,3
22232,0.0,5
22240,2.0,21
22240,2.0,21
22256,2.0,23
22264,0.0,5
22272,0.0,5
22280,0.0,5
22280,2.0,21
22280,0.0,5
22296,0.0,5
22304,0.0,5
22304,2.0,21
22312,0.0,5
22320,0.0,5
22320,0.0,5
22320,0.0,5
22328,2.0,21
22336,0.0,5
22344,0.0,5
22360,0.0,5
22432,1.0,16
22440,1.0,12
22440,1.0,16
22456,1.0,12
22464,1.0,16
22504,0.0,5
22528,1.0,12
22536,1.0,12
22568,0.0,5
22584,1.0,16
22680,4.0,45
22680,4.0,45
22688,4.0,45
22720,2.0,23
22720,1.0,17
22720,0.0,5
22728,3.0,36
22744,0.0,3
22744,0.0,3
22760,0.0,5
22768,0.0,5
22784,1.0,12
22824,0.0,5
22840,1.0,12
22840,1.0,12
22856,1.0,12
22864,4.0,45
22864,1.0,12
22904,0.0,5
22920,1.0,12
22928,4.0,45
22936,1.0,12
22936,1.0,12
22952,1.0,12
22960,0.0,5
22976,0.0,5
22976,0.0,5
22992,0.0,5
23000,1.0,12
23024,1.0,12
23040,4.0,45
23056,1.0,12
23072,1.0,12
23096,1.0,12
23120,1.0,12
23120,1.0,16
23136,0.0,5
23136,1.0,12
23152,1.0,12
23168,1.0,12
23208,0.0,5
23216,1.0,12
23216,1.0,12
23224,4.0,45
23232,1.0,12
23232,1.0,12
23248,1.0,12
23272,0.0,5
23288,0.0,5
23304,1.0,12
23312,1.0,12
23320,1.0,13
23320,1.0,12
23328,1.0,12
23336,4.0,45
23336,0.0,3
23344,0.0,5
23352,1.0,10
23352,0.0,3
23360,0.0,3
23376,0.0,3
23376,0.0,5
23384,0.0,5
23400,0.0,3
23400,0.0,5
23400,1.0,10
23408,1.0,15
23416,0.0,5
23424,0.0,3
23424,0.0,3
23432,0.0,3
23440,0.0,5
23440,0.0,3
23448,0.0,3
23448,1.0,16
23448,0.0,3
23448,1.0,12
23456,0.0,3
23464,0.0,3
23464,1.0,10
23464,0.0,3
23472,0.0,3
23472,0.0,3
23488,0.0,5
23488,0.0,5
23504,0.0,5
23504,0.0,5
23504,0.0,5
23512,0.0,5
23512,0.0,5
23528,0.0,5
23528,0.0,5
23544,0.0,5
23544,0.0,5
23544,0.0,5
23552,0.0,5
23576,1.0,15
23584,0.0,5
23592,0.0,5
23616,0.0,5
23624,0.0,5
23632,0.0,5
23672,0.0,5
23696,2.0,23
23712,2.0,23
23712,2.0,23
23728,2.0,23
23728,2.0,23
23752,0.0,5
23752,0.0,5
23768,0.0,5
23768,0.0,5
23800,2.0,23
23800,1.0,16
23808,2.0,23
23808,0.0,5
23824,0.0,3
23824,0.0,3
23832,1.0,17
23832,0.0,3
23856,0.0,3
23864,0.0,5
23864,0.0,5
23872,1.0,15
23872,0.0,5
23872,1.0,15
23880,1.0,14
23896,0.0,5
23904,0.0,3
23912,0.0,5
23912,0.0,5
23928,1.0,15
23952,0.0,3
23984,1.0,15
23992,0.0,5
24008,1.0,14
24016,0.0,3
24024,0.0,5
24024,1.0,14
24032,1.0,16
24032,0.0,3
24040,2.0,21
24040,0.0,3
24048,0.0,3
24048,2.0,23
24056,0.0,3
24064,0.0,3
24064,0.0,3
24072,0.0,3
24080,2.0,21
24088,0.0,3
24096,0.0,5
24104,0.0,3
24112,0.0,5
24144,0.0,5
24152,0.0,5
24160,1.0,16
24176,1.0,16
24184,0.0,5
24192,2.0,21
24192,0.0,5
24200,0.0,5
24216,0.0,5
24224,1.0,17
24224,0.0,5
24232,0.0,5
24232,0.0,5
24240,0.0,5
24240,2.0,22
24256,0.0,5
24264,2.0,21
24264,0.0,5
24264,0.0,5
24272,0.0,5
24272,0.0,5
24280,0.0,5
24280,0.0,5
24296,0.0,5
24304,0.0,5
24304,0.0,5
24312,0.0,5
24320,0.0,5
24320,0.0,5
24336,0.0,5
24344,0.0,5
24352,0.0,5
24360,0.0,5
24360,0.0,5
24384,0.0,5
24392,0.0,5
24400,1.0,17
24400,0.0,5
24408,1.0,17
24424,0.0,5
24432,0.0,5
24440,0.0,5
24440,0.0,5
24448,0.0,5
24464,0.0,5
24472,0.0,5
24480,0.0,5
24480,0.0,5
24488,2.0,23
24504,2.0,21
24504,0.0,5
24512,0.0,5
24520,0.0,5
24520,0.0,5
24528,0.0,5
24528,2.0,21
24544,0.0,5
24560,0.0,5
24560,0.0,5
24568,0.0,5
24584,0.0,5
24600,0.0,5
24608,0.0,5
24624,0.0,5
24632,2.0,23
24640,0.0,5
24648,0.0,5
24672,0.0,5
24688,0.0,5
24688,2.0,23
24696,2.0,23
24712,0.0,5
24712,2.0,23
24728,0.0,5
24728,0.0,5
24744,2.0,23
24752,0.0,5
24752,0.0,5
24768,0.0,5
24768,0.0,5
24784,0.0,5
24792,0.0,5
24792,0.0,5
24808,2.0,23
24808,0.0,5
24824,0.0,5
24824,2.0,23
24832,0.0,5
24832,1.0,17
24832,0.0,5
24848,0.0,5
24864,0.0,5
24888,0.0,5
24928,0.0,5
24928,1.0,12
24936,2.0,21
24952,1.0,16
24960,1.0,16
24960,1.0,16
24968,0.0,5
24992,0.0,5
25000,2.0,24
25008,0.0,5
25032,1.0,12
25032,0.0,5
25040,0.0,5
25048,2.0,23
25048,0.0,5
25072,0.0,5
25072,0.0,5
25080,0.0,5
25088,0.0,5
25096,1.0,17
25112,0.0,5
25120,0.0,5
25120,2.0,20
25128,0.0,5
25152,0.0,5
25160,2.0,29
25176,1.0,16
25192,0.0,5
25200,1.0,16
25216,1.0,12
25232,1.0,17
25232,0.0,5
25240,0.0,5
25248,1.0,16
25256,1.0,16
25256,0.0,5
25272,0.0,5
25272,1.0,12
25288,1.0,16
25288,0.0,5
25296,0.0,5
25312,0.0,5
25328,0.0,5
25328,0.0,5
25336,0.0,5
25352,0.0,5
25360,1.0,16
25368,0.0,5
25368,0.0,5
25376,0.0,5
25376,1.0,17
25384,1.0,16
25392,0.0,5
25400,0.0,5
25400,1.0,16
25408,0.0,5
25408,0.0,5
25416,0.0,5
25416,0.0,5
25424,0.0,5
25432,0.0,5
25440,0.0,5
25440,0.0,5
25448,0.0,5
25448,0.0,5
25456,0.0,5
25464,0.0,5
25472,0.0,5
25480,0.0,5
25480,0.0,5
25488,0.0,5
25488,0.0,5
25496,0.0,5
25504,0.0,5
25512,0.0,5
25520,0.0,5
25520,0.0,5
25528,0.0,5
25528,0.0,5
25608,1.0,12
25624,1.0,16
25632,1.0,16
25648,0.0,3
25648,0.0,5
25672,3.0,32
25688,2.0,20
25728,1.0,12
25744,1.0,12
25744,1.0,12
25768,1.0,12
25808,3.0,36
25824,1.0,12
25840,1.0,12
25840,1.0,12
25864,1.0,12
25880,0.0,5
25880,4.0,45
25888,4.0,45
25904,1.0,12
25920,0.0,5
25920,0.0,5
25920,1.0,12
25928,0.0,5
25936,1.0,12
25960,0.0,5
25960,1.0,12
26000,0.0,5
26000,1.0,12
26000,0.0,5
26016,1.0,12
26016,1.0,12
26024,1.0,12
26040,0.0,5
26048,4.0,45
26056,0.0,5
26056,0.0,5
26064,0.0,5
26088,0.0,5
26096,1.0,12
26096,1.0,12
26104,0.0,5
26136,0.0,5
26152,1.0,12
26152,1.0,12
26176,0.0,5
26184,1.0,12
26192,0.0,5
26192,0.0,5
26192,1.0,12
26200,1.0,12
26224,0.0,5
26232,0.0,5
26272,1.0,12
26288,1.0,12
26288,1.0,12
26296,4.0,45
26312,0.0,5
26320,1.0,12
26328,1.0,12
26328,0.0,5
26328,0.0,5
26336,0.0,5
26352,0.0,5
26360,0.0,5
26360,3.0,40
26368,0.0,5
26368,0.0,5
26368,0.0,5
26376,0.0,5
26392,0.0,5
26400,0.0,5
26400,0.0,5
26408,0.0,5
26408,0.0,5
26408,0.0,5
26416,0.0,5
26424,2.0,28
26440,0.0,5
26440,0.0,5
26448,0.0,5
26448,0.0,5
26448,0.0,5
26456,0.0,5
26464,0.0,5
26480,0.0,5
26480,0.0,5
26488,0.0,5
26488,0.0,5
26496,0.0,5
26520,0.0,5
26528,0.0,5
26536,0.0,5
26560,0.0,5
26576,0.0,5
26592,1.0,16
26616,0.0,5
26624,2.0,29
26632,0.0,5
26664,0.0,5
26664,2.0,23
26672,0.0,5
26672,2.0,23
26680,2.0,29
26688,1.0,16
26704,0.0,5
26704,0.0,5
26712,2.0,23
26712,0.0,5
26712,0.0,5
26720,0.0,5
26728,0.0,5
26744,1.0,16
26744,0.0,5
26752,0.0,5
26752,0.0,5
26752,0.0,5
26760,0.0,5
26768,0.0,5
26784,0.0,5
26784,0.0,5
26792,0.0,5
26792,0.0,5
26800,0.0,5
26808,0.0,5
26824,0.0,5
26824,0.0,5
26832,0.0,5
26832,0.0,5
26840,1.0,17
26848,1.0,12
26848,0.0,5
26864,0.0,5
26864,0.0,5
26872,0.0,5
26872,0.0,5
26888,0.0,5
26888,0.0,5
26904,0.0,5
26904,0.0,5
26912,0.0,5
26928,1.0,16
26928,0.0,5
26928,0.0,5
26944,0.0,5
26944,0.0,5
26952,0.0,5
26968,1.0,12
26968,0.0,5
26968,0.0,5
26968,0.0,5
26976,1.0,17
26984,0.0,5
26984,0.0,5
26992,0.0,5
27008,0.0,5
27008,0.0,5
27008,0.0,5
27008,0.0,5
27016,0.0,5
27024,0.0,5
27024,0.0,5
27032,0.0,5
27048,0.0,5
27048,0.0,5
27048,0.0,5
27048,0.0,5
27056,0.0,5
27064,0.0,5
27064,0.0,5
27088,0.0,5
27088,0.0,5
27088,0.0,5
27088,0.0,5
27096,0.0,5
27104,0.0,5
27128,0.0,5
27128,0.0,5
27136,0.0,5
27144,0.0,5
27168,0.0,5
27176,0.0,5
27216,2.0,23
27216,0.0,5
27248,2.0,23
27256,0.0,5
27272,2.0,23
27272,2.0,23
27288,0.0,5
27312,2.0,23
27312,0.0,5
27312,0.0,5
27328,2.0,23
27328,0.0,5
27336,2.0,21
27352,0.0,5
27352,0.0,5
27352,1.0,17
27352,0.0,5
27376,0.0,5
27392,0.0,5
27392,0.0,5
27392,0.0,5
27392,0.0,5
27416,0.0,5
27432,0.0,5
27432,0.0,5
27432,0.0,5
27440,2.0,23
27456,0.0,5
27464,1.0,17
27464,1.0,17
27472,0.0,5
27472,0.0,5
27480,0.0,5
27504,0.0,5
27504,0.0,5
27512,0.0,5
27512,0.0,5
27520,0.0,5
27544,0.0,5
27544,0.0,5
27552,0.0,5
27552,0.0,5
27560,2.0,21
27560,0.0,5
27584,0.0,5
27592,0.0,5
27600,0.0,5
27600,0.0,5
27616,2.0,23
27640,2.0,23
27640,0.0,5
27656,0.0,5
27680,0.0,5
27680,1.0,17
27696,0.0,5
27712,1.0,16
27720,0.0,5
27720,1.0,16
27720,0.0,5
27728,1.0,16
27736,2.0,23
27736,0.0,5
27768,1.0,16
27776,0.0,5
27808,0.0,5
27816,0.0,5
27848,1.0,16
27848,1.0,16
27848,1.0,17
27856,1.0,17
27864,1.0,17
27864,1.0,16
27936,1.0,16
27944,1.0,16
27960,1.0,12
27976,1.0,16
27984,1.0,16
27984,1.0,17
27984,1.0,17
28000,1.0,17
28024,0.0,5
28040,0.0,5
28072,1.0,17
28080,0.0,5
28080,1.0,17
28088,1.0,16
28112,1.0,17
28112,0.0,5
28112,1.0,16
28120,1.0,17
28120,0.0,5
28128,0.0,5
28152,0.0,5
28160,0.0,5
28160,0.0,5
28160,1.0,17
28168,0.0,5
28176,1.0,12
28192,0.0,5
28200,0.0,5
28200,0.0,5
28208,0.0,5
28216,0.0,5
28232,0.0,5
28240,0.0,5
28240,0.0,5
28248,0.0,5
28248,1.0,17
28248,1.0,17
28256,0.0,5
28272,0.0,5
28280,0.0,5
28288,0.0,5
28288,0.0,5
28288,0.0,5
28312,0.0,5
28320,0.0,5
28328,0.0,5
28328,0.0,5
28328,0.0,5
28344,2.0,23
28352,0.0,5
28360,0.0,5
28368,0.0,5
28368,0.0,3
28368,0.0,5
28392,0.0,3
28392,0.0,5
28400,0.0,5
28408,2.0,21
28408,0.0,5
28424,2.0,21
28432,0.0,5
28432,0.0,5
28448,0.0,5
28448,0.0,5
28464,0.0,5
28472,0.0,5
28472,0.0,5
28488,0.0,5
28488,0.0,5
28504,0.0,5
28512,2.0,23
28512,0.0,5
28512,0.0,5
28528,0.0,5
28528,0.0,5
28544,0.0,5
28552,2.0,23
28552,0.0,5
28552,0.0,5
28552,0.0,5
28568,0.0,5
28568,0.0,5
28584,2.0,23
28592,0.0,5
28592,0.0,5
28592,0.0,5
28608,0.0,5
28608,0.0,5
28624,0.0,5
28632,0.0,5
28632,0.0,5
28632,0.0,5
28648,0.0,5
28648,0.0,5
28664,0.0,5
28672,0.0,5
28672,0.0,5
28672,0.0,5
28688,0.0,5
28704,0.0,5
28712,0.0,5
28712,0.0,5
28712,0.0,5
28712,2.0,21
28736,2.0,23
28752,0.0,5
28776,0.0,5
28832,2.0,23
28848,1.0,17
28872,0.0,5
28872,2.0,23
28888,2.0,23
28896,2.0,23
28896,2.0,23
28912,0.0,5
28912,0.0,5
28912,1.0,17
28928,0.0,5
28936,0.0,5
28936,2.0,23
28936,0.0,5
28952,0.0,5
28952,0.0,5
28968,0.0,5
28976,0.0,5
28976,0.0,5
28984,1.0,17
28992,0.0,5
28992,0.0,5
29008,0.0,5
29016,0.0,5
29024,0.0,5
29032,0.0,5
29032,0.0,5
29056,0.0,5
29064,0.0,5
29072,1.0,17
29072,0.0,5
29072,0.0,5
29096,0.0,5
29096,2.0,23
29096,1.0,15
29104,0.0,5
29112,0.0,5
29112,0.0,5
29112,0.0,5
29136,0.0,5
29136,0.0,5
29136,0.0,5
29144,0.0,5
29152,0.0,5
29152,0.0,5
29176,0.0,5
29176,0.0,5
29184,0.0,5
29192,0.0,5
29192,2.0,23
29192,0.0,5
29216,0.0,5
29216,0.0,5
29232,0.0,5
29232,0.0,5
29232,0.0,5
29256,0.0,5
29272,0.0,5
29272,0.0,5
29272,0.0,5
29296,0.0,5
29296,2.0,23
29312,0.0,5
29312,0.0,5
29312,0.0,5
29320,2.0,23
29336,0.0,5
29336,0.0,5
29344,0.0,3
29352,0.0,5
29368,2.0,23
29376,0.0,5
29392,0.0,5
29400,2.0,23
29400,0.0,3
29408,0.0,5
29440,0.0,5
29440,0.0,5
29448,1.0,17
29472,0.0,3
29496,2.0,23
29496,0.0,3
29520,2.0,23
29528,1.0,15
29536,2.0,24
29560,0.0,5
29560,2.0,21
29560,1.0,15
29568,1.0,16
29568,0.0,5
29584,0.0,3
29584,0.0,3
29624,0.0,5
29624,1.0,16
29632,1.0,17
29648,0.0,3
29656,0.0,3
29664,0.0,5
29664,1.0,12
29664,1.0,12
29680,1.0,12
29688,0.0,3
29696,0.0,5
29704,0.0,5
29720,0.0,3
29720,0.0,5
29744,0.0,3
29760,0.0,5
29760,2.0,28
29768,1.0,10
29768,0.0,3
29776,1.0,16
29784,1.0,15
29800,0.0,5
29800,0.0,3
29808,0.0,5
29816,1.0,14
29840,0.0,5
29840,0.0,3
29872,1.0,14
29880,3.0,40
29880,0.0,5
29880,1.0,12
29880,0.0,5
29888,1.0,15
29920,0.0,5
29928,0.0,5
29960,0.0,5
29968,0.0,5
29968,2.0,21
30000,0.0,5
30000,1.0,15
30008,0.0,5
30008,1.0,17
30008,0.0,5
30024,2.0,27
30032,0.0,3
30040,0.0,5
30040,0.0,5
30048,0.0,5
30048,0.0,5
30048,2.0,21
30064,2.0,23
30064,0.0,5
30072,0.0,5
30072,0.0,3
30080,0.0,5
30080,0.0,5
30088,0.0,5
30088,0.0,3
30112,0.0,5
30112,0.0,5
30120,0.0,5
30120,0.0,5
30128,0.0,5
30128,0.0,5
30152,0.0,5
30160,0.0,5
30160,0.0,5
30168,0.0,5
30168,0.0,5
30168,1.0,15
30200,0.0,5
30208,0.0,5
30240,0.0,5
30248,2.0,23
30280,0.0,5
30288,0.0,5
30296,2.0,23
30320,0.0,5
30328,0.0,5
30336,0.0,5
30336,2.0,23
30344,2.0,23
30352,2.0,23
30352,2.0,23
30360,0.0,5
30368,0.0,5
30368,0.0,3
30376,0.0,5
30376,0.0,5
30392,2.0,23
30432,0.0,5
30448,1.0,12
30464,1.0,12
30472,1.0,12
30472,1.0,12
30480,1.0,16
30488,1.0,16
30504,1.0,17
30512,0.0,5
30512,0.0,5
30520,0.0,5
30560,1.0,16
30576,1.0,16
30584,1.0,12
30592,1.0,16
30640,1.0,16
30640,1.0,17
30640,1.0,16
30656,1.0,17
30688,1.0,12
30696,1.0,17
30712,1.0,17
30712,1.0,16
30728,0.0,5
30752,0.0,5
30768,1.0,16
30768,1.0,16
30768,0.0,5
30776,1.0,17
30784,1.0,16
30792,0.0,5
30808,0.0,5
30808,1.0,12
30808,0.0,5
30808,0.0,5
30816,0.0,5
30816,0.0,3
30824,0.0,5
30840,0.0,3
30856,0.0,5
30880,0.0,5
30880,0.0,3
30936,1.0,16
30960,0.0,3
30976,2.0,21
30976,2.0,21
30976,2.0,21
30992,2.0,21
31000,0.0,3
31016,0.0,3
31016,0.0,5
31016,0.0,5
31024,0.0,3
31040,0.0,3
31048,2.0,21
31056,2.0,22
31064,0.0,5
31072,0.0,3
31072,4.0,47
31080,0.0,5
31080,0.0,3
31088,1.0,16
31088,0.0,3
31104,0.0,3
31112,0.0,5
31112,0.0,5
31112,0.0,3
31120,0.0,5
31128,0.0,5
31144,0.0,5
31152,0.0,3
31160,0.0,5
31184,2.0,21
31184,2.0,21
31192,0.0,5
31208,0.0,3
31208,0.0,3
31232,1.0,15
31248,0.0,5
31248,1.0,17
31248,0.0,5
31280,2.0,21
31288,0.0,5
31304,0.0,3
31312,2.0,21
31328,2.0,21
31336,0.0,3
31344,0.0,5
31352,0.0,3
31368,1.0,15
31368,1.0,15
31376,0.0,5
31376,2.0,23
31376,0.0,3
31400,1.0,14
31408,0.0,5
31408,0.0,5
31416,2.0,23
31416,0.0,5
31424,0.0,3
31432,0.0,3
31440,0.0,3
31464,1.0,15
31472,0.0,5
31480,0.0,5
31504,0.0,5
31512,1.0,17
31520,1.0,14
31536,1.0,15
31544,0.0,3
31552,0.0,5
31560,2.0,23
31560,1.0,17
31560,0.0,3
31584,1.0,14
31584,0.0,5
31600,1.0,15
31600,0.0,5
31600,0.0,5
31616,1.0,14
31624,0.0,3
31624,0.0,5
31624,0.0,5
31640,0.0,3
31640,0.0,5
31640,0.0,5
31664,0.0,5
31664,0.0,5
31664,0.0,5
31680,0.0,5
31688,0.0,3
31704,1.0,18
31720,2.0,21
31728,0.0,3
31728,0.0,5
31744,0.0,3
31776,1.0,14
31784,0.0,5
31800,1.0,15
31800,0.0,3
31808,2.0,21
31808,2.0,21
31832,2.0,21
31840,0.0,5
31840,0.0,5
31840,1.0,14
31848,0.0,5
31848,0.0,5
31864,1.0,17
31872,0.0,5
31880,0.0,5
31880,0.0,5
31888,0.0,5
31904,0.0,5
31912,0.0,5
31920,0.0,5
31920,0.0,5
31920,1.0,17
31928,0.0,5
31944,0.0,5
31952,0.0,5
31960,0.0,5
31960,0.0,5
31968,0.0,5
31984,0.0,5
31984,1.0,17
31992,0.0,5
32000,0.0,5
32000,0.0,5
32008,0.0,5
32024,0.0,5
32024,2.0,23
32024,0.0,5
32032,0.0,5
32040,0.0,5
32040,0.0,5
32048,1.0,16
32056,0.0,3
32064,0.0,5
32064,0.0,5
32064,0.0,5
32080,0.0,5
32080,0.0,5
32088,0.0,5
32104,0.0,5
32104,0.0,5
32104,0.0,5
32120,0.0,5
32120,0.0,5
32128,0.0,5
32144,0.0,5
32160,0.0,5
32160,0.0,5
32168,0.0,5
32184,0.0,5
32192,2.0,23
32232,1.0,16
32232,0.0,5
32240,2.0,23
32240,1.0,17
32288,1.0,16
32296,1.0,16
32312,1.0,16
32328,1.0,12
32352,2.0,24
32424,2.0,23
32424,2.0,24
32464,0.0,5
32480,2.0,24
32488,2.0,24
32504,2.0,24
32520,1.0,12
32560,0.0,5
32560,1.0,12
32576,1.0,12
32584,1.0,12
32600,4.0,45
32600,0.0,5
32600,0.0,5
32640,0.0,5
32680,0.0,5
32688,4.0,45
32696,1.0,12
32704,1.0,16
32712,4.0,45
32776,1.0,12
32784,1.0,12
32792,1.0,12
32800,1.0,12
32808,1.0,12
32840,0.0,5
32848,0.0,5
32864,4.0,45
32880,1.0,12
32888,1.0,12
32904,0.0,5
32912,0.0,3
32920,1.0,10
32960,4.0,45
32960,4.0,47
32976,1.0,12
32976,1.0,16
33000,1.0,12
33008,1.0,12
33016,1.0,12
33040,0.0,5
33056,1.0,12
33056,0.0,5
33064,3.0,36
33072,1.0,12
33088,1.0,16
33096,0.0,5
33096,0.0,5
33104,1.0,12
33104,0.0,5
33112,0.0,5
33128,0.0,5
33136,1.0,12
33136,0.0,5
33136,0.0,5
33136,0.0,3
33144,0.0,5
33144,0.0,5
33160,0.0,3
33160,0.0,3
33160,0.0,3
33168,0.0,3
33176,0.0,5
33200,0.0,5
33200,0.0,5
33200,0.0,5
33216,0.0,5
33216,2.0,30
33240,1.0,14
33240,0.0,5
33248,1.0,10
33256,1.0,14
33280,0.0,5
33288,0.0,5
33296,0.0,5
33304,0.0,3
33312,1.0,14
33312,1.0,14
33328,1.0,14
33328,0.0,3
33344,1.0,16
33352,0.0,3
33352,0.0,5
33352,1.0,14
33352,0.0,5
33368,0.0,5
33368,0.0,3
33376,0.0,3
33376,0.0,3
33376,0.0,3
33400,0.0,3
33400,1.0,14
33400,0.0,3
33416,1.0,15
33440,0.0,5
33440,0.0,5
33440,0.0,5
33456,0.0,5
33480,1.0,16
33480,1.0,14
33480,0.0,5
33496,0.0,5
33496,1.0,16
33504,0.0,3
33504,1.0,16
33520,0.0,5
33520,0.0,3
33520,0.0,5
33536,0.0,5
33544,0.0,3
33544,0.0,5
33552,1.0,14
33552,1.0,14
33560,0.0,5
33560,0.0,5
33568,0.0,3
33576,0.0,5
33584,0.0,3
33592,0.0,5
33592,0.0,5
33608,0.0,5
33616,0.0,3
33616,0.0,5
33624,1.0,10
33624,0.0,5
33632,0.0,5
33640,0.0,3
33640,1.0,17
33648,0.0,5
33656,0.0,5
33664,0.0,5
33664,0.0,5
33664,1.0,13
33672,0.0,5
33680,0.0,5
33688,0.0,5
33696,0.0,5
33704,0.0,5
33704,0.0,5
33712,0.0,5
33720,0.0,3
33728,0.0,3
33728,0.0,5
33736,0.0,3
33744,0.0,5
33752,0.0,3
33760,0.0,5
33776,0.0,5
33784,1.0,15
33792,0.0,5
33792,1.0,14
33800,0.0,5
33800,0.0,3
33832,0.0,5
33840,0.0,5
33840,0.0,5
33872,1.0,16
33872,2.0,29
33880,0.0,5
33880,0.0,5
33904,0.0,3
33904,0.0,3
33912,1.0,16
33928,1.0,17
33944,0.0,5
33944,0.0,5
33952,0.0,5
33960,1.0,16
33968,0.0,3
33968,0.0,5
33968,0.0,3
33976,0.0,3
33992,0.0,3
34000,0.0,3
34000,0.0,5
34008,0.0,5
34008,1.0,17
34024,0.0,3
34032,0.0,5
34048,0.0,5
34048,0.0,5
34064,0.0,5
34088,4.0,45
34088,1.0,15
34112,1.0,14
34112,2.0,30
34128,0.0,5
34128,0.0,5
34144,1.0,14
34160,1.0,14
34160,1.0,14
34176,1.0,14
34184,0.0,5
34200,0.0,5
34200,0.0,5
34216,0.0,5
34240,1.0,16
34240,1.0,14
34248,1.0,17
34264,0.0,3
34272,0.0,3
34296,2.0,21
34304,0.0,5
34304,1.0,15
34312,0.0,5
34320,1.0,15
34320,1.0,15
34328,0.0,3
34336,1.0,15
34336,0.0,5
34344,0.0,3
34344,0.0,3
34352,0.0,5
34360,0.0,3
34368,1.0,16
34368,0.0,5
34384,0.0,5
34392,0.0,3
34424,1.0,15
34432,0.0,5
34456,0.0,3
34464,1.0,14
34472,1.0,16
34480,1.0,14
34488,1.0,16
34496,1.0,14
34496,0.0,5
34504,2.0,21
34504,0.0,5
34512,0.0,5
34520,0.0,5
34528,0.0,5
34536,0.0,5
34544,0.0,5
34552,1.0,16
34568,0.0,3
34592,0.0,5
34608,0.0,5
34624,1.0,15
34624,1.0,16
34632,1.0,15
34640,1.0,15
34648,1.0,15
34648,0.0,5
34656,1.0,15
34664,0.0,5
34664,0.0,5
34672,0.0,5
34680,0.0,5
34688,0.0,5
34688,0.0,3
34696,0.0,5
34704,0.0,5
34712,0.0,3
34712,1.0,15
34720,0.0,5
34736,0.0,5
34752,0.0,5
34752,0.0,5
34760,1.0,14
34792,1.0,15
34792,0.0,5
34792,0.0,5
34800,0.0,5
34808,1.0,15
34816,1.0,14
34824,0.0,3
34832,0.0,5
34832,0.0,5
34832,1.0,14
34848,0.0,5
34848,1.0,14
34856,0.0,5
34864,0.0,5
34872,0.0,5
34888,0.0,5
34896,0.0,3
34904,0.0,5
34904,1.0,14
34928,0.0,5
34944,1.0,14
34944,0.0,5
34944,1.0,14
34960,1.0,14
34968,0.0,5
34976,1.0,15
34984,0.0,5
34984,0.0,5
34984,0.0,5
35016,0.0,5
35024,0.0,5
35024,0.0,5
35024,0.0,5
35032,1.0,16
35032,1.0,17
35056,1.0,12
35056,0.0,5
35064,0.0,5
35064,0.0,5
35072,0.0,5
35072,0.0,5
35096,0.0,5
35096,1.0,16
35096,0.0,5
35104,0.0,5
35112,0.0,5
35136,0.0,5
35136,0.0,5
35144,0.0,5
35152,0.0,5
35160,1.0,17
35176,0.0,5
35184,0.0,5
35192,1.0,16
35192,0.0,5
35208,1.0,17
35224,1.0,16
35224,0.0,5
35232,0.0,5
35232,0.0,5
35248,0.0,5
35264,1.0,16
35264,0.0,5
35264,0.0,5
35272,0.0,5
35272,0.0,5
35288,1.0,16
35288,0.0,5
35304,0.0,5
35304,0.0,5
35312,1.0,17
35312,0.0,5
35312,0.0,5
35328,0.0,5
35328,0.0,5
35344,0.0,5
35352,0.0,5
35352,0.0,5
35368,0.0,5
35384,0.0,5
35392,0.0,5
35392,0.0,5
35400,1.0,17
35408,0.0,5
35432,0.0,5
35432,0.0,5
35440,0.0,5
35448,0.0,5
35472,0.0,5
35472,0.0,5
35480,0.0,5
35488,0.0,5
35488,2.0,23
35496,2.0,23
35512,2.0,23
35528,0.0,5
35528,0.0,5
35536,0.0,5
35552,0.0,5
35568,2.0,23
35568,0.0,5
35576,0.0,5
35592,0.0,5
35600,1.0,16
35600,1.0,16
35608,0.0,5
35616,1.0,17
35616,0.0,5
35632,0.0,5
35640,1.0,14
35640,0.0,5
35648,0.0,5
35656,0.0,5
35656,0.0,5
35672,0.0,5
35680,0.0,5
35680,0.0,5
35688,0.0,5
35696,0.0,5
35696,0.0,5
35704,1.0,17
35712,0.0,5
35720,0.0,5
35720,0.0,5
35728,1.0,16
35736,0.0,5
35736,0.0,5
35744,0.0,5
35752,0.0,5
35760,0.0,5
35760,0.0,5
35768,0.0,5
35776,0.0,5
35776,0.0,5
35784,0.0,5
35800,1.0,14
35816,0.0,5
35816,0.0,5
35824,0.0,5
35840,0.0,5
35864,1.0,12
35880,0.0,5
35912,1.0,12
35920,0.0,5
35920,1.0,12
35952,2.0,24
35952,0.0,5
35960,0.0,5
35960,1.0,12
35960,0.0,5
35992,0.0,5
35992,0.0,5
36000,0.0,5
36000,0.0,5
36000,0.0,5
36032,0.0,5
36032,0.0,5
36040,0.0,5
36056,0.0,3
36096,0.0,5
36112,4.0,45
36120,4.0,45
36128,1.0,16
36128,1.0,16
36136,0.0,5
36152,0.0,5
36152,1.0,14
36160,0.0,5
36160,1.0,16
36168,0.0,5
36168,0.0,5
36176,4.0,45
36176,0.0,5
36192,0.0,5
36192,0.0,5
36200,0.0,5
36208,0.0,5
36216,0.0,5
36232,0.0,5
36232,0.0,5
36240,0.0,5
36248,0.0,5
36256,0.0,5
36272,0.0,5
36272,0.0,5
36280,0.0,5
36288,1.0,16
36288,0.0,5
36296,0.0,5
36304,1.0,16
36304,1.0,17
36312,0.0,5
36328,0.0,5
36328,0.0,5
36336,0.0,5
36344,0.0,5
36344,0.0,5
36368,0.0,5
36376,0.0,5
36384,0.0,5
36384,0.0,5
36400,1.0,16
36408,0.0,5
36416,1.0,17
36424,0.0,5
36424,0.0,5
36440,0.0,5
36440,1.0,16
36448,0.0,5
36456,0.0,5
36464,0.0,5
36464,1.0,17
36480,0.0,5
36480,0.0,5
36488,0.0,5
36496,0.0,5
36504,0.0,5
36504,1.0,16
36504,0.0,5
36520,0.0,5
36520,0.0,5
36528,0.0,5
36536,0.0,5
36544,0.0,5
36544,0.0,5
36544,0.0,5
36552,1.0,16
36560,0.0,5
36560,0.0,5
36568,0.0,3
36568,0.0,5
36576,0.0,5
36584,0.0,5
36592,0.0,5
36600,0.0,5
36608,0.0,5
36616,0.0,5
36624,0.0,5
36632,0.0,5
36648,0.0,5
36656,0.0,5
36664,0.0,5
36672,1.0,16
36688,0.0,5
36688,1.0,16
36696,1.0,16
36696,0.0,5
36704,0.0,5
36712,0.0,5
36728,1.0,16
36728,0.0,5
36736,0.0,5
36744,0.0,5
36752,0.0,5
36760,1.0,16
36768,0.0,5
36776,0.0,5
36784,0.0,5
36792,0.0,5
36800,0.0,5
36808,0.0,5
36816,1.0,16
36816,0.0,5
36824,0.0,5
36832,0.0,5
36832,1.0,17
36840,0.0,5
36848,0.0,5
36856,0.0,5
36856,0.0,5
36864,0.0,5
36864,1.0,17
36872,0.0,5
36872,0.0,5
36888,0.0,5
36896,0.0,5
36896,0.0,5
36904,0.0,5
36912,0.0,5
36928,0.0,5
36936,0.0,5
36960,1.0,15
36992,1.0,16
37000,1.0,16
37024,1.0,12
37032,1.0,12
37040,1.0,17
37048,1.0,17
37064,0.0,5
37072,0.0,5
37080,2.0,23
37080,1.0,15
37088,1.0,12
37112,0.0,5
37120,0.0,5
37136,1.0,12
37144,1.0,12
37160,1.0,12
37176,1.0,12
37200,0.0,5
37208,1.0,12
37216,1.0,12
37216,0.0,5
37232,1.0,12
37240,1.0,12
37280,3.0,35
37296,1.0,12
37304,1.0,12
37312,1.0,12
37312,1.0,12
37328,1.0,12
37336,1.0,12
37352,0.0,5
37376,1.0,12
37392,1.0,12
37400,1.0,12
37408,1.0,12
37416,0.0,5
37424,1.0,12
37440,0.0,5
37448,1.0,12
37448,4.0,45
37456,0.0,5
37488,1.0,12
37504,1.0,12
37520,1.0,12
37528,0.0,5
37544,1.0,12
37544,1.0,12
37552,1.0,12
37560,0.0,5
37568,0.0,5
37584,0.0,5
37584,0.0,5
37592,0.0,5
37600,0.0,5
37600,1.0,12
37608,0.0,5
37624,0.0,5
37624,0.0,5
37632,0.0,5
37632,2.0,24
37640,0.0,5
37640,0.0,5
37664,0.0,5
37664,0.0,5
37672,0.0,5
37672,0.0,5
37680,0.0,5
37680,0.0,5
37696,4.0,45
37712,0.0,5
37712,0.0,5
37720,0.0,5
37736,1.0,16
37736,0.0,5
37752,0.0,5
37752,0.0,5
37760,0.0,5
37776,0.0,5
37792,1.0,16
37792,1.0,16
37792,0.0,5
37792,0.0,5
37800,0.0,5
37808,1.0,16
37816,0.0,5
37832,0.0,5
37832,0.0,5
37832,0.0,5
37840,0.0,5
37864,1.0,16
37872,0.0,5
37872,0.0,5
37880,0.0,5
37912,0.0,5
37920,0.0,5
37960,0.0,5
37984,2.0,24
38000,0.0,5
38000,1.0,17
38008,2.0,24
38024,2.0,24
38024,0.0,5
38040,0.0,5
38040,0.0,5
38040,2.0,29
38048,0.0,3
38048,0.0,5
38056,2.0,23
38080,0.0,5
38080,0.0,5
38080,0.0,5
38088,0.0,5
38088,0.0,5
38096,0.0,5
38096,2.0,23
38120,0.0,5
38120,0.0,5
38128,0.0,5
38136,0.0,5
38160,1.0,17
38160,0.0,5
38176,0.0,5
38200,0.0,5
38200,0.0,5
38216,0.0,5
38232,1.0,17
38240,0.0,5
38240,0.0,5
38256,0.0,5
38264,2.0,23
38272,2.0,23
38272,0.0,5
38280,0.0,5
38280,0.0,5
38304,2.0,23
38304,0.0,5
38312,0.0,5
38312,2.0,23
38312,0.0,5
38320,0.0,5
38320,0.0,5
38344,0.0,5
38344,0.0,5
38352,0.0,5
38352,0.0,5
38360,0.0,5
38360,0.0,5
38384,0.0,5
38392,0.0,5
38400,0.0,5
38400,0.0,5
38424,0.0,5
38432,0.0,5
38440,0.0,5
38440,2.0,23
38440,0.0,5
38448,1.0,17
38464,0.0,5
38480,0.0,5
38480,0.0,5
38488,0.0,5
38520,0.0,5
38520,0.0,5
38528,0.0,5
38536,2.0,23
38560,1.0,16
38560,0.0,3
38576,1.0,17
38584,0.0,3
38600,0.0,3
38600,0.0,5
38632,1.0,14
38632,1.0,14
38640,0.0,5
38640,1.0,14
38640,3.0,37
38648,2.0,23
38664,0.0,3
38672,0.0,5
38672,0.0,5
38680,0.0,5
38680,0.0,5
38688,0.0,5
38704,0.0,5
38712,0.0,5
38712,1.0,14
38720,1.0,17
38736,0.0,3
38744,0.0,5
38760,0.0,5
38776,0.0,5
38784,0.0,3
38784,0.0,5
38792,1.0,14
38792,1.0,14
38792,1.0,15
38808,0.0,3
38808,1.0,15
38824,0.0,5
38824,1.0,14
38832,0.0,5
38832,0.0,5
38848,0.0,5
38864,0.0,5
38872,0.0,5
38888,0.0,5
38904,0.0,5
38912,0.0,5
38912,1.0,17
38928,0.0,5
38928,1.0,17
38936,1.0,16
38944,0.0,5
38944,1.0,14
38952,1.0,16
38952,0.0,5
38952,0.0,5
38968,0.0,5
38968,0.0,5
38976,0.0,5
38984,0.0,5
38992,0.0,5
38992,0.0,5
38992,0.0,5
39008,0.0,5
39016,0.0,3
39016,0.0,5
39032,0.0,3
39032,0.0,5
39056,0.0,5
39072,1.0,16
39072,0.0,5
39088,1.0,15
39096,0.0,5
39104,1.0,15
39112,0.0,5
39112,0.0,5
39120,1.0,16
39128,0.0,5
39136,0.0,5
39144,0.0,5
39144,1.0,14
39152,1.0,17
39160,0.0,5
39168,0.0,5
39176,0.0,5
39184,0.0,5
39184,0.0,5
39192,0.0,5
39200,0.0,5
39208,0.0,5
39224,0.0,5
39224,0.0,5
39232,1.0,15
39240,0.0,5
39240,1.0,16
39264,0.0,5
39280,0.0,5
39280,0.0,5
39304,1.0,16
39320,0.0,5
39320,0.0,5
39344,0.0,5
39360,0.0,5
39368,1.0,17
39376,2.0,23
39384,0.0,5
39392,2.0,23
39392,2.0,21
39400,0.0,5
39408,0.0,5
39416,0.0,5
39424,0.0,5
39432,0.0,5
39432,0.0,5
39432,2.0,21
39456,0.0,5
39456,1.0,17
39472,0.0,5
39472,0.0,5
39496,0.0,5
39496,0.0,5
39512,0.0,5
39512,0.0,5
39528,1.0,16
39536,0.0,5
39536,1.0,16
39536,0.0,5
39552,0.0,5
39552,1.0,16
39552,0.0,5
39568,0.0,5
39576,0.0,5
39576,0.0,5
39576,0.0,5
39592,0.0,5
39592,0.0,5
39592,0.0,5
39608,0.0,5
39616,0.0,5
39616,0.0,5
39616,2.0,23
39632,0.0,5
39632,0.0,5
39632,0.0,5
39656,0.0,5
39672,0.0,5
39696,0.0,5
39712,0.0,5
39744,1.0,17
39752,1.0,17
39752,1.0,17
39752,0.0,5
39760,2.0,23
39760,1.0,16
39760,1.0,16
39784,0.0,5
39792,0.0,5
39792,0.0,5
39792,0.0,5
39800,0.0,5
39800,0.0,5
39832,0.0,5
39832,0.0,5
39832,0.0,5
39840,0.0,5
39840,0.0,5
39872,0.0,5
39872,0.0,5
39880,0.0,5
39880,2.0,23
39880,0.0,5
39912,0.0,5
39912,0.0,5
39920,0.0,5
39920,0.0,5
39920,0.0,5
39944,2.0,23
39952,0.0,5
39960,0.0,5
39968,2.0,23
39968,1.0,17
39984,0.0,5
39992,0.0,5
40000,0.0,5
40032,0.0,5
40040,0.0,5
40056,1.0,17
40096,0.0,5
40096,2.0,23
40104,1.0,17
40104,2.0,23
40120,1.0,17
40136,0.0,5
40144,0.0,5
40144,0.0,5
40152,2.0,23
40160,0.0,5
40176,0.0,5
40184,0.0,5
40184,0.0,5
40200,0.0,5
40216,2.0,23
40216,0.0,5
40224,2.0,23
40224,0.0,5
40224,0.0,5
40232,1.0,17
40240,0.0,5
40256,0.0,5
40264,0.0,5
40264,0.0,5
40264,0.0,5
40272,0.0,5
40280,0.0,5
40288,0.0,3
40288,1.0,17
40296,0.0,5
40312,0.0,3
40328,0.0,5
40336,0.0,5
40352,1.0,17
40352,0.0,5
40360,0.0,3
40376,0.0,3
40384,1.0,15
40392,0.0,5
40392,1.0,15
40416,0.0,3
40424,0.0,5
40432,0.0,5
40432,2.0,21
40448,0.0,3
40456,1.0,12
40456,0.0,3
40488,0.0,5
40496,0.0,5
40504,1.0,16
40512,1.0,12
40544,0.0,5
40584,0.0,5
40608,1.0,12
40608,1.0,14
40624,2.0,24
40640,4.0,45
40648,0.0,5
40648,0.0,5
40656,3.0,41
40664,0.0,5
40680,2.0,24
40680,1.0,12
40696,0.0,5
40736,1.0,12
40744,1.0,12
40744,3.0,36
40760,1.0,12
40776,1.0,12
40776,1.0,16
40776,1.0,12
40784,0.0,5
40816,0.0,5
40816,0.0,5
40832,1.0,12
40840,1.0,12
40856,1.0,12
40880,1.0,12
40888,2.0,24
40912,1.0,12
40928,0.0,5
40936,1.0,12
40952,0.0,5
40952,1.0,12
40976,1.0,12
41024,1.0,12
41032,1.0,12
41040,2.0,28
41048,1.0,12
41048,0.0,3
41056,1.0,13
41072,0.0,5
41080,0.0,5
41088,0.0,5
41088,0.0,5
41096,0.0,5
41104,1.0,16
41112,0.0,5
41120,0.0,5
41128,0.0,5
41136,4.0,45
41136,0.0,5
41144,0.0,5
41152,3.0,40
41152,0.0,5
41176,0.0,5
41184,0.0,5
41192,0.0,5
41216,0.0,5
41224,0.0,5
41232,0.0,5
41256,0.0,5
41264,0.0,5
41272,2.0,23
41272,0.0,5
41296,2.0,22
41296,0.0,5
41304,0.0,5
41304,2.0,21
41312,0.0,5
41312,2.0,23
41312,0.0,5
41336,0.0,5
41336,0.0,5
41336,0.0,3
41336,2.0,23
41344,0.0,5
41344,0.0,5
41352,0.0,5
41360,0.0,3
41376,0.0,5
41376,0.0,5
41384,0.0,5
41384,0.0,5
41392,0.0,5
41416,0.0,5
41424,0.0,5
41424,0.0,5
41456,0.0,5
41464,0.0,5
41464,0.0,5
41480,2.0,21
41496,0.0,5
41496,1.0,17
41504,2.0,21
41504,0.0,5
41536,0.0,5
41536,0.0,5
41544,0.0,5
41568,2.0,24
41576,2.0,23
41576,0.0,5
41576,0.0,5
41608,0.0,5
41616,0.0,5
41616,1.0,17
41640,1.0,17
41648,2.0,23
41656,0.0,5
41712,1.0,17
41736,1.0,16
41744,1.0,16
41744,1.0,12
41752,0.0,5
41752,1.0,12
41792,0.0,5
41832,0.0,5
41832,1.0,12
41840,1.0,12
41840,1.0,12
41872,0.0,5
41872,4.0,41
41880,0.0,5
41880,0.0,5
41888,4.0,39
41968,1.0,12
41968,3.0,41
41968,1.0,12
41976,1.0,12
41984,1.0,12
41992,0.0,3
42000,0.0,3
42008,0.0,3
42064,1.0,12
42064,1.0,12
42088,1.0,12
42104,1.0,12
42104,2.0,28
42112,4.0,45
42128,0.0,5
42144,0.0,5
42152,0.0,5
42152,0.0,3
42160,3.0,41
42168,0.0,3
42176,0.0,3
42184,0.0,3
42192,0.0,5
42192,1.0,16
42192,1.0,16
42208,0.0,5
42216,0.0,5
42224,0.0,5
42232,0.0,5
42232,0.0,5
42240,1.0,17
42256,0.0,3
42296,0.0,5
42304,1.0,14
42320,1.0,14
42320,3.0,40
42328,0.0,3
42336,1.0,15
42344,1.0,15
42344,0.0,3
42360,0.0,5
42368,1.0,16
42376,0.0,5
42384,0.0,5
42384,0.0,5
42400,0.0,5
42408,0.0,5
42416,1.0,15
42440,2.0,26
42456,0.0,5
42480,0.0,5
42504,1.0,15
42512,2.0,23
42528,1.0,15
42544,2.0,21
42544,0.0,5
42552,0.0,5
42552,2.0,21
42568,0.0,5
42568,2.0,21
42584,0.0,5
42584,0.0,5
42600,1.0,15
42608,0.0,5
42624,2.0,21
42640,0.0,5
42648,0.0,5
42664,0.0,5
42672,1.0,15
42680,0.0,5
42688,1.0,17
42688,1.0,15
42704,1.0,15
42712,0.0,5
42728,0.0,5
42728,0.0,5
42744,0.0,5
42768,0.0,5
42768,1.0,15
42784,0.0,5
42784,1.0,15
42808,0.0,5
42808,0.0,5
42832,1.0,15
42848,2.0,21
42872,0.0,5
42888,0.0,5
42896,4.0,39
42896,2.0,21
42920,1.0,17
42928,0.0,5
42936,0.0,5
42936,0.0,5
42960,0.0,5
42968,0.0,5
42976,0.0,5
43056,1.0,15
43072,1.0,14
43080,1.0,14
43096,4.0,39
43096,0.0,5
43096,1.0,15
43112,0.0,5
43120,0.0,5
43120,4.0,39
43120,4.0,39
43136,0.0,5
43136,0.0,3
43136,0.0,5
43160,0.0,5
43160,0.0,5
43160,0.0,5
43176,0.0,5
43184,4.0,39
43200,0.0,5
43224,0.0,5
43224,1.0,16
43232,1.0,12
43248,1.0,14
43264,0.0,5
43272,0.0,5
43280,1.0,15
43280,1.0,15
43296,1.0,15
43312,0.0,5
43320,1.0,15
43320,1.0,12
43336,0.0,5
43344,1.0,12
43360,1.0,12
43360,0.0,5
43376,0.0,5
43376,1.0,12
43384,0.0,5
43384,0.0,3
43400,0.0,5
43408,1.0,16
43408,1.0,12
43416,0.0,5
43416,1.0,12
43416,0.0,5
43424,0.0,5
43424,0.0,5
43440,0.0,5
43448,0.0,5
43448,0.0,5
43456,0.0,5
43456,0.0,5
43456,0.0,5
43464,0.0,5
43464,0.0,5
43480,0.0,5
43488,0.0,5
43488,0.0,5
43488,0.0,3
43496,0.0,5
43496,0.0,5
43504,0.0,5
43520,0.0,5
43528,0.0,5
43528,0.0,5
43528,0.0,5
43536,0.0,5
43536,0.0,5
43544,0.0,5
43552,0.0,3
43560,0.0,3
43560,0.0,5
43560,1.0,13
43568,0.0,5
43576,0.0,5
43592,0.0,5
43600,0.0,5
43600,0.0,5
43600,0.0,5
43608,0.0,5
43616,0.0,5
43624,0.0,3
43632,0.0,5
43640,0.0,3
43656,1.0,16
43664,0.0,5
43672,0.0,5
43696,0.0,5
43704,1.0,12
43712,1.0,14
43712,0.0,5
43712,1.0,14
43736,1.0,12
43744,0.0,5
43752,0.0,5
43752,0.0,5
43776,1.0,14
43776,0.0,3
43776,0.0,5
43784,0.0,5
43792,0.0,5
43800,0.0,3
43816,0.0,5
43816,0.0,5
43824,1.0,14
43824,1.0,16
43840,0.0,5
43856,0.0,5
43856,0.0,5
43864,0.0,5
43896,1.0,14
43904,1.0,14
43904,0.0,5
43904,4.0,45
43936,0.0,5
43944,0.0,5
43944,0.0,5
43952,1.0,14
43960,1.0,17
43968,1.0,14
43968,1.0,14
43984,0.0,5
43992,0.0,5
44008,0.0,5
44008,0.0,5
44032,1.0,16
44032,0.0,5
44048,1.0,14
44072,0.0,5
44080,1.0,17
44088,0.0,5
44096,1.0,17
44096,0.0,3
44112,1.0,16
44120,0.0,5
44128,1.0,15
44128,0.0,5
44128,1.0,15
44152,0.0,5
44152,1.0,15
44160,0.0,5
44168,0.0,5
44168,0.0,5
44176,0.0,3
44192,0.0,5
44200,0.0,5
44208,0.0,5
44208,0.0,5
44224,1.0,16
44232,1.0,17
44240,0.0,5
44248,0.0,5
44264,1.0,17
44264,0.0,5
44272,0.0,5
44280,0.0,5
44288,0.0,5
44304,0.0,5
44312,0.0,5
44312,1.0,17
44320,0.0,5
44320,1.0,16
44328,0.0,5
44336,1.0,16
44344,0.0,5
44352,0.0,5
44360,0.0,5
44360,0.0,5
44368,0.0,5
44384,0.0,5
44392,1.0,16
44392,0.0,5
44400,0.0,5
44400,0.0,5
44408,0.0,5
44424,0.0,5
44440,0.0,5
44440,0.0,5
44448,0.0,5
44448,1.0,17
44464,0.0,5
44472,1.0,17
44488,0.0,5
44488,0.0,5
44512,0.0,5
44520,1.0,16
44528,0.0,5
44528,1.0,17
44528,0.0,5
44552,0.0,5
44560,0.0,5
44568,1.0,16
44568,0.0,5
44568,0.0,5
44568,1.0,16
44592,1.0,16
44592,0.0,5
44600,0.0,5
44608,0.0,5
44608,0.0,5
44608,0.0,5
44632,0.0,5
44632,0.0,5
44640,0.0,5
44648,0.0,5
44648,0.0,5
44656,1.0,16
44672,0.0,5
44680,0.0,5
44688,0.0,5
44704,1.0,17
44712,0.0,5
44720,0.0,5
44736,1.0,16
44744,0.0,5
44752,0.0,5
44760,1.0,16
44776,0.0,5
44784,0.0,5
44800,0.0,5
44816,0.0,5
44816,1.0,16
44824,0.0,5
44840,0.0,5
44856,0.0,5
44864,0.0,5
44880,0.0,5
44896,0.0,5
44904,0.0,5
44920,0.0,5
44944,0.0,5
44976,4.0,41
44984,4.0,41
44984,0.0,5
44992,1.0,12
45016,0.0,5
45024,0.0,5
45024,0.0,5
45032,0.0,5
45048,4.0,41
45048,2.0,29
45056,1.0,17
45064,0.0,5
45072,0.0,5
45080,4.0,41
45088,0.0,5
45088,0.0,5
45104,0.0,5
45112,0.0,5
45120,0.0,5
45128,0.0,5
45144,1.0,15
45152,0.0,5
45152,1.0,17
45160,0.0,5
45168,0.0,5
45184,0.0,5
45192,0.0,5
45192,0.0,5
45192,1.0,17
45200,0.0,5
45208,0.0,5
45224,0.0,5
45224,1.0,17
45232,0.0,5
45232,0.0,5
45232,0.0,5
45240,0.0,5
45264,0.0,5
45264,0.0,5
45272,0.0,5
45272,2.0,21
45272,0.0,5
45304,0.0,5
45312,0.0,5
45312,0.0,5
45344,0.0,5
45344,1.0,17
45352,0.0,5
45384,0.0,5
45384,0.0,5
45400,1.0,17
45416,2.0,23
45424,0.0,5
45424,0.0,5
45440,0.0,3
45456,2.0,23
45464,0.0,5
45464,0.0,5
45480,0.0,3
45496,2.0,23
45504,0.0,5
45504,0.0,5
45520,0.0,5
45520,0.0,3
45536,2.0,23
45544,0.0,5
45544,0.0,5
45552,3.0,39
45560,0.0,3
45560,0.0,5
45576,1.0,17
45584,0.0,5
45584,2.0,23
45584,0.0,5
45592,0.0,5
45600,0.0,5
45600,0.0,5
45608,0.0,3
45616,0.0,5
45640,1.0,15
45648,0.0,5
45680,0.0,5
45712,1.0,15
45720,1.0,15
45752,2.0,21
45752,2.0,21
45752,0.0,5
45760,0.0,5
45768,1.0,15
45768,2.0,21
45784,2.0,21
45792,0.0,5
45792,0.0,5
45792,0.0,5
45808,0.0,5
45816,0.0,3
45824,0.0,5
45832,0.0,5
45848,2.0,21
45848,0.0,5
45864,0.0,5
45872,0.0,5
45888,0.0,5
45888,1.0,16
45904,0.0,5
45904,1.0,17
45912,1.0,12
45928,0.0,5
45944,0.0,5
45944,0.0,5
45952,0.0,5
45960,2.0,21
45968,0.0,5
45976,1.0,16
46000,0.0,5
46016,0.0,5
46040,2.0,21
46056,0.0,5
46056,2.0,21
46064,1.0,15
46080,0.0,5
46096,0.0,5
46104,0.0,5
46128,2.0,23
46136,0.0,5
46136,1.0,17
46136,2.0,23
46136,2.0,21
46152,0.0,3
46176,0.0,5
46176,0.0,5
46176,0.0,5
46192,0.0,5
46192,1.0,17
46216,0.0,5
46216,0.0,5
46232,0.0,5
46264,2.0,23
46272,0.0,5
46272,1.0,17
46272,2.0,21
46304,0.0,5
46312,1.0,15
46312,0.0,5
46312,0.0,5
46352,0.0,5
46360,2.0,23
46384,2.0,21
46384,2.0,21
46400,0.0,5
46424,1.0,15
46424,0.0,5
46432,1.0,15
46432,1.0,15
46440,2.0,21
46464,0.0,5
46472,0.0,5
46480,0.0,5
46512,0.0,5
46520,2.0,21
46520,1.0,15
46544,1.0,15
46560,0.0,5
46560,0.0,5
46568,1.0,17
46584,1.0,15
46584,0.0,5
46600,1.0,15
46608,0.0,5
46624,0.0,5
46624,0.0,5
46648,0.0,5
46664,0.0,5
46680,1.0,15
46680,1.0,15
46688,2.0,22
46712,3.0,41
46720,0.0,5
46736,1.0,17
46752,0.0,5
46760,0.0,5
46792,0.0,5
46792,2.0,21
46800,0.0,5
46816,1.0,17
46816,2.0,21
46824,1.0,17
46832,2.0,21
46832,0.0,5
46832,0.0,5
46840,0.0,5
46856,0.0,5
46856,0.0,5
46864,0.0,5
46872,0.0,5
46872,0.0,5
46872,0.0,5
46880,0.0,5
46896,0.0,5
46896,0.0,5
46904,0.0,5
46912,0.0,5
46912,0.0,5
46912,0.0,5
46920,2.0,23
46920,0.0,5
46936,0.0,5
46936,0.0,5
46944,0.0,5
46952,0.0,5
46952,0.0,5
46952,0.0,5
46960,0.0,5
46960,0.0,5
46976,0.0,5
46984,0.0,5
46992,0.0,5
46992,0.0,5
46992,0.0,5
47000,0.0,5
47000,0.0,5
47024,0.0,5
47032,0.0,5
47032,0.0,5
47032,0.0,5
47040,0.0,5
47072,0.0,5
47072,0.0,5
47080,0.0,5
47112,0.0,5
47112,0.0,5
47120,0.0,5
47152,0.0,5
47152,0.0,5
47160,0.0,5
47176,2.0,22
47192,0.0,5
47192,0.0,5
47200,0.0,5
47208,2.0,29
47208,2.0,23
47216,0.0,3
47216,2.0,23
47216,0.0,5
47240,0.0,5
47256,0.0,5
47256,0.0,5
47256,0.0,5
47264,4.0,41
47280,0.0,5
47296,0.0,5
47304,0.0,5
47304,1.0,14
47304,1.0,12
47304,1.0,12
47320,0.0,5
47344,0.0,5
47344,0.0,5
47344,0.0,5
47352,1.0,12
47384,0.0,5
47384,1.0,16
47392,0.0,5
47392,1.0,12
47400,1.0,12
47416,1.0,12
47424,0.0,5
47432,0.0,5
47440,1.0,12
47464,0.0,5
47472,1.0,16
47480,1.0,12
47488,1.0,12
47496,1.0,12
47512,0.0,5
47528,1.0,12
47536,0.0,5
47560,1.0,12
47568,0.0,5
47568,1.0,16
47576,1.0,12
47584,1.0,12
47600,0.0,5
47608,0.0,5
47616,0.0,5
47624,0.0,5
47648,1.0,17
47648,2.0,29
47664,1.0,12
47688,0.0,5
47696,1.0,12
47704,1.0,12
47712,1.0,12
47720,1.0,12
47728,2.0,24
47744,1.0,12
47744,0.0,5
47760,0.0,5
47760,1.0,12
47768,0.0,5
47784,1.0,12
47784,0.0,5
47808,1.0,12
47808,0.0,5
47824,0.0,5
47840,1.0,12
47848,0.0,5
47848,0.0,5
47856,1.0,12
47880,1.0,12
47888,0.0,5
47888,2.0,24
47888,0.0,5
47920,1.0,12
47928,0.0,5
47952,1.0,12
47952,2.0,24
47968,0.0,5
47968,1.0,16
47976,1.0,12
47984,1.0,12
47992,0.0,5
47992,0.0,5
48008,0.0,5
48008,0.0,5
48016,1.0,12
48016,0.0,5
48024,0.0,5
48032,0.0,5
48032,0.0,5
48048,0.0,5
48056,0.0,5
48072,0.0,5
48080,2.0,24
48120,1.0,14
48136,1.0,14
48144,1.0,14
48144,1.0,16
48160,0.0,5
48168,1.0,15
48176,0.0,5
48184,1.0,14
48184,0.0,5
48208,1.0,16
48208,0.0,5
48224,2.0,21
48248,0.0,5
48248,0.0,5
48264,0.0,5
48280,1.0,15
48280,1.0,17
48304,1.0,15
48304,1.0,16
48320,1.0,17
48320,0.0,5
48344,0.0,5
48344,0.0,5
48360,0.0,5
48360,0.0,5
48360,1.0,14
48368,1.0,15
48384,0.0,5
48392,1.0,16
48400,0.0,5
48408,0.0,5
48416,1.0,17
48432,0.0,5
48456,0.0,5
48464,1.0,15
48472,1.0,14
48472,0.0,5
48480,1.0,15
48496,1.0,14
48504,0.0,5
48512,0.0,5
48520,0.0,5
48520,1.0,15
48528,1.0,15
48536,0.0,5
48552,0.0,5
48560,0.0,5
48568,0.0,5
48576,1.0,15
48592,0.0,3
48592,1.0,15
48600,0.0,5
48616,0.0,5
48624,1.0,15
48632,0.0,5
48632,1.0,14
48632,0.0,5
48656,1.0,15
48664,0.0,5
48672,0.0,5
48672,1.0,15
48696,0.0,5
48712,1.0,14
48728,1.0,14
48736,0.0,5
48752,0.0,5
48776,1.0,14
48792,1.0,15
48792,0.0,5
48800,2.0,21
48800,1.0,16
48800,2.0,21
48832,0.0,5
48840,0.0,5
48840,0.0,5
48848,1.0,14
48864,1.0,17
48872,0.0,5
48880,0.0,5
48888,0.0,5
48904,0.0,5
48912,1.0,17
48912,1.0,15
48976,1.0,17
48984,1.0,14
48992,2.0,24
49008,0.0,3
49008,1.0,15
49016,0.0,3
49016,0.0,5
49048,2.0,21
49048,0.0,5
49048,1.0,17
49056,0.0,5
49072,0.0,3
49088,0.0,5
49088,0.0,5
49096,2.0,23
49112,0.0,5
49120,0.0,3
49128,2.0,28
49144,1.0,17
49152,0.0,5
49160,0.0,5
49168,0.0,5
49176,1.0,15
49184,0.0,5
49192,0.0,5
49200,2.0,23
49208,0.0,5
49216,0.0,5
49224,0.0,5
49240,0.0,3
49240,0.0,5
49256,2.0,21
49264,0.0,5
49272,2.0,23
49280,0.0,5
49280,1.0,15
49288,0.0,3
49296,0.0,5
49320,0.0,5
49328,0.0,5
49336,0.0,5
49360,2.0,21
49360,1.0,15
49360,0.0,5
49376,0.0,5
49376,2.0,21
49400,0.0,5
49400,0.0,5
49400,0.0,5
49408,1.0,17
49416,0.0,5
49416,0.0,5
49432,0.0,3
49440,0.0,5
49440,0.0,5
49440,0.0,5
49448,2.0,21
49456,0.0,5
49472,0.0,5
49480,0.0,5
49480,0.0,5
49488,0.0,5
49496,0.0,5
49512,2.0,23
49512,0.0,5
49520,0.0,5
49520,0.0,5
49528,0.0,5
49536,0.0,5
49552,0.0,5
49560,0.0,5
49560,0.0,5
49568,0.0,5
49576,0.0,5
49592,0.0,5
49600,0.0,5
49600,2.0,23
49608,0.0,5
49616,0.0,5
49624,2.0,23
49632,0.0,5
49640,0.0,5
49648,0.0,5
49656,0.0,5
49664,0.0,5
49672,0.0,5
49680,0.0,5
49688,0.0,5
49696,2.0,23
49696,0.0,5
49704,0.0,5
49712,0.0,5
49720,0.0,5
49736,1.0,17
49736,0.0,5
49736,0.0,5
49744,2.0,23
49744,0.0,5
49760,0.0,5
49776,0.0,5
49776,0.0,5
49776,0.0,5
49784,0.0,5
49816,0.0,5
49816,0.0,5
49816,0.0,5
49856,0.0,5
49856,0.0,5
49872,2.0,23
49880,1.0,17
49896,2.0,23
49896,0.0,5
49896,0.0,5
49912,0.0,5
49920,0.0,5
49936,0.0,5
49936,0.0,5
49944,2.0,23
49952,0.0,5
49960,0.0,5
49968,2.0,23
49976,0.0,5
49976,0.0,5
49984,0.0,5
49992,0.0,5
50000,0.0,5
50000,2.0,23
50016,0.0,5
50016,0.0,5
50024,0.0,5
50040,0.0,5
50064,0.0,5
50080,2.0,23
50104,0.0,5
50104,1.0,17
50112,1.0,15
50120,0.0,5
50136,1.0,15
50144,0.0,3
50144,0.0,5
50168,2.0,21
50176,0.0,5
50184,2.0,21
50208,0.0,5
50208,2.0,21
50248,0.0,5
50248,0.0,5
50272,2.0,21
50296,0.0,3
50296,2.0,23
50312,2.0,21
50320,0.0,3
50320,0.0,3
50328,2.0,23
50336,0.0,3
50344,2.0,21
50344,0.0,3
50352,0.0,3
50360,0.0,5
50360,0.0,3
50368,0.0,3
50368,2.0,23
50368,1.0,15
50376,0.0,3
50384,0.0,5
50392,0.0,3
50392,0.0,3
50400,0.0,5
50408,0.0,5
50416,0.0,5
50416,0.0,3
50416,2.0,21
50424,0.0,4
50440,0.0,3
50440,0.0,5
50448,0.0,5
50456,0.0,5
50464,0.0,3
50504,1.0,15
50504,0.0,5
50528,2.0,21
50536,1.0,15
50544,0.0,5
50544,0.0,5
50552,0.0,3
50576,0.0,3
50576,0.0,5
50576,1.0,15
50608,0.0,4
50608,2.0,23
50608,2.0,21
50616,0.0,5
50616,2.0,21
50632,0.0,3
50632,0.0,3
50640,0.0,3
50648,0.0,5
50656,0.0,3
50656,0.0,3
50664,0.0,3
50688,0.0,4
50696,0.0,5
50704,0.0,5
50712,2.0,21
50712,2.0,21
50728,0.0,5
50736,0.0,3
50736,0.0,3
50744,2.0,21
50744,0.0,5
50760,0.0,3
50760,0.0,3
50768,0.0,3
50768,0.0,3
50784,2.0,21
50792,0.0,4
50792,0.0,3
50792,0.0,3
50800,0.0,5
50808,0.0,3
50816,2.0,21
50816,1.0,15
50832,0.0,5
50832,0.0,3
50840,0.0,5
50856,0.0,5
50856,0.0,5
50872,0.0,5
50872,0.0,5
50880,0.0,3
50904,0.0,3
50912,0.0,5
50920,1.0,16
50944,0.0,5
50952,1.0,14
50960,0.0,5
50968,1.0,14
50984,0.0,3
50984,1.0,14
50992,0.0,5
51008,0.0,5
51008,0.0,3
51016,0.0,3
51024,1.0,14
51032,0.0,3
51040,0.0,3
51040,4.0,39
51048,0.0,5
51056,1.0,14
51064,0.0,5
51064,0.0,3
51072,0.0,3
51072,0.0,5
51080,1.0,12
51080,0.0,5
51088,0.0,3
51088,0.0,3
51096,0.0,5
51104,0.0,3
51104,4.0,39
51112,0.0,3
51112,0.0,3
51120,0.0,3
51144,0.0,3
51144,0.0,5
51152,0.0,5
51184,1.0,14
51192,1.0,14
51200,1.0,16
51224,1.0,15
51240,1.0,16
51264,0.0,5
51264,1.0,14
51272,1.0,16
51272,1.0,16
51280,0.0,5
51288,0.0,3
51288,1.0,12
51304,0.0,5
51312,0.0,5
51312,0.0,3
51312,0.0,3
51312,0.0,5
51320,1.0,17
51336,1.0,17
51336,0.0,3
51344,0.0,3
51368,0.0,3
51376,0.0,5
51400,1.0,15
51408,0.0,5
51424,1.0,14
51424,1.0,15
51424,0.0,3
51432,1.0,15
51432,0.0,3
51432,1.0,15
51448,0.0,3
51448,0.0,3
51456,0.0,3
51456,0.0,3
51464,0.0,5
51472,0.0,5
51472,1.0,17
51480,0.0,3
51488,1.0,14
51488,0.0,5
51504,0.0,5
51520,0.0,5
51528,0.0,5
51568,0.0,5
51576,1.0,16
51592,1.0,15
51600,1.0,14
51608,1.0,17
51616,1.0,14
51616,0.0,5
51632,0.0,5
51632,2.0,22
51640,0.0,5
51648,0.0,5
51656,0.0,5
51672,0.0,5
51688,0.0,5
51688,1.0,15
51688,2.0,21
51728,0.0,5
51728,0.0,5
51736,1.0,15
51760,1.0,15
51776,1.0,15
51800,2.0,21
51816,0.0,5
51840,0.0,5
51848,1.0,15
51856,2.0,21
51856,2.0,23
51856,0.0,5
51872,1.0,17
51888,0.0,5
51896,0.0,5
51896,0.0,5
51896,2.0,21
51896,1.0,17
51912,0.0,5
51928,0.0,5
51936,0.0,5
51936,0.0,5
51952,0.0,5
51960,1.0,15
52000,0.0,5
52016,1.0,15
52016,1.0,15
52024,2.0,21
52040,0.0,5
52048,1.0,14
52056,0.0,5
52056,0.0,5
52056,1.0,15
52088,0.0,5
52096,0.0,5
52096,0.0,5
52096,2.0,21
52120,2.0,21
52136,0.0,5
52136,0.0,5
52152,1.0,14
52160,1.0,17
52160,0.0,5
52176,1.0,15
52176,0.0,5
52176,0.0,5
52184,0.0,3
52192,0.0,5
52200,0.0,5
52208,1.0,14
52208,1.0,15
52216,0.0,5
52216,0.0,5
52216,0.0,5
52232,0.0,5
52248,0.0,5
52248,0.0,5
52256,0.0,5
52256,0.0,5
52272,0.0,5
52288,0.0,5
52296,0.0,5
52312,0.0,5
52320,1.0,17
52320,1.0,15
52328,0.0,5
52336,0.0,5
52352,0.0,5
52360,0.0,5
52360,0.0,5
52368,0.0,5
52376,0.0,5
52392,0.0,5
52400,0.0,5
52400,2.0,23
52408,0.0,5
52416,0.0,5
52432,2.0,23
52440,2.0,23
52440,0.0,5
52448,0.0,5
52464,0.0,3
52472,0.0,5
52480,0.0,5
52504,0.0,5
52528,2.0,21
52544,0.0,5
52560,2.0,21
52568,0.0,5
52584,2.0,21
52584,0.0,5
52592,1.0,15
52600,0.0,5
52616,2.0,21
52624,0.0,5
52632,0.0,5
52640,0.0,5
52648,2.0,21
52680,0.0,5
52688,1.0,15
52688,0.0,5
52712,3.0,39
52728,0.0,5
52744,1.0,15
52752,1.0,17
52752,1.0,15
52768,0.0,5
52792,0.0,5
52792,0.0,5
52808,1.0,15
52832,0.0,5
52848,2.0,21
52848,1.0,17
52848,0.0,5
52856,3.0,34
52880,1.0,17
52888,0.0,5
52888,0.0,5
52896,0.0,5
52920,0.0,5
52928,0.0,5
52936,2.0,21
52944,1.0,12
52960,2.0,21
52968,0.0,3
52976,0.0,5
52984,0.0,3
52992,1.0,12
53000,2.0,21
53000,1.0,14
53008,0.0,5
53008,0.0,3
53024,0.0,3
53032,0.0,5
53040,0.0,5
53048,0.0,3
53048,0.0,5
53088,0.0,5
53088,2.0,21
53088,0.0,5
53096,2.0,21
53096,1.0,15
53112,0.0,3
53120,0.0,3
53136,0.0,3
53144,0.0,3
53160,1.0,15
53176,2.0,21
53176,0.0,5
53200,0.0,3
53200,0.0,5
53216,0.0,5
53216,2.0,23
53224,0.0,3
53232,1.0,17
53240,0.0,5
53240,0.0,3
53256,2.0,21
53256,2.0,21
53264,0.0,3
53272,0.0,5
53280,0.0,3
53280,1.0,17
53280,0.0,3
53304,0.0,3
53304,0.0,3
53304,0.0,5
53320,0.0,5
53344,0.0,5
53360,1.0,17
53384,2.0,21
53384,0.0,5
53408,0.0,3
53408,2.0,21
53424,1.0,15
53432,0.0,3
53432,0.0,3
53440,1.0,17
53440,2.0,21
53456,0.0,3
53464,0.0,3
53464,0.0,5
53472,0.0,5
53480,0.0,5
53488,2.0,21
53488,0.0,3
53496,0.0,5
53512,0.0,3
53528,0.0,5
53536,0.0,3
53536,0.0,5
53544,2.0,23
53552,2.0,21
53568,0.0,3
53568,0.0,5
53576,0.0,5
53576,0.0,3
53592,0.0,3
53600,0.0,3
53616,0.0,5
53632,0.0,5
53632,2.0,21
53648,2.0,21
53656,2.0,23
53656,0.0,3
53680,0.0,3
53680,0.0,3
53688,0.0,5
53704,2.0,21
53720,0.0,5
53720,0.0,5
53728,0.0,5
53728,0.0,3
53736,2.0,21
53736,1.0,17
53752,1.0,15
53752,0.0,3
53760,0.0,3
53760,0.0,5
53776,0.0,5
53784,2.0,21
53784,0.0,3
53792,0.0,5
53792,0.0,5
53808,0.0,3
53824,0.0,5
53832,0.0,3
53840,1.0,15
53848,1.0,15
53864,0.0,5
53872,0.0,5
53880,0.0,5
53888,0.0,5
53928,2.0,21
53944,2.0,21
53960,2.0,21
53976,2.0,23
53984,0.0,3
53984,0.0,5
54000,0.0,3
54024,0.0,5
54024,1.0,12
54040,0.0,5
54048,0.0,3
54088,0.0,5
54104,1.0,15
54128,0.0,5
54144,1.0,15
54144,0.0,5
54152,0.0,3
54160,1.0,15
54176,4.0,39
54184,0.0,5
54184,0.0,5
54200,4.0,39
54200,4.0,41
54200,0.0,5
54208,4.0,41
54240,0.0,5
54240,0.0,5
54248,1.0,12
54264,0.0,3
54272,1.0,12
54280,0.0,5
54296,1.0,14
54304,1.0,12
54312,0.0,5
54344,0.0,5
54376,1.0,16
54392,2.0,24
54392,1.0,14
54392,1.0,12
54400,1.0,17
54416,0.0,5
54432,0.0,5
54432,1.0,15
54432,0.0,5
54432,0.0,5
54440,0.0,5
54456,0.0,3
54456,0.0,3
54456,0.0,5
54464,1.0,15
54472,0.0,5
54472,0.0,5
54480,0.0,3
54480,0.0,3
54496,4.0,39
54496,0.0,5
54504,0.0,3
54512,0.0,5
54520,0.0,5
54552,1.0,14
54576,0.0,3
54600,1.0,17
54608,1.0,14
54624,1.0,14
54632,1.0,17
54632,1.0,14
54640,0.0,5
54640,2.0,21
54648,0.0,5
54656,0.0,3
54664,0.0,3
54672,0.0,5
54680,2.0,22
54688,0.0,3
54704,1.0,16
54720,0.0,5
54728,0.0,3
54752,1.0,14
54760,1.0,17
54760,0.0,5
54768,0.0,5
54768,1.0,15
54776,1.0,15
54792,0.0,5
54792,1.0,15
54800,0.0,5
54816,0.0,5
54816,0.0,3
54824,1.0,17
54832,0.0,5
54864,0.0,5
54920,1.0,15
54928,2.0,21
54936,2.0,21
54944,1.0,16
54952,0.0,3
54960,0.0,3
54960,0.0,5
54960,2.0,24
54976,0.0,3
54984,0.0,3
54984,0.0,5
54984,1.0,15
55000,0.0,5
55016,0.0,5
55024,0.0,5
55024,0.0,5
55048,2.0,27
55064,0.0,5
55064,0.0,5
55072,1.0,14
55104,1.0,15
55104,0.0,5
55112,1.0,14
55128,4.0,39
55144,1.0,16
55176,1.0,14
55176,1.0,16
55184,0.0,5
55208,1.0,17
55208,1.0,12
55224,1.0,15
55272,1.0,12
55272,1.0,12
55280,1.0,12
55304,1.0,12
55320,2.0,24
55320,1.0,12
55344,0.0,3
55344,1.0,17
55360,0.0,5
55368,1.0,12
55368,1.0,12
55376,1.0,12
55400,0.0,5
55400,1.0,12
55408,0.0,5
55440,1.0,12
55440,1.0,12
55464,1.0,12
55464,4.0,45
55472,1.0,12
55480,0.0,5
55496,1.0,12
55504,0.0,5
55504,0.0,5
55512,0.0,5
55520,0.0,5
55536,1.0,12
55552,0.0,5
55560,0.0,5
55592,1.0,12
55600,2.0,24
55600,1.0,12
55600,1.0,12
55632,1.0,12
55640,0.0,5
55648,1.0,12
55656,1.0,12
55672,0.0,5
55680,0.0,5
55688,1.0,12
55696,1.0,12
55696,1.0,12
55696,0.0,5
55712,0.0,5
55736,0.0,5
55744,1.0,12
55752,0.0,5
55760,4.0,45
55776,1.0,12
55784,1.0,12
55792,1.0,12
55824,0.0,5
55832,1.0,12
55840,1.0,12
55856,1.0,12
55864,0.0,5
55872,1.0,12
55872,0.0,5
55888,1.0,12
55896,0.0,5
55912,0.0,5
55928,0.0,5
55936,1.0,12
55960,1.0,12
55968,0.0,5
56000,0.0,5
56008,1.0,17
56008,1.0,12
56024,1.0,16
56032,1.0,12
56048,0.0,5
56056,4.0,45
56064,1.0,12
56064,0.0,5
56072,0.0,5
56088,0.0,5
56096,0.0,5
56104,1.0,12
56104,0.0,5
56104,0.0,5
56112,4.0,45
56144,0.0,5
56184,1.0,12
56224,0.0,5
56240,2.0,21
56264,0.0,3
56272,2.0,21
56288,3.0,36
56296,0.0,3
56304,0.0,5
56328,0.0,5
56328,0.0,3
56336,0.0,5
56360,0.0,3
56368,0.0,5
56368,3.0,34
56368,0.0,5
56384,3.0,30
56392,3.0,36
56400,0.0,5
56408,0.0,5
56408,0.0,5
56424,0.0,5
56448,4.0,42
56464,0.0,5
56488,0.0,5
56496,3.0,34
56528,1.0,15
56528,1.0,17
56536,0.0,5
56536,2.0,21
56560,0.0,3
56568,2.0,21
56568,0.0,5
56576,2.0,21
56576,0.0,5
56600,0.0,5
56608,1.0,15
56608,0.0,5
56616,0.0,5
56616,0.0,5
56632,2.0,21
56640,0.0,5
56648,0.0,5
56648,0.0,5
56672,0.0,5
56688,0.0,5
56688,1.0,15
56712,2.0,23
56752,0.0,5
56784,2.0,21
56792,1.0,15
56800,2.0,23
56808,2.0,21
56816,2.0,21
56824,0.0,5
56832,0.0,5
56840,0.0,5
56848,0.0,5
56856,0.0,5
56864,0.0,5
56872,0.0,5
56872,1.0,15
56904,0.0,5
56912,0.0,5
56952,0.0,5
56960,3.0,34
56960,1.0,15
56968,1.0,15
56976,1.0,15
56992,0.0,5
57000,0.0,5
57000,0.0,5
57008,0.0,5
57016,0.0,5
57016,4.0,41
57032,0.0,5
57040,0.0,5
57040,0.0,5
57048,0.0,5
57056,0.0,5
57056,0.0,5
57080,0.0,5
57080,0.0,5
57096,0.0,5
57096,0.0,5
57120,0.0,5
57120,0.0,5
57136,0.0,5
57136,0.0,5
57160,0.0,5
57176,0.0,5
57176,0.0,5
57184,4.0,39
57200,0.0,5
57216,0.0,5
57216,0.0,5
57232,4.0,41
57240,0.0,5
57256,0.0,5
57264,2.0,27
57272,0.0,5
57304,0.0,5
57312,0.0,5
57320,1.0,17
57336,1.0,12
57336,0.0,3
57344,0.0,5
57360,0.0,5
57360,4.0,41
57376,0.0,5
57416,0.0,5
57448,4.0,41
57456,1.0,12
57456,1.0,12
57464,1.0,16
57480,1.0,17
57488,0.0,5
57496,0.0,5
57512,1.0,12
57536,0.0,5
57544,4.0,41
57552,0.0,5
57560,1.0,12
57576,0.0,5
57576,1.0,12
57584,0.0,3
57584,0.0,5
57584,1.0,12
57584,4.0,41
57592,1.0,17
57592,0.0,5
57616,0.0,5
57616,0.0,5
57624,0.0,5
57624,0.0,5
57624,0.0,5
57624,0.0,5
57632,0.0,5
57632,0.0,5
57648,0.0,3
57656,0.0,5
57656,0.0,5
57664,0.0,5
57664,0.0,5
57664,0.0,5
57672,0.0,5
57688,0.0,5
57696,0.0,5
57704,0.0,5
57704,0.0,5
57704,0.0,5
57712,0.0,5
57728,0.0,5
57816,1.0,14
57816,2.0,23
57816,1.0,14
57832,1.0,16
57840,2.0,23
57856,0.0,5
57856,0.0,5
57856,0.0,5
57872,0.0,5
57880,0.0,5
57896,2.0,21
57912,0.0,5
57936,0.0,5
57968,3.0,32
57976,1.0,15
57976,1.0,15
57984,3.0,36
58008,0.0,5
58016,0.0,5
58024,0.0,5
58032,1.0,15
58048,2.0,21
58056,0.0,5
58144,1.0,15
58168,1.0,17
58176,2.0,21
58184,3.0,41
58184,0.0,5
58208,0.0,5
58216,2.0,30
58224,2.0,21
58256,0.0,5
58264,4.0,41
58304,0.0,5
58304,1.0,15
58328,1.0,18
58344,0.0,5
58344,3.0,37
58344,0.0,5
58360,1.0,17
58368,0.0,5
58376,2.0,21
58400,0.0,5
58408,2.0,29
58408,0.0,5
58416,0.0,5
58424,2.0,21
58448,0.0,5
58456,0.0,5
58480,1.0,17
58488,0.0,5
58496,0.0,5
58512,2.0,21
58512,2.0,21
58520,1.0,15
58528,0.0,5
58536,0.0,5
58552,0.0,5
58552,0.0,5
58560,0.0,5
58560,1.0,17
58568,0.0,5
58576,2.0,21
58592,0.0,5
58592,0.0,5
58600,0.0,5
58608,0.0,5
58616,0.0,5
58624,1.0,18
58632,0.0,5
58640,0.0,5
58648,0.0,5
58656,0.0,5
58664,0.0,5
58672,0.0,5
58680,0.0,5
58696,0.0,5
58696,1.0,17
58712,0.0,5
58720,0.0,5
58720,2.0,23
58728,1.0,17
58736,0.0,5
58736,0.0,5
58752,0.0,5
58760,0.0,5
58768,0.0,5
58776,0.0,5
58776,0.0,5
58792,0.0,5
58808,0.0,5
58816,0.0,5
58832,2.0,23
58848,2.0,23
58848,0.0,5
58872,0.0,5
58888,0.0,5
58896,1.0,17
58904,2.0,23
58944,0.0,5
58960,2.0,23
58984,0.0,5
58984,2.0,24
58984,1.0,17
59000,2.0,23
59000,0.0,5
59024,0.0,5
59032,1.0,17
59040,0.0,5
59056,2.0,23
59056,2.0,21
59072,0.0,5
59080,0.0,5
59096,0.0,5
59104,1.0,15
59120,1.0,17
59120,1.0,15
59144,0.0,5
59160,0.0,5
59160,0.0,5
59184,0.0,5
59192,2.0,21
59216,1.0,15
59240,2.0,21
59240,2.0,23
59248,2.0,21
59256,0.0,5
59280,0.0,5
59280,0.0,5
59288,0.0,5
59296,0.0,5
59320,0.0,5
59328,1.0,17
59328,0.0,5
59336,0.0,5
59344,2.0,23
59344,2.0,23
59352,2.0,21
59360,0.0,5
59368,0.0,5
59368,0.0,5
59376,0.0,5
59384,0.0,5
59384,0.0,5
59392,0.0,5
59400,0.0,5
59408,0.0,5
59408,0.0,5
59408,0.0,3
59432,0.0,5
59448,0.0,5
59448,0.0,5
59472,0.0,5
59488,0.0,5
59504,1.0,12
59512,0.0,5
59528,0.0,5
59544,0.0,5
59552,0.0,5
59560,2.0,23
59576,3.0,37
59584,0.0,5
59592,0.0,5
59600,0.0,5
59616,0.0,5
59624,0.0,5
59624,1.0,12
59632,0.0,5
59632,2.0,29
59640,0.0,5
59656,0.0,5
59664,0.0,5
59672,0.0,5
59672,0.0,5
59680,0.0,5
59704,0.0,5
59712,0.0,5
59720,0.0,5
59728,4.0,43
59736,3.0,36
59744,0.0,5
59752,0.0,5
59760,0.0,5
59768,0.0,5
59776,0.0,5
59784,0.0,5
59792,0.0,5
59808,2.0,23
59808,0.0,5
59816,0.0,5
59832,0.0,5
59840,2.0,23
59848,0.0,5
59848,0.0,5
59856,2.0,23
59856,0.0,5
59872,0.0,5
59880,0.0,5
59888,0.0,5
59888,0.0,5
59896,0.0,5
59896,0.0,5
59912,0.0,5
59928,0.0,5
59928,0.0,5
59936,0.0,5
59936,0.0,5
59944,2.0,23
59952,0.0,5
59968,0.0,5
59968,0.0,5
59976,0.0,5
59976,0.0,5
60008,0.0,5
60008,0.0,5
60016,0.0,5
60016,0.0,5
60016,1.0,17
60048,0.0,5
60048,0.0,5
60056,0.0,5
60056,0.0,5
60088,0.0,5
60096,0.0,5
60096,0.0,5
60096,3.0,39
60128,2.0,23
60128,0.0,5
60136,0.0,5
60136,0.0,5
60136,2.0,23
60136,0.0,5
60152,1.0,17
60168,0.0,5
60176,0.0,5
60176,0.0,5
60176,0.0,5
60176,0.0,5
60192,0.0,5
60208,0.0,5
60216,0.0,5
60216,0.0,5
60216,0.0,5
60216,0.0,5
60232,2.0,23
60248,0.0,5
60256,0.0,5
60256,0.0,5
60256,0.0,5
60264,1.0,17
60272,0.0,5
60288,0.0,5
60296,0.0,5
60304,0.0,5
60336,1.0,15
60344,0.0,5
60376,0.0,5
60376,2.0,23
60408,1.0,17
60416,0.0,5
60416,0.0,5
60440,2.0,23
60440,2.0,23
60456,0.0,5
60456,0.0,5
60464,2.0,21
60464,1.0,15
60472,2.0,23
60480,0.0,5
60480,0.0,5
60496,0.0,5
60496,0.0,5
60504,0.0,5
60512,0.0,5
60520,0.0,5
60520,0.0,5
60536,0.0,5
60544,0.0,5
60552,0.0,5
60560,0.0,5
60560,0.0,5
60576,0.0,5
60592,2.0,23
60592,0.0,5
60600,0.0,5
60600,0.0,5
60632,0.0,5
60632,1.0,17
60640,0.0,5
60640,0.0,5
60648,2.0,23
60672,0.0,5
60672,0.0,5
60680,0.0,5
60680,0.0,5
60688,0.0,5
60712,0.0,5
60720,0.0,5
60720,0.0,5
60728,2.0,23
60728,1.0,17
60752,0.0,5
60760,0.0,5
60760,2.0,23
60760,0.0,5
60768,0.0,5
60792,0.0,5
60800,0.0,5
60800,0.0,5
60800,0.0,5
60808,0.0,5
60824,1.0,17
60832,0.0,5
60840,0.0,5
60840,0.0,5
60840,0.0,5
60856,2.0,23
60864,0.0,5
60872,0.0,5
60880,0.0,5
60880,0.0,5
60880,0.0,5
60912,0.0,5
60920,0.0,5
60920,0.0,5
60920,0.0,5
60944,1.0,17
60952,0.0,5
60960,0.0,5
60960,0.0,5
60960,0.0,5
60984,0.0,5
60992,1.0,17
60992,0.0,5
61000,1.0,17
61000,0.0,5
61000,0.0,5
61000,0.0,5
61024,3.0,37
61024,0.0,5
61032,0.0,5
61032,0.0,5
61040,0.0,5
61040,0.0,5
61040,0.0,5
61064,0.0,5
61064,0.0,5
61072,0.0,5
61072,0.0,5
61080,0.0,5
61080,0.0,5
61104,0.0,5
61104,0.0,5
61112,0.0,5
61120,0.0,5
61120,0.0,5
61144,0.0,5
61144,0.0,5
61152,0.0,5
61160,0.0,5
61184,0.0,5
61184,2.0,23
61184,0.0,5
61192,0.0,5
61224,0.0,5
61224,0.0,5
61224,0.0,5
61224,2.0,23
61256,2.0,23
61264,0.0,5
61264,0.0,5
61264,0.0,5
61304,2.0,23
61304,0.0,5
61304,0.0,5
61304,0.0,5
61344,0.0,5
61344,0.0,5
61344,0.0,5
61344,2.0,23
61376,2.0,23
61384,0.0,5
61384,0.0,5
61384,0.0,5
61384,0.0,5
61392,1.0,17
61408,2.0,23
61416,0.0,5
61424,0.0,5
61424,0.0,5
61424,0.0,5
61424,0.0,5
61432,0.0,5
61448,0.0,5
61456,0.0,5
61464,0.0,5
61464,0.0,5
61464,0.0,5
61464,0.0,5
61488,0.0,5
61488,2.0,23
61496,0.0,5
61504,0.0,5
61504,0.0,5
61504,0.0,5
61504,0.0,5
61528,0.0,5
61528,0.0,5
61536,0.0,5
61544,0.0,5
61544,0.0,5
61544,0.0,5
61568,0.0,5
61568,0.0,5
61584,0.0,5
61616,2.0,23
61656,0.0,5
61680,1.0,12
61688,2.0,23
61720,0.0,5
61728,0.0,5
61752,1.0,12
61768,0.0,5
61792,0.0,5
61808,0.0,5
61832,3.0,36
61832,0.0,5
61848,0.0,5
61856,3.0,40
61864,3.0,40
61872,0.0,5
61872,0.0,5
61888,3.0,40
61888,0.0,5
61888,3.0,40
61896,0.0,5
61904,2.0,23
61912,0.0,5
61912,0.0,5
61928,0.0,5
61928,0.0,5
61928,0.0,5
61944,0.0,5
61952,0.0,5
61968,0.0,5
61968,0.0,5
61968,0.0,5
61984,0.0,5
61992,0.0,5
62008,0.0,5
62008,0.0,5
62024,0.0,5
62032,0.0,5
62048,0.0,5
62048,0.0,5
62048,2.0,23
62064,0.0,5
62072,0.0,5
62080,2.0,23
62088,0.0,5
62096,2.0,23
62104,0.0,5
62112,0.0,5
62120,0.0,5
62128,0.0,5
62136,0.0,5
62152,2.0,23
62168,0.0,5
62176,0.0,5
62184,1.0,17
62192,0.0,5
62208,0.0,5
62216,0.0,5
62232,0.0,5
62232,2.0,23
62256,1.0,17
62272,0.0,5
62272,0.0,5
62280,2.0,21
62288,2.0,23
62296,0.0,5
62312,0.0,5
62312,0.0,5
62320,0.0,5
62320,1.0,17
62328,0.0,5
62336,0.0,3
62336,0.0,5
62352,0.0,5
62360,0.0,5
62360,0.0,5
62376,0.0,3
62384,0.0,3
62392,2.0,23
62400,2.0,23
62424,0.0,5
62432,0.0,5
62440,0.0,5
62472,0.0,5
62496,0.0,3
62512,2.0,23
62512,2.0,22
62520,2.0,23
62536,2.0,22
62536,0.0,5
62536,0.0,3
62560,2.0,23
62560,0.0,3
62560,0.0,5
62560,0.0,3
62560,1.0,15
62576,0.0,5
62592,2.0,21
62600,0.0,5
62600,0.0,5
62600,0.0,3
62600,0.0,5
62624,0.0,3
62624,0.0,3
62640,0.0,5
62640,0.0,5
62648,1.0,17
62656,1.0,12
62664,0.0,5
62664,0.0,5
62664,0.0,3
62664,0.0,3
62672,0.0,3
62680,0.0,3
62688,0.0,3
62688,1.0,12
62688,0.0,3
62696,1.0,17
62704,0.0,5
62704,0.0,5
62720,0.0,5
62720,0.0,3
62728,0.0,5
62728,0.0,3
62744,0.0,3
62744,0.0,5
62760,0.0,5
62768,0.0,5
62768,0.0,3
62784,0.0,5
62784,0.0,3
62792,1.0,15
62800,1.0,14
62808,0.0,5
62816,1.0,16
62824,0.0,5
62824,0.0,5
62832,0.0,3
62832,0.0,5
62840,0.0,3
62840,0.0,5
62848,0.0,3
62856,1.0,16
62856,0.0,3
62864,0.0,5
62880,0.0,3
62880,0.0,5
62896,1.0,16
62904,0.0,3
62920,0.0,3
62944,0.0,5
62968,1.0,16
62976,1.0,12
63016,1.0,12
63040,1.0,12
63056,2.0,24
63056,0.0,5
63064,1.0,12
63072,1.0,12
63112,0.0,5
63136,1.0,12
63152,1.0,12
63152,1.0,12
63160,1.0,12
63176,0.0,5
63192,4.0,45
63208,4.0,45
63208,1.0,12
63216,4.0,45
63248,1.0,12
63248,1.0,12
63256,1.0,12
63272,1.0,12
63288,0.0,5
63288,1.0,12
63288,0.0,5
63296,0.0,5
63312,0.0,5
63312,1.0,12
63328,0.0,5
63328,0.0,5
63328,0.0,5
63336,0.0,5
63344,1.0,17
63352,0.0,5
63352,0.0,5
63368,0.0,5
63368,0.0,5
63368,0.0,5
63376,0.0,5
63392,0.0,5
63392,0.0,5
63408,0.0,5
63408,0.0,5
63416,0.0,5
63432,0.0,5
63440,1.0,12
63448,0.0,5
63448,0.0,5
63456,0.0,5
63464,1.0,12
63480,0.0,5
63488,0.0,5
63488,0.0,5
63496,0.0,5
63504,0.0,5
63528,0.0,5
63528,0.0,5
63528,1.0,12
63536,0.0,5
63552,0.0,3
63568,4.0,45
63568,0.0,5
63568,0.0,5
63576,0.0,5
63576,1.0,12
63592,0.0,5
63608,0.0,5
63608,0.0,5
63608,0.0,5
63616,0.0,5
63616,0.0,5
63632,1.0,16
63632,0.0,5
63648,0.0,5
63656,0.0,5
63656,0.0,5
63672,0.0,5
63688,0.0,5
63696,0.0,5
63696,0.0,5
63704,1.0,12
63712,0.0,5
63728,1.0,12
63736,0.0,5
63736,0.0,5
63744,0.0,5
63752,4.0,45
63752,0.0,5
63768,0.0,5
63776,0.0,5
63784,0.0,5
63792,0.0,5
63792,0.0,5
63816,0.0,5
63824,1.0,17
63832,0.0,5
63832,0.0,5
63856,0.0,3
63856,0.0,5
63896,0.0,5
63928,3.0,40
63952,2.0,23
63952,1.0,15
63968,0.0,5
63968,2.0,23
63992,0.0,5
63992,0.0,5
63992,0.0,3
64008,2.0,23
64008,0.0,5
64016,0.0,3
64016,0.0,3
64024,3.0,36
64032,0.0,5
64040,2.0,23
64048,0.0,3
64048,0.0,5
64056,0.0,5
64064,0.0,3
64088,0.0,5
64088,0.0,3
64096,0.0,5
64104,1.0,12
64112,2.0,27
64128,0.0,3
64128,0.0,5
64136,0.0,3
64144,1.0,14
64152,0.0,3
64152,1.0,17
64160,0.0,3
64160,1.0,14
64168,0.0,5
64184,0.0,3
64184,0.0,5
64184,0.0,3
64192,0.0,5
64200,1.0,14
64224,0.0,5
64224,0.0,3
64264,2.0,21
64272,1.0,15
64280,1.0,14
64288,0.0,3
64304,1.0,14
64304,1.0,15
64304,0.0,3
64312,0.0,3
64312,0.0,5
64312,1.0,16
64328,0.0,3
64328,0.0,3
64336,0.0,3
64352,0.0,5
64352,1.0,16
64368,0.0,5
64376,0.0,3
64376,0.0,5
64392,2.0,21
64408,0.0,5
64416,0.0,3
64416,0.0,5
64416,0.0,5
64424,1.0,14
64432,1.0,16
64440,0.0,3
64448,0.0,3
64456,1.0,16
64456,0.0,3
64480,0.0,5
64480,0.0,3
64496,0.0,5
64520,0.0,5
64520,0.0,5
64536,2.0,23
64576,1.0,16
64576,2.0,21
64584,2.0,21
64592,2.0,22
64600,0.0,3
64616,0.0,5
64616,0.0,3
64624,0.0,3
64624,0.0,5
64632,1.0,12
64632,1.0,14
64640,0.0,3
64648,0.0,3
64656,0.0,3
64656,0.0,3
64664,0.0,5
64664,0.0,3
64664,2.0,21
64680,0.0,3
64688,2.0,21
64688,0.0,3
64688,0.0,5
64704,0.0,5
64712,0.0,3
64728,0.0,5
64728,0.0,3
64752,0.0,5
64768,0.0,5
64768,0.0,5
64776,0.0,3
64784,1.0,16
64792,0.0,3
64800,1.0,15
64800,2.0,23
64808,0.0,5
64816,0.0,5
64824,0.0,5
64832,0.0,5
64840,0.0,5
64840,0.0,5
64848,2.0,23
64848,0.0,5
64856,0.0,5
64864,0.0,5
64880,2.0,24
64896,0.0,5
64920,0.0,5
64936,1.0,12
64936,1.0,12
64936,0.0,5
64944,1.0,12
64944,1.0,12
64960,1.0,12
64976,0.0,5
64976,0.0,5
64984,0.0,5
65000,0.0,5
65040,1.0,12
65064,1.0,16
65072,1.0,12
65072,1.0,12
65080,1.0,12
65104,0.0,5
65112,0.0,5
65112,0.0,5
65136,1.0,12
65144,0.0,5
65152,0.0,5
65176,1.0,12
65192,4.0,45
65208,1.0,12
65232,0.0,5
65232,1.0,12
65240,1.0,12
65248,1.0,12
65248,3.0,41
65272,0.0,5
65272,1.0,12
65304,1.0,12
65328,1.0,12
65336,1.0,12
65344,1.0,12
65360,4.0,45
65368,1.0,12
65400,1.0,12
65408,0.0,5
65424,1.0,12
65432,1.0,12
65440,1.0,12
65456,1.0,12
65480,0.0,5
65496,0.0,5
65504,1.0,13
65504,1.0,12
65512,2.0,30
65520,0.0,5
65528,1.0,13
65536,0.0,5
65536,1.0,13
65544,0.0,5
65544,0.0,5
65552,0.0,5
65568,0.0,5
65576,0.0,5
65576,0.0,5
65584,0.0,5
65592,0.0,5
65608,4.0,45
65608,0.0,5
65616,1.0,12
65616,0.0,5
65616,0.0,5
65624,0.0,5
65632,0.0,5
65640,1.0,12
65648,0.0,5
65648,0.0,5
65656,0.0,5
65656,0.0,5
65656,0.0,5
65664,0.0,5
65672,0.0,5
65680,0.0,5
65688,0.0,5
65688,0.0,5
65696,0.0,5
65696,0.0,5
65696,0.0,5
65704,0.0,5
65712,0.0,5
65720,0.0,5
65728,0.0,5
65728,0.0,5
65736,0.0,5
65736,0.0,5
65744,0.0,5
65752,0.0,5
65760,0.0,5
65768,0.0,5
65768,0.0,5
65776,0.0,5
65776,0.0,5
65784,0.0,5
65792,0.0,5
65800,0.0,5
65808,0.0,5
65808,0.0,5
65816,0.0,5
65816,0.0,5
65824,0.0,5
65832,1.0,17
65832,0.0,5
65840,0.0,5
65848,0.0,5
65848,0.0,5
65856,0.0,5
65856,0.0,5
65864,0.0,5
65872,0.0,5
65872,0.0,5
65888,0.0,5
65888,0.0,5
65896,0.0,5
65896,0.0,5
65904,0.0,5
65912,0.0,5
65912,0.0,5
65928,0.0,5
65928,0.0,5
65936,0.0,5
65936,0.0,5
65944,0.0,5
65952,0.0,5
65952,0.0,5
65968,1.0,16
65968,0.0,5
65968,0.0,5
65976,0.0,5
65976,0.0,5
65984,0.0,5
65992,0.0,5
65992,0.0,5
66008,0.0,5
66016,0.0,5
66016,0.0,5
66032,0.0,5
66032,0.0,5
66048,0.0,5
66056,0.0,5
66072,0.0,5
66072,0.0,5
66080,1.0,12
66088,0.0,5
66096,0.0,5
66096,1.0,16
66104,1.0,17
66112,0.0,5
66112,0.0,5
66112,1.0,12
66120,0.0,5
66136,0.0,5
66136,0.0,5
66144,0.0,5
66152,0.0,5
66152,0.0,5
66152,0.0,5
66160,0.0,5
66176,0.0,5
66176,0.0,5
66184,0.0,5
66184,1.0,12
66192,0.0,5
66192,0.0,5
66216,0.0,5
66216,0.0,5
66224,0.0,5
66224,0.0,5
66232,0.0,5
66232,0.0,5
66240,0.0,3
66248,1.0,12
66256,0.0,5
66264,0.0,5
66264,0.0,5
66272,0.0,5
66272,0.0,5
66280,0.0,5
66288,1.0,16
66288,0.0,5
66296,0.0,5
66304,0.0,5
66304,0.0,5
66312,0.0,5
66312,0.0,5
66320,0.0,5
66328,0.0,5
66328,0.0,5
66336,0.0,5
66344,0.0,5
66344,0.0,5
66352,0.0,5
66352,0.0,5
66368,0.0,5
66368,0.0,5
66376,0.0,5
66384,0.0,5
66384,0.0,5
66392,0.0,5
66392,0.0,5
66408,0.0,5
66408,0.0,5
66416,0.0,5
66416,1.0,12
66424,0.0,5
66424,0.0,5
66432,0.0,5
66432,0.0,5
66448,0.0,5
66448,0.0,5
66456,0.0,5
66456,0.0,5
66464,0.0,5
66464,0.0,5
66472,0.0,5
66472,0.0,5
66488,0.0,5
66488,0.0,5
66496,0.0,5
66504,0.0,5
66504,0.0,5
66512,0.0,5
66512,0.0,5
66528,0.0,5
66528,0.0,5
66536,0.0,5
66544,0.0,5
66552,1.0,12
66552,0.0,5
66552,0.0,5
66568,0.0,5
66568,0.0,5
66576,0.0,5
66584,0.0,5
66592,0.0,5
66592,0.0,5
66608,0.0,5
66624,0.0,5
66632,0.0,5
66632,0.0,5
66640,1.0,17
66648,0.0,5
66672,0.0,5
66680,1.0,16
66680,0.0,5
66688,0.0,5
66696,1.0,16
66704,1.0,16
66720,0.0,5
66728,0.0,5
66736,0.0,5
66744,0.0,5
66760,0.0,5
66768,0.0,5
66776,0.0,5
66784,0.0,5
66800,0.0,5
66808,0.0,5
66824,0.0,5
66848,0.0,5
66864,0.0,5
66872,2.0,24
66888,0.0,5
66904,0.0,5
66912,0.0,5
66920,3.0,36
66928,0.0,5
66944,0.0,5
66952,4.0,41
66952,0.0,5
66960,3.0,36
66960,2.0,23
66968,0.0,5
66984,0.0,5
66984,2.0,23
66992,0.0,5
66992,0.0,5
67000,0.0,5
67000,0.0,5
67008,0.0,5
67024,0.0,5
67024,0.0,5
67032,0.0,5
67040,0.0,5
67040,0.0,5
67048,0.0,5
67056,1.0,17
67064,0.0,5
67064,0.0,5
67072,0.0,5
67080,0.0,5
67080,0.0,5
67096,0.0,5
67104,0.0,5
67112,0.0,5
67120,0.0,5
67120,0.0,5
67136,0.0,5
67144,0.0,5
67152,0.0,5
67160,0.0,5
67176,2.0,23
67176,0.0,5
67184,0.0,5
67192,0.0,5
67200,0.0,5
67216,0.0,5
67224,0.0,5
67232,0.0,5
67232,2.0,23
67240,0.0,5
67248,2.0,23
67272,0.0,5
67280,0.0,5
67288,0.0,5
67288,2.0,21
67312,0.0,5
67320,0.0,5
67328,0.0,5
67352,0.0,5
67360,2.0,23
67360,0.0,5
67368,0.0,5
67392,2.0,21
67392,0.0,5
67400,0.0,5
67400,0.0,5
67408,0.0,5
67416,2.0,23
67424,1.0,17
67432,0.0,5
67448,0.0,5
67456,0.0,5
67464,0.0,5
67496,0.0,5
67496,3.0,35
67504,0.0,5
67528,1.0,16
67536,0.0,5
67536,0.0,5
67544,0.0,5
67568,0.0,5
67576,0.0,5
67576,0.0,5
67576,2.0,23
67584,0.0,5
67616,0.0,5
67616,0.0,5
67616,0.0,5
67624,0.0,5
67656,0.0,5
67696,0.0,5
67704,1.0,17
67712,1.0,12
67712,1.0,12
67720,1.0,12
67728,4.0,41
67752,0.0,5
67760,0.0,5
67760,4.0,41
67776,4.0,41
67792,1.0,12
67800,0.0,5
67800,1.0,12
67816,0.0,5
67840,0.0,5
67848,1.0,12
67856,0.0,5
67856,1.0,12
67880,0.0,5
67896,1.0,12
67896,0.0,5
67896,0.0,5
67920,1.0,16
67920,2.0,24
67936,0.0,5
67936,0.0,5
67960,0.0,5
67976,1.0,12
67976,0.0,5
67976,1.0,16
67992,1.0,12
68016,1.0,12
68016,0.0,5
68032,0.0,5
68056,1.0,12
68056,0.0,5
68064,1.0,16
68072,1.0,12
68104,0.0,5
68112,0.0,5
68120,5.0,51
68128,1.0,12
68152,1.0,12
68152,1.0,12
68152,0.0,5
68160,0.0,5
68168,0.0,5
68192,0.0,5
68200,1.0,12
68248,1.0,12
68248,1.0,12
68256,1.0,12
68264,1.0,12
68288,1.0,12
68288,0.0,5
68288,0.0,5
68296,0.0,5
68304,0.0,5
68328,0.0,5
68336,1.0,17
68336,0.0,5
68336,4.0,45
68344,3.0,41
68360,0.0,3
68360,0.0,3
68368,0.0,5
68384,1.0,12
68384,0.0,5
68392,0.0,3
68400,0.0,5
68400,0.0,5
68400,1.0,12
68408,0.0,3
68416,0.0,3
68416,1.0,16
68424,0.0,3
68424,0.0,3
68432,0.0,3
68440,0.0,5
68440,0.0,3
68464,0.0,3
68464,0.0,5
68464,0.0,5
68488,0.0,3
68488,0.0,3
68504,0.0,5
68512,0.0,3
68520,2.0,23
68528,0.0,3
68536,0.0,3
68560,0.0,3
68560,0.0,5
68568,0.0,5
68576,2.0,24
68600,0.0,5
68600,2.0,23
68608,2.0,22
68616,0.0,5
68624,2.0,23
68624,0.0,3
68640,0.0,5
68640,0.0,3
68648,0.0,5
68664,0.0,5
68664,0.0,5
68664,0.0,3
68672,0.0,3
68688,0.0,3
68688,0.0,3
68688,0.0,3
68696,0.0,3
68712,0.0,3
68712,0.0,3
68712,0.0,3
68720,0.0,3
68736,0.0,3
68744,2.0,23
68752,2.0,23
68752,0.0,5
68752,0.0,5
68752,1.0,14
68760,0.0,5
68776,0.0,5
68776,0.0,3
68784,0.0,5
68800,0.0,3
68800,0.0,3
68800,0.0,5
68808,0.0,3
68816,4.0,41
68824,0.0,3
68824,0.0,3
68824,0.0,3
68840,0.0,3
68848,1.0,12
68848,0.0,3
68848,0.0,5
68848,0.0,3
68848,1.0,12
68864,0.0,5
68872,0.0,3
68872,0.0,3
68872,0.0,3
68880,0.0,5
68888,0.0,5
68888,0.0,5
68888,0.0,3
68912,0.0,5
68912,0.0,5
68912,0.0,3
68912,0.0,3
68912,0.0,5
68920,0.0,5
68928,0.0,5
68936,0.0,3
68944,0.0,3
68952,0.0,3
68952,0.0,5
68952,0.0,5
68960,0.0,3
68968,0.0,3
68984,0.0,3
68984,2.0,29
68992,0.0,5
68992,0.0,3
68992,0.0,5
68992,0.0,5
69008,0.0,3
69008,0.0,3
69032,1.0,15
69032,0.0,5
69048,0.0,5
69048,0.0,5
69072,0.0,5
69072,0.0,3
69072,0.0,5
69080,2.0,21
69112,0.0,5
69120,0.0,5
69168,1.0,12
69296,2.0,31
69304,4.0,39
69304,4.0,39
69304,4.0,39
69344,0.0,5
69344,0.0,5
69384,0.0,5
69384,0.0,5
69400,4.0,41
69424,1.0,16
69424,0.0,5
69440,0.0,5
69440,1.0,17
69464,0.0,5
69464,0.0,5
69472,4.0,45
69480,0.0,5
69480,0.0,5
69480,4.0,45
69504,0.0,5
69504,0.0,5
69512,0.0,5
69512,1.0,16
69520,0.0,5
69520,0.0,5
69520,0.0,5
69528,4.0,45
69536,0.0,3
69544,0.0,5
69560,0.0,5
69560,0.0,5
69560,0.0,5
69568,0.0,5
69584,0.0,5
69600,0.0,5
69600,0.0,5
69600,1.0,12
69600,0.0,5
69624,0.0,5
69640,0.0,5
69640,0.0,5
69640,0.0,5
69648,1.0,17
69664,0.0,3
69664,1.0,12
69680,0.0,5
69704,0.0,5
69704,0.0,5
69720,1.0,12
69736,1.0,17
69744,0.0,5
69744,0.0,5
69760,0.0,5
69768,2.0,29
69768,1.0,16
69776,0.0,5
69784,0.0,5
69784,0.0,5
69784,1.0,17
69800,0.0,5
69808,0.0,5
69808,1.0,16
69816,0.0,5
69824,0.0,5
69824,0.0,5
69840,0.0,5
69848,0.0,5
69856,0.0,5
69864,0.0,5
69864,0.0,5
69880,0.0,5
69888,0.0,5
69896,0.0,5
69904,0.0,5
69904,1.0,17
69920,1.0,17
69936,0.0,5
69944,1.0,17
69944,0.0,5
69944,0.0,5
69960,0.0,5
69976,0.0,5
69984,0.0,5
69984,0.0,5
70000,0.0,5
70016,0.0,5
70024,0.0,5
70024,1.0,17
70024,0.0,5
70040,0.0,5
70048,2.0,23
70056,0.0,5
70064,0.0,5
70064,2.0,23
70080,0.0,5
70088,0.0,5
70096,0.0,5
70104,0.0,5
70120,0.0,5
70128,0.0,5
70136,2.0,24
70136,0.0,5
70144,0.0,5
70160,0.0,5
70168,0.0,5
70176,0.0,5
70176,0.0,5
70184,0.0,5
70200,0.0,5
70208,2.0,23
70208,0.0,5
70208,2.0,23
70216,0.0,5
70216,0.0,5
70224,0.0,5
70240,0.0,5
70248,0.0,5
70248,0.0,5
70248,2.0,23
70248,0.0,5
70256,0.0,5
70264,0.0,5
70280,0.0,5
70288,0.0,5
70288,0.0,5
70288,0.0,5
70288,0.0,5
70296,0.0,5
70304,0.0,5
70320,0.0,5
70328,0.0,5
70328,0.0,5
70328,0.0,5
70328,0.0,5
70336,0.0,5
70344,0.0,5
70360,0.0,5
70368,0.0,5
70368,0.0,5
70368,0.0,5
70368,0.0,5
70376,0.0,5
70384,0.0,5
70400,0.0,5
70400,2.0,23
70408,0.0,5
70408,0.0,5
70408,0.0,5
70408,0.0,5
70432,0.0,3
70440,0.0,5
70440,0.0,5
70448,0.0,5
70456,0.0,3
70488,1.0,14
70496,1.0,14
70520,1.0,14
70520,1.0,14
70528,0.0,5
70552,0.0,3
70552,1.0,14
70560,1.0,14
70560,1.0,15
70568,1.0,14
70616,1.0,12
70616,1.0,12
70632,1.0,17
70656,1.0,12
70656,1.0,12
70696,1.0,10
70696,1.0,10
70720,0.0,3
70728,1.0,12
70736,1.0,10
70744,2.0,24
70752,1.0,12
70768,0.0,5
70776,0.0,5
70784,0.0,5
70792,0.0,5
70816,0.0,3
70832,1.0,17
70848,1.0,16
70872,0.0,5
70880,1.0,14
70896,3.0,41
70896,1.0,14
70904,1.0,16
70912,1.0,12
70936,0.0,5
70936,0.0,5
70944,0.0,5
70944,1.0,12
70952,0.0,5
70968,5.0,52
70984,1.0,14
71024,0.0,5
71024,1.0,10
71040,1.0,12
71048,1.0,14
71064,0.0,5
71064,1.0,12
71064,1.0,14
71080,0.0,5
71088,0.0,5
71104,0.0,5
71112,2.0,29
71144,1.0,15
71152,0.0,5
71184,1.0,15
71192,1.0,16
71200,1.0,15
71216,1.0,14
71224,1.0,17
71224,0.0,5
71232,0.0,5
71240,0.0,5
71248,4.0,39
71256,0.0,5
71264,0.0,5
71272,1.0,15
71288,0.0,5
71304,0.0,5
71312,0.0,5
71336,1.0,14
71352,1.0,14
71352,1.0,15
71376,0.0,5
71376,1.0,15
71392,0.0,5
71400,0.0,3
71408,1.0,15
71416,0.0,5
71424,0.0,3
71448,0.0,5
71456,0.0,5
71480,2.0,21
71488,1.0,17
71488,0.0,5
71504,4.0,45
71504,0.0,3
71512,0.0,3
71528,0.0,3
71544,0.0,5
71552,0.0,5
71568,0.0,5
71584,0.0,5
71592,0.0,5
71608,0.0,5
71616,4.0,39
71616,0.0,3
71656,0.0,5
71712,3.0,36
71712,3.0,40
71720,1.0,14
71752,0.0,5
71752,0.0,5
71760,0.0,5
71768,4.0,39
71792,0.0,5
71792,0.0,5
71800,4.0,39
71808,0.0,5
71824,2.0,21
71832,0.0,5
71840,0.0,5
71848,2.0,29
71864,0.0,5
71888,0.0,5
71896,4.0,39
71896,1.0,17
71904,0.0,5
71936,0.0,5
71936,0.0,5
71944,0.0,5
71960,1.0,16
71968,2.0,22
71976,0.0,5
72000,0.0,5
72024,1.0,17
72040,1.0,12
72040,2.0,29
72064,2.0,28
72064,1.0,12
72064,1.0,16
72096,1.0,12
72104,1.0,16
72136,1.0,12
72144,0.0,5
72144,1.0,13
72160,1.0,12
72160,1.0,12
72176,0.0,5
72192,1.0,12
72200,0.0,5
72240,1.0,12
72280,0.0,5
72288,1.0,12
72296,1.0,12
72312,1.0,17
72320,0.0,5
72328,0.0,5
72336,0.0,5
72352,0.0,5
72360,0.0,5
72368,0.0,5
72376,0.0,5
72384,4.0,45
72392,0.0,5
72400,0.0,5
72400,0.0,3
72408,0.0,5
72424,0.0,5
72424,4.0,45
72432,0.0,5
72432,3.0,36
72440,0.0,5
72440,0.0,5
72464,0.0,5
72472,0.0,5
72512,0.0,5
72520,4.0,45
72520,1.0,12
72536,1.0,12
72536,1.0,12
72560,1.0,12
72560,1.0,16
72576,0.0,5
72600,0.0,5
72600,0.0,5
72608,1.0,12
72616,0.0,5
72616,1.0,12
72616,1.0,12
72640,0.0,5
72640,0.0,5
72664,1.0,16
72680,0.0,5
72704,1.0,12
72704,0.0,5
72712,1.0,12
72736,1.0,12
72752,0.0,5
72768,4.0,45
72776,1.0,12
72776,0.0,5
72800,1.0,12
72816,0.0,5
72840,0.0,5
72848,1.0,12
72856,2.0,30
72864,1.0,12
72888,0.0,5
72896,0.0,5
72904,0.0,5
72912,1.0,12
72928,0.0,5
72936,0.0,5
72936,1.0,12
72944,0.0,5
72952,0.0,5
72968,0.0,5
72976,4.0,45
72976,0.0,5
72976,0.0,5
72984,0.0,5
72992,0.0,5
73008,0.0,5
73016,0.0,5
73024,0.0,5
73032,0.0,5
73048,0.0,5
73056,0.0,5
73064,4.0,45
73064,0.0,5
73072,0.0,5
73096,0.0,5
73096,3.0,40
73104,0.0,5
73104,1.0,16
73112,0.0,5
73136,0.0,5
73136,0.0,5
73144,0.0,5
73144,0.0,5
73152,0.0,5
73160,2.0,23
73176,0.0,5
73184,0.0,5
73184,0.0,5
73192,0.0,5
73200,0.0,5
73216,0.0,5
73224,0.0,5
73232,0.0,5
73232,2.0,23
73240,0.0,5
73248,2.0,23
73256,0.0,5
73264,0.0,5
73272,0.0,5
73272,0.0,5
73280,0.0,5
73288,0.0,5
73296,0.0,5
73304,0.0,5
73312,0.0,5
73312,0.0,5
73320,0.0,5
73320,2.0,23
73328,0.0,5
73336,0.0,5
73344,0.0,5
73352,0.0,5
73352,0.0,5
73360,0.0,5
73360,0.0,5
73368,2.0,23
73368,0.0,5
73376,0.0,5
73384,0.0,5
73392,0.0,5
73392,0.0,5
73400,0.0,5
73408,0.0,5
73416,0.0,5
73424,0.0,5
73432,0.0,5
73432,0.0,5
73440,0.0,5
73448,0.0,5
73456,0.0,5
73464,0.0,5
73472,0.0,5
73472,0.0,5
73480,0.0,5
73488,0.0,5
73496,0.0,5
73504,0.0,5
73504,1.0,17
73512,0.0,5
73512,0.0,5
73520,0.0,5
73528,0.0,5
73536,0.0,5
73544,0.0,5
73544,2.0,23
73544,0.0,5
73552,0.0,5
73560,0.0,5
73568,0.0,5
73576,0.0,5
73584,0.0,5
73584,0.0,5
73584,0.0,5
73592,0.0,5
73624,0.0,5
73624,0.0,5
73624,0.0,5
73632,0.0,5
73664,0.0,5
73664,0.0,5
73664,0.0,5
73672,0.0,5
73704,0.0,5
73704,0.0,5
73712,0.0,5
73744,0.0,5
73752,0.0,5
73800,1.0,17
73800,1.0,12
73840,1.0,12
73840,4.0,41
73848,1.0,12
73880,4.0,39
73888,0.0,5
73888,4.0,41
73896,1.0,12
73904,4.0,41
73920,0.0,5
73928,1.0,16
73928,0.0,5
73936,1.0,12
73936,1.0,12
73944,0.0,5
73976,0.0,5
73984,1.0,12
73992,1.0,12
74016,1.0,12
74024,0.0,5
74024,1.0,12
74024,1.0,12
74032,1.0,12
74040,1.0,12
74056,0.0,5
74064,0.0,5
74064,0.0,5
74088,1.0,12
74104,1.0,16
74120,1.0,12
74128,1.0,12
74128,0.0,5
74136,1.0,12
74152,1.0,12
74160,1.0,12
74160,1.0,12
74160,0.0,5
74168,0.0,5
74176,0.0,5
74200,1.0,12
74240,0.0,5
74248,1.0,12
74256,1.0,16
74256,1.0,12
74264,1.0,12
74272,1.0,12
74280,0.0,5
74288,1.0,16
74288,1.0,16
74288,0.0,5
74320,0.0,5
74352,1.0,12
74352,1.0,12
74360,1.0,12
74360,0.0,5
74384,1.0,12
74384,1.0,12
74400,1.0,16
74424,1.0,17
74448,1.0,12
74456,1.0,13
74488,1.0,16
74488,0.0,5
74496,0.0,5
74512,1.0,16
74520,1.0,12
74520,1.0,17
74528,0.0,5
74536,1.0,17
74552,0.0,5
74560,0.0,5
74568,0.0,5
74584,1.0,12
74592,2.0,29
74624,1.0,16
74624,1.0,13
74632,1.0,12
74648,1.0,12
74656,1.0,12
74664,1.0,12
74664,0.0,5
74680,1.0,12
74688,1.0,12
74720,1.0,12
74728,1.0,12
74744,1.0,12
74752,1.0,12
74760,1.0,12
74760,1.0,12
74776,1.0,12
74784,1.0,12
74816,0.0,5
74816,1.0,12
74824,0.0,5
74824,1.0,12
74840,1.0,12
74856,1.0,12
74856,0.0,5
74856,0.0,5
74856,1.0,12
74864,0.0,5
74880,0.0,3
74888,1.0,17
74896,0.0,5
74896,0.0,5
74896,0.0,5
74920,1.0,12
74928,0.0,5
74936,0.0,5
74936,0.0,5
74960,0.0,5
74960,1.0,12
74968,1.0,16
74992,1.0,12
75008,1.0,16
75032,0.0,5
75032,1.0,12
75056,1.0,12
75056,1.0,12
75104,1.0,17
75128,1.0,12
75128,1.0,12
75144,1.0,17
75152,1.0,12
75168,0.0,5
75192,0.0,5
75200,1.0,12
75224,1.0,12
75264,0.0,5
75280,1.0,17
75288,4.0,45
75288,1.0,12
75296,4.0,45
75296,1.0,12
75312,0.0,3
75320,0.0,5
75336,0.0,5
75352,0.0,5
75392,0.0,5
75416,4.0,45
75432,0.0,5
75456,1.0,17
75464,1.0,16
75496,0.0,5
75504,0.0,5
75512,1.0,12
75528,2.0,30
75528,4.0,45
75528,1.0,12
75536,2.0,30
75552,0.0,5
75584,3.0,40
75592,0.0,5
75624,1.0,12
75624,1.0,12
75640,1.0,17
75672,1.0,18
75688,1.0,12
75712,0.0,5
75752,0.0,5
75760,1.0,17
75776,2.0,30
75784,1.0,12
75816,0.0,5
75824,0.0,5
75856,4.0,45
75856,1.0,12
75864,2.0,30
75864,0.0,5
75880,1.0,16
75896,0.0,5
75912,1.0,12
75920,0.0,5
75920,3.0,42
75936,0.0,5
75944,0.0,3
75952,0.0,5
75960,1.0,12
75960,0.0,5
75976,0.0,5
75984,0.0,5
76000,4.0,45
76056,1.0,12
76072,1.0,12
76080,1.0,12
76088,1.0,16
76096,2.0,30
76096,0.0,3
76096,0.0,5
76112,0.0,3
76120,0.0,3
76136,0.0,5
76144,0.0,3
76144,2.0,24
76168,0.0,3
76184,0.0,5
76192,0.0,3
76208,1.0,16
76208,1.0,14
76224,4.0,45
76232,0.0,3
76232,0.0,3
76240,1.0,16
76240,2.0,30
76248,1.0,14
76248,0.0,3
76264,0.0,3
76272,0.0,3
76272,0.0,3
76280,0.0,5
76288,0.0,3
76312,0.0,5
76328,0.0,5
76352,2.0,21
76352,0.0,3
76360,1.0,16
76360,1.0,16
76368,2.0,22
76376,0.0,3
76384,0.0,3
76384,0.0,3
76392,0.0,5
76400,1.0,16
76408,0.0,3
76416,0.0,3
76424,0.0,3
76424,0.0,5
76440,0.0,3
76448,2.0,21
76464,0.0,5
76480,0.0,5
76488,0.0,5
76496,2.0,23
76512,0.0,3
76520,0.0,5
76536,0.0,3
76536,0.0,5
76552,2.0,22
76552,2.0,23
76560,0.0,3
76576,0.0,3
76576,0.0,5
76584,0.0,3
76592,2.0,23
76592,0.0,5
76608,0.0,3
76616,0.0,5
76616,0.0,3
76632,0.0,5
76632,2.0,21
76640,0.0,3
76648,0.0,5
76656,0.0,3
76664,0.0,3
76672,0.0,5
76680,0.0,3
76688,2.0,21
76696,0.0,3
76704,0.0,5
76720,0.0,3
76728,0.0,5
76736,4.0,39
76744,2.0,21
76760,0.0,5
76760,0.0,3
76784,2.0,21
76784,0.0,3
76784,0.0,5
76800,1.0,15
76808,0.0,3
76816,2.0,21
76840,0.0,5
76848,1.0,15
76848,0.0,5
76872,2.0,21
76888,0.0,5
76904,1.0,15
76912,0.0,5
76928,2.0,21
76928,0.0,3
76936,0.0,3
76960,0.0,3
76968,0.0,5
76968,0.0,5
77000,0.0,5
77008,2.0,21
77008,2.0,24
77016,2.0,21
77032,0.0,3
77040,0.0,5
77080,1.0,14
77088,1.0,15
77104,1.0,12
77112,0.0,3
77120,0.0,5
77128,1.0,12
77144,4.0,45
77152,0.0,5
77160,3.0,34
77160,1.0,18
77200,0.0,5
77216,1.0,12
77240,1.0,17
77248,1.0,12
77288,0.0,5
77296,1.0,17
77296,1.0,12
77312,1.0,12
77320,0.0,3
77336,1.0,12
77336,0.0,5
77344,0.0,3
77376,0.0,5
77384,0.0,5
77384,2.0,30
77384,1.0,12
77400,4.0,45
77424,0.0,5
77432,1.0,12
77456,0.0,3
77456,4.0,41
77464,0.0,5
77480,1.0,12
77496,1.0,12
77528,1.0,18
77568,0.0,5
77576,1.0,12
77584,1.0,16
77592,1.0,12
77624,0.0,5
77640,4.0,41
77648,2.0,23
77648,2.0,24
77664,1.0,12
77664,0.0,5
77688,1.0,12
77736,4.0,45
77736,1.0,12
77744,1.0,12
77744,1.0,12
77784,0.0,5
77824,0.0,5
77840,1.0,12
77848,2.0,23
77864,0.0,5
77872,1.0,17
77896,3.0,40
77904,0.0,5
77912,0.0,5
77936,1.0,12
77944,1.0,12
77952,0.0,5
77976,2.0,30
77976,0.0,5
77976,3.0,36
77984,0.0,5
77992,0.0,5
78000,1.0,12
78016,0.0,5
78024,4.0,45
78024,0.0,5
78064,0.0,5
78104,0.0,5
78112,1.0,12
78112,1.0,17
78120,1.0,12
78120,1.0,16
78136,0.0,3
78144,0.0,5
78152,0.0,5
78160,2.0,23
78160,0.0,5
78160,0.0,5
78184,0.0,5
78184,2.0,23
78192,0.0,5
78200,0.0,5
78208,0.0,3
78224,0.0,5
78232,3.0,42
78232,0.0,5
78240,0.0,5
78248,0.0,5
78264,0.0,5
78272,0.0,5
78272,0.0,5
78272,1.0,17
78288,1.0,16
78288,0.0,5
78304,0.0,5
78312,0.0,5
78312,0.0,5
78328,0.0,5
78328,0.0,5
78336,0.0,3
78344,0.0,5
78368,0.0,5
78376,0.0,5
78384,0.0,5
78392,0.0,3
78392,2.0,29
78408,0.0,3
78416,0.0,5
78432,0.0,5
78432,0.0,5
78448,0.0,5
78456,0.0,5
78464,1.0,17
78472,0.0,5
78488,0.0,3
78488,0.0,5
78496,0.0,5
78512,0.0,5
78512,0.0,3
78520,0.0,3
78528,0.0,5
78544,0.0,3
78552,0.0,5
78568,4.0,41
78568,0.0,5
78576,0.0,3
78584,0.0,5
78584,3.0,39
78584,3.0,34
78608,0.0,5
78616,0.0,5
78624,0.0,5
78624,0.0,5
78648,0.0,5
78664,0.0,5
78664,0.0,5
78696,2.0,23
78704,0.0,5
78704,0.0,5
78720,0.0,3
78736,1.0,15
78744,0.0,5
78760,4.0,41
78768,1.0,15
78768,0.0,3
78776,0.0,5
78800,0.0,5
78808,0.0,5
78808,0.0,5
78816,1.0,12
78816,0.0,5
78840,3.0,32
78840,0.0,5
78848,0.0,5
78856,0.0,5
78856,0.0,5
78864,0.0,3
78864,0.0,3
78880,3.0,39
78896,0.0,5
78904,0.0,5
78904,0.0,5
78928,0.0,3
78968,1.0,15
78992,0.0,3
79064,4.0,45
79072,2.0,24
79080,2.0,28
79104,0.0,3
79112,0.0,5
79112,2.0,27
79120,4.0,39
79120,2.0,27
79128,1.0,17
79128,0.0,3
79136,0.0,3
79160,0.0,5
79160,0.0,5
79160,1.0,12
79168,0.0,5
79168,0.0,5
79200,0.0,5
79208,0.0,5
79208,0.0,5
79232,0.0,3
79232,1.0,12
79240,0.0,5
79240,1.0,16
79248,0.0,5
79256,4.0,41
79256,0.0,3
79264,1.0,13
79272,0.0,5
79272,0.0,3
79280,0.0,5
79280,0.0,5
79288,1.0,16
79296,0.0,5
79296,0.0,3
79296,0.0,5
79304,0.0,5
79320,0.0,5
79320,0.0,3
79328,0.0,5
79344,0.0,5
79344,0.0,3
79352,0.0,3
79368,0.0,3
79376,1.0,12
79384,0.0,5
79392,1.0,15
79392,0.0,5
79408,0.0,5
79416,0.0,3
79424,1.0,16
79424,1.0,16
79432,0.0,5
79432,0.0,3
79440,1.0,15
79440,0.0,3
79464,0.0,3
79464,0.0,3
79472,0.0,5
79488,0.0,3
79488,0.0,3
79504,1.0,15
79512,0.0,5
79528,1.0,12
79528,0.0,5
79544,0.0,5
79552,1.0,16
79552,0.0,3
79568,0.0,5
79576,0.0,3
79576,0.0,3
79584,0.0,5
79608,0.0,5
79648,0.0,5
79656,2.0,29
79672,2.0,23
79688,0.0,5
79696,0.0,5
79704,3.0,41
79704,1.0,16
79704,2.0,24
79712,0.0,5
79736,0.0,5
79744,0.0,5
79744,0.0,5
79744,0.0,5
79752,0.0,5
79760,2.0,23
79760,2.0,22
79776,0.0,5
79784,0.0,5
79784,0.0,5
79784,0.0,5
79800,0.0,5
79816,0.0,5
79824,0.0,5
79840,0.0,5
79856,0.0,5
79864,0.0,5
79872,2.0,23
79880,0.0,5
79888,1.0,17
79896,1.0,17
79904,0.0,5
79912,0.0,5
79920,1.0,17
79920,0.0,5
79928,0.0,5
79936,0.0,5
79944,0.0,5
79960,0.0,5
79960,0.0,5
79968,2.0,23
79976,0.0,5
80000,0.0,5
80000,0.0,5
80008,0.0,5
80040,0.0,5
80040,2.0,23
80040,0.0,5
80048,1.0,17
80048,0.0,5
80088,0.0,5
80128,0.0,5
80136,1.0,12
80144,2.0,21
80168,0.0,5
80168,1.0,16
80168,1.0,16
80176,0.0,5
80184,1.0,17
80184,0.0,5
80208,0.0,5
80208,0.0,5
80216,0.0,5
80224,0.0,5
80224,0.0,5
80248,0.0,5
80248,0.0,5
80256,4.0,41
80256,0.0,5
80264,0.0,5
80264,0.0,5
80272,4.0,41
80288,0.0,5
80296,0.0,5
80304,1.0,17
80304,0.0,5
80312,0.0,5
80336,0.0,5
80344,0.0,5
80352,1.0,12
80360,1.0,12
80384,0.0,5
80384,1.0,12
80424,0.0,5
80432,2.0,23
80432,1.0,12
80448,1.0,12
80456,1.0,12
80480,1.0,12
80488,2.0,23
80520,1.0,12
80528,1.0,12
80528,1.0,12
80544,1.0,12
80552,1.0,12
80568,0.0,3
80568,0.0,5
80568,0.0,5
80584,1.0,12
80608,0.0,5
80608,0.0,5
80608,0.0,5
80664,2.0,23
80672,4.0,45
80680,1.0,12
80704,1.0,12
80704,1.0,12
80704,1.0,12
80704,2.0,23
80736,2.0,23
80760,1.0,12
80768,1.0,12
80800,1.0,12
80800,1.0,12
80800,1.0,12
80816,1.0,17
80824,0.0,3
80824,0.0,3
80832,1.0,12
80840,0.0,3
80840,1.0,17
80856,1.0,12
80864,0.0,5
80864,1.0,12
80864,0.0,3
80880,0.0,5
80880,0.0,3
80888,0.0,3
80904,0.0,5
80904,0.0,5
80920,1.0,12
80920,1.0,15
80928,0.0,5
80944,0.0,5
80960,0.0,5
80960,0.0,5
80968,1.0,17
80968,0.0,5
80976,1.0,12
80976,1.0,12
80984,0.0,5
80992,0.0,3
81000,0.0,5
81000,1.0,12
81016,0.0,5
81040,0.0,5
81056,1.0,12
81072,1.0,12
81080,1.0,12
81096,1.0,16
81112,1.0,15
81112,0.0,5
81112,1.0,12
81120,0.0,5
81136,0.0,5
81136,0.0,3
81136,1.0,12
81152,1.0,12
81152,0.0,5
81176,0.0,5
81216,1.0,12
81216,0.0,5
81232,1.0,12
81232,1.0,12
81248,1.0,12
81248,1.0,12
81272,0.0,3
81272,0.0,5
81312,1.0,12
81312,1.0,12
81328,1.0,12
81328,4.0,41
81344,2.0,29
81344,1.0,12
81352,0.0,5
81368,0.0,3
81368,1.0,12
81368,0.0,5
81392,0.0,3
81392,0.0,3
81408,1.0,12
81424,1.0,12
81432,0.0,3
81448,0.0,3
81456,2.0,23
81488,1.0,12
81520,1.0,16
81544,2.0,24
81552,1.0,12
81552,1.0,13
81560,2.0,24
81560,0.0,5
81584,0.0,5
81584,1.0,12
81592,0.0,5
81600,0.0,5
81624,0.0,3
81624,0.0,5
81624,0.0,5
81632,0.0,5
81656,1.0,12
81664,0.0,5
81664,0.0,5
81688,1.0,17
81688,0.0,3
81704,4.0,45
81712,0.0,3
81728,1.0,12
81728,0.0,5
81752,1.0,12
81752,0.0,5
81752,3.0,40
81752,1.0,16
81760,1.0,12
81768,0.0,5
81776,0.0,3
81776,0.0,3
81792,0.0,5
81792,0.0,5
81800,0.0,3
81800,1.0,12
81800,0.0,3
81808,0.0,5
81832,0.0,5
81832,0.0,5
81840,0.0,5
81840,0.0,5
81848,0.0,5
81856,1.0,12
81856,1.0,16
81872,0.0,5
81880,0.0,5
81880,0.0,3
81888,0.0,5
81896,0.0,5
81896,1.0,12
81904,0.0,3
81920,0.0,3
81936,0.0,5
81944,0.0,5
81960,0.0,5
81976,0.0,5
82000,0.0,5
82008,2.0,21
82016,2.0,23
82016,0.0,5
82040,2.0,21
82040,0.0,5
82048,0.0,5
82056,0.0,5
82056,0.0,5
82056,2.0,21
82064,2.0,23
82080,0.0,5
82096,0.0,5
82104,0.0,5
82120,0.0,5
82128,2.0,23
82136,0.0,5
82168,0.0,5
82176,0.0,5
82192,1.0,17
82192,1.0,17
82208,0.0,5
82224,2.0,23
82224,1.0,15
82232,0.0,5
82232,2.0,23
82232,0.0,5
82248,0.0,3
82248,0.0,5
82264,0.0,5
82272,0.0,5
82272,0.0,5
82272,0.0,5
82288,0.0,5
82288,0.0,5
82304,2.0,23
82312,0.0,5
82312,0.0,5
82312,0.0,5
82328,0.0,5
82344,0.0,5
82352,0.0,5
82352,0.0,5
82352,0.0,5
82360,2.0,23
82368,0.0,5
82392,0.0,5
82392,0.0,5
82392,0.0,5
82400,0.0,5
82400,1.0,17
82408,0.0,5
82432,0.0,5
82432,0.0,5
82432,0.0,5
82440,0.0,5
82440,0.0,5
82448,0.0,5
82472,0.0,5
82480,1.0,17
82520,0.0,5
82544,1.0,12
82560,0.0,5
82568,1.0,12
82568,1.0,16
82576,3.0,36
82600,0.0,5
82664,2.0,29
82664,1.0,12
82672,1.0,12
82696,1.0,12
82760,4.0,41
82760,1.0,12
82760,1.0,12
82768,4.0,41
82768,1.0,12
82856,1.0,12
82864,1.0,12
82864,1.0,12
82872,4.0,41
82896,1.0,17
82896,4.0,41
82952,2.0,24
82960,1.0,12
82992,1.0,12
82992,0.0,5
82992,1.0,12
83008,1.0,17
83056,4.0,45
83056,1.0,12
83088,1.0,12
83088,1.0,12
83088,1.0,12
83096,0.0,5
83104,1.0,12
83128,0.0,5
83152,1.0,12
83184,1.0,12
83192,4.0,41
83200,1.0,12
83224,1.0,17
83224,1.0,12
83224,5.0,46
83280,1.0,16
83280,2.0,23
83296,1.0,13
83296,1.0,12
83320,1.0,12
83376,1.0,12
83376,1.0,12
83392,1.0,12
83416,1.0,12
83472,1.0,12
83472,1.0,12
83488,1.0,12
83512,1.0,12
83528,0.0,5
83544,4.0,45
83552,4.0,41
83568,1.0,12
83584,0.0,5
83584,4.0,45
83608,1.0,12
83624,0.0,5
83624,4.0,41
83648,1.0,12
83648,0.0,5
83656,1.0,16
83680,1.0,12
83688,0.0,5
83720,1.0,12
83720,1.0,12
83728,0.0,5
83744,1.0,12
83768,0.0,5
83776,1.0,12
83800,3.0,41
83808,0.0,5
83816,1.0,12
83816,0.0,5
83840,0.0,5
83848,0.0,5
83856,0.0,5
83856,0.0,5
83856,1.0,17
83880,0.0,5
83880,0.0,3
83888,0.0,5
83896,0.0,5
83896,0.0,5
83920,0.0,5
83920,0.0,5
83928,0.0,5
83928,4.0,45
83936,0.0,5
83936,0.0,5
83960,0.0,5
83968,0.0,5
83968,0.0,5
83976,0.0,5
84000,0.0,5
84008,0.0,5
84016,1.0,12
84016,4.0,45
84016,0.0,5
84040,0.0,3
84040,0.0,5
84048,0.0,5
84056,0.0,5
84080,0.0,5
84080,0.0,5
84088,0.0,5
84104,4.0,45
84120,0.0,5
84120,0.0,5
84120,2.0,23
84144,0.0,5
84152,2.0,23
84160,0.0,5
84160,0.0,5
84184,0.0,5
84192,0.0,5
84200,2.0,23
84224,0.0,5
84232,0.0,5
84240,2.0,23
84240,0.0,5
84264,0.0,5
84272,2.0,23
84272,0.0,5
84280,0.0,5
84280,0.0,5
84304,2.0,23
84304,0.0,5
84312,0.0,5
84312,0.0,5
84320,0.0,5
84320,0.0,5
84344,2.0,23
84344,2.0,23
84344,0.0,5
84344,0.0,5
84352,0.0,5
84352,0.0,5
84360,0.0,5
84368,0.0,3
84368,0.0,3
84384,0.0,5
84392,0.0,5
84392,0.0,5
84400,0.0,5
84408,0.0,5
84408,0.0,5
84432,0.0,5
84440,0.0,5
84448,0.0,5
84448,0.0,5
84472,0.0,5
84480,1.0,17
84480,0.0,5
84488,0.0,5
84504,1.0,15
84504,0.0,3
84504,2.0,23
84512,0.0,5
84528,0.0,5
84544,0.0,5
84544,0.0,5
84552,0.0,5
84560,2.0,21
84584,0.0,5
84584,0.0,5
84592,0.0,5
84624,0.0,5
84624,1.0,15
84624,0.0,5
84632,2.0,23
84632,0.0,5
84664,0.0,5
84664,0.0,5
84664,2.0,23
84664,0.0,5
84672,0.0,5
84672,0.0,5
84696,1.0,17
84704,0.0,5
84704,0.0,5
84704,0.0,5
84704,0.0,5
84712,0.0,5
84712,2.0,23
84736,0.0,5
84744,0.0,5
84744,0.0,5
84744,0.0,5
84744,0.0,5
84776,0.0,5
84784,0.0,5
84784,0.0,5
84784,0.0,5
84784,0.0,5
84808,1.0,17
84824,0.0,5
84824,0.0,5
84848,0.0,5
84864,0.0,5
84880,1.0,12
84880,1.0,12
84888,0.0,5
84920,1.0,12
84920,0.0,5
84920,0.0,5
84960,0.0,5
84960,1.0,12
84968,2.0,24
84984,1.0,12
85008,0.0,5
85016,1.0,12
85016,1.0,12
85024,4.0,39
85040,4.0,41
85056,1.0,12
85064,0.0,5
85104,1.0,12
85136,1.0,12
85144,0.0,5
85152,1.0,12
85160,1.0,12
85232,1.0,12
85240,1.0,12
85288,4.0,41
85312,4.0,41
85328,1.0,12
85328,0.0,5
85336,1.0,12
85344,4.0,41
85344,4.0,41
85408,1.0,12
85424,1.0,12
85432,1.0,13
85440,1.0,12
85448,1.0,13
85464,1.0,16
85480,4.0,41
85488,4.0,41
85504,1.0,12
85520,1.0,12
85544,1.0,12
85560,1.0,12
85560,1.0,16
85576,1.0,17
85584,0.0,5
85584,1.0,12
85600,0.0,5
85616,1.0,12
85632,1.0,16
85656,1.0,12
85680,1.0,12
85696,1.0,12
85712,1.0,12
85720,1.0,17
85728,1.0,12
85736,0.0,5
85752,1.0,12
85752,0.0,5
85760,0.0,5
85768,0.0,5
85776,1.0,12
85792,0.0,5
85792,0.0,5
85800,0.0,5
85832,1.0,12
85840,4.0,45
85872,0.0,5
85872,1.0,12
85888,1.0,12
85888,1.0,12
85896,1.0,12
85896,1.0,16
85912,0.0,5
85912,0.0,5
85936,4.0,45
85960,1.0,15
85984,1.0,12
85984,1.0,12
85992,1.0,12
85992,1.0,12
86008,1.0,12
86008,1.0,12
86032,1.0,12
86048,0.0,5
86056,1.0,12
86080,1.0,12
86080,1.0,12
86088,1.0,12
86088,1.0,12
86104,0.0,3
86128,1.0,12
86144,1.0,12
86144,1.0,17
86144,0.0,5
86152,1.0,12
86176,1.0,12
86184,1.0,12
86184,1.0,12
86184,0.0,5
86224,1.0,12
86240,1.0,12
86272,1.0,12
86280,1.0,12
86280,1.0,12
86280,1.0,12
86280,1.0,17
86288,1.0,17
86336,1.0,12
86352,1.0,16
86376,0.0,5
86376,1.0,12
86376,1.0,13
86376,1.0,12
86408,1.0,16
86416,0.0,5
86416,0.0,5
86472,1.0,12
86472,1.0,12
86480,2.0,24
86512,1.0,12
86512,1.0,12
86544,1.0,17
86568,1.0,12
86584,0.0,5
86608,1.0,12
86608,1.0,16
86608,1.0,12
86640,4.0,45
86648,0.0,5
86704,1.0,12
86704,1.0,12
86704,1.0,17
86712,4.0,45
86744,0.0,5
86744,2.0,20
86744,1.0,12
86800,4.0,41
86800,2.0,20
86808,1.0,13
86840,1.0,12
86840,1.0,12
86840,1.0,12
86848,0.0,5
86872,2.0,20
86896,1.0,12
86936,1.0,17
86936,1.0,12
86944,1.0,13
86944,1.0,12
86968,1.0,12
86992,1.0,12
86992,3.0,36
87032,1.0,12
87040,1.0,12
87040,1.0,13
87040,1.0,12
87064,1.0,12
87088,1.0,12
87088,1.0,12
87128,1.0,12
87128,0.0,5
87136,1.0,12
87136,1.0,12
87168,1.0,13
87176,1.0,17
87184,1.0,12
87200,4.0,45
87224,1.0,12
87224,1.0,12
87232,1.0,12
87240,0.0,5
87264,0.0,5
87264,1.0,16
87272,1.0,12
87280,1.0,12
87296,1.0,16
87320,1.0,12
87328,1.0,12
87336,1.0,12
87360,1.0,12
87368,0.0,5
87368,1.0,12
87376,1.0,12
87392,0.0,3
87392,1.0,16
87392,1.0,12
87416,1.0,12
87432,1.0,12
87432,0.0,5
87472,1.0,12
87488,1.0,16
87488,1.0,12
87488,1.0,12
87520,1.0,13
87528,0.0,5
87528,1.0,12
87528,1.0,12
87552,0.0,3
87560,0.0,5
87568,1.0,12
87584,1.0,12
87584,1.0,12
87608,0.0,5
87624,1.0,12
87648,0.0,5
87656,1.0,12
87680,1.0,12
87680,1.0,12
87680,1.0,16
87688,0.0,5
87696,0.0,5
87720,1.0,12
87720,0.0,5
87728,4.0,45
87776,1.0,12
87776,1.0,12
87792,1.0,12
87816,1.0,12
87816,0.0,5
87816,1.0,16
87824,1.0,12
87832,0.0,5
87856,0.0,5
87880,1.0,13
87880,0.0,3
87888,4.0,45
87912,1.0,12
87912,1.0,12
87920,0.0,5
87920,1.0,12
87984,1.0,12
88008,1.0,12
88016,1.0,12
88016,1.0,12
88032,1.0,15
88064,2.0,29
88072,0.0,5
88080,1.0,12
88080,4.0,45
88104,0.0,5
88104,1.0,12
88112,1.0,12
88128,0.0,3
88144,1.0,16
88152,0.0,5
88168,0.0,5
88176,1.0,12
88176,1.0,12
88184,0.0,5
88192,0.0,5
88192,0.0,3
88200,1.0,12
88216,0.0,5
88216,0.0,3
88240,2.0,21
88240,4.0,45
88240,0.0,3
88264,0.0,3
88272,1.0,12
88304,0.0,5
88320,1.0,16
88336,1.0,12
88336,1.0,12
88344,0.0,3
88352,2.0,21
88368,1.0,12
88376,0.0,5
88384,2.0,21
88392,0.0,5
88392,2.0,24
88392,0.0,3
88416,1.0,14
88432,0.0,5
88432,0.0,5
88432,1.0,12
88456,0.0,5
88464,1.0,11
88472,1.0,16
88480,1.0,12
88488,1.0,12
88496,0.0,3
88528,1.0,12
88528,1.0,12
88552,0.0,3
88552,1.0,12
88568,0.0,5
88576,1.0,10
88576,1.0,12
88584,1.0,12
88592,0.0,5
88664,1.0,12
88672,1.0,12
88680,1.0,16
88704,1.0,16
88712,1.0,16
88760,1.0,12
88776,1.0,12
88792,4.0,45
88800,1.0,12
88800,1.0,16
88808,1.0,12
88816,0.0,5
88824,4.0,45
88840,0.0,5
88864,0.0,3
88888,1.0,12
88896,1.0,12
88904,1.0,12
88912,1.0,12
88920,1.0,12
88952,4.0,45
88960,1.0,12
88984,1.0,12
88992,1.0,12
89000,0.0,5
89000,1.0,12
89008,1.0,12
89016,1.0,12
89048,1.0,12
89088,1.0,12
89104,1.0,13
89112,1.0,16
89112,1.0,12
89120,4.0,45
89128,1.0,16
89144,1.0,12
89192,1.0,13
89216,1.0,13
89216,1.0,12
89224,1.0,12
89232,0.0,5
89248,1.0,17
89288,0.0,5
89312,1.0,12
89344,1.0,16
89352,0.0,5
89360,1.0,17
89368,4.0,45
89384,1.0,12
89384,2.0,30
89432,3.0,41
89448,1.0,12
89456,1.0,12
89464,1.0,12
89480,1.0,12
89480,1.0,17
89480,1.0,12
89488,0.0,5
89520,0.0,5
89528,1.0,12
89544,4.0,39
89560,1.0,12
89576,1.0,12
89576,1.0,12
89584,1.0,16
89584,1.0,12
89600,0.0,3
89600,0.0,5
89624,0.0,5
89624,1.0,12
89640,1.0,12
89640,0.0,5
89648,1.0,16
89672,1.0,12
89680,0.0,5
89688,0.0,5
89696,1.0,12
89712,1.0,16
89712,0.0,3
89720,1.0,12
89720,0.0,5
89736,1.0,12
89736,0.0,5
89736,0.0,3
89760,0.0,5
89768,1.0,12
89776,0.0,5
89776,0.0,5
89800,0.0,5
89808,2.0,23
89808,0.0,5
89808,1.0,12
89816,0.0,5
89816,0.0,5
89832,1.0,12
89848,0.0,5
89848,0.0,5
89856,0.0,5
89856,0.0,5
89888,0.0,5
89888,0.0,5
89896,0.0,5
89920,2.0,25
89928,0.0,5
89936,0.0,5
89944,1.0,17
89960,0.0,5
89976,0.0,5
89984,0.0,5
89984,2.0,23
90000,0.0,5
90016,2.0,23
90016,0.0,5
90024,0.0,5
90024,0.0,5
90040,0.0,5
90040,2.0,23
90056,0.0,5
90056,0.0,5
90064,0.0,5
90064,0.0,5
90072,2.0,23
90080,0.0,5
90096,0.0,5
90096,2.0,21
90096,0.0,5
90104,0.0,5
90112,0.0,5
90120,0.0,5
90136,0.0,5
90136,0.0,5
90136,0.0,5
90144,0.0,5
90152,0.0,5
90160,0.0,5
90176,0.0,5
90176,0.0,5
90176,1.0,17
90184,0.0,5
90192,0.0,5
90200,0.0,5
90200,1.0,17
90216,0.0,5
90216,0.0,5
90216,0.0,5
90224,0.0,5
90232,0.0,5
90240,0.0,5
90256,0.0,5
90256,0.0,5
90256,0.0,5
90264,0.0,5
90272,0.0,5
90272,1.0,17
90280,0.0,5
90296,0.0,5
90304,0.0,5
90320,0.0,5
90336,0.0,5
90336,1.0,17
90344,0.0,5
90360,0.0,5
90376,0.0,5
90376,0.0,5
90384,0.0,5
90400,0.0,5
90416,0.0,5
90416,0.0,5
90424,0.0,5
90440,0.0,5
90440,2.0,23
90440,2.0,23
90456,0.0,5
90456,0.0,5
90456,2.0,23
90456,2.0,23
90464,0.0,5
90480,0.0,5
90480,0.0,5
90480,0.0,5
90496,0.0,5
90496,0.0,5
90496,0.0,5
90496,0.0,5
90520,0.0,5
90520,0.0,5
90536,0.0,5
90536,0.0,5
90536,0.0,5
90536,0.0,5
90560,0.0,5
90560,0.0,5
90576,0.0,5
90576,0.0,5
90576,0.0,5
90576,0.0,5
90600,0.0,5
90616,0.0,5
90616,0.0,5
90616,0.0,5
90640,0.0,5
90648,2.0,21
90648,2.0,23
90656,0.0,5
90656,0.0,5
90656,1.0,12
90680,0.0,5
90696,0.0,5
90720,0.0,5
90736,0.0,5
90744,1.0,12
90760,2.0,23
90760,0.0,5
90784,1.0,17
90784,0.0,5
90800,0.0,5
90800,2.0,23
90800,0.0,5
90832,1.0,12
90840,2.0,23
90840,2.0,23
90896,1.0,12
90904,1.0,13
90928,1.0,12
90936,1.0,12
90936,1.0,12
90968,0.0,5
90976,0.0,5
91000,1.0,12
91032,1.0,12
91064,1.0,12
91072,0.0,5
91112,4.0,41
91144,4.0,45
91160,4.0,45
91168,2.0,24
91168,1.0,12
91192,1.0,16
91200,0.0,5
91208,1.0,12
91208,0.0,5
91240,1.0,12
91240,0.0,5
91248,0.0,5
91256,4.0,45
91280,0.0,5
91280,0.0,5
91288,0.0,5
91288,1.0,12
91304,1.0,17
91304,1.0,12
91344,0.0,5
91352,1.0,12
91360,4.0,45
91376,1.0,12
91376,1.0,12
91384,1.0,12
91384,0.0,5
91392,0.0,5
91400,1.0,12
91416,0.0,5
91424,0.0,5
91432,0.0,5
91456,1.0,12
91472,1.0,12
91480,1.0,12
91480,2.0,24
91496,0.0,5
91512,1.0,12
91512,0.0,5
91520,1.0,12
91520,0.0,5
91528,1.0,12
91560,0.0,5
91576,1.0,12
91592,1.0,12
91608,1.0,12
91608,1.0,12
91616,1.0,12
91624,1.0,12
91656,1.0,12
91680,1.0,13
91688,1.0,12
91704,1.0,12
91704,1.0,12
91712,1.0,12
91720,0.0,5
91720,1.0,12
91728,3.0,41
91728,0.0,5
91744,0.0,5
91752,1.0,12
91760,0.0,5
91760,0.0,5
91768,0.0,5
91792,0.0,5
91800,1.0,12
91808,1.0,12
91824,1.0,12
91840,0.0,5
91840,1.0,12
91856,1.0,12
91856,1.0,12
91864,1.0,12
91864,0.0,5
91880,0.0,5
91888,1.0,12
91896,0.0,5
91896,0.0,5
91912,1.0,13
91928,0.0,5
91936,1.0,12
91936,0.0,5
91952,0.0,5
91960,1.0,12
91960,1.0,12
91976,1.0,12
91976,0.0,5
91992,1.0,12
92024,1.0,12
92032,1.0,12
92048,1.0,12
92056,1.0,12
92056,1.0,12
92072,1.0,12
92072,0.0,5
92072,1.0,12
92088,1.0,12
92128,0.0,5
92152,1.0,12
92152,1.0,12
92160,1.0,17
92168,1.0,12
92168,1.0,12
92176,1.0,16
92192,0.0,5
92200,1.0,16
92224,1.0,12
92248,1.0,12
92264,1.0,12
92264,0.0,5
92272,1.0,12
92288,0.0,5
92352,2.0,23
92360,1.0,12
92360,1.0,12
92368,1.0,12
92384,2.0,24
92384,1.0,12
92392,0.0,5
92400,0.0,5
92408,0.0,5
92424,2.0,28
92424,0.0,5
92432,0.0,5
92440,0.0,5
92464,0.0,5
92480,0.0,5
92488,4.0,41
92504,0.0,5
92512,1.0,16
92520,0.0,5
92528,0.0,5
92544,0.0,5
92544,2.0,23
92560,0.0,5
92568,0.0,5
92568,2.0,20
92584,0.0,5
92584,0.0,5
92600,0.0,5
92608,0.0,5
92608,2.0,23
92616,2.0,23
92624,0.0,5
92624,0.0,5
92640,0.0,5
92648,0.0,5
92648,0.0,5
92648,1.0,17
92656,0.0,5
92664,0.0,5
92664,0.0,5
92680,0.0,5
92688,0.0,5
92696,0.0,5
92704,0.0,5
92720,0.0,5
92728,0.0,5
92744,0.0,5
92752,2.0,23
92760,0.0,5
92768,0.0,5
92792,0.0,5
92800,0.0,5
92808,0.0,5
92832,2.0,23
92832,2.0,23
92832,1.0,17
92840,0.0,5
92848,2.0,23
92848,0.0,5
92872,0.0,5
92872,0.0,5
92872,0.0,5
92880,0.0,5
92888,0.0,5
92888,0.0,5
92912,0.0,5
92912,0.0,5
92920,0.0,5
92928,2.0,23
92928,0.0,5
92928,1.0,17
92928,0.0,5
92952,0.0,5
92952,0.0,5
92960,0.0,5
92968,0.0,5
92968,0.0,5
92968,0.0,5
92992,0.0,5
92992,0.0,5
93008,1.0,17
93008,0.0,5
93008,0.0,5
93008,0.0,5
93032,0.0,5
93032,0.0,5
93048,0.0,5
93048,0.0,5
93048,0.0,5
93048,0.0,5
93072,0.0,5
93072,0.0,5
93088,0.0,5
93088,0.0,5
93088,0.0,5
93112,2.0,23
93112,0.0,5
93112,0.0,5
93128,0.0,5
93128,0.0,5
93144,2.0,23
93152,0.0,5
93152,0.0,5
93152,0.0,5
93184,0.0,5
93192,0.0,5
93192,0.0,5
93192,0.0,5
93216,2.0,21
93224,0.0,5
93232,0.0,5
93232,0.0,5
93256,2.0,21
93256,0.0,5
93272,0.0,5
93272,0.0,5
93296,0.0,5
93296,0.0,5
93312,2.0,23
93312,0.0,5
93312,2.0,23
93312,0.0,5
93336,0.0,5
93352,0.0,5
93352,0.0,5
93352,0.0,5
93352,0.0,5
93376,2.0,23
93376,0.0,5
93392,0.0,5
93392,0.0,5
93392,0.0,5
93392,0.0,5
93416,0.0,5
93432,0.0,5
93432,0.0,5
93432,0.0,5
93432,0.0,5
93456,0.0,5
93472,0.0,5
93472,0.0,5
93472,0.0,5
93512,0.0,5
93512,0.0,5
93512,0.0,5
93536,0.0,3
93552,0.0,5
93552,4.0,41
93576,0.0,5
93592,0.0,5
93592,1.0,17
93600,0.0,3
93608,4.0,39
93616,0.0,3
93624,0.0,3
93632,0.0,5
93656,0.0,5
93664,0.0,5
93688,2.0,22
93688,1.0,17
93696,0.0,5
93704,0.0,5
93704,4.0,41
93712,0.0,3
93712,0.0,3
93728,0.0,3
93736,0.0,5
93744,1.0,17
93744,0.0,5
93752,0.0,5
93760,4.0,41
93768,0.0,5
93768,0.0,3
93776,0.0,5
93784,0.0,5
93800,0.0,5
93808,0.0,5
93824,0.0,3
93824,0.0,5
93848,0.0,3
93848,0.0,5
93888,0.0,5
93888,0.0,5
93896,1.0,16
93896,2.0,23
93928,0.0,5
93936,0.0,5
93936,0.0,5
93960,4.0,41
93968,0.0,5
93976,0.0,5
94000,0.0,5
94008,0.0,5
94008,2.0,23
94016,0.0,5
94048,0.0,5
94056,2.0,21
94080,4.0,41
94096,0.0,5
94104,4.0,41
94120,2.0,23
94120,0.0,5
94136,1.0,17
94144,0.0,5
94152,1.0,17
94160,0.0,5
94160,0.0,5
94176,0.0,5
94184,0.0,3
94192,0.0,5
94200,0.0,5
94216,0.0,5
94224,0.0,5
94232,1.0,17
94232,0.0,5
94240,0.0,5
94264,0.0,5
94272,0.0,5
94280,0.0,5
94312,0.0,5
94320,0.0,5
94328,1.0,12
94336,4.0,41
94344,1.0,16
94376,4.0,41
94384,0.0,5
94408,1.0,12
94424,0.0,5
94424,1.0,12
94432,1.0,12
94472,0.0,5
94472,4.0,41
94472,1.0,12
94504,1.0,12
94520,1.0,12
94520,1.0,12
94560,0.0,5
94568,1.0,12
94568,1.0,12
94568,1.0,12
94592,4.0,41
94608,0.0,5
94632,1.0,16
94648,4.0,41
94656,1.0,17
94656,1.0,12
94664,1.0,12
94688,1.0,12
94696,0.0,5
94696,1.0,16
94704,1.0,12
94728,1.0,12
94728,0.0,5
94744,1.0,12
94744,0.0,5
94760,1.0,12
94768,0.0,5
94792,1.0,12
94800,0.0,5
94824,1.0,12
94832,1.0,17
94840,1.0,12
94872,0.0,5
94880,0.0,5
94888,1.0,12
94904,1.0,10
94976,1.0,12
94984,1.0,12
94984,2.0,23
94984,4.0,41
95000,1.0,12
95056,2.0,23
95072,1.0,12
95072,4.0,41
95080,1.0,12
95088,1.0,13
95096,0.0,5
95096,4.0,41
95120,1.0,17
95128,0.0,5
95136,0.0,5
95160,0.0,5
95168,0.0,5
95168,1.0,12
95168,1.0,12
95176,1.0,12
95184,2.0,23
95192,1.0,12
95200,0.0,5
95208,0.0,5
95208,0.0,5
95216,0.0,5
95224,0.0,5
95240,0.0,5
95248,0.0,5
95256,0.0,5
95264,0.0,5
95272,1.0,13
95272,1.0,17
95280,0.0,5
95296,0.0,5
95304,1.0,12
95312,0.0,5
95312,0.0,5
95320,0.0,5
95336,0.0,5
95344,0.0,5
95352,0.0,5
95352,0.0,5
95360,0.0,5
95376,0.0,5
95384,0.0,5
95384,2.0,24
95392,0.0,5
95392,0.0,5
95400,0.0,5
95416,0.0,5
95424,0.0,5
95424,0.0,5
95432,2.0,23
95432,0.0,5
95432,0.0,5
95440,0.0,5
95448,2.0,23
95464,0.0,5
95472,0.0,5
95472,0.0,5
95472,0.0,5
95480,0.0,5
95488,0.0,5
95504,0.0,5
95512,0.0,5
95512,0.0,5
95512,0.0,3
95520,0.0,5
95552,0.0,5
95552,0.0,5
95552,0.0,5
95560,1.0,17
95560,0.0,5
95592,0.0,5
95592,0.0,5
95592,0.0,5
95600,2.0,23
95632,0.0,5
95632,0.0,5
95632,0.0,5
95656,2.0,23
95672,0.0,5
95672,0.0,5
95672,0.0,5
95688,2.0,23
95696,0.0,5
95712,0.0,5
95712,0.0,5
95728,0.0,5
95736,0.0,5
95736,1.0,17
95744,2.0,23
95744,2.0,23
95752,0.0,5
95784,0.0,5
95784,0.0,5
95792,0.0,5
95824,0.0,5
95824,0.0,5
95832,0.0,5
95856,2.0,23
95864,1.0,17
95864,0.0,5
95864,0.0,5
95872,1.0,17
95872,0.0,5
95872,1.0,17
95896,0.0,5
95896,2.0,23
95904,0.0,5
95904,0.0,5
95912,0.0,5
95936,0.0,5
95936,0.0,5
95944,0.0,5
95944,0.0,5
95976,0.0,5
95976,0.0,5
95984,0.0,5
96000,1.0,17
96008,1.0,17
96016,0.0,5
96016,0.0,5
96024,0.0,5
96040,0.0,5
96056,2.0,23
96064,0.0,5
96096,2.0,23
96104,0.0,5
96120,0.0,3
96128,2.0,23
96136,1.0,15
96144,0.0,5
96152,1.0,18
96160,0.0,5
96184,0.0,5
96192,0.0,5
96200,0.0,5
96208,2.0,21
96224,1.0,12
96240,0.0,5
96240,2.0,23
96248,0.0,5
96280,0.0,5
96280,0.0,5
96288,0.0,5
96320,0.0,5
96320,2.0,23
96320,1.0,12
96344,3.0,41
96360,0.0,5
96360,0.0,5
96368,2.0,23
96376,2.0,23
96384,0.0,5
96400,0.0,5
96400,0.0,5
96408,0.0,5
96416,0.0,5
96424,0.0,5
96424,1.0,17
96440,0.0,5
96440,0.0,5
96448,0.0,5
96456,0.0,5
96456,1.0,17
96464,0.0,5
96464,2.0,23
96464,0.0,5
96480,0.0,5
96496,0.0,5
96496,0.0,5
96504,0.0,5
96504,0.0,5
96520,0.0,5
96536,0.0,5
96544,0.0,5
96544,0.0,5
96560,0.0,5
96576,1.0,17
96584,0.0,5
96584,0.0,5
96600,1.0,17
96600,0.0,5
96616,0.0,5
96624,0.0,5
96632,2.0,23
96640,0.0,5
96640,0.0,5
96664,0.0,5
96672,0.0,5
96680,0.0,5
96680,2.0,23
96704,0.0,5
96712,0.0,5
96720,0.0,5
96720,0.0,5
96720,2.0,23
96752,0.0,5
96760,0.0,5
96760,0.0,5
96760,0.0,5
96776,1.0,17
96792,0.0,5
96800,0.0,5
96800,2.0,23
96800,0.0,5
96816,0.0,5
96832,0.0,5
96840,0.0,5
96840,0.0,5
96840,0.0,5
96856,0.0,5
96872,0.0,5
96880,0.0,5
96880,0.0,5
96896,0.0,5
96896,1.0,17
96920,0.0,5
96920,0.0,5
96936,0.0,5
96936,0.0,5
96952,4.0,46
96960,0.0,5
96960,0.0,5
96976,0.0,5
96976,0.0,5
97000,0.0,5
97016,3.0,39
97016,0.0,5
97024,2.0,23
97056,0.0,5
97056,0.0,5
97056,2.0,23
97096,0.0,5
97136,0.0,5
97136,2.0,23
97144,2.0,23
97160,2.0,23
97160,1.0,17
97176,0.0,5
97176,0.0,5
97184,0.0,5
97184,2.0,23
97192,1.0,17
97192,1.0,17
97200,0.0,5
97200,0.0,5
97216,0.0,5
97216,0.0,5
97224,0.0,5
97232,0.0,5
97240,0.0,5
97240,0.0,5
97256,0.0,5
97256,0.0,5
97264,0.0,5
97272,0.0,5
97280,0.0,5
97280,0.0,5
97296,0.0,5
97304,0.0,5
97312,0.0,5
97320,0.0,5
97328,1.0,17
97336,0.0,5
97344,0.0,5
97368,2.0,23
97376,0.0,5
97392,1.0,17
97408,0.0,5
97416,1.0,17
97432,0.0,5
97440,1.0,12
97456,0.0,5
97472,1.0,12
97488,2.0,21
97496,2.0,23
97504,1.0,12
97512,2.0,23
97536,1.0,12
97552,1.0,12
97584,1.0,12
97592,1.0,12
97600,1.0,12
97608,1.0,12
97624,0.0,5
97648,1.0,12
97656,2.0,23
97664,0.0,5
97664,1.0,16
97688,1.0,12
97696,1.0,12
97704,1.0,12
97744,1.0,12
97744,0.0,5
97752,1.0,12
97760,1.0,12
97760,4.0,41
97784,1.0,12
97792,1.0,12
97800,0.0,5
97840,0.0,5
97848,1.0,12
97856,1.0,12
97880,1.0,12
97880,1.0,17
97888,1.0,12
97896,2.0,29
97904,0.0,3
97928,0.0,5
97936,1.0,12
97944,1.0,12
97984,0.0,5
97992,1.0,17
98000,1.0,12
98024,1.0,12
98072,4.0,41
98080,1.0,12
98080,2.0,23
98088,1.0,12
98104,1.0,13
98120,1.0,12
98160,0.0,5
98168,1.0,12
98176,1.0,12
98176,1.0,12
98184,1.0,12
98208,4.0,41
98224,0.0,5
98256,1.0,12
98264,1.0,12
98264,4.0,41
98272,1.0,12
98304,1.0,12
98320,1.0,12
98352,1.0,12
98360,1.0,12
98360,1.0,12
98368,1.0,12
98400,1.0,12
98416,1.0,12
98448,1.0,12
98456,1.0,12
98464,4.0,45
98496,1.0,17
98496,1.0,16
98504,0.0,5
98504,4.0,41
98520,1.0,13
98552,1.0,13
98560,1.0,13
98592,1.0,12
98592,1.0,12
98600,1.0,12
98632,0.0,5
98632,0.0,5
98640,0.0,5
98648,1.0,12
98672,0.0,5
98696,4.0,37
98728,1.0,12
98736,1.0,12
98736,0.0,5
98744,1.0,12
98776,0.0,5
98784,0.0,5
98800,1.0,16
98800,0.0,3
98824,0.0,5
98832,1.0,12
98856,1.0,16
98864,4.0,45
98872,0.0,5
98880,4.0,45
98896,1.0,12
98896,0.0,5
98896,1.0,12
98912,0.0,5
98920,4.0,45
98952,0.0,5
98976,1.0,12
98992,1.0,12
98992,1.0,12
99008,2.0,23
99016,1.0,12
99032,1.0,17
99032,0.0,5
99032,0.0,5
99056,0.0,5
99072,0.0,5
99072,0.0,5
99072,1.0,12
99112,0.0,5
99128,1.0,12
99152,1.0,12
99160,3.0,37
99168,1.0,12
99192,0.0,5
99224,1.0,12
99232,0.0,5
99264,0.0,5
99272,0.0,5
99280,4.0,41
99296,1.0,17
99320,0.0,5
99336,3.0,41
99360,0.0,5
99360,3.0,36
99432,1.0,17
99432,1.0,12
99456,1.0,12
99456,1.0,12
99472,4.0,45
99496,4.0,41
99496,0.0,5
99528,1.0,12
99528,1.0,12
99536,0.0,5
99552,1.0,12
99568,1.0,12
99568,0.0,5
99576,0.0,5
99592,4.0,41
99592,1.0,12
99600,4.0,41
99624,1.0,12
99648,1.0,12
99648,0.0,3
99664,1.0,12
99688,0.0,5
99688,1.0,12
99688,0.0,5
99688,1.0,12
99696,1.0,12
99728,0.0,5
99728,0.0,5
99728,0.0,5
99768,0.0,5
99784,1.0,12
99792,1.0,12
99832,0.0,5
99848,2.0,23
99872,0.0,5
99880,1.0,12
99888,0.0,5
99896,4.0,41
99904,4.0,41
99912,2.0,23
99912,2.0,23
99928,0.0,5
99952,0.0,5
99952,0.0,5
99952,2.0,23
99968,0.0,5
99992,0.0,5
99992,1.0,12
99992,0.0,5
99992,0.0,5
100000,1.0,12
