timesteps,reward,episode_length
40,0.0,5
40,0.0,5
40,0.0,5
40,0.0,5
40,0.0,5
40,0.0,5
40,0.0,5
80,0.0,5
80,0.0,5
80,0.0,5
80,0.0,5
80,0.0,5
120,0.0,5
120,0.0,5
120,0.0,5
128,1.0,16
136,1.0,12
160,0.0,5
160,0.0,5
160,0.0,5
168,0.0,5
176,0.0,5
192,1.0,14
200,0.0,5
200,0.0,5
216,0.0,5
232,2.0,24
232,0.0,5
240,0.0,5
240,0.0,5
248,2.0,21
256,0.0,3
256,0.0,5
264,0.0,3
272,0.0,5
280,0.0,5
288,0.0,5
288,1.0,16
296,0.0,5
304,1.0,17
304,0.0,5
312,0.0,5
328,0.0,3
336,0.0,5
344,0.0,5
352,0.0,5
368,0.0,3
376,0.0,5
384,1.0,16
392,1.0,14
408,1.0,15
408,0.0,5
424,0.0,5
448,0.0,5
464,1.0,17
464,0.0,5
480,1.0,16
488,1.0,14
488,0.0,5
504,0.0,5
528,0.0,5
528,1.0,17
536,1.0,16
560,1.0,12
576,0.0,5
576,3.0,36
600,0.0,5
600,1.0,12
616,0.0,5
616,0.0,5
616,1.0,17
640,0.0,5
648,1.0,15
656,0.0,5
656,2.0,21
656,0.0,5
656,0.0,5
664,1.0,17
680,0.0,3
680,0.0,5
688,0.0,5
696,0.0,5
704,0.0,5
712,1.0,14
720,0.0,5
720,0.0,5
728,0.0,5
744,0.0,5
744,0.0,3
752,0.0,5
784,1.0,16
784,0.0,5
784,1.0,16
784,0.0,5
792,0.0,5
816,1.0,12
824,0.0,5
824,0.0,5
824,0.0,5
832,0.0,5
840,1.0,14
840,0.0,3
864,0.0,3
864,0.0,5
864,0.0,3
864,0.0,5
872,0.0,5
872,2.0,22
896,0.0,3
896,1.0,14
904,0.0,5
904,0.0,5
904,0.0,5
912,0.0,5
936,0.0,5
936,1.0,14
944,0.0,5
944,0.0,5
976,0.0,5
984,0.0,5
984,0.0,5
1000,1.0,12
1016,0.0,5
1024,1.0,16
1024,0.0,3
1024,0.0,5
1032,1.0,15
1048,2.0,23
1056,0.0,5
1064,0.0,5
1064,0.0,5
1072,0.0,5
1072,1.0,17
1088,0.0,5
1104,0.0,5
1112,0.0,5
1112,0.0,5
1128,0.0,5
1144,0.0,5
1152,1.0,16
1152,0.0,5
1152,0.0,5
1168,2.0,23
1168,0.0,5
1184,0.0,5
1184,1.0,16
1192,0.0,3
1192,0.0,5
1192,1.0,16
1208,0.0,3
1208,0.0,5
1232,0.0,5
1248,0.0,5
1248,0.0,5
1272,0.0,5
1280,1.0,16
1288,0.0,5
1288,0.0,5
1288,1.0,17
1312,0.0,5
1312,1.0,16
1320,1.0,16
1328,0.0,5
1328,0.0,5
1336,0.0,3
1344,0.0,3
1352,0.0,5
1352,0.0,3
1368,0.0,5
1368,1.0,11
1376,0.0,5
1384,0.0,5
1392,0.0,5
1392,0.0,3
1400,1.0,14
1408,0.0,5
1416,0.0,5
1432,0.0,5
1432,0.0,5
1448,0.0,5
1472,0.0,5
1472,0.0,5
1488,0.0,5
1504,4.0,39
1512,1.0,16
1512,0.0,5
1512,0.0,5
1520,2.0,21
1528,0.0,5
1552,0.0,5
1560,0.0,5
1568,0.0,5
1584,2.0,21
1584,2.0,23
1592,0.0,5
1600,1.0,12
1600,0.0,5
1608,0.0,5
1624,0.0,5
1632,0.0,5
1640,0.0,5
1640,0.0,5
1648,1.0,17
1648,0.0,5
1680,0.0,5
1680,0.0,5
1680,2.0,21
1688,0.0,5
1712,1.0,16
1720,0.0,5
1720,0.0,5
1728,0.0,5
1752,0.0,5
1760,0.0,5
1760,0.0,5
1760,1.0,14
1768,0.0,5
1792,2.0,21
1792,0.0,5
1800,0.0,5
1816,1.0,17
1832,0.0,5
1840,0.0,5
1848,2.0,27
1856,0.0,5
1872,0.0,5
1880,0.0,3
1888,1.0,16
1888,0.0,5
1896,1.0,16
1912,0.0,5
1912,0.0,3
1928,2.0,21
1928,0.0,5
1936,0.0,5
1952,0.0,5
1968,0.0,5
1976,0.0,5
2024,2.0,29
2024,2.0,23
2040,2.0,20
2048,1.0,17
2048,0.0,3
2064,1.0,17
2080,1.0,16
2088,0.0,3
2088,1.0,14
2088,0.0,5
2120,0.0,5
2128,0.0,5
2128,1.0,10
2128,0.0,5
2128,0.0,5
2168,0.0,5
2168,0.0,5
2168,0.0,5
2208,0.0,5
2208,0.0,5
2216,2.0,22
2216,2.0,24
2232,1.0,14
2240,1.0,14
2240,0.0,3
2240,3.0,34
2248,0.0,5
2248,0.0,5
2256,0.0,5
2264,0.0,3
2280,0.0,5
2280,0.0,5
2288,0.0,5
2296,0.0,5
2296,1.0,16
2304,0.0,5
2320,0.0,5
2344,0.0,5
2360,0.0,5
2376,1.0,16
2384,1.0,12
2384,0.0,5
2392,2.0,20
2392,1.0,14
2392,1.0,12
2416,1.0,15
2424,0.0,5
2424,0.0,5
2432,0.0,5
2432,0.0,5
2432,0.0,5
2456,0.0,5
2464,0.0,5
2464,0.0,5
2472,0.0,5
2472,0.0,5
2480,0.0,3
2504,0.0,5
2504,0.0,5
2512,1.0,17
2512,0.0,5
2520,0.0,5
2536,0.0,3
2544,1.0,14
2544,0.0,5
2552,0.0,5
2560,0.0,5
2576,0.0,5
2584,0.0,5
2584,0.0,5
2592,2.0,29
2600,0.0,5
2600,1.0,12
2608,1.0,17
2616,0.0,5
2624,0.0,5
2624,0.0,5
2640,0.0,5
2640,0.0,5
2648,0.0,3
2648,0.0,5
2656,0.0,5
2680,0.0,5
2680,1.0,16
2680,0.0,5
2688,0.0,5
2688,0.0,5
2696,0.0,5
2704,1.0,14
2720,0.0,5
2736,0.0,4
2736,0.0,5
2744,0.0,3
2768,0.0,3
2776,0.0,5
2784,1.0,12
2808,2.0,23
2808,0.0,5
2808,1.0,16
2808,1.0,16
2824,0.0,5
2848,0.0,5
2848,0.0,5
2848,0.0,5
2856,1.0,15
2856,2.0,21
2864,0.0,5
2872,0.0,3
2888,0.0,5
2896,0.0,5
2912,0.0,5
2928,0.0,5
2936,1.0,16
2944,2.0,21
2952,1.0,12
2960,1.0,14
2968,0.0,5
2976,1.0,14
2976,0.0,5
2984,0.0,5
2992,0.0,5
3000,0.0,5
3008,0.0,5
3016,0.0,5
3032,1.0,17
3040,0.0,3
3040,0.0,5
3040,1.0,16
3072,0.0,5
3080,0.0,5
3096,1.0,14
3104,1.0,14
3112,0.0,5
3120,1.0,14
3136,0.0,5
3144,0.0,5
3152,0.0,5
3160,1.0,15
3160,0.0,5
3176,0.0,5
3176,1.0,17
3184,0.0,5
3200,0.0,5
3200,0.0,5
3200,0.0,3
3208,0.0,3
3216,0.0,5
3224,0.0,3
3240,0.0,5
3240,0.0,5
3248,2.0,21
3248,0.0,5
3248,0.0,3
3256,0.0,5
3264,1.0,14
3272,0.0,3
3280,0.0,5
3280,0.0,5
3288,0.0,5
3304,3.0,41
3312,0.0,5
3320,0.0,5
3320,0.0,5
3328,0.0,5
3352,0.0,5
3360,0.0,5
3360,0.0,5
3384,1.0,16
3400,0.0,5
3400,0.0,5
3416,2.0,21
3424,0.0,5
3424,0.0,3
3440,1.0,17
3456,1.0,16
3456,0.0,5
3464,0.0,5
3496,0.0,5
3496,0.0,5
3496,2.0,29
3496,1.0,12
3504,0.0,5
3544,1.0,15
3544,0.0,5
3576,1.0,17
3584,0.0,5
3616,1.0,15
3616,0.0,5
3624,1.0,16
3624,0.0,5
3624,1.0,16
3632,3.0,35
3656,0.0,5
3664,0.0,5
3664,0.0,5
3664,0.0,5
3680,2.0,23
3688,0.0,3
3696,0.0,5
3704,0.0,5
3704,0.0,5
3720,0.0,5
3720,0.0,3
3728,1.0,12
3744,0.0,5
3744,0.0,5
3760,0.0,5
3760,0.0,5
3768,2.0,28
3784,0.0,5
3784,0.0,5
3800,0.0,5
3800,2.0,23
3808,0.0,5
3816,1.0,16
3824,0.0,5
3824,0.0,5
3824,0.0,3
3840,0.0,5
3848,0.0,5
3848,0.0,3
3856,1.0,16
3856,0.0,5
3864,0.0,5
3872,1.0,14
3880,0.0,5
3888,0.0,5
3912,0.0,5
3952,0.0,5
3952,1.0,16
3976,1.0,15
3992,0.0,5
3992,1.0,17
3992,1.0,16
4008,1.0,16
4016,2.0,21
4016,0.0,3
4032,0.0,5
4032,0.0,5
4048,0.0,5
4056,0.0,5
4056,0.0,5
4072,0.0,5
4072,0.0,5
4080,1.0,16
4088,0.0,5
4096,0.0,5
4096,0.0,5
4104,0.0,3
4128,0.0,5
4136,0.0,5
4136,0.0,5
4160,2.0,23
4168,0.0,5
4176,0.0,5
4184,1.0,14
4200,0.0,5
4200,1.0,12
4208,0.0,3
4216,0.0,5
4224,4.0,42
4240,0.0,5
4240,0.0,5
4248,0.0,5
4248,0.0,3
4256,2.0,23
4256,0.0,5
4264,1.0,12
4264,1.0,16
4280,0.0,3
4280,0.0,5
4280,0.0,5
4288,0.0,5
4296,0.0,5
4304,0.0,5
4304,0.0,5
4320,0.0,5
4328,0.0,5
4336,0.0,5
4344,0.0,5
4344,0.0,5
4360,0.0,5
4376,1.0,16
4384,0.0,5
4384,0.0,5
4400,0.0,5
4408,1.0,16
4416,0.0,5
4416,1.0,17
4424,0.0,5
4440,0.0,3
4440,0.0,5
4440,1.0,14
4448,0.0,5
4456,0.0,5
4464,1.0,16
4480,0.0,5
4480,0.0,3
4480,0.0,5
4480,0.0,5
4488,0.0,5
4496,1.0,14
4504,0.0,5
4520,0.0,5
4520,0.0,5
4520,0.0,5
4528,0.0,5
4536,0.0,5
4536,1.0,14
4544,0.0,5
4560,0.0,5
4568,0.0,5
4576,0.0,5
4576,0.0,5
4584,0.0,5
4592,1.0,14
4600,0.0,3
4600,0.0,5
4616,0.0,5
4624,0.0,5
4632,0.0,5
4632,1.0,14
4632,1.0,14
4640,0.0,5
4640,0.0,5
4656,0.0,5
4656,0.0,3
4664,0.0,5
4672,0.0,5
4672,0.0,5
4680,0.0,5
4680,0.0,5
4696,0.0,5
4696,0.0,5
4696,1.0,16
4712,0.0,5
4712,0.0,5
4720,0.0,5
4720,0.0,3
4720,0.0,5
4736,0.0,5
4752,0.0,5
4752,0.0,5
4760,0.0,5
4776,0.0,5
4776,1.0,14
4792,0.0,5
4800,0.0,5
4816,0.0,5
4832,1.0,14
4840,0.0,5
4856,0.0,5
4864,1.0,14
4880,2.0,23
4880,0.0,5
4888,1.0,14
4888,1.0,12
4896,0.0,5
4904,0.0,5
4904,2.0,23
4912,0.0,3
4920,0.0,5
4928,0.0,3
4928,0.0,3
4928,1.0,12
4936,0.0,5
4952,0.0,5
4968,0.0,5
4968,0.0,5
4968,0.0,5
4976,0.0,5
4992,0.0,3
5008,0.0,5
5008,1.0,16
5008,0.0,5
5016,0.0,5
5032,0.0,5
5048,0.0,5
5048,2.0,20
5048,0.0,5
5048,1.0,16
5048,0.0,5
5072,0.0,5
5088,0.0,5
5088,0.0,5
5088,0.0,5
5088,0.0,5
5112,0.0,3
5112,0.0,3
5128,0.0,5
5152,0.0,5
5152,0.0,5
5168,0.0,5
5168,2.0,27
5176,1.0,16
5192,0.0,5
5200,1.0,16
5200,2.0,23
5208,0.0,5
5224,0.0,3
5232,0.0,5
5240,0.0,5
5248,0.0,5
5248,0.0,3
5264,1.0,12
5272,1.0,12
5272,2.0,23
5272,0.0,5
5288,0.0,5
5288,0.0,5
5296,0.0,3
5304,0.0,5
5312,0.0,5
5312,0.0,3
5320,0.0,3
5328,0.0,5
5336,2.0,23
5352,0.0,5
5368,0.0,5
5376,0.0,5
5384,1.0,14
5408,1.0,12
5424,2.0,23
5424,1.0,15
5424,0.0,5
5440,1.0,15
5464,0.0,5
5464,1.0,14
5464,0.0,5
5480,0.0,5
5480,1.0,14
5504,0.0,5
5504,1.0,12
5504,0.0,5
5520,0.0,5
5520,0.0,5
5544,0.0,5
5544,0.0,5
5544,0.0,5
5552,1.0,16
5560,0.0,5
5584,0.0,5
5600,0.0,5
5600,2.0,28
5632,1.0,14
5632,2.0,21
5640,0.0,5
5640,0.0,5
5640,1.0,11
5664,1.0,15
5664,0.0,3
5672,1.0,16
5672,0.0,5
5680,0.0,5
5696,1.0,14
5704,0.0,5
5704,0.0,5
5712,0.0,5
5720,0.0,5
5736,0.0,5
5744,0.0,5
5760,0.0,5
5768,1.0,17
5768,1.0,16
5776,0.0,5
5784,0.0,5
5792,1.0,15
5800,0.0,5
5808,0.0,5
5808,0.0,5
5816,0.0,5
5816,1.0,14
5824,0.0,5
5832,0.0,5
5840,0.0,3
5840,0.0,5
5848,0.0,5
5848,0.0,5
5848,1.0,17
5856,0.0,5
5864,0.0,3
5864,0.0,3
5872,0.0,5
5888,0.0,5
5888,0.0,5
5888,0.0,3
5888,0.0,3
5888,0.0,5
5896,0.0,5
5912,0.0,3
5912,0.0,5
5912,0.0,3
5928,0.0,5
5928,0.0,5
5928,0.0,5
5936,0.0,5
5952,0.0,5
5952,0.0,5
5968,0.0,5
5968,0.0,5
5968,0.0,5
5992,0.0,5
5992,2.0,21
5992,0.0,3
6008,0.0,5
6008,0.0,5
6032,0.0,5
6032,0.0,5
6040,1.0,16
6048,1.0,14
6072,0.0,5
6072,0.0,5
6080,1.0,16
6080,0.0,5
6088,0.0,5
6088,1.0,12
6112,0.0,5
6112,0.0,5
6120,0.0,5
6120,0.0,5
6128,0.0,5
6136,1.0,16
6152,0.0,5
6160,0.0,5
6168,0.0,5
6176,2.0,21
6192,0.0,5
6208,0.0,5
6216,0.0,5
6216,1.0,12
6216,1.0,16
6232,1.0,12
6240,0.0,3
6248,0.0,5
6256,0.0,5
6280,2.0,21
6280,0.0,5
6296,0.0,5
6304,1.0,14
6320,0.0,5
6320,2.0,20
6320,0.0,5
6328,1.0,12
6336,0.0,5
6344,1.0,16
6344,0.0,5
6360,0.0,5
6360,0.0,5
6360,0.0,5
6368,0.0,5
6368,0.0,3
6376,0.0,5
6392,0.0,3
6400,0.0,5
6408,0.0,5
6416,2.0,21
6416,0.0,5
6440,0.0,5
6448,0.0,5
6456,0.0,5
6472,1.0,14
6472,1.0,16
6488,1.0,12
6488,0.0,5
6496,0.0,5
6512,0.0,5
6512,0.0,5
6528,0.0,5
6536,0.0,5
6576,0.0,5
6584,2.0,28
6600,2.0,23
6616,1.0,16
6616,0.0,5
6624,1.0,12
6624,0.0,3
6624,0.0,5
6624,2.0,23
6632,1.0,15
6640,0.0,3
6656,1.0,18
6656,0.0,5
6664,0.0,5
6664,0.0,5
6664,0.0,5
6672,0.0,5
6680,0.0,5
6696,0.0,5
6704,0.0,5
6704,0.0,5
6704,0.0,3
6704,0.0,5
6712,0.0,5
6736,0.0,5
6744,0.0,5
6744,0.0,5
6744,0.0,5
6752,0.0,5
6760,1.0,17
6768,0.0,3
6776,0.0,5
6776,1.0,15
6784,0.0,3
6784,0.0,5
6784,0.0,5
6792,0.0,5
6800,0.0,3
6808,0.0,5
6824,0.0,5
6832,1.0,16
6832,0.0,5
6832,0.0,3
6840,0.0,5
6856,0.0,3
6864,0.0,5
6880,0.0,5
6880,1.0,12
6888,1.0,14
6896,0.0,5
6904,1.0,15
6920,0.0,5
6928,0.0,5
6944,1.0,14
6960,0.0,5
6968,0.0,5
6968,1.0,17
6976,1.0,14
6984,0.0,5
7000,0.0,5
7008,0.0,5
7008,0.0,5
7016,1.0,15
7016,0.0,5
7024,0.0,5
7032,1.0,16
7040,0.0,5
7048,0.0,5
7056,0.0,5
7056,0.0,5
7064,0.0,5
7072,0.0,5
7080,0.0,5
7096,0.0,5
7096,0.0,5
7104,0.0,5
7112,2.0,29
7120,0.0,5
7136,0.0,5
7136,0.0,5
7136,1.0,16
7144,0.0,3
7144,0.0,5
7152,0.0,5
7176,0.0,5
7176,1.0,16
7176,0.0,5
7176,0.0,5
7184,0.0,5
7208,0.0,3
7216,0.0,5
7216,0.0,5
7216,0.0,5
7216,0.0,5
7240,0.0,3
7248,2.0,22
7248,0.0,5
7256,0.0,5
7256,1.0,14
7256,0.0,5
7272,0.0,3
7272,1.0,15
7280,0.0,5
7296,0.0,5
7296,0.0,5
7296,0.0,3
7296,0.0,5
7312,0.0,5
7320,0.0,5
7336,0.0,5
7336,1.0,15
7336,0.0,5
7336,0.0,5
7336,0.0,5
7352,0.0,5
7360,0.0,5
7376,0.0,5
7376,0.0,5
7392,0.0,5
7400,0.0,5
7416,0.0,5
7432,0.0,5
7456,0.0,3
7456,0.0,5
7472,1.0,17
7480,0.0,3
7488,1.0,14
7496,0.0,3
7496,0.0,5
7504,2.0,21
7520,0.0,5
7520,2.0,23
7528,0.0,5
7536,0.0,5
7544,0.0,3
7544,0.0,5
7560,0.0,5
7568,2.0,21
7568,0.0,5
7576,0.0,5
7584,0.0,5
7584,0.0,5
7608,0.0,5
7608,0.0,5
7616,0.0,5
7616,4.0,46
7624,0.0,5
7640,0.0,3
7648,0.0,5
7656,0.0,5
7656,1.0,12
7664,2.0,21
7664,0.0,3
7664,0.0,5
7688,0.0,5
7696,0.0,5
7696,0.0,5
7704,1.0,15
7728,0.0,5
7736,0.0,5
7744,0.0,5
7768,0.0,5
7776,0.0,5
7776,1.0,14
7784,0.0,5
7792,1.0,12
7792,1.0,16
7800,2.0,24
7800,1.0,17
7808,0.0,5
7816,0.0,5
7824,0.0,5
7832,0.0,5
7840,0.0,5
7840,0.0,3
7848,0.0,3
7880,0.0,5
7888,0.0,5
7896,1.0,12
7904,1.0,12
7920,1.0,16
7928,0.0,5
7936,0.0,5
7944,2.0,21
7944,1.0,14
7952,1.0,14
7960,0.0,5
7968,0.0,3
7976,0.0,5
7984,0.0,5
7992,0.0,5
8000,0.0,5
8008,0.0,5
8008,1.0,16
8024,0.0,5
8032,0.0,5
8032,1.0,16
8040,0.0,5
8048,0.0,5
8056,1.0,16
8064,0.0,5
8072,0.0,5
8072,0.0,5
8080,0.0,5
8088,0.0,5
8096,0.0,5
8104,0.0,5
8104,1.0,16
8104,1.0,12
8112,0.0,5
8128,0.0,5
8128,0.0,3
8136,0.0,5
8144,0.0,5
8144,0.0,5
8152,0.0,5
8160,0.0,3
8168,0.0,5
8168,0.0,5
8176,0.0,3
8184,0.0,5
8192,1.0,14
8200,1.0,16
8208,0.0,5
8208,0.0,5
8216,0.0,5
8224,0.0,5
8232,0.0,5
8240,0.0,5
8240,1.0,12
8272,0.0,5
8280,0.0,5
8280,1.0,15
8280,0.0,5
8304,0.0,3
8312,0.0,5
8320,0.0,5
8328,0.0,3
8328,1.0,14
8336,1.0,16
8336,1.0,16
8352,0.0,5
8360,1.0,17
8368,0.0,5
8368,0.0,5
8376,0.0,5
8392,0.0,5
8400,0.0,5
8408,0.0,5
8408,1.0,16
8416,0.0,5
8432,0.0,5
8440,0.0,5
8448,0.0,5
8456,0.0,5
8472,0.0,5
8472,0.0,3
8504,1.0,12
8504,2.0,23
8512,0.0,5
8512,0.0,5
8528,2.0,24
8544,0.0,5
8544,0.0,5
8552,1.0,14
8552,0.0,5
8552,0.0,5
8568,0.0,5
8584,1.0,16
8584,0.0,5
8592,0.0,5
8592,0.0,5
8592,0.0,5
8608,0.0,3
8616,0.0,3
8624,0.0,5
8632,0.0,5
8656,0.0,5
8664,0.0,5
8672,0.0,5
8680,1.0,14
8680,3.0,39
8680,1.0,17
8704,0.0,5
8704,0.0,3
8720,0.0,5
8720,0.0,5
8736,1.0,16
8744,0.0,5
8744,0.0,5
8760,0.0,5
8760,0.0,5
8768,1.0,14
8776,0.0,5
8784,1.0,14
8784,0.0,5
8784,0.0,5
8800,0.0,5
8800,0.0,5
8808,0.0,5
8816,0.0,5
8824,0.0,5
8824,0.0,5
8840,0.0,5
8840,0.0,5
8848,0.0,5
8864,0.0,5
8880,0.0,5
8880,1.0,12
8904,3.0,39
8920,0.0,5
8944,1.0,16
8944,0.0,5
8952,1.0,14
8960,0.0,5
8960,1.0,10
8984,1.0,17
8984,0.0,5
8984,0.0,3
8984,0.0,5
8992,0.0,5
8992,2.0,21
9000,0.0,5
9024,0.0,5
9024,0.0,5
9024,0.0,5
9024,0.0,5
9032,0.0,5
9032,0.0,5
9064,0.0,5
9064,0.0,5
9064,0.0,5
9072,0.0,5
9096,2.0,29
9104,0.0,5
9104,0.0,5
9104,0.0,5
9128,1.0,16
9136,1.0,14
9144,0.0,5
9144,0.0,5
9160,1.0,16
9168,0.0,5
9176,0.0,5
9184,0.0,5
9184,0.0,5
9192,1.0,12
9200,0.0,5
9200,1.0,16
9224,0.0,5
9224,0.0,5
9232,0.0,5
9240,1.0,17
9240,0.0,5
9264,0.0,5
9264,0.0,5
9272,0.0,5
9280,0.0,5
9280,0.0,5
9296,1.0,15
9304,0.0,5
9312,0.0,5
9320,0.0,5
9320,0.0,5
9336,0.0,5
9344,1.0,18
9352,0.0,5
9360,0.0,5
9360,0.0,5
9376,0.0,5
9384,0.0,5
9400,0.0,5
9400,0.0,5
9416,1.0,14
9416,0.0,5
9440,0.0,5
9440,0.0,5
9456,0.0,5
9456,0.0,5
9464,1.0,14
9464,3.0,37
9480,0.0,5
9488,0.0,3
9488,0.0,3
9496,2.0,29
9496,0.0,5
9496,0.0,5
9504,1.0,15
9520,0.0,5
9528,0.0,5
9536,0.0,5
9544,0.0,5
9560,0.0,5
9568,0.0,5
9584,0.0,5
9608,2.0,21
9608,0.0,5
9608,1.0,15
9624,0.0,5
9632,1.0,17
9648,0.0,5
9664,1.0,16
9664,2.0,21
9672,0.0,5
9688,0.0,5
9720,1.0,14
9728,0.0,5
9736,1.0,16
9736,1.0,14
9760,0.0,5
9768,0.0,5
9776,0.0,5
9776,0.0,5
9792,1.0,16
9800,1.0,16
9808,0.0,5
9816,0.0,5
9816,0.0,3
9824,0.0,3
9848,0.0,5
9848,2.0,23
9856,0.0,5
9856,0.0,5
9864,0.0,5
9872,4.0,39
9888,0.0,5
9888,0.0,5
9896,0.0,5
9904,0.0,5
9912,1.0,17
9912,0.0,5
9928,0.0,5
9936,0.0,5
9936,0.0,3
9944,2.0,23
9944,0.0,5
9952,0.0,5
9960,0.0,3
9968,0.0,3
9968,0.0,5
9976,0.0,5
9992,0.0,5
10000,0.0,5
10008,0.0,5
10008,0.0,5
10008,1.0,15
10016,0.0,5
10032,0.0,5
10048,0.0,5
10048,2.0,24
10048,0.0,5
10072,0.0,5
10088,0.0,5
10088,0.0,5
10112,0.0,5
10128,2.0,23
10128,0.0,5
10128,0.0,5
10144,1.0,17
10168,0.0,5
10168,0.0,5
10168,2.0,21
10168,0.0,5
10184,0.0,5
10200,2.0,23
10208,0.0,5
10208,0.0,5
10208,0.0,5
10232,2.0,23
10240,0.0,5
10248,0.0,5
10248,0.0,5
10280,0.0,5
10288,0.0,5
10288,0.0,5
10296,2.0,23
10328,1.0,15
10352,2.0,23
10368,2.0,23
10368,1.0,17
10368,0.0,5
10416,1.0,17
10416,1.0,16
10432,1.0,17
10480,1.0,16
10512,1.0,12
10512,1.0,12
10520,0.0,5
10552,0.0,5
10592,0.0,5
10608,1.0,12
10616,1.0,12
10616,4.0,41
10624,2.0,24
10656,0.0,5
10664,0.0,5
10688,1.0,12
10696,3.0,41
10704,1.0,12
10712,1.0,12
10728,4.0,45
10728,0.0,5
10728,4.0,45
10744,0.0,5
10752,1.0,12
10760,1.0,12
10768,0.0,5
10768,0.0,5
10792,1.0,12
10792,0.0,5
10800,0.0,5
10808,0.0,5
10808,0.0,5
10808,1.0,12
10824,1.0,10
10824,1.0,12
10832,0.0,5
10840,0.0,5
10848,0.0,5
10848,0.0,5
10848,0.0,5
10864,0.0,5
10872,0.0,5
10880,0.0,5
10888,0.0,5
10888,0.0,5
10904,0.0,5
10912,0.0,5
10928,0.0,5
10928,0.0,5
10928,1.0,17
10944,0.0,5
10952,0.0,5
10968,0.0,5
10968,0.0,5
10984,0.0,5
10992,0.0,5
11008,2.0,23
11008,0.0,5
11008,0.0,5
11016,2.0,21
11024,0.0,5
11048,0.0,5
11048,0.0,5
11056,0.0,5
11064,2.0,23
11064,0.0,5
11088,0.0,5
11104,0.0,5
11104,0.0,5
11144,0.0,5
11176,2.0,23
11184,0.0,5
11184,1.0,17
11192,2.0,23
11192,1.0,17
11216,0.0,5
11224,0.0,5
11224,0.0,5
11232,0.0,5
11232,0.0,5
11256,3.0,41
11256,0.0,5
11264,0.0,5
11272,0.0,5
11272,0.0,5
11272,2.0,23
11288,2.0,23
11296,0.0,5
11304,0.0,5
11312,0.0,5
11312,0.0,5
11312,0.0,5
11336,0.0,5
11344,0.0,5
11352,0.0,5
11352,0.0,5
11352,0.0,5
11360,1.0,17
11376,0.0,5
11392,0.0,5
11392,0.0,5
11392,1.0,17
11392,0.0,5
11400,0.0,5
11416,0.0,5
11432,0.0,5
11432,0.0,5
11432,0.0,5
11432,0.0,5
11456,0.0,5
11472,0.0,5
11472,0.0,5
11472,2.0,23
11472,0.0,5
11496,0.0,5
11512,0.0,5
11512,0.0,5
11528,2.0,23
11552,0.0,5
11552,0.0,5
11568,0.0,5
11584,2.0,23
11592,0.0,5
11592,0.0,5
11616,2.0,23
11624,0.0,5
11632,0.0,5
11656,2.0,23
11656,0.0,5
11656,2.0,23
11664,0.0,5
11672,0.0,5
11680,2.0,23
11696,0.0,5
11696,0.0,5
11696,0.0,5
11712,0.0,5
11736,0.0,5
11752,2.0,23
11752,0.0,5
11776,2.0,23
11792,0.0,5
11800,1.0,17
11800,0.0,3
11808,1.0,16
11824,1.0,16
11824,1.0,16
11832,1.0,12
11840,0.0,5
11864,0.0,5
11864,0.0,5
11880,1.0,16
11880,0.0,5
11904,0.0,5
11904,0.0,5
11920,1.0,16
11920,0.0,5
11928,1.0,16
11936,1.0,16
11944,0.0,5
11960,0.0,5
11960,1.0,16
11976,0.0,5
12000,0.0,5
12000,0.0,5
12032,1.0,16
12040,0.0,5
12048,1.0,16
12064,1.0,17
12064,2.0,23
12072,1.0,16
12080,0.0,5
12088,0.0,5
12104,0.0,5
12104,0.0,5
12112,0.0,5
12120,0.0,5
12128,0.0,5
12160,1.0,16
12168,2.0,24
12184,0.0,3
12184,2.0,23
12208,0.0,3
12208,0.0,5
12224,0.0,5
12232,0.0,3
12232,0.0,3
12240,1.0,16
12272,2.0,21
12272,2.0,21
12280,0.0,5
12288,2.0,21
12296,2.0,21
12312,0.0,5
12312,0.0,5
12320,0.0,5
12328,0.0,5
12336,0.0,5
12352,0.0,5
12360,0.0,5
12368,0.0,5
12376,0.0,5
12392,2.0,21
12416,2.0,23
12416,2.0,23
12432,0.0,5
12448,1.0,17
12456,0.0,5
12456,1.0,12
12456,0.0,5
12472,0.0,5
12472,1.0,12
12488,0.0,5
12496,0.0,5
12496,0.0,5
12496,0.0,5
12512,0.0,5
12512,0.0,5
12528,0.0,5
12536,0.0,5
12552,0.0,5
12552,0.0,5
12568,0.0,5
12576,0.0,5
12592,0.0,5
12592,1.0,12
12592,0.0,5
12608,0.0,5
12616,0.0,5
12632,0.0,5
12632,0.0,5
12632,0.0,5
12648,0.0,5
12656,0.0,5
12672,0.0,5
12672,0.0,5
12672,0.0,5
12688,0.0,5
12696,0.0,5
12712,4.0,45
12712,0.0,5
12712,0.0,5
12712,0.0,5
12720,2.0,28
12728,4.0,45
12728,0.0,5
12736,0.0,5
12752,0.0,5
12752,0.0,5
12768,0.0,5
12768,0.0,5
12776,0.0,5
12792,0.0,5
12792,0.0,5
12808,0.0,5
12808,0.0,5
12816,0.0,5
12832,0.0,5
12856,0.0,5
12872,0.0,5
12896,2.0,23
12896,0.0,5
12896,2.0,23
12904,2.0,23
12912,0.0,5
12920,1.0,16
12936,0.0,5
12936,0.0,5
12936,1.0,16
12936,0.0,5
12944,0.0,5
12960,0.0,5
12976,0.0,5
12976,0.0,5
12976,0.0,5
12984,0.0,5
12992,2.0,23
13016,0.0,5
13016,0.0,5
13032,0.0,5
13056,0.0,5
13056,0.0,5
13072,0.0,5
13072,1.0,17
13096,2.0,23
13096,0.0,5
13096,0.0,5
13112,0.0,5
13112,1.0,16
13112,1.0,17
13136,0.0,5
13136,0.0,5
13136,0.0,5
13144,2.0,23
13152,0.0,5
13152,0.0,5
13176,0.0,5
13176,0.0,5
13192,0.0,5
13192,0.0,5
13208,1.0,17
13216,0.0,5
13232,0.0,5
13232,0.0,5
13248,0.0,5
13248,1.0,17
13256,0.0,5
13264,1.0,16
13272,0.0,5
13272,0.0,3
13272,0.0,5
13280,1.0,17
13288,0.0,5
13296,0.0,3
13296,0.0,5
13304,0.0,5
13312,0.0,5
13312,1.0,17
13312,0.0,5
13320,0.0,5
13320,0.0,3
13352,0.0,5
13352,0.0,5
13352,0.0,5
13360,0.0,5
13360,0.0,5
13392,0.0,5
13392,0.0,5
13392,0.0,5
13400,0.0,5
13400,0.0,5
13416,1.0,16
13432,0.0,5
13432,0.0,5
13440,0.0,3
13440,0.0,5
13440,0.0,5
13472,0.0,5
13472,0.0,5
13480,0.0,5
13480,0.0,5
13488,2.0,24
13512,0.0,5
13512,0.0,5
13520,1.0,16
13520,0.0,5
13528,0.0,5
13552,0.0,5
13552,0.0,5
13560,0.0,5
13568,0.0,5
13584,3.0,35
13592,0.0,5
13592,0.0,5
13600,0.0,5
13624,2.0,23
13656,1.0,17
13664,2.0,23
13680,1.0,12
13696,0.0,5
13704,0.0,5
13720,0.0,5
13760,2.0,24
13792,1.0,12
13800,1.0,12
13816,2.0,24
13816,1.0,12
13832,0.0,5
13840,0.0,5
13856,0.0,5
13856,0.0,5
13856,1.0,12
13872,0.0,5
13880,0.0,5
13920,0.0,5
13952,1.0,12
13952,4.0,45
13952,1.0,12
13952,1.0,12
13952,4.0,45
13960,4.0,45
13968,1.0,12
13992,0.0,5
13992,0.0,5
13992,0.0,5
13992,0.0,5
14032,0.0,5
14032,0.0,5
14048,1.0,12
14056,1.0,12
14088,0.0,5
14088,1.0,12
14128,1.0,12
14128,1.0,12
14128,0.0,5
14144,2.0,28
14152,1.0,12
14168,0.0,5
14168,0.0,5
14184,1.0,12
14192,0.0,5
14200,2.0,29
14240,0.0,5
14240,1.0,12
14248,1.0,10
14264,1.0,12
14280,0.0,5
14280,1.0,12
14288,1.0,12
14328,0.0,5
14336,1.0,12
14344,1.0,12
14352,4.0,45
14360,1.0,12
14376,1.0,12
14376,1.0,12
14416,3.0,36
14432,1.0,12
14440,1.0,14
14440,1.0,12
14448,1.0,12
14456,1.0,12
14472,0.0,5
14472,1.0,12
14480,1.0,13
14512,1.0,12
14536,1.0,12
14544,1.0,12
14552,0.0,5
14560,1.0,13
14568,1.0,12
14576,1.0,12
14592,0.0,5
14600,0.0,5
14632,1.0,12
14640,1.0,12
14664,2.0,24
14672,0.0,5
14672,1.0,12
14688,1.0,12
14696,1.0,12
14704,0.0,5
14712,0.0,5
14712,0.0,5
14736,1.0,12
14736,0.0,5
14744,0.0,5
14752,0.0,5
14752,0.0,5
14776,0.0,5
14776,0.0,5
14784,0.0,5
14792,0.0,5
14792,0.0,5
14800,4.0,45
14816,0.0,5
14816,0.0,5
14816,1.0,16
14824,0.0,5
14832,0.0,5
14832,0.0,5
14840,0.0,5
14856,0.0,5
14856,0.0,5
14864,0.0,5
14872,0.0,5
14896,0.0,5
14904,0.0,5
14912,0.0,5
14936,0.0,5
14944,0.0,5
14952,0.0,5
14976,5.0,51
14976,0.0,5
14984,0.0,5
14992,0.0,5
15000,2.0,23
15016,0.0,5
15016,0.0,5
15016,2.0,23
15024,0.0,5
15024,2.0,23
15040,2.0,23
15056,0.0,5
15056,0.0,5
15056,0.0,5
15064,0.0,5
15064,0.0,5
15080,0.0,5
15096,0.0,5
15096,0.0,5
15096,0.0,5
15104,0.0,5
15120,0.0,5
15136,0.0,5
15136,1.0,17
15136,0.0,5
15136,0.0,5
15144,0.0,5
15160,0.0,5
15176,0.0,5
15176,0.0,5
15176,2.0,23
15176,0.0,5
15176,0.0,5
15184,0.0,5
15200,0.0,5
15200,1.0,17
15216,0.0,5
15216,0.0,5
15216,0.0,5
15216,0.0,5
15216,0.0,5
15224,0.0,5
15256,0.0,5
15352,1.0,12
15384,2.0,23
15408,2.0,24
15424,0.0,5
15448,1.0,12
15464,0.0,5
15504,1.0,12
15544,3.0,41
15544,0.0,5
15544,1.0,12
15560,4.0,45
15560,1.0,12
15576,4.0,45
15576,4.0,45
15584,0.0,5
15584,4.0,45
15584,0.0,5
15600,0.0,5
15624,0.0,5
15624,0.0,5
15640,1.0,12
15656,1.0,12
15672,1.0,12
15672,1.0,12
15680,1.0,12
15696,1.0,12
15720,1.0,12
15720,0.0,5
15720,1.0,12
15752,1.0,12
15760,0.0,5
15760,0.0,5
15768,1.0,12
15792,1.0,12
15816,1.0,12
15848,1.0,12
15856,1.0,12
15856,1.0,12
15864,1.0,12
15888,1.0,12
15896,0.0,5
15896,0.0,5
15904,0.0,5
15912,1.0,12
15928,0.0,5
15936,0.0,5
15936,0.0,5
15944,0.0,5
15968,0.0,5
15976,1.0,16
15976,0.0,5
15976,0.0,5
15984,0.0,5
16000,4.0,45
16016,0.0,5
16016,0.0,5
16016,0.0,5
16024,0.0,5
16032,4.0,45
16040,0.0,5
16040,1.0,16
16056,0.0,5
16056,0.0,5
16056,0.0,5
16064,0.0,5
16072,0.0,5
16080,0.0,5
16096,0.0,5
16096,0.0,5
16096,0.0,5
16096,1.0,16
16104,0.0,5
16112,0.0,5
16120,0.0,5
16136,0.0,5
16136,0.0,5
16136,1.0,12
16136,0.0,5
16144,0.0,5
16152,0.0,5
16160,0.0,5
16176,0.0,5
16176,0.0,5
16176,0.0,5
16176,0.0,5
16184,0.0,5
16192,0.0,5
16200,0.0,5
16216,0.0,5
16216,0.0,5
16216,0.0,5
16216,0.0,5
16224,0.0,5
16232,0.0,5
16232,1.0,17
16240,0.0,5
16256,0.0,5
16256,0.0,5
16256,0.0,5
16256,0.0,5
16264,0.0,5
16272,0.0,5
16272,0.0,5
16280,0.0,5
16296,0.0,5
16296,0.0,5
16296,0.0,5
16312,0.0,5
16312,0.0,5
16320,0.0,5
16336,0.0,5
16336,0.0,5
16336,0.0,5
16352,0.0,5
16352,0.0,5
16360,0.0,5
16376,0.0,5
16376,0.0,3
16376,0.0,5
16376,1.0,14
16384,1.0,16
16392,0.0,5
16400,0.0,3
16400,0.0,3
16408,0.0,3
16432,0.0,5
16440,0.0,5
16448,1.0,14
16448,0.0,5
16472,0.0,5
16480,0.0,5
16488,0.0,5
16512,0.0,5
16520,0.0,5
16528,0.0,5
16528,2.0,21
16536,1.0,17
16552,0.0,5
16560,2.0,23
16560,0.0,5
16568,0.0,5
16568,0.0,5
16576,0.0,5
16584,1.0,17
16600,0.0,5
16600,0.0,5
16608,0.0,5
16608,0.0,5
16624,0.0,5
16640,0.0,5
16640,0.0,5
16648,0.0,5
16648,0.0,5
16664,0.0,5
16680,0.0,5
16680,0.0,5
16680,1.0,16
16688,4.0,39
16688,0.0,5
16704,0.0,5
16704,1.0,16
16720,0.0,5
16720,0.0,5
16720,0.0,5
16728,0.0,5
16728,0.0,5
16744,0.0,5
16760,0.0,5
16768,0.0,5
16768,0.0,5
16784,0.0,5
16800,0.0,5
16808,0.0,5
16808,0.0,5
16840,0.0,5
16840,2.0,24
16856,1.0,17
16880,0.0,5
16888,2.0,23
16896,0.0,5
16904,2.0,23
16920,0.0,5
16920,1.0,17
16928,0.0,5
16936,1.0,16
16944,0.0,5
16960,0.0,5
16960,0.0,5
16968,0.0,5
16976,0.0,5
16984,0.0,5
16992,2.0,23
17008,0.0,5
17032,1.0,17
17048,0.0,5
17056,1.0,12
17144,1.0,12
17152,1.0,12
17168,4.0,41
17184,0.0,5
17200,2.0,28
17240,0.0,5
17264,1.0,12
17280,1.0,12
17320,4.0,45
17336,1.0,12
17344,4.0,45
17352,4.0,45
17360,1.0,12
17376,0.0,5
17384,0.0,5
17392,4.0,45
17408,1.0,16
17416,1.0,12
17424,0.0,5
17456,0.0,5
17472,1.0,12
17488,1.0,12
17512,0.0,5
17512,4.0,45
17520,1.0,12
17552,0.0,5
17552,2.0,24
17552,0.0,5
17552,1.0,12
17560,0.0,5
17576,0.0,3
17576,0.0,3
17576,0.0,3
17576,0.0,3
17600,0.0,3
17616,0.0,5
17616,0.0,5
17624,1.0,17
17632,2.0,28
17640,0.0,5
17648,3.0,37
17648,0.0,3
17656,0.0,3
17672,1.0,14
17672,0.0,3
17680,0.0,5
17680,0.0,3
17688,0.0,5
17696,0.0,3
17704,0.0,3
17704,1.0,16
17712,0.0,5
17728,0.0,3
17784,2.0,21
17784,2.0,21
17800,1.0,15
17808,0.0,3
17808,0.0,3
17840,0.0,5
17848,0.0,5
17848,0.0,5
17856,2.0,21
17856,1.0,16
17864,0.0,3
17880,2.0,23
17880,2.0,22
17880,0.0,3
17880,0.0,3
17880,2.0,21
17904,0.0,3
17904,0.0,3
17904,0.0,3
17920,0.0,5
17920,0.0,5
17944,0.0,5
17944,0.0,5
17960,0.0,5
17968,1.0,15
17968,1.0,15
17984,0.0,5
18000,0.0,5
18008,0.0,5
18008,0.0,5
18040,1.0,15
18040,1.0,17
18048,2.0,23
18064,1.0,15
18080,0.0,5
18088,0.0,5
18096,1.0,14
18104,0.0,5
18112,1.0,14
18120,0.0,5
18136,0.0,5
18144,0.0,5
18152,0.0,5
18160,0.0,5
18176,2.0,21
18176,2.0,21
18176,0.0,5
18184,0.0,5
18192,0.0,5
18200,0.0,5
18216,0.0,5
18216,0.0,5
18216,0.0,5
18224,2.0,23
18224,1.0,17
18232,0.0,5
18248,0.0,3
18256,0.0,5
18272,0.0,3
18272,0.0,5
18296,1.0,14
18312,0.0,5
18320,0.0,3
18336,1.0,15
18336,1.0,15
18336,0.0,3
18360,0.0,3
18360,0.0,3
18368,2.0,21
18376,0.0,5
18392,0.0,3
18400,0.0,5
18400,0.0,5
18424,0.0,3
18424,2.0,21
18440,1.0,15
18448,0.0,3
18480,0.0,5
18488,1.0,14
18488,2.0,27
18512,0.0,3
18512,0.0,3
18552,0.0,5
18552,4.0,41
18568,2.0,21
18576,0.0,3
18576,2.0,23
18584,1.0,17
18592,1.0,14
18600,2.0,22
18600,0.0,3
18608,0.0,3
18616,0.0,3
18616,0.0,5
18648,1.0,17
18656,0.0,5
18672,1.0,15
18704,1.0,17
18704,1.0,12
18728,0.0,3
18736,1.0,15
18744,1.0,11
18744,1.0,12
18760,0.0,3
18768,0.0,5
18768,1.0,12
18784,1.0,10
18808,0.0,3
18824,1.0,10
18832,0.0,3
18840,1.0,12
18848,1.0,10
18848,0.0,3
18864,0.0,3
18864,1.0,12
18888,0.0,3
18888,0.0,3
18888,0.0,5
18928,0.0,5
18928,1.0,12
18952,2.0,24
18960,4.0,45
18960,4.0,45
18968,1.0,15
18968,1.0,10
18984,0.0,3
18992,0.0,3
19008,1.0,10
19024,1.0,12
19032,1.0,10
19048,0.0,5
19064,1.0,12
19080,2.0,24
19080,1.0,15
19088,1.0,12
19112,1.0,16
19120,0.0,5
19152,1.0,16
19160,1.0,16
19160,1.0,12
19176,1.0,12
19176,1.0,16
19192,0.0,5
19200,0.0,5
19200,0.0,5
19216,0.0,5
19216,0.0,5
19216,1.0,16
19232,0.0,5
19240,0.0,5
19240,0.0,5
19248,1.0,17
19248,1.0,16
19256,0.0,5
19272,0.0,5
19280,0.0,5
19288,0.0,5
19288,0.0,5
19296,0.0,5
19312,0.0,5
19320,0.0,5
19328,0.0,5
19328,0.0,5
19336,0.0,5
19352,0.0,5
19360,0.0,5
19368,0.0,5
19368,0.0,5
19384,2.0,21
19384,2.0,21
19392,0.0,5
19400,0.0,5
19408,0.0,5
19408,0.0,5
19424,0.0,5
19424,0.0,5
19424,2.0,23
19432,0.0,5
19440,0.0,5
19448,0.0,5
19448,0.0,5
19464,0.0,5
19464,0.0,5
19464,0.0,5
19480,0.0,5
19488,0.0,5
19488,0.0,5
19504,0.0,5
19504,0.0,5
19504,0.0,5
19520,2.0,23
19520,0.0,5
19528,0.0,5
19528,0.0,5
19544,0.0,5
19544,0.0,5
19560,0.0,5
19560,0.0,5
19568,0.0,5
19568,0.0,5
19584,0.0,5
19584,0.0,5
19600,0.0,5
19600,0.0,5
19608,0.0,5
19608,0.0,5
19616,2.0,23
19624,0.0,5
19624,0.0,5
19640,0.0,5
19640,0.0,5
19648,0.0,5
19648,0.0,5
19664,0.0,5
19664,0.0,5
19680,0.0,5
19680,0.0,5
19688,0.0,5
19688,2.0,23
19688,0.0,5
19704,0.0,5
19704,0.0,5
19720,0.0,5
19720,0.0,5
19728,0.0,5
19728,0.0,5
19728,0.0,5
19744,0.0,5
19760,0.0,5
19768,0.0,5
19800,2.0,23
19824,1.0,12
19840,1.0,12
19856,1.0,12
19864,0.0,5
19864,1.0,12
19896,0.0,5
19904,0.0,5
19936,1.0,12
19960,1.0,12
19984,3.0,35
19992,1.0,12
20000,1.0,12
20008,3.0,35
20024,2.0,28
20024,0.0,5
20032,1.0,12
20032,0.0,5
20040,0.0,5
20064,0.0,5
20064,0.0,5
20072,0.0,5
20072,0.0,5
20080,0.0,5
20080,4.0,45
20104,0.0,5
20104,0.0,5
20112,0.0,5
20112,0.0,5
20120,0.0,5
20136,1.0,16
20144,0.0,5
20152,0.0,5
20160,0.0,5
20184,2.0,28
20192,0.0,5
20200,0.0,5
20224,0.0,5
20232,0.0,5
20240,0.0,5
20264,2.0,23
20264,0.0,5
20272,0.0,5
20280,0.0,5
20288,2.0,23
20296,2.0,23
20304,0.0,5
20320,0.0,5
20320,2.0,23
20328,2.0,23
20328,0.0,5
20336,0.0,5
20344,0.0,5
20360,0.0,5
20368,0.0,5
20368,0.0,5
20376,0.0,5
20384,0.0,5
20400,0.0,5
20408,0.0,5
20416,0.0,5
20424,0.0,5
20440,0.0,5
20448,2.0,23
20448,0.0,5
20448,1.0,16
20456,2.0,23
20464,0.0,5
20480,0.0,5
20488,0.0,5
20488,0.0,5
20496,0.0,5
20504,0.0,5
20504,1.0,17
20536,0.0,5
20584,1.0,17
20584,1.0,12
20584,1.0,12
20600,2.0,23
20632,1.0,16
20632,1.0,12
20640,0.0,5
20680,1.0,12
20680,1.0,12
20728,1.0,12
20736,1.0,12
20768,0.0,5
20776,0.0,5
20776,1.0,12
20776,1.0,12
20808,0.0,5
20816,0.0,5
20816,0.0,5
20816,0.0,5
20840,4.0,45
20848,0.0,5
20856,0.0,5
20856,0.0,5
20856,0.0,5
20864,4.0,45
20880,0.0,5
20888,0.0,5
20896,0.0,5
20896,0.0,5
20896,0.0,5
20904,0.0,5
20928,0.0,5
20944,4.0,45
20944,0.0,5
20968,0.0,5
20984,0.0,5
20984,0.0,5
20992,4.0,45
20992,1.0,12
21008,0.0,5
21008,1.0,16
21024,0.0,5
21024,1.0,16
21024,0.0,5
21032,0.0,5
21032,0.0,5
21048,0.0,5
21048,0.0,5
21064,0.0,5
21064,0.0,5
21064,0.0,5
21072,0.0,5
21072,0.0,5
21088,0.0,5
21088,0.0,5
21104,0.0,5
21104,0.0,5
21104,0.0,5
21112,0.0,5
21112,0.0,5
21128,0.0,5
21128,0.0,5
21144,0.0,5
21144,0.0,5
21152,0.0,5
21152,0.0,5
21168,0.0,5
21168,0.0,5
21184,0.0,5
21184,0.0,5
21192,0.0,5
21208,0.0,5
21224,0.0,5
21224,0.0,5
21232,0.0,5
21232,1.0,16
21248,0.0,5
21256,4.0,45
21264,0.0,5
21272,0.0,5
21280,1.0,16
21288,0.0,5
21296,0.0,5
21312,0.0,5
21320,0.0,5
21328,0.0,5
21344,1.0,14
21352,2.0,23
21352,0.0,5
21360,0.0,5
21368,0.0,5
21384,0.0,5
21392,0.0,5
21392,1.0,16
21392,0.0,5
21400,0.0,5
21408,2.0,23
21408,0.0,5
21424,0.0,5
21432,0.0,5
21440,0.0,5
21448,0.0,5
21448,0.0,5
21464,0.0,5
21472,0.0,5
21480,2.0,23
21480,0.0,5
21520,0.0,5
21576,2.0,23
21576,2.0,23
21616,0.0,5
21616,1.0,12
21616,0.0,5
21656,0.0,5
21688,2.0,28
21696,0.0,5
21712,1.0,12
21712,1.0,12
21736,0.0,5
21784,1.0,12
21808,1.0,12
21808,4.0,45
21808,1.0,12
21808,4.0,45
21848,0.0,5
21848,0.0,5
21864,1.0,16
21880,5.0,51
21880,1.0,12
21888,5.0,51
21888,0.0,5
21888,0.0,5
21904,0.0,5
21920,0.0,5
21920,0.0,5
21928,0.0,5
21928,0.0,5
21936,1.0,16
21944,0.0,5
21960,0.0,5
21960,0.0,5
21968,0.0,5
21968,0.0,5
21976,0.0,5
21984,0.0,5
22000,0.0,5
22000,0.0,5
22000,2.0,24
22008,0.0,5
22008,0.0,5
22016,0.0,5
22024,0.0,5
22040,0.0,5
22048,0.0,5
22064,0.0,5
22072,2.0,23
22088,0.0,5
22112,0.0,5
22128,0.0,5
22128,1.0,16
22136,1.0,17
22152,0.0,5
22168,0.0,5
22176,0.0,5
22192,2.0,23
22192,0.0,5
22200,2.0,23
22208,0.0,5
22216,0.0,5
22224,2.0,23
22232,0.0,5
22232,0.0,5
22240,0.0,5
22248,2.0,23
22256,1.0,16
22304,1.0,12
22328,1.0,12
22328,1.0,12
22336,1.0,12
22368,0.0,5
22376,0.0,5
22400,1.0,12
22416,2.0,20
22424,1.0,12
22464,1.0,12
22472,1.0,12
22496,1.0,12
22504,0.0,5
22520,1.0,12
22544,3.0,41
22568,1.0,12
22584,4.0,45
22584,0.0,5
22592,1.0,12
22608,0.0,5
22608,4.0,45
22624,0.0,5
22648,0.0,5
22672,0.0,3
22680,1.0,12
22688,1.0,12
22696,2.0,24
22704,1.0,12
22720,1.0,12
22720,0.0,5
22728,0.0,5
22736,0.0,5
22744,0.0,5
22760,0.0,5
22768,0.0,5
22776,0.0,5
22776,4.0,45
22800,1.0,16
22808,0.0,5
22816,0.0,5
22816,0.0,5
22840,0.0,5
22848,1.0,16
22848,0.0,5
22856,0.0,5
22856,0.0,5
22872,1.0,16
22880,4.0,45
22888,0.0,5
22888,0.0,5
22888,1.0,16
22896,0.0,5
22896,0.0,5
22904,0.0,3
22928,0.0,5
22928,0.0,5
22928,0.0,5
22936,0.0,5
22944,0.0,5
22968,0.0,5
22968,0.0,5
22968,1.0,16
22968,0.0,5
22976,0.0,5
22984,0.0,5
23008,0.0,5
23008,1.0,17
23008,1.0,14
23008,0.0,5
23008,0.0,5
23016,0.0,5
23024,0.0,5
23048,0.0,5
23048,0.0,5
23048,0.0,5
23048,0.0,5
23056,0.0,5
23064,0.0,5
23088,0.0,5
23088,0.0,5
23088,0.0,5
23096,0.0,5
23128,0.0,5
23136,0.0,5
23152,2.0,23
23176,0.0,5
23192,0.0,5
23192,2.0,23
23216,1.0,16
23216,0.0,5
23216,0.0,3
23216,1.0,16
23232,2.0,23
23240,0.0,3
23240,0.0,3
23240,0.0,3
23248,2.0,23
23256,0.0,3
23272,0.0,3
23280,0.0,3
23280,0.0,5
23296,2.0,21
23296,0.0,3
23312,0.0,4
23320,0.0,3
23336,0.0,5
23344,0.0,3
23352,0.0,5
23360,2.0,21
23368,1.0,16
23368,1.0,16
23376,0.0,3
23376,0.0,5
23384,0.0,5
23384,0.0,3
23392,0.0,3
23392,0.0,3
23400,2.0,23
23400,0.0,3
23408,0.0,3
23416,0.0,3
23416,0.0,3
23424,0.0,5
23424,0.0,3
23440,0.0,5
23456,0.0,5
23456,0.0,5
23464,0.0,5
23464,2.0,23
23504,0.0,5
23504,0.0,5
23544,0.0,5
23544,2.0,21
23544,1.0,17
23584,0.0,5
23584,0.0,5
23592,2.0,21
23608,2.0,21
23624,2.0,21
23624,0.0,5
23624,0.0,5
23624,2.0,21
23632,0.0,5
23640,1.0,17
23648,0.0,5
23664,0.0,5
23664,0.0,5
23664,0.0,5
23680,1.0,17
23680,0.0,5
23736,1.0,14
23760,1.0,14
23768,1.0,17
23776,1.0,14
23784,1.0,15
23784,1.0,15
23800,1.0,15
23808,1.0,16
23808,0.0,3
23824,0.0,5
23832,1.0,12
23840,0.0,5
23856,1.0,12
23864,1.0,12
23864,0.0,5
23872,1.0,12
23896,0.0,5
23904,0.0,5
23904,1.0,12
23904,1.0,12
23912,0.0,5
23928,1.0,12
23944,0.0,5
23944,0.0,5
23944,0.0,5
23952,0.0,5
23960,1.0,12
23960,1.0,15
23968,0.0,5
23984,0.0,5
23984,0.0,5
23984,0.0,5
23992,0.0,5
23992,1.0,12
24000,0.0,5
24008,0.0,5
24024,0.0,5
24024,0.0,5
24024,0.0,5
24032,0.0,5
24032,0.0,5
24048,0.0,5
24056,1.0,12
24064,0.0,5
24064,0.0,5
24064,0.0,5
24072,0.0,5
24072,0.0,5
24088,0.0,5
24096,1.0,12
24096,0.0,5
24104,0.0,5
24104,0.0,5
24104,0.0,5
24112,0.0,5
24112,0.0,5
24128,0.0,5
24136,0.0,5
24136,0.0,5
24144,0.0,5
24144,0.0,5
24144,0.0,5
24152,0.0,5
24152,0.0,5
24168,0.0,3
24168,0.0,5
24168,0.0,3
24176,0.0,5
24176,0.0,5
24184,0.0,5
24192,0.0,5
24192,0.0,5
24200,0.0,3
24208,0.0,5
24216,0.0,5
24224,0.0,5
24232,0.0,5
24240,0.0,5
24248,0.0,5
24256,0.0,5
24264,0.0,5
24264,1.0,12
24272,0.0,5
24280,0.0,5
24288,1.0,12
24288,0.0,5
24296,0.0,5
24296,1.0,16
24304,0.0,5
24304,0.0,5
24312,0.0,5
24328,0.0,5
24328,0.0,5
24336,0.0,5
24344,0.0,5
24344,0.0,5
24352,0.0,5
24368,0.0,5
24368,0.0,5
24376,0.0,5
24384,0.0,5
24384,0.0,5
24392,1.0,12
24408,1.0,16
24416,0.0,5
24424,0.0,5
24448,0.0,3
24448,1.0,12
24448,0.0,5
24456,0.0,5
24464,1.0,12
24464,1.0,12
24480,1.0,12
24488,1.0,12
24488,0.0,5
24504,0.0,5
24520,0.0,5
24544,1.0,12
24552,1.0,12
24560,1.0,12
24560,0.0,5
24584,1.0,10
24584,1.0,12
24584,1.0,12
24592,0.0,5
24600,0.0,5
24624,0.0,5
24640,1.0,12
24680,1.0,12
24680,1.0,12
24696,1.0,12
24720,1.0,12
24736,1.0,12
24776,1.0,12
24776,1.0,12
24808,4.0,45
24816,1.0,12
24816,0.0,5
24872,1.0,12
24904,1.0,12
24912,1.0,12
24912,1.0,12
24920,4.0,45
24944,0.0,5
24952,4.0,45
24976,0.0,3
24976,1.0,13
25008,1.0,12
25016,0.0,5
25016,0.0,5
25040,1.0,12
25048,0.0,5
25056,0.0,5
25056,4.0,45
25056,0.0,5
25080,0.0,5
25088,0.0,5
25096,0.0,5
25096,0.0,5
25096,4.0,45
25096,0.0,5
25120,0.0,5
25120,0.0,3
25120,0.0,3
25136,0.0,5
25160,0.0,5
25160,0.0,5
25160,2.0,30
25200,0.0,5
25200,0.0,5
25200,0.0,5
25240,0.0,5
25240,0.0,5
25272,4.0,45
25272,2.0,23
25280,2.0,23
25288,2.0,21
25304,2.0,21
25312,0.0,3
25312,0.0,5
25312,0.0,5
25320,0.0,5
25328,0.0,3
25352,0.0,5
25352,1.0,14
25376,0.0,3
25384,2.0,23
25408,0.0,3
25424,1.0,14
25424,2.0,23
25432,0.0,3
25432,1.0,15
25440,1.0,15
25456,1.0,16
25464,0.0,3
25464,0.0,5
25464,0.0,5
25472,1.0,15
25472,0.0,5
25496,0.0,5
25504,1.0,16
25512,0.0,5
25536,0.0,5
25544,0.0,5
25568,1.0,17
25584,1.0,15
25584,0.0,5
25584,1.0,14
25584,1.0,15
25608,0.0,5
25624,0.0,5
25624,0.0,5
25624,0.0,5
25632,2.0,21
25664,0.0,5
25664,0.0,5
25664,0.0,5
25672,0.0,5
25680,2.0,21
25704,0.0,5
25704,0.0,5
25704,0.0,5
25712,0.0,5
25720,0.0,5
25720,1.0,17
25744,0.0,5
25752,0.0,5
25760,0.0,5
25760,2.0,28
25760,0.0,5
25792,2.0,23
25832,1.0,16
25832,1.0,16
25848,1.0,12
25872,0.0,5
25872,1.0,16
25912,0.0,5
25912,0.0,5
25928,1.0,12
25944,1.0,12
25952,0.0,5
25952,2.0,24
25992,0.0,5
26008,1.0,12
26032,0.0,5
26040,1.0,12
26048,1.0,12
26072,0.0,5
26088,0.0,5
26104,1.0,12
26112,0.0,5
26120,4.0,45
26120,4.0,45
26128,0.0,5
26144,0.0,5
26144,1.0,13
26152,0.0,5
26152,4.0,45
26160,0.0,5
26168,0.0,5
26184,0.0,5
26184,0.0,3
26184,0.0,5
26192,0.0,5
26208,0.0,5
26224,0.0,5
26224,0.0,5
26232,0.0,5
26248,1.0,16
26248,0.0,5
26264,0.0,5
26264,0.0,5
26288,4.0,45
26288,0.0,5
26288,1.0,17
26304,0.0,5
26304,0.0,5
26312,1.0,16
26328,0.0,5
26328,1.0,12
26328,0.0,5
26328,0.0,5
26344,1.0,12
26344,0.0,5
26344,0.0,5
26352,0.0,5
26368,0.0,5
26368,0.0,5
26368,0.0,5
26368,0.0,5
26384,0.0,5
26384,0.0,5
26384,0.0,5
26392,0.0,5
26408,0.0,5
26408,0.0,5
26408,0.0,5
26424,0.0,5
26424,0.0,5
26424,0.0,5
26432,0.0,5
26448,0.0,5
26448,0.0,5
26448,0.0,5
26464,0.0,5
26464,0.0,5
26464,0.0,5
26472,0.0,5
26488,0.0,5
26488,0.0,5
26488,0.0,5
26496,1.0,16
26504,0.0,5
26504,0.0,5
26504,0.0,5
26512,0.0,5
26528,0.0,5
26528,0.0,5
26536,0.0,5
26544,0.0,5
26544,0.0,5
26552,0.0,5
26568,0.0,5
26576,0.0,5
26584,0.0,5
26584,1.0,12
26584,0.0,5
26592,0.0,5
26608,0.0,5
26624,0.0,5
26624,0.0,5
26624,0.0,5
26632,1.0,16
26632,0.0,5
26648,0.0,5
26664,0.0,5
26664,0.0,5
26672,0.0,5
26672,0.0,5
26688,0.0,5
26704,0.0,5
26704,0.0,5
26712,0.0,5
26712,1.0,17
26712,0.0,5
26720,2.0,24
26728,0.0,5
26736,0.0,3
26744,0.0,5
26744,0.0,5
26752,0.0,5
26760,0.0,5
26768,0.0,5
26784,0.0,5
26784,0.0,5
26792,0.0,5
26800,0.0,5
26808,0.0,5
26808,2.0,23
26824,0.0,5
26824,0.0,5
26832,0.0,5
26840,0.0,5
26848,0.0,5
26848,0.0,5
26864,0.0,5
26864,0.0,5
26872,0.0,5
26880,0.0,5
26888,0.0,5
26888,0.0,5
26896,2.0,23
26904,0.0,5
26912,0.0,5
26920,0.0,5
26920,2.0,23
26928,0.0,5
26928,0.0,5
26936,0.0,5
26952,0.0,5
26960,0.0,5
26960,0.0,5
26968,0.0,5
26968,0.0,5
27008,0.0,5
27008,0.0,5
27048,0.0,5
27048,2.0,23
27072,1.0,17
27088,2.0,23
27088,0.0,5
27112,0.0,5
27128,0.0,5
27136,2.0,23
27144,2.0,23
27152,0.0,5
27176,0.0,5
27184,0.0,5
27192,2.0,23
27192,0.0,5
27216,0.0,5
27224,0.0,5
27232,2.0,23
27232,0.0,5
27232,0.0,5
27256,0.0,5
27256,3.0,37
27264,0.0,5
27264,1.0,17
27272,2.0,23
27272,0.0,5
27272,0.0,5
27296,0.0,5
27304,0.0,5
27312,0.0,5
27312,0.0,5
27336,0.0,5
27344,0.0,5
27352,0.0,5
27368,1.0,17
27376,0.0,5
27384,0.0,5
27392,0.0,5
27392,1.0,17
27408,1.0,17
27432,0.0,5
27448,2.0,23
27472,0.0,3
27472,0.0,5
27496,1.0,14
27496,0.0,3
27496,2.0,23
27504,1.0,17
27512,1.0,15
27520,0.0,3
27520,0.0,3
27528,0.0,3
27528,0.0,4
27544,2.0,21
27544,1.0,17
27544,0.0,3
27552,0.0,5
27568,0.0,3
27584,0.0,5
27592,0.0,3
27632,0.0,5
27640,2.0,21
27648,1.0,16
27648,1.0,15
27656,1.0,16
27664,0.0,3
27672,0.0,3
27688,0.0,5
27688,0.0,3
27696,0.0,5
27704,1.0,15
27712,0.0,5
27720,2.0,21
27728,2.0,23
27744,0.0,3
27744,0.0,5
27752,0.0,3
27768,0.0,3
27792,0.0,5
27792,0.0,3
27800,2.0,21
27800,1.0,14
27824,0.0,3
27824,1.0,14
27824,0.0,3
27824,1.0,17
27832,0.0,5
27848,0.0,3
27864,0.0,5
27864,2.0,21
27864,0.0,5
27880,1.0,17
27888,0.0,3
27888,0.0,5
27888,0.0,3
27904,0.0,3
27912,1.0,15
27928,0.0,5
27928,0.0,5
27928,0.0,5
27936,0.0,3
27944,0.0,5
27960,1.0,17
27968,0.0,5
27968,0.0,5
27976,0.0,5
27984,0.0,3
28000,2.0,21
28008,0.0,5
28024,0.0,5
28032,2.0,21
28040,0.0,5
28056,0.0,3
28080,0.0,5
28088,1.0,14
28112,2.0,23
28112,2.0,21
28112,0.0,3
28136,0.0,3
28136,2.0,21
28136,0.0,3
28136,0.0,3
28160,0.0,3
28160,0.0,3
28160,0.0,3
28160,0.0,3
28176,2.0,21
28184,0.0,3
28184,1.0,16
28192,2.0,21
28200,0.0,5
28224,0.0,5
28248,2.0,21
28256,1.0,12
28272,1.0,12
28288,1.0,16
28288,0.0,5
28296,0.0,5
28312,1.0,16
28312,0.0,5
28320,1.0,16
28328,1.0,16
28328,0.0,5
28328,0.0,5
28336,0.0,5
28352,0.0,5
28352,0.0,5
28360,0.0,5
28368,0.0,5
28368,0.0,5
28368,0.0,5
28376,0.0,5
28408,0.0,5
28408,2.0,23
28408,0.0,5
28416,0.0,5
28480,1.0,16
28480,1.0,16
28496,1.0,17
28520,0.0,5
28536,1.0,16
28544,1.0,16
28552,2.0,23
28576,2.0,21
28576,0.0,5
28576,2.0,21
28584,0.0,5
28600,0.0,3
28624,0.0,5
28624,1.0,16
28664,2.0,23
28664,0.0,5
28664,0.0,5
28672,1.0,12
28688,2.0,21
28688,1.0,17
28688,1.0,11
28704,1.0,16
28712,0.0,5
28728,0.0,5
28728,0.0,5
28768,0.0,5
28784,1.0,12
28792,1.0,16
28800,1.0,17
28800,1.0,17
28832,0.0,5
28840,1.0,16
28840,0.0,5
28840,1.0,17
28864,1.0,17
28880,0.0,5
28896,1.0,16
28904,0.0,5
28912,1.0,16
28920,0.0,5
28936,1.0,17
28936,0.0,5
28952,0.0,5
28960,1.0,16
28960,0.0,5
28976,0.0,5
28976,0.0,5
28992,0.0,5
29000,0.0,5
29016,0.0,5
29024,2.0,23
29024,2.0,23
29032,0.0,5
29040,0.0,5
29064,0.0,5
29064,0.0,5
29072,0.0,5
29088,2.0,23
29128,0.0,5
29144,2.0,23
29160,2.0,23
29168,0.0,3
29184,1.0,15
29184,2.0,21
29184,0.0,3
29184,1.0,15
29192,0.0,3
29208,0.0,3
29208,0.0,3
29208,2.0,21
29208,0.0,3
29224,0.0,5
29224,0.0,4
29232,0.0,3
29240,2.0,21
29248,1.0,15
29248,0.0,5
29248,0.0,5
29264,0.0,3
29272,0.0,5
29272,0.0,3
29288,0.0,3
29312,0.0,5
29328,0.0,5
29328,1.0,15
29368,1.0,15
29368,0.0,5
29368,0.0,5
29392,2.0,21
29408,2.0,23
29408,0.0,5
29416,0.0,3
29416,2.0,21
29432,0.0,3
29440,0.0,3
29440,2.0,21
29440,0.0,3
29456,0.0,3
29464,0.0,3
29464,0.0,3
29480,0.0,5
29480,2.0,21
29496,0.0,5
29504,0.0,5
29504,0.0,3
29504,0.0,5
29520,0.0,5
29536,2.0,21
29536,2.0,21
29544,0.0,5
29560,0.0,3
29560,0.0,3
29568,0.0,3
29576,2.0,21
29616,1.0,15
29624,1.0,15
29632,1.0,14
29656,1.0,12
29664,1.0,12
29672,0.0,5
29696,0.0,5
29712,0.0,5
29712,1.0,17
29736,0.0,5
29744,1.0,16
29752,0.0,5
29752,0.0,5
29760,1.0,12
29776,0.0,5
29784,2.0,28
29792,0.0,5
29792,0.0,5
29800,0.0,5
29816,0.0,5
29824,0.0,5
29832,0.0,5
29832,0.0,5
29840,0.0,5
29856,0.0,5
29864,4.0,45
29864,0.0,5
29872,0.0,5
29872,0.0,5
29880,0.0,5
29896,0.0,5
29904,0.0,5
29904,0.0,5
29912,0.0,5
29912,0.0,5
29920,0.0,5
29928,2.0,23
29936,0.0,5
29944,3.0,40
29944,0.0,5
29952,0.0,5
29952,0.0,5
29960,0.0,5
29968,0.0,5
29976,0.0,5
29984,0.0,5
29984,0.0,5
29992,0.0,5
30000,0.0,5
30008,0.0,5
30024,0.0,5
30040,0.0,5
30048,0.0,5
30064,0.0,5
30080,0.0,5
30088,0.0,5
30088,2.0,23
30104,0.0,5
30104,1.0,16
30112,1.0,16
30120,0.0,5
30128,0.0,5
30128,0.0,5
30136,2.0,23
30144,0.0,5
30144,0.0,5
30152,0.0,5
30160,0.0,5
30168,0.0,5
30168,0.0,5
30176,2.0,23
30176,0.0,5
30184,0.0,5
30184,0.0,5
30192,0.0,5
30200,0.0,5
30208,0.0,5
30208,0.0,5
30216,0.0,5
30216,0.0,5
30224,0.0,5
30224,0.0,5
30232,0.0,5
30240,0.0,5
30248,0.0,5
30248,0.0,5
30256,0.0,5
30256,0.0,5
30264,0.0,5
30264,0.0,5
30272,0.0,5
30288,0.0,5
30288,0.0,5
30296,0.0,5
30304,0.0,5
30312,0.0,5
30328,0.0,5
30344,0.0,5
30352,0.0,5
30368,0.0,5
30384,1.0,16
30384,0.0,5
30392,0.0,5
30392,1.0,16
30408,0.0,5
30424,1.0,16
30424,2.0,23
30424,0.0,5
30432,0.0,5
30432,0.0,5
30448,0.0,5
30464,0.0,5
30464,0.0,5
30464,0.0,5
30472,0.0,5
30472,0.0,5
30488,0.0,5
30504,0.0,5
30504,0.0,5
30504,0.0,5
30512,0.0,5
30512,0.0,5
30520,1.0,17
30544,0.0,5
30544,0.0,5
30552,0.0,5
30552,0.0,5
30560,0.0,5
30584,0.0,5
30584,0.0,5
30592,0.0,5
30592,0.0,5
30616,1.0,16
30624,0.0,5
30624,0.0,5
30632,0.0,5
30640,1.0,17
30648,4.0,45
30664,0.0,5
30664,0.0,5
30672,0.0,5
30680,0.0,5
30688,1.0,16
30688,0.0,5
30704,0.0,5
30712,0.0,5
30720,0.0,5
30720,1.0,16
30728,0.0,5
30728,0.0,5
30744,0.0,5
30752,0.0,5
30752,1.0,17
30760,0.0,5
30760,0.0,5
30768,0.0,5
30768,0.0,5
30784,0.0,5
30792,0.0,5
30800,0.0,5
30800,0.0,5
30808,0.0,5
30808,0.0,5
30824,0.0,5
30832,0.0,5
30840,0.0,5
30848,0.0,5
30848,2.0,23
30864,0.0,5
30872,0.0,5
30880,0.0,5
30888,0.0,5
30888,0.0,5
30920,0.0,5
30928,0.0,5
30936,2.0,23
30976,0.0,5
30984,2.0,23
30992,2.0,23
31008,0.0,3
31016,0.0,3
31032,2.0,21
31040,2.0,21
31048,0.0,5
31056,2.0,21
31056,0.0,5
31056,0.0,3
31064,0.0,3
31088,0.0,3
31088,2.0,21
31096,0.0,5
31096,2.0,21
31096,0.0,5
31096,0.0,5
31112,0.0,3
31120,0.0,3
31128,0.0,5
31136,0.0,5
31144,2.0,21
31144,0.0,3
31160,1.0,14
31168,0.0,3
31184,0.0,3
31184,0.0,5
31208,0.0,5
31208,1.0,14
31216,1.0,15
31224,0.0,5
31224,0.0,5
31232,0.0,3
31232,0.0,3
31248,1.0,17
31248,0.0,3
31248,1.0,14
31272,0.0,3
31272,0.0,5
31272,0.0,3
31288,0.0,5
31312,2.0,23
31336,0.0,3
31344,1.0,15
31360,1.0,16
31400,0.0,5
31400,2.0,23
31400,1.0,16
31400,1.0,16
31440,0.0,5
31440,0.0,5
31440,0.0,5
31456,2.0,23
31456,2.0,21
31472,1.0,17
31496,0.0,5
31528,2.0,23
31536,1.0,12
31536,0.0,5
31536,1.0,17
31568,1.0,16
31576,1.0,17
31584,1.0,16
31592,0.0,3
31600,1.0,16
31632,1.0,12
31656,1.0,16
31672,1.0,17
31672,1.0,17
31688,1.0,12
31712,0.0,5
31752,1.0,12
31768,1.0,12
31784,1.0,12
31792,2.0,24
31808,1.0,12
31816,2.0,30
31848,1.0,12
31848,0.0,5
31864,1.0,12
31872,0.0,3
31880,1.0,12
31904,0.0,5
31912,0.0,5
31920,1.0,16
31920,0.0,5
31928,1.0,10
31928,0.0,3
31936,1.0,15
31944,0.0,3
31944,4.0,45
31944,0.0,3
31952,0.0,3
31952,3.0,40
31968,0.0,3
31968,0.0,5
31968,0.0,3
31968,0.0,3
31976,0.0,5
31992,0.0,5
31992,0.0,3
31992,0.0,3
32008,0.0,5
32016,0.0,3
32016,0.0,3
32024,1.0,14
32048,0.0,3
32056,0.0,5
32136,2.0,23
32144,2.0,22
32160,0.0,3
32160,2.0,21
32168,0.0,3
32176,1.0,16
32176,2.0,21
32184,0.0,3
32184,0.0,3
32192,2.0,22
32200,0.0,3
32208,0.0,5
32208,0.0,3
32216,0.0,5
32224,0.0,5
32224,2.0,21
32232,0.0,5
32240,0.0,5
32248,0.0,5
32256,0.0,3
32264,0.0,5
32264,0.0,5
32288,0.0,5
32288,3.0,39
32296,0.0,5
32304,0.0,5
32312,0.0,3
32320,1.0,14
32328,1.0,14
32352,1.0,14
32352,0.0,5
32360,0.0,5
32384,1.0,15
32392,0.0,5
32392,0.0,5
32400,0.0,5
32400,1.0,14
32408,1.0,14
32416,1.0,14
32424,1.0,12
32432,0.0,5
32440,0.0,5
32480,0.0,5
32480,1.0,12
32496,1.0,12
32504,1.0,12
32512,1.0,12
32520,0.0,5
32520,1.0,12
32520,0.0,5
32528,1.0,12
32536,0.0,5
32544,0.0,5
32560,0.0,5
32560,0.0,5
32560,0.0,5
32568,0.0,5
32576,0.0,5
32576,2.0,23
32584,0.0,5
32600,0.0,5
32600,0.0,5
32600,0.0,5
32616,0.0,5
32616,0.0,5
32624,0.0,5
32640,0.0,5
32640,0.0,5
32648,1.0,17
32656,0.0,5
32664,0.0,5
32680,0.0,5
32696,0.0,5
32704,0.0,5
32720,0.0,5
32736,0.0,5
32744,0.0,5
32752,2.0,23
32752,1.0,17
32760,0.0,5
32768,2.0,21
32776,0.0,5
32784,1.0,17
32784,0.0,5
32792,0.0,5
32816,0.0,5
32824,0.0,5
32832,0.0,5
32840,0.0,3
32872,0.0,5
32888,1.0,17
32912,0.0,5
32912,1.0,16
32928,0.0,5
32928,3.0,36
32944,2.0,23
32952,0.0,5
32968,0.0,5
32968,0.0,5
32984,0.0,5
33008,2.0,23
33008,0.0,5
33008,0.0,5
33024,2.0,23
33048,0.0,5
33048,0.0,5
33064,0.0,5
33064,3.0,37
33072,1.0,15
33080,2.0,21
33088,0.0,5
33088,0.0,5
33104,0.0,5
33104,0.0,5
33112,0.0,5
33120,0.0,5
33144,0.0,5
33152,0.0,5
33168,2.0,23
33184,0.0,5
33192,0.0,5
33192,2.0,23
33208,0.0,5
33216,0.0,3
33224,1.0,17
33240,1.0,17
33240,0.0,3
33256,1.0,17
33264,0.0,5
33272,2.0,23
33280,0.0,3
33280,0.0,5
33280,0.0,5
33312,0.0,5
33320,0.0,5
33328,1.0,15
33352,0.0,3
33368,2.0,23
33392,0.0,3
33416,0.0,3
33432,2.0,21
33448,2.0,21
33448,2.0,21
33456,0.0,3
33456,0.0,5
33464,3.0,34
33472,1.0,15
33472,0.0,3
33472,0.0,3
33480,0.0,3
33480,2.0,21
33488,2.0,21
33488,0.0,3
33496,0.0,3
33496,0.0,3
33504,0.0,3
33512,0.0,3
33512,0.0,5
33520,0.0,5
33528,0.0,5
33528,0.0,4
33528,0.0,3
33536,0.0,3
33536,0.0,5
33560,0.0,5
33560,0.0,4
33568,1.0,14
33568,0.0,5
33576,0.0,5
33576,0.0,5
33592,0.0,3
33600,0.0,5
33616,0.0,5
33656,0.0,5
33680,2.0,21
33696,2.0,21
33696,1.0,16
33704,0.0,3
33720,1.0,16
33720,0.0,3
33720,0.0,3
33728,2.0,21
33728,0.0,3
33744,0.0,3
33744,2.0,21
33744,0.0,3
33752,0.0,3
33768,0.0,5
33768,0.0,3
33768,2.0,21
33776,0.0,3
33784,0.0,5
33784,0.0,5
33792,0.0,3
33792,0.0,3
33808,0.0,5
33816,0.0,5
33816,0.0,3
33824,2.0,21
33824,0.0,5
33832,0.0,5
33848,0.0,3
33848,1.0,16
33848,0.0,4
33856,0.0,5
33872,0.0,3
33872,0.0,5
33872,0.0,3
33888,0.0,5
33912,0.0,5
33912,0.0,5
33936,0.0,3
33952,2.0,21
33976,2.0,21
33976,0.0,3
33976,0.0,5
33992,2.0,21
34000,0.0,3
34016,0.0,5
34016,0.0,5
34024,2.0,21
34032,0.0,5
34040,0.0,5
34040,2.0,21
34056,0.0,5
34056,0.0,5
34072,0.0,5
34080,2.0,21
34080,0.0,5
34096,0.0,5
34096,0.0,5
34112,0.0,5
34120,0.0,5
34120,0.0,5
34136,0.0,5
34136,0.0,5
34152,0.0,5
34160,1.0,17
34160,0.0,5
34176,1.0,17
34200,0.0,5
34200,3.0,39
34216,0.0,5
34240,1.0,15
34240,0.0,5
34256,0.0,5
34272,1.0,14
34280,0.0,5
34280,0.0,5
34296,0.0,5
34304,2.0,21
34304,2.0,21
34312,0.0,5
34320,0.0,5
34336,0.0,5
34344,0.0,5
34352,0.0,5
34376,1.0,12
34392,0.0,5
34400,1.0,12
34416,2.0,27
34424,3.0,34
34432,1.0,12
34440,1.0,12
34448,1.0,16
34456,0.0,5
34472,1.0,12
34480,0.0,5
34488,1.0,12
34528,1.0,16
34528,1.0,12
34552,1.0,12
34560,1.0,17
34576,1.0,12
34616,0.0,5
34624,1.0,12
34624,1.0,12
34640,2.0,24
34664,0.0,5
34712,1.0,12
34720,1.0,12
34736,1.0,12
34760,0.0,5
34760,1.0,12
34776,0.0,5
34800,0.0,5
34800,2.0,30
34808,1.0,12
34832,4.0,45
34840,0.0,5
34848,4.0,45
34848,0.0,5
34856,1.0,12
34872,1.0,12
34896,0.0,5
34896,1.0,12
34912,0.0,5
34912,4.0,45
34928,1.0,12
34936,1.0,12
34944,1.0,12
34944,1.0,12
34952,0.0,5
34968,0.0,5
34976,0.0,5
34984,0.0,5
35008,1.0,12
35024,1.0,16
35024,0.0,5
35048,1.0,12
35072,1.0,12
35080,1.0,17
35120,1.0,12
35120,2.0,28
35120,1.0,12
35144,1.0,12
35144,1.0,17
35168,1.0,12
35168,2.0,25
35176,1.0,12
35240,1.0,12
35256,1.0,17
35256,1.0,17
35256,1.0,17
35264,0.0,3
35264,1.0,12
35264,1.0,12
35296,0.0,5
35304,0.0,5
35336,0.0,5
35344,0.0,5
35368,1.0,13
35376,0.0,5
35384,0.0,5
35400,1.0,18
35408,0.0,5
35416,0.0,5
35440,0.0,5
35448,0.0,5
35456,2.0,24
35456,0.0,5
35472,3.0,41
35480,1.0,12
35488,0.0,5
35496,0.0,5
35496,3.0,40
35496,0.0,5
35512,0.0,5
35520,0.0,3
35520,0.0,5
35528,0.0,5
35536,0.0,5
35544,3.0,36
35552,0.0,5
35560,1.0,15
35560,0.0,5
35568,0.0,5
35576,0.0,5
35584,0.0,5
35592,0.0,5
35600,0.0,5
35600,0.0,5
35608,1.0,14
35608,0.0,5
35616,0.0,5
35624,0.0,5
35632,0.0,5
35640,0.0,5
35640,0.0,5
35648,0.0,5
35648,1.0,16
35656,0.0,5
35664,0.0,5
35680,0.0,5
35688,0.0,5
35688,0.0,5
35704,1.0,12
35728,0.0,5
35736,1.0,12
35744,0.0,5
35752,1.0,12
35760,1.0,16
35768,0.0,5
35776,0.0,5
35784,1.0,12
35784,0.0,5
35800,0.0,5
35824,0.0,5
35848,1.0,12
35864,1.0,12
35872,2.0,24
35872,1.0,12
35880,1.0,12
35896,1.0,12
35896,2.0,29
35904,0.0,5
35920,0.0,5
35944,1.0,12
35944,0.0,5
35968,1.0,12
35968,1.0,12
35992,1.0,12
35992,1.0,12
36008,0.0,5
36008,0.0,5
36032,0.0,5
36032,0.0,5
36040,1.0,12
36048,1.0,13
36048,0.0,5
36072,0.0,5
36072,0.0,5
36080,0.0,5
36088,0.0,5
36088,0.0,5
36104,2.0,23
36112,0.0,5
36112,0.0,5
36120,0.0,5
36128,0.0,5
36128,0.0,5
36144,0.0,5
36144,3.0,40
36152,0.0,5
36152,0.0,5
36160,0.0,5
36168,0.0,5
36168,0.0,5
36184,0.0,5
36184,0.0,5
36192,0.0,5
36192,0.0,5
36192,2.0,23
36200,0.0,5
36208,0.0,5
36224,0.0,5
36224,0.0,5
36232,0.0,5
36232,0.0,5
36232,0.0,5
36240,0.0,5
36248,0.0,5
36264,0.0,5
36264,1.0,12
36272,0.0,5
36272,0.0,5
36280,0.0,5
36288,0.0,5
36304,0.0,5
36304,0.0,5
36312,0.0,5
36312,0.0,5
36320,0.0,5
36328,0.0,5
36344,0.0,5
36344,0.0,5
36352,0.0,5
36360,1.0,16
36360,1.0,17
36384,0.0,5
36392,0.0,5
36400,0.0,5
36408,1.0,12
36416,1.0,12
36440,0.0,5
36440,1.0,12
36456,1.0,12
36456,0.0,5
36480,0.0,5
36480,1.0,12
36488,1.0,12
36496,0.0,5
36520,0.0,5
36528,0.0,5
36536,1.0,12
36536,1.0,16
36552,1.0,12
36560,0.0,5
36568,0.0,5
36576,0.0,5
36576,1.0,12
36592,1.0,12
36592,0.0,5
36616,0.0,5
36616,3.0,36
36632,0.0,5
36632,0.0,5
36632,1.0,12
36664,1.0,12
36672,0.0,5
36672,0.0,5
36672,0.0,5
36672,1.0,12
36688,1.0,16
36712,1.0,12
36712,1.0,12
36712,0.0,5
36712,0.0,5
36768,1.0,12
36768,1.0,12
36784,1.0,12
36808,1.0,12
36808,0.0,5
36808,1.0,12
36824,0.0,5
36840,1.0,16
36848,0.0,5
36848,0.0,5
36864,0.0,5
36872,2.0,20
36880,0.0,5
36888,0.0,5
36904,0.0,5
36904,1.0,17
36912,0.0,5
36920,0.0,5
36928,0.0,5
36944,1.0,12
36944,0.0,5
36952,0.0,3
36952,3.0,36
36960,0.0,5
36984,0.0,5
36984,0.0,5
36992,0.0,5
36992,2.0,23
37000,0.0,5
37008,1.0,12
37024,0.0,5
37032,0.0,5
37032,0.0,5
37040,0.0,5
37048,0.0,5
37064,0.0,5
37072,0.0,5
37072,0.0,5
37088,2.0,23
37088,0.0,5
37104,0.0,5
37112,0.0,5
37112,1.0,16
37112,0.0,5
37128,0.0,5
37128,0.0,5
37136,2.0,23
37152,0.0,5
37152,0.0,5
37152,0.0,5
37168,0.0,5
37192,0.0,5
37192,0.0,5
37192,0.0,5
37208,0.0,5
37224,2.0,23
37232,0.0,5
37232,0.0,5
37248,0.0,5
37264,0.0,5
37288,2.0,23
37312,2.0,23
37312,0.0,3
37320,2.0,23
37336,0.0,3
37336,0.0,3
37344,0.0,3
37360,0.0,3
37368,0.0,3
37376,2.0,23
37376,0.0,5
37384,1.0,15
37392,0.0,4
37400,0.0,3
37400,2.0,21
37400,2.0,21
37408,0.0,5
37416,2.0,21
37424,0.0,3
37440,0.0,3
37440,0.0,5
37440,0.0,5
37448,0.0,5
37448,0.0,3
37464,0.0,3
37488,0.0,5
37504,0.0,5
37512,1.0,15
37528,0.0,5
37544,0.0,5
37544,2.0,21
37552,1.0,14
37552,0.0,5
37552,1.0,14
37568,2.0,23
37576,0.0,3
37584,0.0,5
37608,0.0,5
37616,0.0,5
37632,2.0,23
37632,0.0,3
37640,1.0,14
37640,0.0,3
37656,1.0,14
37656,0.0,3
37664,1.0,14
37672,0.0,5
37680,0.0,3
37680,1.0,16
37680,0.0,5
37680,0.0,5
37688,0.0,3
37696,0.0,3
37696,0.0,5
37704,1.0,15
37704,0.0,3
37728,0.0,3
37736,0.0,5
37736,0.0,5
37744,0.0,5
37776,0.0,5
37792,1.0,14
37800,1.0,15
37808,1.0,16
37816,1.0,16
37816,0.0,5
37824,0.0,3
37832,0.0,3
37832,0.0,5
37840,0.0,3
37848,1.0,14
37864,0.0,5
37872,0.0,5
37880,0.0,5
37888,0.0,5
37904,0.0,5
37912,0.0,5
37912,2.0,23
37928,0.0,3
37928,0.0,5
37928,2.0,23
37952,0.0,5
37952,0.0,5
37968,0.0,5
37968,0.0,5
37968,1.0,17
37992,0.0,5
37992,0.0,3
37992,1.0,14
37992,0.0,5
37992,0.0,3
38000,2.0,23
38008,0.0,5
38032,0.0,5
38032,0.0,5
38032,0.0,5
38032,0.0,5
38032,0.0,3
38032,0.0,5
38040,0.0,5
38064,1.0,17
38072,0.0,5
38080,0.0,5
38128,1.0,12
38128,1.0,12
38128,1.0,12
38128,1.0,12
38168,1.0,12
38168,0.0,5
38176,1.0,12
38216,0.0,5
38224,1.0,12
38256,1.0,16
38264,1.0,12
38264,1.0,12
38296,0.0,5
38312,1.0,12
38320,1.0,12
38352,3.0,36
38360,0.0,5
38360,1.0,12
38360,2.0,29
38368,4.0,42
38376,0.0,3
38392,1.0,12
38400,1.0,17
38400,0.0,5
38400,0.0,5
38432,0.0,5
38440,0.0,5
38440,1.0,16
38440,0.0,5
38472,1.0,12
38480,0.0,5
38480,0.0,5
38480,0.0,5
38488,1.0,16
38496,1.0,12
38504,1.0,17
38512,0.0,5
38520,0.0,5
38520,0.0,5
38528,1.0,12
38528,0.0,5
38536,0.0,5
38552,0.0,5
38560,0.0,5
38560,0.0,5
38568,0.0,5
38568,0.0,5
38576,0.0,5
38592,0.0,5
38600,1.0,12
38600,0.0,5
38608,0.0,5
38608,0.0,5
38632,0.0,5
38640,0.0,5
38648,0.0,5
38664,2.0,23
38672,0.0,5
38680,0.0,5
38688,0.0,5
38704,1.0,12
38712,0.0,5
38728,0.0,5
38744,0.0,5
38744,2.0,23
38752,0.0,5
38760,2.0,23
38768,0.0,5
38784,2.0,23
38800,1.0,17
38840,1.0,12
38840,0.0,5
38864,2.0,23
38880,0.0,5
38880,1.0,17
38880,1.0,16
38880,0.0,5
38896,1.0,17
38896,1.0,16
38904,0.0,5
38904,0.0,3
38920,1.0,17
38920,0.0,5
38920,0.0,5
38920,0.0,5
38936,0.0,5
38936,0.0,5
38944,0.0,5
38944,0.0,5
38960,0.0,5
38960,0.0,5
38960,0.0,5
38960,0.0,5
38976,0.0,5
38976,0.0,5
38984,0.0,5
38984,0.0,5
38984,0.0,3
39000,0.0,5
39024,0.0,5
39024,0.0,5
39040,0.0,5
39064,0.0,5
39080,0.0,5
39120,1.0,12
39120,0.0,5
39128,2.0,21
39128,2.0,21
39144,2.0,21
39144,2.0,21
39152,2.0,21
39168,0.0,3
39184,0.0,5
39208,0.0,5
39224,0.0,5
39232,2.0,21
39248,0.0,5
39264,1.0,17
39264,1.0,17
39264,0.0,5
39272,0.0,5
39288,1.0,17
39288,2.0,21
39304,0.0,5
39304,2.0,23
39304,0.0,5
39304,0.0,5
39328,0.0,5
39328,0.0,5
39344,0.0,5
39344,0.0,5
39344,0.0,5
39344,0.0,5
39368,0.0,5
39368,1.0,12
39408,0.0,5
39424,1.0,12
39440,1.0,12
39448,0.0,5
39464,1.0,12
39488,0.0,5
39520,1.0,12
39536,3.0,36
39536,1.0,12
39560,1.0,12
39584,1.0,12
39632,1.0,12
39632,1.0,12
39656,1.0,12
39672,0.0,5
39672,0.0,5
39680,1.0,12
39696,0.0,5
39704,4.0,45
39704,4.0,45
39704,4.0,45
39752,1.0,10
39768,1.0,12
39776,1.0,12
39792,1.0,12
39800,1.0,12
39800,1.0,12
39800,1.0,12
39816,0.0,5
39856,0.0,5
39864,1.0,12
39880,4.0,45
39888,1.0,12
39896,1.0,12
39896,1.0,12
39896,1.0,12
39896,0.0,5
39904,0.0,5
39920,0.0,3
39936,0.0,5
39936,0.0,5
39936,0.0,5
39944,0.0,5
39960,0.0,5
39976,0.0,5
39976,0.0,5
40000,0.0,5
40000,1.0,15
40016,0.0,5
40032,1.0,12
40040,1.0,12
40040,3.0,36
40040,0.0,5
40056,0.0,5
40072,0.0,5
40072,1.0,12
40080,0.0,5
40080,0.0,5
40080,0.0,5
40096,0.0,5
40096,1.0,12
40112,0.0,5
40112,0.0,5
40120,0.0,5
40120,2.0,29
40120,0.0,5
40136,0.0,5
40152,0.0,5
40160,0.0,5
40160,0.0,5
40160,0.0,5
40176,0.0,5
40192,1.0,12
40192,0.0,5
40200,0.0,5
40200,0.0,5
40200,0.0,5
40208,1.0,12
40208,1.0,16
40216,0.0,5
40232,0.0,5
40240,0.0,5
40240,0.0,5
40240,0.0,5
40248,0.0,5
40248,0.0,5
40256,0.0,5
40272,0.0,5
40280,0.0,5
40280,0.0,5
40280,0.0,5
40288,0.0,5
40288,0.0,5
40296,0.0,5
40312,0.0,5
40320,0.0,5
40320,0.0,5
40320,0.0,5
40328,0.0,5
40328,0.0,5
40336,0.0,5
40352,0.0,5
40360,0.0,3
40360,0.0,5
40360,0.0,5
40360,0.0,5
40368,0.0,5
40392,0.0,5
40400,0.0,5
40400,0.0,5
40400,0.0,5
40400,0.0,5
40424,1.0,12
40424,2.0,29
40432,0.0,5
40440,0.0,5
40464,0.0,5
40464,0.0,5
40464,1.0,12
40480,0.0,5
40504,0.0,5
40504,0.0,5
40536,1.0,17
40536,1.0,17
40544,0.0,5
40544,0.0,5
40560,1.0,12
40576,0.0,5
40584,0.0,5
40584,2.0,23
40584,0.0,5
40600,2.0,21
40616,0.0,5
40624,0.0,5
40624,0.0,5
40656,0.0,5
40664,0.0,5
40664,0.0,5
40664,1.0,16
40696,0.0,5
40704,0.0,5
40704,0.0,5
40736,1.0,17
40736,0.0,5
40744,0.0,5
40744,0.0,5
40776,0.0,5
40776,0.0,5
40784,0.0,5
40800,1.0,17
40816,0.0,5
40816,0.0,5
40824,0.0,5
40840,0.0,5
40848,5.0,46
40856,0.0,5
40864,0.0,5
40872,3.0,36
40880,0.0,5
40888,0.0,5
40896,0.0,5
40904,0.0,5
40928,2.0,23
40928,5.0,46
40928,0.0,5
40936,0.0,5
40944,0.0,5
40968,0.0,5
40968,0.0,5
40976,0.0,5
40976,1.0,12
40984,0.0,5
41000,2.0,23
41008,0.0,5
41008,0.0,5
41008,1.0,17
41016,0.0,5
41016,0.0,5
41024,0.0,5
41048,0.0,5
41048,0.0,5
41056,0.0,5
41064,1.0,17
41136,1.0,17
41160,0.0,3
41168,1.0,15
41176,2.0,21
41184,2.0,21
41192,2.0,21
41200,1.0,17
41200,0.0,5
41208,0.0,3
41208,0.0,5
41216,0.0,3
41216,2.0,21
41216,0.0,5
41224,0.0,3
41224,0.0,3
41232,0.0,3
41240,0.0,3
41240,0.0,3
41240,2.0,23
41264,0.0,3
41264,0.0,5
41264,0.0,3
41264,0.0,3
41272,0.0,5
41288,0.0,3
41304,0.0,5
41312,0.0,5
41328,0.0,5
41344,0.0,5
41352,1.0,16
41376,2.0,21
41392,0.0,5
41400,2.0,23
41400,0.0,3
41424,0.0,3
41432,2.0,21
41440,2.0,22
41440,0.0,5
41448,1.0,15
41456,1.0,14
41456,0.0,3
41464,0.0,5
41464,0.0,3
41480,2.0,21
41488,0.0,5
41496,0.0,5
41496,0.0,5
41504,1.0,14
41504,0.0,3
41528,0.0,3
41560,1.0,15
41584,1.0,15
41592,1.0,16
41600,1.0,12
41600,0.0,5
41600,1.0,14
41616,1.0,15
41616,0.0,3
41624,1.0,12
41624,0.0,3
41624,0.0,3
41648,0.0,3
41656,0.0,5
41664,0.0,5
41688,0.0,5
41688,0.0,3
41696,1.0,12
41704,2.0,26
41712,0.0,3
41712,1.0,16
41712,1.0,12
41720,1.0,12
41720,0.0,3
41736,1.0,10
41736,0.0,3
41744,0.0,3
41760,0.0,3
41760,0.0,5
41784,1.0,12
41784,0.0,5
41800,0.0,5
41808,1.0,12
41824,0.0,3
41832,0.0,3
41832,1.0,16
41832,1.0,12
41840,1.0,16
41856,1.0,12
41864,0.0,3
41872,0.0,5
41904,0.0,5
41912,1.0,16
41912,1.0,16
41920,1.0,12
41936,0.0,3
41936,0.0,3
41944,0.0,3
41952,1.0,12
41960,1.0,16
41960,1.0,16
41968,1.0,12
41976,0.0,5
41976,0.0,5
41984,0.0,3
41984,0.0,5
41992,0.0,3
42000,0.0,5
42024,0.0,5
42024,0.0,5
42032,0.0,5
42040,1.0,17
42040,0.0,5
42048,1.0,12
42048,0.0,3
42048,0.0,3
42064,0.0,3
42072,0.0,5
42072,0.0,3
42088,1.0,14
42088,0.0,5
42112,0.0,3
42152,1.0,14
42152,2.0,22
42160,1.0,12
42176,0.0,3
42176,0.0,3
42184,1.0,14
42184,0.0,3
42184,1.0,12
42200,1.0,16
42208,1.0,12
42216,0.0,5
42224,0.0,5
42224,0.0,3
42224,0.0,5
42232,2.0,23
42232,0.0,3
42248,0.0,3
42264,0.0,5
42264,0.0,5
42272,0.0,5
42272,0.0,5
42288,0.0,5
42296,0.0,3
42296,1.0,10
42304,1.0,16
42304,0.0,5
42304,0.0,5
42320,0.0,3
42328,0.0,3
42336,0.0,5
42360,0.0,5
42368,0.0,5
42440,2.0,21
42464,0.0,3
42472,2.0,23
42472,2.0,21
42472,2.0,21
42480,1.0,15
42496,0.0,3
42496,0.0,3
42496,0.0,3
42504,2.0,21
42504,0.0,5
42536,2.0,21
42536,0.0,5
42560,0.0,3
42592,5.0,51
42600,0.0,5
42600,1.0,12
42608,1.0,16
42616,0.0,3
42624,1.0,16
42632,1.0,17
42632,0.0,3
42640,1.0,17
42640,0.0,5
42648,0.0,3
42656,0.0,5
42664,0.0,3
42664,1.0,16
42680,0.0,5
42688,0.0,3
42704,0.0,5
42720,1.0,15
42728,1.0,12
42728,0.0,5
42744,1.0,12
42752,0.0,3
42752,0.0,3
42760,1.0,16
42760,1.0,10
42776,1.0,15
42784,0.0,3
42784,1.0,10
42792,0.0,5
42800,0.0,3
42800,0.0,5
42816,1.0,12
42848,1.0,12
42856,0.0,5
42880,1.0,12
42896,1.0,12
42904,1.0,15
42920,0.0,5
42952,1.0,12
42960,0.0,5
42992,1.0,12
43048,1.0,12
43056,1.0,12
43104,4.0,45
43120,1.0,16
43128,1.0,10
43152,1.0,12
43152,4.0,45
43160,4.0,45
43168,0.0,5
43168,3.0,40
43192,0.0,5
43200,0.0,5
43200,1.0,12
43208,0.0,5
43216,1.0,12
43232,0.0,5
43240,0.0,5
43240,0.0,5
43248,0.0,5
43248,1.0,12
43256,0.0,5
43264,1.0,12
43272,0.0,5
43272,0.0,3
43280,0.0,5
43280,0.0,5
43280,0.0,3
43288,0.0,3
43288,0.0,5
43304,0.0,3
43312,0.0,5
43312,5.0,51
43312,0.0,3
43312,0.0,5
43320,0.0,5
43320,0.0,5
43328,0.0,5
43344,0.0,5
43352,0.0,5
43352,0.0,5
43352,0.0,5
43352,0.0,5
43360,0.0,5
43368,0.0,5
43384,0.0,5
43392,0.0,5
43392,0.0,5
43392,0.0,5
43400,0.0,5
43408,0.0,5
43424,0.0,5
43432,0.0,5
43432,0.0,5
43432,0.0,5
43448,1.0,16
43448,0.0,5
43464,0.0,5
43472,0.0,5
43472,0.0,5
43488,0.0,5
43488,0.0,5
43488,1.0,17
43504,0.0,5
43512,0.0,3
43512,0.0,5
43512,0.0,5
43528,0.0,5
43528,0.0,5
43544,0.0,5
43552,0.0,5
43552,0.0,5
43552,0.0,5
43560,1.0,16
43568,0.0,5
43568,0.0,5
43584,0.0,5
43584,2.0,23
43592,0.0,5
43592,0.0,3
43592,0.0,5
43600,0.0,5
43608,0.0,5
43624,0.0,5
43624,0.0,5
43632,0.0,5
43632,0.0,5
43632,0.0,5
43640,0.0,5
43664,0.0,5
43672,0.0,5
43672,0.0,5
43672,0.0,5
43680,0.0,5
43704,1.0,12
43712,0.0,5
43720,1.0,12
43768,1.0,12
43776,1.0,12
43840,1.0,16
43856,2.0,24
43864,1.0,12
43872,3.0,40
43872,1.0,12
43880,0.0,5
43912,0.0,5
43920,0.0,5
43960,1.0,12
43968,1.0,12
43976,1.0,15
43992,3.0,40
44008,1.0,12
44016,1.0,12
44024,3.0,40
44032,0.0,3
44040,3.0,40
44040,0.0,3
44064,0.0,5
44072,0.0,5
44080,0.0,5
44080,0.0,5
44088,1.0,16
44096,1.0,16
44112,0.0,3
44120,0.0,3
44120,0.0,5
44128,1.0,17
44152,0.0,5
44160,2.0,23
44160,0.0,5
44168,0.0,5
44200,0.0,5
44200,0.0,5
44240,2.0,21
44248,2.0,21
44248,2.0,23
44264,0.0,3
44272,0.0,3
44288,0.0,5
44288,2.0,21
44304,0.0,5
44312,0.0,5
44312,0.0,3
44320,2.0,21
44336,2.0,21
44336,0.0,3
44344,0.0,3
44360,0.0,3
44368,2.0,21
44400,0.0,5
44408,0.0,5
44424,2.0,28
44432,1.0,15
44448,0.0,3
44456,2.0,21
44472,0.0,5
44472,2.0,21
44472,1.0,17
44480,0.0,3
44488,0.0,5
44496,0.0,3
44512,0.0,5
44520,0.0,5
44528,2.0,23
44528,0.0,5
44552,0.0,3
44552,0.0,3
44568,2.0,21
44576,0.0,3
44576,2.0,21
44592,0.0,5
44592,0.0,3
44600,0.0,3
44616,0.0,5
44632,0.0,5
44632,1.0,17
44640,2.0,21
44640,1.0,15
44640,0.0,5
44664,0.0,3
44672,0.0,5
44680,2.0,21
44704,0.0,5
44712,1.0,15
44712,0.0,5
44720,0.0,5
44752,0.0,5
44752,1.0,15
44760,1.0,15
44768,1.0,16
44792,0.0,5
44792,0.0,5
44808,0.0,5
44824,1.0,15
44824,1.0,14
44840,1.0,15
44864,0.0,5
44880,0.0,5
44888,3.0,34
44888,1.0,16
44904,1.0,14
44904,1.0,14
44920,0.0,5
44928,0.0,5
44944,0.0,5
44952,1.0,16
44992,0.0,5
45016,0.0,3
45016,2.0,26
45040,1.0,17
45048,1.0,15
45056,0.0,5
45064,1.0,15
45072,2.0,23
45080,0.0,5
45088,2.0,21
45104,0.0,5
45112,0.0,5
45120,0.0,5
45128,0.0,5
45144,0.0,5
45152,1.0,17
45160,0.0,5
45168,0.0,5
45176,3.0,39
45176,1.0,15
45184,0.0,5
45184,1.0,17
45192,0.0,5
45200,0.0,5
45208,0.0,5
45216,0.0,5
45216,0.0,5
45224,0.0,5
45224,0.0,5
45232,0.0,5
45232,1.0,15
45240,0.0,5
45248,0.0,5
45256,0.0,5
45264,0.0,5
45264,0.0,5
45272,0.0,5
45272,0.0,5
45280,0.0,5
45304,0.0,5
45312,0.0,5
45344,1.0,16
45352,1.0,12
45360,1.0,12
45360,1.0,14
45368,1.0,12
45376,1.0,12
45384,0.0,5
45400,1.0,12
45400,0.0,5
45416,0.0,5
45424,0.0,5
45440,1.0,16
45440,0.0,5
45448,1.0,12
45464,1.0,12
45480,1.0,10
45496,1.0,17
45504,0.0,5
45512,1.0,12
45520,0.0,5
45520,1.0,12
45536,1.0,12
45544,1.0,13
45544,1.0,12
45584,0.0,5
45592,1.0,12
45608,1.0,12
45616,1.0,12
45616,1.0,12
45632,1.0,12
45632,0.0,5
45648,0.0,5
45656,0.0,5
45656,0.0,5
45672,1.0,16
45672,0.0,5
45680,1.0,12
45696,0.0,5
45712,0.0,5
45728,1.0,12
45736,0.0,5
45744,1.0,12
45752,0.0,5
45768,0.0,5
45768,1.0,12
45776,0.0,5
45776,1.0,12
45784,0.0,5
45792,0.0,5
45792,0.0,3
45792,0.0,3
45800,0.0,3
45816,0.0,3
45824,0.0,5
45832,0.0,5
45832,0.0,5
45840,0.0,5
45848,0.0,3
45856,0.0,5
45856,0.0,3
45864,4.0,45
45880,0.0,5
45888,0.0,5
45888,2.0,29
45896,0.0,5
45896,0.0,5
45904,0.0,3
45904,1.0,16
45912,0.0,3
45928,0.0,5
45944,0.0,5
45944,0.0,5
45952,0.0,5
45952,0.0,3
45960,1.0,16
45984,1.0,15
45984,0.0,5
45992,0.0,5
46000,0.0,5
46008,1.0,14
46008,1.0,14
46024,0.0,5
46032,0.0,5
46048,0.0,5
46048,0.0,5
46064,1.0,15
46072,0.0,3
46104,0.0,5
46112,0.0,5
46120,2.0,21
46120,1.0,15
46152,2.0,21
46152,0.0,5
46160,0.0,5
46160,0.0,5
46168,1.0,15
46192,0.0,5
46200,2.0,22
46200,2.0,21
46208,0.0,5
46224,1.0,15
46224,0.0,3
46240,0.0,5
46264,0.0,5
46264,1.0,14
46264,0.0,5
46280,1.0,15
46280,0.0,5
46280,1.0,15
46304,0.0,5
46304,0.0,5
46304,0.0,5
46320,0.0,5
46320,0.0,5
46320,0.0,5
46344,0.0,5
46344,0.0,5
46360,0.0,5
46360,0.0,5
46360,2.0,21
46384,0.0,5
46392,2.0,23
46400,0.0,5
46400,0.0,5
46424,0.0,5
46432,0.0,5
46440,0.0,5
46464,0.0,5
46472,0.0,5
46488,2.0,23
46512,0.0,5
46528,2.0,23
46528,0.0,5
46544,2.0,23
46560,1.0,15
46568,0.0,5
46576,1.0,14
46584,0.0,5
46584,2.0,23
46600,0.0,5
46608,0.0,5
46624,0.0,5
46632,1.0,15
46640,0.0,5
46648,1.0,15
46648,3.0,41
46672,0.0,3
46672,0.0,5
46688,0.0,5
46704,1.0,15
46712,0.0,5
46720,1.0,18
46736,1.0,14
46744,0.0,5
46744,0.0,3
46752,1.0,14
46776,0.0,5
46776,2.0,21
46784,0.0,5
46784,0.0,5
46792,0.0,5
46808,1.0,17
46816,1.0,16
46824,1.0,14
46832,0.0,5
46832,0.0,3
46848,0.0,3
46856,0.0,5
46872,0.0,5
46888,0.0,5
46896,1.0,14
46896,1.0,15
46896,1.0,14
46896,0.0,5
46912,1.0,17
46928,0.0,5
46936,0.0,5
46936,0.0,5
46936,0.0,5
46952,0.0,5
46960,1.0,16
46976,0.0,5
46984,1.0,14
47024,0.0,5
47032,1.0,17
47040,1.0,14
47056,1.0,15
47056,1.0,15
47072,0.0,5
47072,1.0,15
47080,0.0,5
47096,1.0,17
47096,0.0,5
47096,0.0,5
47112,0.0,5
47112,0.0,5
47136,0.0,5
47144,2.0,21
47144,1.0,15
47168,0.0,3
47200,1.0,15
47208,0.0,5
47224,1.0,14
47240,1.0,16
47240,0.0,5
47256,1.0,15
47264,0.0,5
47264,2.0,21
47280,0.0,5
47280,2.0,23
47280,1.0,17
47280,0.0,5
47296,0.0,5
47304,0.0,5
47320,0.0,5
47320,0.0,5
47320,0.0,5
47320,0.0,5
47328,1.0,15
47328,0.0,3
47360,0.0,5
47384,1.0,15
47424,0.0,5
47424,1.0,12
47432,1.0,17
47432,1.0,14
47432,1.0,14
47440,1.0,15
47528,1.0,12
47528,1.0,12
47536,1.0,12
47536,2.0,22
47568,0.0,5
47576,0.0,5
47608,0.0,5
47616,0.0,5
47624,2.0,24
47624,1.0,12
47648,0.0,5
47656,0.0,5
47664,0.0,5
47688,4.0,45
47688,0.0,5
47696,0.0,5
47704,1.0,10
47728,2.0,24
47728,0.0,5
47736,0.0,5
47768,0.0,5
47768,0.0,5
47776,0.0,5
47784,1.0,12
47784,4.0,45
47784,4.0,45
47800,1.0,12
47808,0.0,5
47808,0.0,5
47816,0.0,5
47824,0.0,5
47848,0.0,5
47848,0.0,5
47880,1.0,12
47888,0.0,5
47896,1.0,12
47912,1.0,12
47928,1.0,10
47928,0.0,5
47936,0.0,5
47960,1.0,10
47968,0.0,5
47968,0.0,5
47976,0.0,5
47992,1.0,10
48000,0.0,5
48008,0.0,5
48008,0.0,5
48016,0.0,5
48024,2.0,30
48024,4.0,45
48032,0.0,5
48040,0.0,3
48040,0.0,5
48048,0.0,5
48048,0.0,5
48064,2.0,30
48064,0.0,5
48064,0.0,5
48080,0.0,5
48088,0.0,3
48088,0.0,5
48088,0.0,5
48104,0.0,5
48104,0.0,5
48120,0.0,5
48128,0.0,5
48128,0.0,5
48128,0.0,5
48144,0.0,5
48160,1.0,16
48160,0.0,5
48168,0.0,5
48168,1.0,16
48168,0.0,5
48184,0.0,5
48192,0.0,3
48200,0.0,5
48200,0.0,5
48208,0.0,5
48224,0.0,5
48232,0.0,5
48232,1.0,16
48240,0.0,5
48264,0.0,3
48272,0.0,5
48296,1.0,16
48304,0.0,5
48312,1.0,14
48312,2.0,23
48312,0.0,5
48328,1.0,15
48336,1.0,14
48336,0.0,5
48344,0.0,5
48352,0.0,5
48352,0.0,5
48360,0.0,3
48368,0.0,5
48376,0.0,5
48392,0.0,5
48400,0.0,5
48400,2.0,21
48416,0.0,5
48424,0.0,3
48456,1.0,14
48464,0.0,5
48488,1.0,15
48496,0.0,5
48504,0.0,5
48504,2.0,24
48520,1.0,15
48528,1.0,14
48528,1.0,17
48528,0.0,5
48536,2.0,23
48544,0.0,5
48544,0.0,5
48560,0.0,3
48560,0.0,5
48568,0.0,5
48568,0.0,5
48584,0.0,5
48600,0.0,5
48608,0.0,5
48616,1.0,15
48640,1.0,14
48656,0.0,5
48680,0.0,5
48688,1.0,15
48696,0.0,5
48720,1.0,15
48720,1.0,14
48720,0.0,5
48728,0.0,5
48728,2.0,21
48728,2.0,23
48752,0.0,3
48752,2.0,21
48760,0.0,5
48760,0.0,5
48768,0.0,5
48768,0.0,5
48776,0.0,3
48792,0.0,5
48800,0.0,5
48808,1.0,14
48816,0.0,5
48840,1.0,15
48848,0.0,5
48856,0.0,5
48880,1.0,14
48880,1.0,15
48880,0.0,5
48880,1.0,14
48888,0.0,5
48904,0.0,3
48912,1.0,14
48912,1.0,15
48920,0.0,5
48920,0.0,5
48920,0.0,5
48944,0.0,5
48952,0.0,5
48952,0.0,5
48960,0.0,5
48960,0.0,5
48968,1.0,14
48976,0.0,3
48984,0.0,3
49008,1.0,15
49008,0.0,5
49016,0.0,5
49040,1.0,15
49048,0.0,5
49056,0.0,5
49056,1.0,14
49064,1.0,14
49072,0.0,3
49072,1.0,14
49080,0.0,5
49096,0.0,5
49104,0.0,5
49112,0.0,5
49112,1.0,16
49112,0.0,5
49120,0.0,5
49128,1.0,15
49136,0.0,5
49152,0.0,5
49168,1.0,14
49168,0.0,5
49208,0.0,5
49224,1.0,15
49232,1.0,15
49248,0.0,3
49256,0.0,3
49272,1.0,15
49280,2.0,21
49288,0.0,5
49288,2.0,21
49296,0.0,3
49296,0.0,5
49304,0.0,3
49304,1.0,17
49304,2.0,21
49312,0.0,3
49320,1.0,14
49328,0.0,3
49328,0.0,3
49344,0.0,5
49344,0.0,3
49352,0.0,5
49368,0.0,5
49384,0.0,5
49384,0.0,5
49400,1.0,14
49424,0.0,3
49432,1.0,17
49464,1.0,17
49464,2.0,21
49464,0.0,5
49472,0.0,5
49472,1.0,15
49488,0.0,3
49488,0.0,3
49488,1.0,15
49504,0.0,5
49504,1.0,15
49512,0.0,5
49528,0.0,5
49528,0.0,5
49528,0.0,5
49544,0.0,5
49552,2.0,21
49576,0.0,3
49616,0.0,5
49640,2.0,21
49648,1.0,15
49656,0.0,5
49672,2.0,21
49680,2.0,21
49688,0.0,5
49696,2.0,21
49696,2.0,21
49712,0.0,5
49712,2.0,21
49720,0.0,5
49728,0.0,5
49736,0.0,5
49752,0.0,5
49752,0.0,5
49760,0.0,5
49768,0.0,5
49776,1.0,17
49776,0.0,5
49792,0.0,5
49792,0.0,5
49800,0.0,5
49808,0.0,5
49816,0.0,5
49816,0.0,5
49832,0.0,5
49832,1.0,17
49832,0.0,5
49840,2.0,23
49840,0.0,5
49856,0.0,5
49872,0.0,5
49872,0.0,5
49880,0.0,5
49896,0.0,5
49912,0.0,5
49920,0.0,5
49936,1.0,15
49952,0.0,5
49960,0.0,5
49976,0.0,5
49976,2.0,21
49992,0.0,5
50000,0.0,5
50000,2.0,21
50008,1.0,17
50008,2.0,21
50016,0.0,5
50016,0.0,5
50032,0.0,5
50040,0.0,5
50040,0.0,3
50040,0.0,5
50048,0.0,5
50048,0.0,5
50056,0.0,5
50072,0.0,5
50080,0.0,5
50080,0.0,5
50080,0.0,5
50080,2.0,23
50088,0.0,5
50096,0.0,5
50112,0.0,5
50120,0.0,5
50120,0.0,5
50120,0.0,5
50120,0.0,5
50128,0.0,5
50136,0.0,5
50152,0.0,5
50176,0.0,5
50184,1.0,17
50192,0.0,5
50216,0.0,5
50224,0.0,5
50232,0.0,5
50256,1.0,17
50264,0.0,5
50272,0.0,5
50296,0.0,5
50304,2.0,23
50304,2.0,23
50304,2.0,23
50304,0.0,5
50312,2.0,23
50312,0.0,5
50328,0.0,3
50328,0.0,3
50336,0.0,3
50336,0.0,3
50344,0.0,5
50344,0.0,5
50352,0.0,3
50352,0.0,3
50360,0.0,3
50376,0.0,5
50384,0.0,3
50392,0.0,5
50392,0.0,5
50400,2.0,23
50424,0.0,3
50424,0.0,5
50448,0.0,3
50456,1.0,14
50456,1.0,14
50480,0.0,3
50488,1.0,14
50496,0.0,5
50512,1.0,15
50512,1.0,15
50536,1.0,14
50536,0.0,5
50544,1.0,12
50552,0.0,5
50552,0.0,5
50576,0.0,3
50576,0.0,5
50584,0.0,5
50600,0.0,3
50600,0.0,3
50608,1.0,16
50624,1.0,17
50624,4.0,41
50624,0.0,3
50648,0.0,5
50648,1.0,14
50664,1.0,14
50664,0.0,5
50664,0.0,5
50664,0.0,5
50688,0.0,5
50688,0.0,5
50696,1.0,14
50704,0.0,5
50704,0.0,5
50704,0.0,5
50704,0.0,5
50712,1.0,14
50728,0.0,5
50728,0.0,5
50736,0.0,5
50744,0.0,5
50744,0.0,5
50752,0.0,5
50768,0.0,5
50768,0.0,5
50776,0.0,5
50784,0.0,5
50784,0.0,5
50792,0.0,5
50808,0.0,5
50808,0.0,5
50816,0.0,3
50816,0.0,5
50824,0.0,5
50824,0.0,5
50824,1.0,15
50832,1.0,16
50840,0.0,3
50856,0.0,5
50864,0.0,5
50872,0.0,5
50880,0.0,5
50904,1.0,12
50904,0.0,3
50904,0.0,5
50904,1.0,12
50912,0.0,5
50920,1.0,12
50920,1.0,12
50944,0.0,5
50944,0.0,5
50944,0.0,5
50944,0.0,5
50952,1.0,12
50952,0.0,5
50960,0.0,5
50960,0.0,5
50984,0.0,5
50984,0.0,5
50984,0.0,5
50992,0.0,5
50992,0.0,5
51000,0.0,5
51000,0.0,5
51008,0.0,3
51008,0.0,3
51008,0.0,3
51024,0.0,3
51032,0.0,3
51032,0.0,3
51032,0.0,5
51032,0.0,5
51040,0.0,5
51048,0.0,3
51048,0.0,5
51056,0.0,3
51072,0.0,5
51072,1.0,16
51080,0.0,5
51088,0.0,5
51096,0.0,5
51112,0.0,5
51144,1.0,14
51144,1.0,14
51152,0.0,5
51160,1.0,14
51168,0.0,3
51184,0.0,5
51184,0.0,3
51192,1.0,14
51200,1.0,16
51208,1.0,14
51216,0.0,3
51224,0.0,3
51232,0.0,3
51256,2.0,21
51272,1.0,15
51296,1.0,16
51312,0.0,5
51312,1.0,16
51336,0.0,5
51344,1.0,16
51352,1.0,16
51352,0.0,5
51352,0.0,5
51360,1.0,16
51376,0.0,5
51384,0.0,5
51384,1.0,16
51392,0.0,5
51392,0.0,5
51400,0.0,5
51424,0.0,5
51424,0.0,5
51440,0.0,5
51464,1.0,14
51464,0.0,5
51480,0.0,5
51488,1.0,14
51488,0.0,3
51496,4.0,39
51504,1.0,14
51512,0.0,3
51512,0.0,3
51520,0.0,3
51528,0.0,3
51536,0.0,3
51560,0.0,5
51576,0.0,5
51584,1.0,15
51592,2.0,21
51600,1.0,15
51600,0.0,3
51608,0.0,3
51616,2.0,28
51624,0.0,3
51624,0.0,3
51632,0.0,5
51640,1.0,16
51648,0.0,3
51648,0.0,3
51648,0.0,5
51656,1.0,16
51664,0.0,3
51672,0.0,3
51680,1.0,15
51688,0.0,5
51696,0.0,5
51704,0.0,5
51712,0.0,5
51736,0.0,5
51744,1.0,16
51752,1.0,15
51784,0.0,5
51800,1.0,14
51816,2.0,21
51840,0.0,3
51864,2.0,23
51864,0.0,3
51880,2.0,21
51888,0.0,3
51888,1.0,17
51896,0.0,4
51904,1.0,15
51904,0.0,3
51904,2.0,21
51928,0.0,5
51928,0.0,3
51936,1.0,17
51936,0.0,5
51944,0.0,5
51944,0.0,5
51960,0.0,3
51984,0.0,5
51984,0.0,5
52008,3.0,38
52024,1.0,17
52024,0.0,5
52040,1.0,14
52048,1.0,14
52056,1.0,12
52064,1.0,17
52088,0.0,5
52104,1.0,12
52120,1.0,12
52120,1.0,12
52128,0.0,5
52136,1.0,12
52152,1.0,12
52160,0.0,5
52160,1.0,12
52168,0.0,5
52176,0.0,5
52200,0.0,5
52200,1.0,12
52200,0.0,5
52208,0.0,5
52216,0.0,5
52216,1.0,12
52240,0.0,5
52240,0.0,5
52248,0.0,5
52256,0.0,5
52256,0.0,5
52280,0.0,5
52280,1.0,10
52280,0.0,5
52288,0.0,5
52296,0.0,5
52296,0.0,5
52320,0.0,5
52320,0.0,5
52320,0.0,5
52328,2.0,22
52328,0.0,5
52336,0.0,5
52336,0.0,5
52344,4.0,45
52360,0.0,5
52360,0.0,5
52368,0.0,5
52368,0.0,5
52376,0.0,5
52376,0.0,5
52384,0.0,5
52400,0.0,5
52400,0.0,5
52408,0.0,5
52408,0.0,5
52416,0.0,5
52416,0.0,5
52424,0.0,5
52432,0.0,3
52440,0.0,5
52440,0.0,5
52448,1.0,16
52472,0.0,5
52480,0.0,5
52480,0.0,5
52488,0.0,5
52496,0.0,3
52528,0.0,5
52536,0.0,5
52536,1.0,16
52544,1.0,15
52544,1.0,16
52544,1.0,16
52576,0.0,5
52584,0.0,5
52584,0.0,5
52592,1.0,14
52592,1.0,14
52624,0.0,5
52632,0.0,5
52632,0.0,5
52648,1.0,14
52648,1.0,15
52672,0.0,5
52672,0.0,5
52680,1.0,17
52688,0.0,5
52688,0.0,5
52696,1.0,15
52704,1.0,15
52720,0.0,5
52728,0.0,5
52736,1.0,14
52736,0.0,5
52744,0.0,5
52776,0.0,5
52784,1.0,14
52784,1.0,14
52800,1.0,14
52816,0.0,5
52824,0.0,5
52832,1.0,14
52840,1.0,14
52864,1.0,15
52864,1.0,16
52872,0.0,5
52880,0.0,5
52896,0.0,3
52896,1.0,12
52904,0.0,5
52904,0.0,3
52904,0.0,5
52920,0.0,3
52920,1.0,17
52928,0.0,3
52936,1.0,15
52944,1.0,15
52960,0.0,5
52976,0.0,5
52984,0.0,5
53000,0.0,5
53016,1.0,14
53024,0.0,5
53024,1.0,15
53032,1.0,17
53040,0.0,5
53048,0.0,3
53056,0.0,5
53056,1.0,16
53080,0.0,5
53096,0.0,5
53104,1.0,16
53144,0.0,5
53152,1.0,16
53160,1.0,16
53160,2.0,30
53184,1.0,17
53184,0.0,3
53192,0.0,5
53192,1.0,17
53200,0.0,5
53216,0.0,3
53216,1.0,15
53216,0.0,3
53224,0.0,5
53224,0.0,5
53240,0.0,3
53248,2.0,21
53264,1.0,15
53280,0.0,5
53288,0.0,5
53288,0.0,3
53320,1.0,15
53328,0.0,5
53336,1.0,14
53344,1.0,16
53352,1.0,17
53376,0.0,3
53376,0.0,5
53384,0.0,5
53392,2.0,21
53400,0.0,3
53416,0.0,5
53424,0.0,5
53424,0.0,3
53448,2.0,21
53456,1.0,17
53464,0.0,5
53472,2.0,23
53480,0.0,3
53496,2.0,21
53496,0.0,3
53520,0.0,5
53520,0.0,3
53528,1.0,17
53544,1.0,15
53560,0.0,5
53568,0.0,5
53584,1.0,17
53584,0.0,5
53584,2.0,21
53624,0.0,5
53624,0.0,5
53632,1.0,17
53632,2.0,21
53672,0.0,5
53680,1.0,15
53688,2.0,21
53704,1.0,17
53720,0.0,5
53728,0.0,5
53744,1.0,15
53744,0.0,5
53768,2.0,23
53768,0.0,3
53768,1.0,17
53768,0.0,3
53792,0.0,3
53792,1.0,15
53792,0.0,3
53808,0.0,5
53808,0.0,5
53816,0.0,3
53832,0.0,3
53832,0.0,5
53832,0.0,5
53848,1.0,15
53856,0.0,3
53856,0.0,5
53872,3.0,31
53880,0.0,3
53888,0.0,5
53888,2.0,21
53912,0.0,5
53920,0.0,5
53928,0.0,5
53928,0.0,5
53944,1.0,14
53944,1.0,14
53968,0.0,3
53976,2.0,21
54016,0.0,5
54024,2.0,21
54048,1.0,15
54072,0.0,3
54072,1.0,16
54080,2.0,21
54088,2.0,21
54096,2.0,21
54104,1.0,17
54112,0.0,5
54112,0.0,5
54120,0.0,5
54136,0.0,5
54136,1.0,15
54136,0.0,3
54144,0.0,5
54160,0.0,3
54160,1.0,17
54184,0.0,3
54184,0.0,5
54200,0.0,5
54216,1.0,12
54224,0.0,5
54224,1.0,17
54224,0.0,5
54240,0.0,5
54248,1.0,17
54256,0.0,5
54264,0.0,5
54264,0.0,5
54264,0.0,5
54264,1.0,16
54272,1.0,17
54280,0.0,5
54288,0.0,5
54296,0.0,5
54304,0.0,5
54304,0.0,5
54304,0.0,5
54312,0.0,5
54320,0.0,5
54328,0.0,5
54336,0.0,5
54344,0.0,5
54344,0.0,5
54352,0.0,5
54360,0.0,5
54368,0.0,5
54376,0.0,5
54384,0.0,5
54384,0.0,5
54392,0.0,5
54424,0.0,5
54424,0.0,5
54432,1.0,16
54448,2.0,23
54456,1.0,12
54464,0.0,5
54464,0.0,5
54464,1.0,12
54472,1.0,12
54472,0.0,5
54488,0.0,5
54488,1.0,12
54496,0.0,5
54504,0.0,5
54504,0.0,5
54504,0.0,5
54512,0.0,5
54512,0.0,5
54528,0.0,5
54528,0.0,5
54536,0.0,5
54544,0.0,5
54544,0.0,5
54544,0.0,5
54552,0.0,5
54552,0.0,5
54568,0.0,5
54576,0.0,5
54584,0.0,5
54584,0.0,5
54592,0.0,5
54608,0.0,5
54616,0.0,5
54624,0.0,5
54632,0.0,5
54648,0.0,5
54656,0.0,5
54672,0.0,5
54688,0.0,5
54696,0.0,5
54712,1.0,16
54712,0.0,5
54736,0.0,5
54752,0.0,5
54752,0.0,5
54768,2.0,30
54776,0.0,3
54776,0.0,5
54784,1.0,12
54792,0.0,5
54808,0.0,5
54816,0.0,5
54816,0.0,5
54824,0.0,5
54872,4.0,41
54880,4.0,41
54904,1.0,12
54912,1.0,12
54912,0.0,5
54944,0.0,5
54952,4.0,41
54976,1.0,12
54992,0.0,5
55000,0.0,3
55008,1.0,12
55008,1.0,12
55016,2.0,24
55040,0.0,5
55040,1.0,12
55048,0.0,5
55048,0.0,5
55080,0.0,5
55080,0.0,5
55088,1.0,12
55088,0.0,5
55088,0.0,5
55128,0.0,5
55144,3.0,41
55144,1.0,16
55152,4.0,45
55176,1.0,12
55176,1.0,12
55184,0.0,5
55184,0.0,5
55184,1.0,12
55192,0.0,5
55200,0.0,3
55216,0.0,5
55224,0.0,5
55224,0.0,5
55224,1.0,12
55224,0.0,5
55232,0.0,5
55248,0.0,3
55248,0.0,3
55256,0.0,5
55256,0.0,3
55280,0.0,3
55288,0.0,5
55288,0.0,5
55296,0.0,5
55312,0.0,3
55320,0.0,5
55352,0.0,5
55392,2.0,21
55392,2.0,24
55392,2.0,21
55400,1.0,14
55416,0.0,3
55416,0.0,3
55416,0.0,3
55424,0.0,3
55432,1.0,14
55440,0.0,3
55440,0.0,3
55448,4.0,45
55456,0.0,3
55456,0.0,5
55464,1.0,14
55464,2.0,21
55464,0.0,5
55472,0.0,3
55480,0.0,5
55488,0.0,3
55496,0.0,5
55496,0.0,3
55504,0.0,3
55504,0.0,5
55520,0.0,3
55528,0.0,5
55544,0.0,5
55576,1.0,17
55584,1.0,15
55616,1.0,15
55616,0.0,5
55624,2.0,21
55624,0.0,5
55648,1.0,15
55648,0.0,3
55656,0.0,5
55672,0.0,3
55688,0.0,5
55688,2.0,23
55704,2.0,23
55712,2.0,21
55712,0.0,5
55728,0.0,5
55728,0.0,5
55736,0.0,3
55752,0.0,5
55784,2.0,21
55792,2.0,21
55808,0.0,3
55816,0.0,3
55824,2.0,21
55832,0.0,3
55840,0.0,3
55848,0.0,3
55848,1.0,15
55864,0.0,4
55872,0.0,3
55872,0.0,3
55880,0.0,5
55888,2.0,23
55896,2.0,21
55912,0.0,5
55912,0.0,5
55920,2.0,23
55920,0.0,5
55928,0.0,5
55936,2.0,23
55952,0.0,5
55960,0.0,5
55968,0.0,5
55992,0.0,5
55992,1.0,16
56008,0.0,5
56024,1.0,14
56032,1.0,17
56032,1.0,12
56032,1.0,14
56032,0.0,5
56048,0.0,5
56064,0.0,5
56072,0.0,5
56072,0.0,5
56088,0.0,5
56096,1.0,17
56104,1.0,14
56112,0.0,5
56136,0.0,5
56144,0.0,5
56152,0.0,5
56152,1.0,15
56168,1.0,17
56168,1.0,12
56168,1.0,10
56176,0.0,5
56184,0.0,5
56192,0.0,5
56192,0.0,5
56200,1.0,17
56208,0.0,5
56208,0.0,5
56208,0.0,5
56216,0.0,5
56224,0.0,5
56232,0.0,3
56232,0.0,5
56232,0.0,5
56240,0.0,5
56248,0.0,5
56248,0.0,5
56264,0.0,5
56272,0.0,5
56272,0.0,5
56272,0.0,5
56280,0.0,5
56288,0.0,5
56288,0.0,5
56304,0.0,5
56312,1.0,12
56312,0.0,5
56312,0.0,5
56312,0.0,5
56320,0.0,5
56328,0.0,5
56328,0.0,5
56344,0.0,5
56352,0.0,5
56352,0.0,5
56352,0.0,5
56352,0.0,5
56360,0.0,5
56368,0.0,5
56368,0.0,5
56384,0.0,5
56392,0.0,5
56392,0.0,5
56392,0.0,5
56400,0.0,5
56408,0.0,5
56408,0.0,5
56424,0.0,5
56432,0.0,5
56432,0.0,5
56432,0.0,5
56440,0.0,5
56448,0.0,5
56448,1.0,12
56472,0.0,5
56472,0.0,5
56472,0.0,5
56472,0.0,3
56480,0.0,5
56488,0.0,5
56512,0.0,5
56512,0.0,5
56512,0.0,5
56512,0.0,5
56520,0.0,5
56528,0.0,5
56536,1.0,14
56536,1.0,16
56552,0.0,5
56552,0.0,5
56552,0.0,5
56552,0.0,5
56560,0.0,5
56568,0.0,5
56576,0.0,5
56576,0.0,5
56592,0.0,5
56592,0.0,5
56592,0.0,5
56592,0.0,5
56600,0.0,5
56608,0.0,5
56616,0.0,5
56616,0.0,5
56632,0.0,5
56632,0.0,5
56632,0.0,5
56640,0.0,5
56648,0.0,5
56656,0.0,5
56656,0.0,5
56672,1.0,10
56672,0.0,5
56672,0.0,5
56680,0.0,5
56696,0.0,5
56696,0.0,5
56696,0.0,3
56712,0.0,5
56712,0.0,5
56720,0.0,3
56744,1.0,14
56760,0.0,5
56768,1.0,15
56784,0.0,5
56792,1.0,14
56800,0.0,5
56808,1.0,14
56808,0.0,5
56832,0.0,5
56848,0.0,5
56864,2.0,21
56880,2.0,21
56880,2.0,21
56904,0.0,5
56904,1.0,15
56920,0.0,5
56920,0.0,5
56944,0.0,5
56944,0.0,5
56952,1.0,15
56960,0.0,5
56968,0.0,3
56968,1.0,15
56968,2.0,21
56976,0.0,3
56976,2.0,21
56992,0.0,3
57000,0.0,5
57008,0.0,5
57008,0.0,5
57016,0.0,5
57032,0.0,5
57040,0.0,5
57056,0.0,5
57080,0.0,5
57088,1.0,10
57096,0.0,5
57112,2.0,21
57128,0.0,5
57136,2.0,27
57136,0.0,5
57144,1.0,14
57176,0.0,5
57176,0.0,5
57184,0.0,5
57192,1.0,14
57208,2.0,29
57216,0.0,5
57216,1.0,13
57216,0.0,5
57224,0.0,5
57224,2.0,27
57232,0.0,5
57240,1.0,14
57248,0.0,5
57256,0.0,5
57256,0.0,5
57264,0.0,5
57264,0.0,5
57272,0.0,5
57280,0.0,5
57288,0.0,5
57288,0.0,3
57296,0.0,5
57296,0.0,5
57304,1.0,11
57312,0.0,5
57320,0.0,5
57328,0.0,5
57328,0.0,5
57336,0.0,5
57336,0.0,5
57344,0.0,5
57360,0.0,5
57368,0.0,5
57368,0.0,5
57376,0.0,5
57376,0.0,5
57384,0.0,5
57392,1.0,16
57400,0.0,5
57408,0.0,5
57408,0.0,5
57408,1.0,12
57416,0.0,5
57416,0.0,5
57424,0.0,5
57432,0.0,5
57440,0.0,5
57448,0.0,5
57448,0.0,5
57448,0.0,5
57456,0.0,5
57456,0.0,5
57464,0.0,5
57472,0.0,5
57480,0.0,5
57488,0.0,5
57488,0.0,5
57488,0.0,5
57496,0.0,5
57496,0.0,5
57512,0.0,5
57512,0.0,3
57520,0.0,5
57528,0.0,5
57528,0.0,5
57552,0.0,5
57560,0.0,5
57560,1.0,12
57568,0.0,5
57592,0.0,5
57608,1.0,14
57608,1.0,14
57632,0.0,5
57648,0.0,5
57656,1.0,12
57664,1.0,12
57672,0.0,5
57704,1.0,12
57704,0.0,5
57712,0.0,5
57720,2.0,24
57736,1.0,10
57744,0.0,5
57744,0.0,5
57752,0.0,5
57776,0.0,5
57776,1.0,16
57784,0.0,5
57784,0.0,5
57792,0.0,5
57816,0.0,5
57816,0.0,5
57824,0.0,5
57832,0.0,5
57840,1.0,15
57848,3.0,36
57856,0.0,5
57864,0.0,5
57872,0.0,5
57872,4.0,45
57880,1.0,12
57880,0.0,5
57888,0.0,5
57896,0.0,5
57904,0.0,5
57912,1.0,12
57912,0.0,5
57912,0.0,5
57920,0.0,5
57920,0.0,5
57928,0.0,5
57936,0.0,3
57944,0.0,5
57952,0.0,5
57960,0.0,5
57960,0.0,5
57968,0.0,5
57976,0.0,5
57984,0.0,5
57992,0.0,5
58000,0.0,5
58000,0.0,5
58024,0.0,5
58032,0.0,5
58032,1.0,17
58040,0.0,5
58040,0.0,5
58040,1.0,16
58064,0.0,5
58072,0.0,5
58072,0.0,5
58080,0.0,5
58080,0.0,5
58080,0.0,5
58088,1.0,15
58104,1.0,16
58104,0.0,5
58120,0.0,5
58120,0.0,5
58120,0.0,5
58128,0.0,5
58144,0.0,5
58144,0.0,5
58160,0.0,5
58160,0.0,5
58160,0.0,5
58168,1.0,12
58168,0.0,5
58184,0.0,5
58184,0.0,5
58200,0.0,5
58200,1.0,16
58200,0.0,5
58200,0.0,5
58208,0.0,5
58208,0.0,5
58224,0.0,5
58224,0.0,5
58240,0.0,5
58240,0.0,5
58240,0.0,5
58240,0.0,5
58248,0.0,5
58248,0.0,5
58264,0.0,5
58264,0.0,3
58280,0.0,5
58280,0.0,5
58288,0.0,5
58288,0.0,5
58304,0.0,5
58304,0.0,5
58320,0.0,5
58320,1.0,12
58328,0.0,5
58344,0.0,5
58344,0.0,5
58352,1.0,14
58360,0.0,5
58360,0.0,5
58368,0.0,5
58384,1.0,12
58384,0.0,5
58392,0.0,5
58400,0.0,5
58400,0.0,5
58408,1.0,16
58424,0.0,5
58432,0.0,5
58440,0.0,5
58440,0.0,5
58448,0.0,5
58464,0.0,3
58472,1.0,16
58480,1.0,14
58480,0.0,5
58488,0.0,5
58496,0.0,3
58504,0.0,5
58512,1.0,16
58520,0.0,5
58520,0.0,5
58528,0.0,5
58536,0.0,5
58544,0.0,5
58552,0.0,5
58552,1.0,16
58560,0.0,5
58560,1.0,16
58576,0.0,5
58592,0.0,5
58592,0.0,5
58616,0.0,5
58632,0.0,5
58632,0.0,5
58648,1.0,16
58656,1.0,12
58656,0.0,5
58656,1.0,16
58664,1.0,15
58672,0.0,5
58672,0.0,5
58696,0.0,5
58696,1.0,17
58696,0.0,5
58696,0.0,5
58704,0.0,5
58712,0.0,5
58736,0.0,5
58736,0.0,5
58736,0.0,5
58736,0.0,5
58744,0.0,5
58752,0.0,5
58776,0.0,5
58776,0.0,5
58776,0.0,5
58776,0.0,5
58784,1.0,17
58792,0.0,5
58816,0.0,5
58816,0.0,5
58816,0.0,5
58824,0.0,5
58832,0.0,5
58840,1.0,12
58856,0.0,5
58856,0.0,5
58856,0.0,3
58856,0.0,5
58864,0.0,5
58880,0.0,5
58896,0.0,5
58896,0.0,5
58896,0.0,5
58896,0.0,5
58904,1.0,16
58904,0.0,5
58920,0.0,5
58936,0.0,5
58936,0.0,5
58936,0.0,5
58936,0.0,5
58944,0.0,5
58960,0.0,5
58976,0.0,5
58976,0.0,5
58976,0.0,5
58984,0.0,5
59000,3.0,41
59000,0.0,5
59016,0.0,5
59016,0.0,5
59016,0.0,5
59024,0.0,3
59024,0.0,5
59040,0.0,5
59048,1.0,14
59056,0.0,5
59056,0.0,5
59056,0.0,5
59064,0.0,5
59064,0.0,5
59080,0.0,5
59088,0.0,5
59096,0.0,5
59096,0.0,5
59096,0.0,5
59104,0.0,5
59104,0.0,5
59120,0.0,3
59120,0.0,5
59128,0.0,5
59136,0.0,5
59136,0.0,5
59144,0.0,3
59144,0.0,5
59144,0.0,5
59152,0.0,3
59160,0.0,5
59176,0.0,5
59176,0.0,5
59184,0.0,3
59184,0.0,5
59184,0.0,5
59184,0.0,5
59192,0.0,5
59192,3.0,36
59216,0.0,5
59216,0.0,5
59224,0.0,5
59224,0.0,5
59224,0.0,5
59224,0.0,5
59232,0.0,5
59232,0.0,5
59256,0.0,5
59256,0.0,5
59264,0.0,5
59264,0.0,5
59272,0.0,5
59272,0.0,5
59296,0.0,5
59296,0.0,5
59312,0.0,5
59312,0.0,5
59320,0.0,3
59336,0.0,5
59360,0.0,5
59408,2.0,23
59408,2.0,23
59448,0.0,5
59448,2.0,23
59448,0.0,5
59448,2.0,23
59480,2.0,21
59480,2.0,21
59488,0.0,5
59488,0.0,5
59488,0.0,5
59488,0.0,5
59504,2.0,21
59520,0.0,5
59520,0.0,5
59528,2.0,21
59528,0.0,5
59528,0.0,5
59528,0.0,5
59528,0.0,5
59544,0.0,5
59560,0.0,5
59560,0.0,5
59568,0.0,5
59568,0.0,5
59568,0.0,5
59568,0.0,5
59584,0.0,5
59600,0.0,5
59600,0.0,5
59608,0.0,5
59608,0.0,5
59608,0.0,5
59608,0.0,5
59624,0.0,5
59640,0.0,5
59640,0.0,5
59648,0.0,5
59648,0.0,5
59648,0.0,5
59648,0.0,5
59664,0.0,5
59664,1.0,17
59680,0.0,5
59680,0.0,5
59688,0.0,5
59688,0.0,5
59688,0.0,5
59688,0.0,5
59704,0.0,5
59704,0.0,5
59720,0.0,5
59728,0.0,5
59728,0.0,5
59728,0.0,5
59744,0.0,5
59744,0.0,5
59760,0.0,5
59768,0.0,5
59784,0.0,5
59800,0.0,5
59824,0.0,5
59840,0.0,5
59864,0.0,5
59904,0.0,5
59912,2.0,23
59912,2.0,23
59936,1.0,12
59944,0.0,5
59952,0.0,5
59952,0.0,5
59968,0.0,3
59976,3.0,36
59976,0.0,5
59992,0.0,5
59992,0.0,5
60008,0.0,5
60008,4.0,41
60016,0.0,5
60016,0.0,5
60032,0.0,5
60032,3.0,36
60032,0.0,5
60048,0.0,5
60048,0.0,5
60056,3.0,36
60056,0.0,5
60072,0.0,5
60072,0.0,5
60088,0.0,5
60088,0.0,5
60096,0.0,5
60096,0.0,5
60112,0.0,5
60112,0.0,5
60128,0.0,5
60128,0.0,5
60128,1.0,12
60136,0.0,5
60136,0.0,5
60152,0.0,5
60152,0.0,5
60152,1.0,17
60168,0.0,5
60176,0.0,5
60176,0.0,5
60192,0.0,5
60192,0.0,5
60192,0.0,5
60208,0.0,5
60216,0.0,5
60216,0.0,5
60232,0.0,5
60232,0.0,5
60232,0.0,5
60248,0.0,5
60256,0.0,5
60256,0.0,5
60272,0.0,5
60288,0.0,5
60296,0.0,5
60312,0.0,5
60312,2.0,23
60312,2.0,23
60328,1.0,12
60328,0.0,5
60336,0.0,5
60352,0.0,5
60352,0.0,5
60352,0.0,3
60352,0.0,5
60368,0.0,5
60392,0.0,5
60392,0.0,5
60392,0.0,5
60392,0.0,5
60408,0.0,5
60416,2.0,23
60432,0.0,5
60432,0.0,5
60432,0.0,5
60448,2.0,24
60448,0.0,5
60456,1.0,15
60456,0.0,3
60456,0.0,5
60472,0.0,5
60472,0.0,5
60488,0.0,5
60496,0.0,5
60496,0.0,5
60512,0.0,5
60528,0.0,5
60536,0.0,5
60544,1.0,12
60552,1.0,12
60552,0.0,5
60568,0.0,5
60576,2.0,23
60576,0.0,5
60584,0.0,5
60592,0.0,5
60592,0.0,5
60616,0.0,3
60616,0.0,5
60616,0.0,5
60632,0.0,5
60656,0.0,5
60672,0.0,5
60680,1.0,12
60720,0.0,5
60752,1.0,12
60776,0.0,3
60792,3.0,40
60808,2.0,24
60816,0.0,5
60816,1.0,12
60824,4.0,41
60848,0.0,5
60856,3.0,36
60888,0.0,5
60896,0.0,5
60928,1.0,17
60944,3.0,41
60952,1.0,17
60952,1.0,16
60960,3.0,36
60984,0.0,5
60992,1.0,12
61032,0.0,5
61040,2.0,28
61048,1.0,12
61072,0.0,5
61072,1.0,18
61080,0.0,5
61088,1.0,17
61096,1.0,17
61112,0.0,5
61112,0.0,5
61112,0.0,3
61120,0.0,5
61136,0.0,5
61144,1.0,12
61152,0.0,5
61160,0.0,5
61184,0.0,5
61192,0.0,5
61200,0.0,5
61208,3.0,40
61208,1.0,12
61208,1.0,12
61224,0.0,5
61224,0.0,3
61232,0.0,3
61232,0.0,3
61232,0.0,5
61248,0.0,3
61248,0.0,5
61264,0.0,5
61272,0.0,5
61272,0.0,5
61272,0.0,5
61288,0.0,5
61288,0.0,5
61304,3.0,40
61304,0.0,5
61312,0.0,5
61312,0.0,3
61312,0.0,5
61312,0.0,5
61328,2.0,24
61328,0.0,5
61336,0.0,3
61344,0.0,5
61344,0.0,5
61352,0.0,5
61352,0.0,5
61352,0.0,5
61368,0.0,5
61368,0.0,5
61384,0.0,5
61392,0.0,5
61392,0.0,5
61392,0.0,3
61392,0.0,3
61424,0.0,5
61432,0.0,5
61432,1.0,12
61432,0.0,5
61432,0.0,5
61472,0.0,5
61472,0.0,5
61472,0.0,5
61520,2.0,21
61528,2.0,23
61560,2.0,21
61560,0.0,5
61568,0.0,5
61584,0.0,3
61592,2.0,21
61592,0.0,3
61600,0.0,5
61600,2.0,21
61624,0.0,5
61632,0.0,5
61640,2.0,21
61640,2.0,21
61640,2.0,21
61640,0.0,5
61664,0.0,5
61672,0.0,5
61680,0.0,5
61680,0.0,5
61680,0.0,5
61680,0.0,5
61720,0.0,5
61720,1.0,15
61720,0.0,5
61760,0.0,5
61760,0.0,5
61776,2.0,23
61800,0.0,5
61816,1.0,17
61832,2.0,21
61840,2.0,21
61840,0.0,5
61848,2.0,21
61856,1.0,17
61856,0.0,5
61880,0.0,5
61896,0.0,5
61896,0.0,5
61904,0.0,3
61936,0.0,5
61936,1.0,12
61936,0.0,5
61944,2.0,23
61968,1.0,17
61968,2.0,24
61976,1.0,16
61984,0.0,5
62000,1.0,12
62008,0.0,5
62008,0.0,5
62008,0.0,3
62032,1.0,12
62032,1.0,12
62040,0.0,5
62072,0.0,5
62072,1.0,12
62072,1.0,17
62072,0.0,5
62080,0.0,5
62104,1.0,12
62104,1.0,12
62104,1.0,12
62112,0.0,5
62112,0.0,5
62112,0.0,5
62112,0.0,5
62120,0.0,5
62144,0.0,5
62144,0.0,5
62144,0.0,5
62152,0.0,5
62152,0.0,5
62152,0.0,5
62152,0.0,5
62160,0.0,5
62184,0.0,5
62240,1.0,12
62248,1.0,12
62248,1.0,12
62256,1.0,12
62272,1.0,16
62280,0.0,5
62280,1.0,16
62288,0.0,5
62288,0.0,5
62320,0.0,5
62320,0.0,5
62344,2.0,24
62368,1.0,12
62376,2.0,24
62384,0.0,5
62408,0.0,5
62416,0.0,5
62416,1.0,12
62416,1.0,12
62440,0.0,3
62448,0.0,5
62456,0.0,5
62456,0.0,5
62480,2.0,24
62480,0.0,3
62488,2.0,25
62488,0.0,5
62496,0.0,5
62568,1.0,16
62576,2.0,24
62576,3.0,40
62576,1.0,12
62584,1.0,12
62592,1.0,12
62608,0.0,5
62616,0.0,5
62616,0.0,5
62616,0.0,5
62624,0.0,5
62648,0.0,3
62656,0.0,5
62704,2.0,28
62712,2.0,28
62736,1.0,16
62744,0.0,5
62752,1.0,17
62752,0.0,5
62752,1.0,12
62752,1.0,17
62776,1.0,16
62776,0.0,5
62784,2.0,24
62784,0.0,5
62792,0.0,5
62800,0.0,3
62808,0.0,3
62816,0.0,5
62816,0.0,3
62824,0.0,5
62840,0.0,5
62848,0.0,5
62856,0.0,5
62856,0.0,5
62864,0.0,5
62864,0.0,3
62888,0.0,5
62888,1.0,17
62896,0.0,5
62896,0.0,5
62904,0.0,5
62904,0.0,5
62920,0.0,3
62928,0.0,3
62928,0.0,5
62936,2.0,23
62936,0.0,5
62944,0.0,5
62968,0.0,3
62976,0.0,5
62976,0.0,5
63000,0.0,3
63008,0.0,5
63024,1.0,12
63040,3.0,36
63040,0.0,5
63064,0.0,5
63064,0.0,3
63080,2.0,24
63104,2.0,23
63120,0.0,5
63120,1.0,10
63144,0.0,5
63144,0.0,3
63144,2.0,21
63176,2.0,21
63184,0.0,5
63216,0.0,5
63216,1.0,12
63224,1.0,10
63232,2.0,21
63240,0.0,3
63240,1.0,12
63248,3.0,40
63264,0.0,5
63264,0.0,3
63272,0.0,5
63272,0.0,3
63280,0.0,5
63296,0.0,3
63312,0.0,5
63336,1.0,15
63352,2.0,21
63360,0.0,3
63360,3.0,37
63360,1.0,10
63384,0.0,3
63400,0.0,5
63424,0.0,5
63424,0.0,3
63432,2.0,21
63432,1.0,15
63448,1.0,12
63464,0.0,5
63472,0.0,5
63472,0.0,5
63472,0.0,3
63488,0.0,3
63488,2.0,28
63496,0.0,3
63512,0.0,5
63520,2.0,28
63528,0.0,5
63528,0.0,5
63536,0.0,5
63544,2.0,23
63552,0.0,5
63568,0.0,3
63568,0.0,5
63576,0.0,5
63584,1.0,14
63592,2.0,21
63592,0.0,5
63608,0.0,3
63608,0.0,5
63616,0.0,5
63632,0.0,5
63632,0.0,5
63648,0.0,5
63648,0.0,5
63656,0.0,5
63672,0.0,5
63672,0.0,5
63688,0.0,5
63688,0.0,5
63696,0.0,5
63704,1.0,17
63712,0.0,5
63728,0.0,5
63744,0.0,5
63752,0.0,5
63768,0.0,5
63768,1.0,12
63776,0.0,3
63784,1.0,12
63800,3.0,35
63808,0.0,5
63808,0.0,5
63824,0.0,3
63824,0.0,5
63832,0.0,3
63840,4.0,39
63848,1.0,13
63864,0.0,5
63872,1.0,12
63888,0.0,5
63904,0.0,5
63904,1.0,12
63920,1.0,12
63928,1.0,12
63936,1.0,12
63968,1.0,12
63984,1.0,12
63984,1.0,10
64000,1.0,12
64016,1.0,12
64024,0.0,5
64032,1.0,12
64040,0.0,5
64056,4.0,45
64064,1.0,12
64080,1.0,12
64112,1.0,12
64120,0.0,5
64120,1.0,12
64128,1.0,12
64136,1.0,12
64184,1.0,16
64208,1.0,12
64216,1.0,12
64216,1.0,12
64224,0.0,5
64224,1.0,12
64288,4.0,45
64296,1.0,10
64320,1.0,12
64336,0.0,5
64344,1.0,15
64384,1.0,12
64400,1.0,10
64424,4.0,45
64432,1.0,12
64440,1.0,12
64448,0.0,3
64456,0.0,3
64464,1.0,10
64488,0.0,5
64496,4.0,45
64496,0.0,5
64512,0.0,3
64536,1.0,12
64560,1.0,12
64560,0.0,3
64568,4.0,45
64576,4.0,45
64592,2.0,24
64600,0.0,5
64600,0.0,5
64608,1.0,12
64616,1.0,15
64624,0.0,3
64640,0.0,5
64648,0.0,5
64680,0.0,5
64688,1.0,15
64696,1.0,15
64704,0.0,3
64712,1.0,12
64720,1.0,12
64736,0.0,3
64744,0.0,5
64760,0.0,5
64776,1.0,16
64784,0.0,5
64784,0.0,3
64792,1.0,12
64800,0.0,3
64808,1.0,15
64816,0.0,3
64824,0.0,5
64832,1.0,12
64832,0.0,3
64840,0.0,5
64856,0.0,5
64856,4.0,45
64864,0.0,3
64872,0.0,5
64880,0.0,3
64912,0.0,5
64936,0.0,3
64952,4.0,45
64968,2.0,23
64976,0.0,3
64976,1.0,12
65000,0.0,3
65016,2.0,24
65032,1.0,12
65040,2.0,23
65048,2.0,23
65056,0.0,3
65064,1.0,12
65072,1.0,12
65080,0.0,5
65088,0.0,3
65088,0.0,5
65096,0.0,3
65128,1.0,16
65128,1.0,14
65136,0.0,5
65152,1.0,12
65152,0.0,3
65152,0.0,3
65160,4.0,41
65176,0.0,5
65176,1.0,12
65184,0.0,3
65192,0.0,5
65192,0.0,5
65200,0.0,3
65200,0.0,3
65224,1.0,17
65232,0.0,5
65248,0.0,3
65248,1.0,12
65272,0.0,5
65280,1.0,12
65280,2.0,24
65288,0.0,5
65296,1.0,12
65296,0.0,3
65304,0.0,3
65312,0.0,3
65320,0.0,5
65344,0.0,3
65344,1.0,12
65352,0.0,5
65376,0.0,3
65376,2.0,23
65392,1.0,12
65400,1.0,12
65424,1.0,10
65440,0.0,5
65464,0.0,5
65472,1.0,12
65472,1.0,12
65480,0.0,5
65480,2.0,23
65496,0.0,3
65512,0.0,5
65512,1.0,15
65528,2.0,23
65552,0.0,5
65552,0.0,5
65560,4.0,45
65584,0.0,3
65592,0.0,5
65592,1.0,12
65592,0.0,5
65600,1.0,15
65608,0.0,3
65624,1.0,12
65632,0.0,5
65632,0.0,5
65648,0.0,5
65648,0.0,3
65672,0.0,5
65696,1.0,12
65720,0.0,3
65720,1.0,16
65728,1.0,12
65744,1.0,12
65744,1.0,12
65760,0.0,5
65760,0.0,5
65768,0.0,5
65768,1.0,12
65784,0.0,5
65800,0.0,5
65808,0.0,5
65808,0.0,5
65824,4.0,45
65840,0.0,5
65840,4.0,45
65840,1.0,12
65848,0.0,5
65848,0.0,5
65856,1.0,12
65864,0.0,5
65880,0.0,5
65880,1.0,12
65880,0.0,5
65880,0.0,5
65888,0.0,5
65888,0.0,3
65888,0.0,5
65896,0.0,5
65920,0.0,5
65920,0.0,5
65920,0.0,5
65920,0.0,5
65928,0.0,5
65928,0.0,5
65928,0.0,5
65936,0.0,5
65960,0.0,5
65960,0.0,5
65960,0.0,5
65968,0.0,5
65968,0.0,5
65968,0.0,5
66000,0.0,5
66000,0.0,5
66000,0.0,5
66008,0.0,5
66008,0.0,5
66008,0.0,5
66040,0.0,5
66040,0.0,5
66040,0.0,5
66048,0.0,5
66048,0.0,5
66048,0.0,5
66080,0.0,5
66080,0.0,5
66080,0.0,5
66088,0.0,5
66088,0.0,5
66088,0.0,5
66104,2.0,23
66120,0.0,5
66120,0.0,5
66120,0.0,5
66128,0.0,5
66160,0.0,5
66160,0.0,5
66168,0.0,5
66200,0.0,5
66200,0.0,5
66208,0.0,5
66240,0.0,5
66240,1.0,17
66248,0.0,5
66264,4.0,41
66272,2.0,23
66272,2.0,23
66280,0.0,5
66288,0.0,3
66296,1.0,12
66304,2.0,23
66312,0.0,5
66312,0.0,5
66320,0.0,5
66328,0.0,5
66336,0.0,5
66344,0.0,5
66352,0.0,5
66360,0.0,5
66368,0.0,5
66376,0.0,5
66376,1.0,17
66384,0.0,5
66392,0.0,5
66408,0.0,5
66416,0.0,5
66416,0.0,5
66424,0.0,5
66432,2.0,23
66432,0.0,5
66440,0.0,3
66448,0.0,5
66456,0.0,5
66464,0.0,5
66472,0.0,5
66472,0.0,5
66480,0.0,5
66488,0.0,5
66496,0.0,5
66504,0.0,5
66512,0.0,5
66512,0.0,5
66520,0.0,5
66528,0.0,5
66536,0.0,5
66544,0.0,5
66552,0.0,5
66552,0.0,5
66560,0.0,5
66568,0.0,5
66576,0.0,5
66584,0.0,5
66592,2.0,29
66592,0.0,5
66600,0.0,5
66608,0.0,5
66616,0.0,5
66624,0.0,5
66640,0.0,5
66640,4.0,41
66648,1.0,12
66664,0.0,5
66680,0.0,5
66680,0.0,5
66688,0.0,5
66688,1.0,12
66704,0.0,5
66704,1.0,12
66720,0.0,5
66720,0.0,5
66728,0.0,5
66728,0.0,5
66744,0.0,5
66744,0.0,5
66752,1.0,17
66760,0.0,5
66768,0.0,5
66784,0.0,5
66800,0.0,5
66808,0.0,5
66824,2.0,29
66824,0.0,5
66824,1.0,13
66840,0.0,5
66848,0.0,5
66864,0.0,5
66864,1.0,17
66864,0.0,5
66864,0.0,5
66872,1.0,16
66880,0.0,5
66888,0.0,5
66904,0.0,5
66904,0.0,5
66904,0.0,5
66904,0.0,5
66912,0.0,5
66920,0.0,5
66928,0.0,3
66928,0.0,5
66944,0.0,5
66944,0.0,5
66944,0.0,5
66952,0.0,5
66960,0.0,5
66968,0.0,5
66968,0.0,5
66984,0.0,5
66984,0.0,5
66992,0.0,5
67000,0.0,5
67008,0.0,5
67008,0.0,5
67024,0.0,5
67032,0.0,5
67040,1.0,12
67040,0.0,5
67048,0.0,5
67048,0.0,5
67064,0.0,3
67080,1.0,12
67088,0.0,3
67088,0.0,5
67088,0.0,5
67112,4.0,45
67136,1.0,12
67152,0.0,5
67160,0.0,3
67176,1.0,12
67184,1.0,12
67184,1.0,12
67184,1.0,12
67192,0.0,5
67200,0.0,5
67216,0.0,5
67224,2.0,24
67224,0.0,5
67224,0.0,5
67224,0.0,5
67232,0.0,5
67240,0.0,5
67256,0.0,5
67264,0.0,5
67264,0.0,5
67264,0.0,5
67264,0.0,5
67272,0.0,5
67280,0.0,3
67320,0.0,5
67352,4.0,41
67360,1.0,12
67360,1.0,12
67360,0.0,5
67392,0.0,5
67400,0.0,5
67400,0.0,5
67400,0.0,5
67424,2.0,23
67432,0.0,5
67440,0.0,5
67440,0.0,5
67440,0.0,5
67456,2.0,24
67456,2.0,24
67472,0.0,5
67480,0.0,5
67480,0.0,5
67496,0.0,5
67496,0.0,5
67512,0.0,5
67520,0.0,5
67536,0.0,5
67536,0.0,5
67552,0.0,5
67560,1.0,17
67560,0.0,5
67576,0.0,5
67592,0.0,5
67600,3.0,41
67600,0.0,5
67624,2.0,23
67632,0.0,5
67640,0.0,5
67664,2.0,23
67664,0.0,5
67672,0.0,5
67696,1.0,17
67704,0.0,5
67704,0.0,5
67712,0.0,5
67720,2.0,23
67736,0.0,5
67744,0.0,5
67752,0.0,5
67760,0.0,5
67760,2.0,23
67768,1.0,16
67784,2.0,23
67784,0.0,5
67792,0.0,3
67792,0.0,5
67800,0.0,5
67800,0.0,5
67824,0.0,5
67824,0.0,5
67832,0.0,5
67840,0.0,5
67840,0.0,5
67864,0.0,5
67864,0.0,5
67880,0.0,5
67880,0.0,5
67888,2.0,23
67904,0.0,5
67904,0.0,5
67912,0.0,3
67920,0.0,5
67920,2.0,23
67920,0.0,5
67944,0.0,5
67952,0.0,5
67960,0.0,5
67960,0.0,5
67960,0.0,5
67976,2.0,23
67984,0.0,5
68000,0.0,5
68000,0.0,5
68000,0.0,5
68016,0.0,5
68016,2.0,23
68040,0.0,5
68040,0.0,5
68040,0.0,5
68056,0.0,5
68072,2.0,21
68080,0.0,5
68080,0.0,5
68080,0.0,5
68088,1.0,17
68096,0.0,5
68120,0.0,5
68120,0.0,5
68128,0.0,5
68168,2.0,23
68168,1.0,12
68176,1.0,12
68208,0.0,5
68208,0.0,5
68216,1.0,12
68216,1.0,12
68224,1.0,12
68248,0.0,5
68264,0.0,5
68272,1.0,12
68304,1.0,12
68312,0.0,5
68312,1.0,12
68328,0.0,3
68344,1.0,12
68352,0.0,5
68352,0.0,3
68360,1.0,12
68368,0.0,3
68376,4.0,45
68392,0.0,5
68400,0.0,5
68408,1.0,12
68448,1.0,12
68456,4.0,45
68488,1.0,12
68488,0.0,5
68496,0.0,5
68496,1.0,12
68504,1.0,17
68512,1.0,13
68528,0.0,5
68528,0.0,5
68536,0.0,5
68552,0.0,5
68568,0.0,5
68576,4.0,45
68608,0.0,5
68616,0.0,5
68624,1.0,12
68632,1.0,17
68648,0.0,5
68656,0.0,5
68688,0.0,5
68696,0.0,5
68712,0.0,3
68728,1.0,12
68736,4.0,45
68736,0.0,5
68752,0.0,5
68768,0.0,5
68776,0.0,5
68792,0.0,5
68792,3.0,36
68816,0.0,5
68832,0.0,5
68832,1.0,12
68864,1.0,12
68872,0.0,5
68896,4.0,45
68904,0.0,5
68912,4.0,45
68912,1.0,12
68928,0.0,3
68928,1.0,12
68936,1.0,18
68952,0.0,5
68968,1.0,12
68984,4.0,45
68992,0.0,5
68992,1.0,12
69024,1.0,12
69024,0.0,5
69032,0.0,5
69032,1.0,12
69032,0.0,5
69064,1.0,12
69064,0.0,5
69064,0.0,5
69072,0.0,5
69072,0.0,5
69104,0.0,5
69104,0.0,5
69104,0.0,5
69112,0.0,5
69112,0.0,5
69144,0.0,5
69144,0.0,5
69144,0.0,5
69152,0.0,5
69160,1.0,16
69184,0.0,5
69184,0.0,5
69184,0.0,5
69192,0.0,5
69200,0.0,5
69208,1.0,12
69224,0.0,5
69224,0.0,5
69224,0.0,5
69232,0.0,5
69240,0.0,5
69248,0.0,5
69264,0.0,5
69264,0.0,5
69264,0.0,5
69272,4.0,45
69280,0.0,5
69288,4.0,45
69288,0.0,5
69304,0.0,5
69304,0.0,5
69304,0.0,5
69312,0.0,5
69320,0.0,5
69328,0.0,5
69328,0.0,5
69344,0.0,5
69368,0.0,5
69368,1.0,17
69384,0.0,5
69400,1.0,12
69408,0.0,5
69424,0.0,5
69432,1.0,16
69440,1.0,16
69440,0.0,5
69448,1.0,16
69456,1.0,16
69464,0.0,5
69480,0.0,5
69480,0.0,5
69488,0.0,5
69496,1.0,16
69496,0.0,5
69504,0.0,5
69520,0.0,5
69520,0.0,5
69536,1.0,13
69560,0.0,5
69560,0.0,5
69584,1.0,12
69592,1.0,12
69592,1.0,12
69600,0.0,5
69600,0.0,5
69664,1.0,10
69688,1.0,12
69688,1.0,12
69696,1.0,12
69696,1.0,12
69704,0.0,5
69736,0.0,5
69768,4.0,45
69784,1.0,12
69784,1.0,12
69792,1.0,12
69800,1.0,12
69832,0.0,5
69864,3.0,41
69864,4.0,45
69864,1.0,12
69888,1.0,13
69896,1.0,12
69904,0.0,5
69904,0.0,5
69904,0.0,5
69912,1.0,16
69928,0.0,5
69928,1.0,12
69936,0.0,5
69944,0.0,5
69944,0.0,5
69944,0.0,5
69952,0.0,5
69976,0.0,5
69984,0.0,5
69992,0.0,5
70016,0.0,5
70024,1.0,12
70024,0.0,5
70032,0.0,5
70056,0.0,5
70056,1.0,16
70064,0.0,5
70064,0.0,5
70072,1.0,16
70072,0.0,5
70072,1.0,16
70096,0.0,5
70096,0.0,5
70096,4.0,45
70104,0.0,5
70104,0.0,5
70112,0.0,5
70112,0.0,5
70136,0.0,5
70136,0.0,5
70136,0.0,5
70144,0.0,5
70144,0.0,5
70152,0.0,5
70176,0.0,5
70176,0.0,5
70176,0.0,5
70184,0.0,5
70184,0.0,5
70216,0.0,5
70216,0.0,5
70216,0.0,5
70224,0.0,5
70224,0.0,5
70256,0.0,5
70256,0.0,5
70264,0.0,5
70264,0.0,5
70296,0.0,5
70296,0.0,5
70304,2.0,24
70304,0.0,5
70304,0.0,5
70336,0.0,5
70336,0.0,5
70344,0.0,5
70344,1.0,16
70344,0.0,5
70344,2.0,24
70376,0.0,5
70376,0.0,5
70384,0.0,5
70384,0.0,5
70400,4.0,41
70424,0.0,5
70432,1.0,16
70440,1.0,12
70440,1.0,12
70464,0.0,3
70480,1.0,12
70496,1.0,12
70504,0.0,3
70504,1.0,16
70504,1.0,16
70520,0.0,3
70520,1.0,12
70544,0.0,5
70544,0.0,3
70560,1.0,12
70560,0.0,5
70584,0.0,3
70600,1.0,12
70640,1.0,12
70640,1.0,12
70656,1.0,12
70664,0.0,3
70680,1.0,12
70680,0.0,5
70696,0.0,5
70720,0.0,5
70776,1.0,12
70792,4.0,45
70792,1.0,12
70800,4.0,45
70816,1.0,12
70816,0.0,5
70832,3.0,41
70840,0.0,3
70856,0.0,5
70872,1.0,10
70888,1.0,12
70912,0.0,5
70920,1.0,15
70936,1.0,12
70936,0.0,3
70960,0.0,3
70960,4.0,45
71000,0.0,5
71016,1.0,12
71024,4.0,45
71040,0.0,3
71048,2.0,24
71048,0.0,3
71056,2.0,28
71064,0.0,3
71080,1.0,15
71096,1.0,12
71104,0.0,5
71120,0.0,5
71128,2.0,30
71128,2.0,24
71136,0.0,5
71144,0.0,5
71168,0.0,5
71168,0.0,5
71176,0.0,5
71184,0.0,5
71208,0.0,5
71216,0.0,5
71224,0.0,5
71232,2.0,23
71232,2.0,22
71232,2.0,23
71248,0.0,5
71256,0.0,5
71264,0.0,5
71272,0.0,5
71272,0.0,5
71288,0.0,5
71296,0.0,5
71296,2.0,22
71304,0.0,5
71312,0.0,5
71328,0.0,5
71344,0.0,5
71352,2.0,23
71352,0.0,5
71368,0.0,5
71368,1.0,17
71384,0.0,5
71392,0.0,5
71392,0.0,5
71408,0.0,5
71408,0.0,5
71408,1.0,17
71424,0.0,5
71432,1.0,17
71432,0.0,5
71432,0.0,5
71448,0.0,5
71448,0.0,5
71464,0.0,5
71472,0.0,5
71472,0.0,5
71480,2.0,23
71488,0.0,5
71504,0.0,5
71512,0.0,5
71512,0.0,5
71520,0.0,5
71528,0.0,5
71536,1.0,16
71552,0.0,5
71552,0.0,5
71560,1.0,16
71568,0.0,5
71576,0.0,5
71576,1.0,16
71592,0.0,5
71592,0.0,5
71600,0.0,5
71608,0.0,5
71616,0.0,5
71616,0.0,5
71632,0.0,5
71632,0.0,5
71632,1.0,16
71640,0.0,5
71648,0.0,5
71656,0.0,5
71656,0.0,5
71672,0.0,5
71672,0.0,5
71672,0.0,5
71680,0.0,5
71688,0.0,5
71696,0.0,5
71712,0.0,5
71720,0.0,5
71752,0.0,5
71768,1.0,12
71768,1.0,12
71784,1.0,12
71792,1.0,12
71808,0.0,5
71824,0.0,5
71832,0.0,5
71840,3.0,40
71864,1.0,12
71872,0.0,5
71904,0.0,5
71920,1.0,12
71936,1.0,16
71944,0.0,5
71960,0.0,5
71968,1.0,16
71968,1.0,12
71976,0.0,5
72008,0.0,5
72016,4.0,45
72040,1.0,12
72048,0.0,5
72056,0.0,5
72056,1.0,12
72072,1.0,12
72080,4.0,45
72112,1.0,18
72112,4.0,45
72112,0.0,5
72136,1.0,12
72144,1.0,12
72152,0.0,5
72168,0.0,3
72176,1.0,12
72184,1.0,16
72208,1.0,12
72232,1.0,12
72248,2.0,24
72264,1.0,12
72272,1.0,12
72312,0.0,5
72360,1.0,12
72400,0.0,5
72472,4.0,45
72512,0.0,5
72512,4.0,45
72512,3.0,41
72552,0.0,5
72552,0.0,5
72568,4.0,45
72592,4.0,45
72592,0.0,5
72608,0.0,5
72608,4.0,45
72632,0.0,5
72648,1.0,12
72656,0.0,3
72672,0.0,3
72672,4.0,45
72688,1.0,12
72696,0.0,5
72704,1.0,12
72704,2.0,24
72712,0.0,5
72736,1.0,16
72760,4.0,45
72792,1.0,12
72808,1.0,12
72816,0.0,3
72840,1.0,17
72856,0.0,5
72896,0.0,5
72928,2.0,30
72936,1.0,16
72936,2.0,29
72976,0.0,5
72984,2.0,28
72992,1.0,12
73024,1.0,12
73032,4.0,45
73032,1.0,12
73064,0.0,5
73072,3.0,42
73088,1.0,12
73104,0.0,5
73104,1.0,16
73128,1.0,12
73128,3.0,36
73168,0.0,5
73168,1.0,12
73168,0.0,5
73184,2.0,25
73200,1.0,12
73296,2.0,24
73304,1.0,17
73336,0.0,5
73360,2.0,24
73384,2.0,25
73392,2.0,24
73392,4.0,45
73432,1.0,12
73448,4.0,45
73480,1.0,12
73520,0.0,5
73528,4.0,45
73544,1.0,12
73560,0.0,5
73568,0.0,5
73568,0.0,3
73568,1.0,17
73592,2.0,25
73608,0.0,5
73664,1.0,12
73664,4.0,45
73688,3.0,41
73688,3.0,37
73688,1.0,12
73704,0.0,5
73704,1.0,12
73704,1.0,17
73744,0.0,5
73744,0.0,5
73744,0.0,5
73760,1.0,12
73784,0.0,5
73784,0.0,5
73800,0.0,5
73824,0.0,5
73824,0.0,5
73840,0.0,5
73840,1.0,12
73864,0.0,5
73864,0.0,5
73872,2.0,23
73880,2.0,24
73888,4.0,41
73904,0.0,5
73904,0.0,5
73912,0.0,5
73920,0.0,5
73928,0.0,5
73944,0.0,5
73944,0.0,5
73952,0.0,5
73960,0.0,5
73968,0.0,5
73976,3.0,36
73984,0.0,5
73984,0.0,5
73992,0.0,5
74008,0.0,5
74016,0.0,5
74024,0.0,5
74024,0.0,5
74024,2.0,23
74024,2.0,23
74032,0.0,5
74048,0.0,5
74056,0.0,5
74064,0.0,5
74064,0.0,5
74064,0.0,5
74064,0.0,5
74072,0.0,5
74088,0.0,5
74096,0.0,5
74104,0.0,5
74104,0.0,5
74104,0.0,5
74112,0.0,5
74136,0.0,5
74144,2.0,23
74144,0.0,5
74144,0.0,5
74144,0.0,5
74168,0.0,3
74176,0.0,5
74184,0.0,5
74184,0.0,5
74208,0.0,5
74216,0.0,5
74224,0.0,5
74224,0.0,5
74248,2.0,23
74248,0.0,5
74264,0.0,5
74264,0.0,5
74264,1.0,15
74272,2.0,23
74288,0.0,5
74296,2.0,23
74304,0.0,5
74304,0.0,5
74304,0.0,5
74312,0.0,5
74328,0.0,5
74344,0.0,5
74344,0.0,5
74352,0.0,5
74368,0.0,5
74384,1.0,17
74384,0.0,5
74384,0.0,5
74392,0.0,3
74392,0.0,5
74400,2.0,23
74400,1.0,12
74408,0.0,3
74416,0.0,3
74424,0.0,5
74424,0.0,5
74432,1.0,17
74448,0.0,3
74456,0.0,3
74464,0.0,5
74488,1.0,12
74488,0.0,3
74504,1.0,12
74512,0.0,3
74512,1.0,12
74544,1.0,12
74576,1.0,15
74584,1.0,12
74600,0.0,3
74608,1.0,12
74608,1.0,12
74624,0.0,5
74696,1.0,12
74760,4.0,45
74760,4.0,45
74856,1.0,12
74856,1.0,12
74864,4.0,45
74896,0.0,5
74896,0.0,5
74904,4.0,45
74936,4.0,39
74936,4.0,41
74960,1.0,12
74968,4.0,45
75008,0.0,5
75032,1.0,12
75056,4.0,45
75056,0.0,3
75088,2.0,24
75088,2.0,24
75096,2.0,24
75096,0.0,5
75128,0.0,5
75128,0.0,5
75136,0.0,5
75200,2.0,30
75224,1.0,12
75224,1.0,12
75240,0.0,5
75248,2.0,24
75264,0.0,5
75296,4.0,45
75336,1.0,12
75344,1.0,12
75360,1.0,12
75368,4.0,45
75376,0.0,5
75384,0.0,5
75392,1.0,12
75400,0.0,5
75408,0.0,5
75416,0.0,5
75424,0.0,5
75448,0.0,5
75456,4.0,45
75456,0.0,5
75496,0.0,5
75496,1.0,12
75496,4.0,45
75520,1.0,12
75520,0.0,3
75536,0.0,5
75536,0.0,5
75552,1.0,12
75560,0.0,5
75560,0.0,5
75576,0.0,5
75576,2.0,23
75576,0.0,5
75584,4.0,45
75600,0.0,5
75608,0.0,3
75616,0.0,5
75616,0.0,5
75640,0.0,5
75656,0.0,5
75656,0.0,5
75672,1.0,12
75680,2.0,29
75704,1.0,12
75712,0.0,5
75720,0.0,5
75728,2.0,21
75736,2.0,23
75752,1.0,12
75760,0.0,5
75776,0.0,5
75792,0.0,5
75800,0.0,5
75800,0.0,3
75824,0.0,3
75824,2.0,23
75832,0.0,5
75840,2.0,23
75840,0.0,5
75848,0.0,3
75864,0.0,5
75864,0.0,3
75880,0.0,5
75888,2.0,23
75888,0.0,3
75896,2.0,23
75904,0.0,3
75904,0.0,5
75920,0.0,3
75928,0.0,5
75928,0.0,5
75944,0.0,5
75944,0.0,5
75960,0.0,5
76008,2.0,22
76016,3.0,36
76024,2.0,22
76048,0.0,5
76048,1.0,15
76056,0.0,5
76064,0.0,5
76064,1.0,15
76088,0.0,5
76096,2.0,21
76104,0.0,5
76112,2.0,21
76120,0.0,3
76128,2.0,21
76136,0.0,3
76144,0.0,3
76160,0.0,3
76168,0.0,5
76176,0.0,4
76200,0.0,5
76216,2.0,21
76216,0.0,5
76224,2.0,21
76232,2.0,21
76240,0.0,3
76248,0.0,3
76256,0.0,3
76256,2.0,21
76264,0.0,3
76272,2.0,21
76272,0.0,3
76280,0.0,3
76280,0.0,3
76288,1.0,15
76296,0.0,4
76296,0.0,3
76304,0.0,3
76312,0.0,3
76320,0.0,5
76336,0.0,5
76344,0.0,5
76352,0.0,5
76360,0.0,3
76376,0.0,3
76384,2.0,23
76400,0.0,5
76400,0.0,3
76408,1.0,17
76408,0.0,3
76416,1.0,12
76424,0.0,3
76432,1.0,17
76456,0.0,3
76496,0.0,5
76504,1.0,12
76520,1.0,12
76520,0.0,3
76528,3.0,39
76536,1.0,15
76560,0.0,5
76576,2.0,22
76584,1.0,10
76600,0.0,3
76632,1.0,12
76656,1.0,17
76656,0.0,3
76656,1.0,12
76680,0.0,3
76680,1.0,12
76704,4.0,45
76720,0.0,5
76760,0.0,5
76768,4.0,45
76776,1.0,15
76784,1.0,10
76848,1.0,10
76856,1.0,12
76856,3.0,41
76872,1.0,12
76880,1.0,12
76896,0.0,3
76904,0.0,3
76944,3.0,36
76944,1.0,12
76952,1.0,12
76960,4.0,45
76976,0.0,3
76992,1.0,12
77000,1.0,12
77016,0.0,3
77024,1.0,10
77040,1.0,10
77040,0.0,5
77040,4.0,45
77112,1.0,17
77120,1.0,12
77136,1.0,12
77152,1.0,14
77160,1.0,15
77176,0.0,3
77184,0.0,3
77192,1.0,10
77200,2.0,23
77216,4.0,45
77216,0.0,3
77216,0.0,5
77224,1.0,11
77240,0.0,3
77240,0.0,5
77256,0.0,5
77280,1.0,12
77304,4.0,45
77304,1.0,11
77328,0.0,3
77336,1.0,12
77336,1.0,12
77344,0.0,5
77352,1.0,12
77376,0.0,5
77376,0.0,5
77384,0.0,5
77392,0.0,5
77416,2.0,24
77424,1.0,12
77456,0.0,5
77464,0.0,5
77464,1.0,10
77472,1.0,12
77472,2.0,24
77480,4.0,45
77504,0.0,3
77512,0.0,5
77512,0.0,5
77552,1.0,12
77560,2.0,21
77560,1.0,12
77560,1.0,12
77576,2.0,25
77592,0.0,5
77600,0.0,5
77600,1.0,12
77600,0.0,5
77616,0.0,5
77632,0.0,5
77640,0.0,5
77640,0.0,5
77640,0.0,5
77656,0.0,5
77656,1.0,12
77664,0.0,3
77672,0.0,5
77680,0.0,5
77688,0.0,3
77688,2.0,22
77696,0.0,5
77696,0.0,5
77704,2.0,24
77712,0.0,5
77712,0.0,3
77720,0.0,5
77736,0.0,5
77736,0.0,5
77776,0.0,5
77776,0.0,5
77784,1.0,12
77808,1.0,12
77808,2.0,21
77808,1.0,12
77816,0.0,5
77816,1.0,12
77824,0.0,5
77848,1.0,18
77848,0.0,5
77848,0.0,5
77848,0.0,5
77856,0.0,5
77864,0.0,5
77872,1.0,12
77888,0.0,5
77888,0.0,5
77888,0.0,5
77888,0.0,5
77896,0.0,5
77912,0.0,5
77928,0.0,5
77928,0.0,5
77928,0.0,5
77928,0.0,5
77960,1.0,12
77968,0.0,5
77992,1.0,12
78000,0.0,5
78008,2.0,24
78008,0.0,5
78024,1.0,12
78032,0.0,5
78040,0.0,5
78064,0.0,5
78064,1.0,17
78072,0.0,5
78080,0.0,5
78088,0.0,3
78088,0.0,3
78104,2.0,24
78104,1.0,12
78112,0.0,5
78120,0.0,5
78128,0.0,5
78128,0.0,5
78144,0.0,5
78144,0.0,5
78160,0.0,5
78160,2.0,29
78168,0.0,5
78224,1.0,12
78256,1.0,12
78264,1.0,12
78280,1.0,17
78344,3.0,42
78352,2.0,24
78376,1.0,12
78400,0.0,3
78432,3.0,40
78448,1.0,12
78496,1.0,12
78504,2.0,30
78504,4.0,45
78528,1.0,12
78584,4.0,45
78584,3.0,41
78592,1.0,12
78600,1.0,12
78608,0.0,3
78640,0.0,5
78696,2.0,24
78704,1.0,12
78704,4.0,45
78728,0.0,3
78808,4.0,45
78824,1.0,12
78832,0.0,3
78832,2.0,24
78864,3.0,42
78872,0.0,5
78896,0.0,3
78904,0.0,5
78904,3.0,40
78928,1.0,12
78944,0.0,5
78952,4.0,45
78976,0.0,3
78992,1.0,11
78992,1.0,12
79016,0.0,3
79016,0.0,3
79040,1.0,12
79040,0.0,3
79056,0.0,5
79056,4.0,45
79064,4.0,45
79064,2.0,30
79072,1.0,12
79080,0.0,5
79080,0.0,3
79080,0.0,5
79088,0.0,3
79112,2.0,23
79128,0.0,5
79152,1.0,12
79168,1.0,12
79176,1.0,12
79176,1.0,12
79176,1.0,12
79192,1.0,16
79200,0.0,3
79200,0.0,3
79216,0.0,3
79224,1.0,12
79248,1.0,17
79248,1.0,12
79256,1.0,11
79264,0.0,5
79272,0.0,3
79296,0.0,5
79296,0.0,3
79296,1.0,12
79296,1.0,12
79304,0.0,5
79320,0.0,3
79344,1.0,16
79360,0.0,5
79384,0.0,5
79392,1.0,12
79400,1.0,12
79408,1.0,14
79416,0.0,3
79424,1.0,16
79432,2.0,23
79440,0.0,3
79440,0.0,4
79440,0.0,5
79448,0.0,3
79456,0.0,3
79472,1.0,14
79480,0.0,5
79496,0.0,3
79504,1.0,15
79536,4.0,45
79544,0.0,5
79552,1.0,12
79560,0.0,3
79560,1.0,15
79576,0.0,3
79576,1.0,16
79584,0.0,3
79600,0.0,3
79600,0.0,3
79616,2.0,22
79624,0.0,3
79624,1.0,16
79648,2.0,21
79648,0.0,3
79656,1.0,12
79656,0.0,5
79664,0.0,5
79672,0.0,3
79680,0.0,3
79688,0.0,5
79704,0.0,3
79704,0.0,5
79712,0.0,5
79712,1.0,16
79720,2.0,22
79728,0.0,3
79728,0.0,5
79736,0.0,3
79744,0.0,5
79744,0.0,3
79752,0.0,3
79768,0.0,3
79784,2.0,23
79808,0.0,3
79808,0.0,5
79824,2.0,21
79832,0.0,3
79832,1.0,15
79848,0.0,3
79864,1.0,16
79872,0.0,3
79888,0.0,3
79896,2.0,21
79904,0.0,4
79928,0.0,5
79928,2.0,22
79944,0.0,5
79960,1.0,16
79968,1.0,17
79968,0.0,5
79968,0.0,5
79992,0.0,3
79992,1.0,12
80016,0.0,3
80056,4.0,39
80080,0.0,3
80136,2.0,21
80136,4.0,41
80176,1.0,12
80200,0.0,3
80232,1.0,12
80232,1.0,12
80240,0.0,5
80240,3.0,35
80256,4.0,39
80280,0.0,5
80280,0.0,5
80280,4.0,39
80304,3.0,36
80312,1.0,10
80352,1.0,12
80352,4.0,45
80352,1.0,15
80376,1.0,12
80376,0.0,3
80376,1.0,12
80376,1.0,12
80400,0.0,3
80400,0.0,3
80400,1.0,12
80408,1.0,12
80416,0.0,5
80448,1.0,12
80504,1.0,12
80512,1.0,12
80544,2.0,24
80552,0.0,5
80592,2.0,24
80592,2.0,24
80640,2.0,24
80672,3.0,37
80688,1.0,12
80688,1.0,12
80728,0.0,5
80792,5.0,49
80792,3.0,36
80792,1.0,13
80824,1.0,12
80832,2.0,24
80864,0.0,5
80864,3.0,40
80872,0.0,5
80888,1.0,12
80888,1.0,12
80912,4.0,45
80912,0.0,5
80960,1.0,12
80960,1.0,12
81008,1.0,12
81008,1.0,12
81032,4.0,45
81048,0.0,5
81080,2.0,24
81096,1.0,17
81120,0.0,5
81128,1.0,12
81152,2.0,24
81152,4.0,45
81192,1.0,12
81192,0.0,5
81216,1.0,12
81248,1.0,12
81248,4.0,45
81256,0.0,5
81288,1.0,12
81288,1.0,12
81288,0.0,5
81296,0.0,5
81328,2.0,25
81344,1.0,12
81368,4.0,45
81368,0.0,5
81384,1.0,12
81392,1.0,12
81408,4.0,45
81408,0.0,5
81424,0.0,5
81464,1.0,12
81480,2.0,24
81488,1.0,12
81504,1.0,12
81504,1.0,12
81520,1.0,12
81528,0.0,5
81536,2.0,24
81560,1.0,12
81568,0.0,5
81576,1.0,12
81576,0.0,5
81600,1.0,12
81600,0.0,5
81608,0.0,5
81616,3.0,41
81616,1.0,12
81616,0.0,5
81640,0.0,5
81696,1.0,12
81712,1.0,12
81736,1.0,12
81792,1.0,12
81808,2.0,24
81808,2.0,29
81808,1.0,12
81824,3.0,40
81832,1.0,12
81832,0.0,5
81832,0.0,3
81832,0.0,3
81864,0.0,5
81912,3.0,37
81928,1.0,12
81968,4.0,45
82024,2.0,24
82056,2.0,24
82064,1.0,12
82080,0.0,3
82104,2.0,24
82120,3.0,36
82120,2.0,24
82144,0.0,5
82160,1.0,12
82168,4.0,45
82184,0.0,5
82192,4.0,45
82200,0.0,5
82224,0.0,5
82240,1.0,15
82264,1.0,12
82280,0.0,5
82288,1.0,12
82296,1.0,12
82320,1.0,12
82328,0.0,5
82336,0.0,5
82360,1.0,12
82360,0.0,5
82376,1.0,12
82384,0.0,3
82384,4.0,45
82400,0.0,5
82424,1.0,12
82424,0.0,5
82432,1.0,12
82440,4.0,45
82456,0.0,3
82472,1.0,12
82480,1.0,12
82480,4.0,45
82496,1.0,12
82496,0.0,3
82520,0.0,5
82520,1.0,12
82536,1.0,12
82536,0.0,5
82576,1.0,12
82576,0.0,5
82592,1.0,12
82616,2.0,24
82616,1.0,12
82616,1.0,12
82632,1.0,12
82656,0.0,5
82656,0.0,3
82656,0.0,5
82672,1.0,12
82672,1.0,12
82688,1.0,12
82696,0.0,5
82712,1.0,12
82736,0.0,5
82752,1.0,12
82752,1.0,12
82768,1.0,12
82768,1.0,12
82776,3.0,40
82792,0.0,5
82808,0.0,5
82808,1.0,12
82832,1.0,12
82848,0.0,5
82848,1.0,12
82864,1.0,12
82872,1.0,12
82888,0.0,5
82888,1.0,12
82904,1.0,12
82928,0.0,3
82928,0.0,5
82928,1.0,12
82968,1.0,13
82968,1.0,12
82984,1.0,12
83024,0.0,5
83024,1.0,12
83024,1.0,12
83048,4.0,45
83064,0.0,5
83064,1.0,12
83080,2.0,29
83088,0.0,3
83088,0.0,3
83104,0.0,3
83120,1.0,12
83144,1.0,12
83184,1.0,12
83184,1.0,12
83200,1.0,12
83200,2.0,29
83280,1.0,12
83288,4.0,45
83296,1.0,12
83296,1.0,12
83320,0.0,5
83376,2.0,24
83384,2.0,30
83384,4.0,45
83392,1.0,12
83408,0.0,3
83416,1.0,12
83432,0.0,5
83448,0.0,5
83456,0.0,3
83480,4.0,45
83480,1.0,12
83488,0.0,5
83504,1.0,16
83512,2.0,28
83528,0.0,5
83576,1.0,12
83592,1.0,10
83600,1.0,12
83624,1.0,12
83640,2.0,23
83656,4.0,45
83680,0.0,5
83688,1.0,12
83720,2.0,30
83744,0.0,3
83752,1.0,12
83776,1.0,12
83800,0.0,3
83816,2.0,30
83824,5.0,51
83840,0.0,3
83896,1.0,12
83928,3.0,41
83936,2.0,24
83952,4.0,41
83992,2.0,30
84024,3.0,42
84024,1.0,12
84040,2.0,25
84072,1.0,10
84136,1.0,12
84144,2.0,24
84184,4.0,45
84216,2.0,24
84232,1.0,12
84256,4.0,45
84264,2.0,24
84280,1.0,12
84296,4.0,45
84336,0.0,5
84352,1.0,12
84352,1.0,17
84384,4.0,45
84392,1.0,16
84392,0.0,5
84432,1.0,12
84448,1.0,12
84464,2.0,29
84480,1.0,12
84480,4.0,42
84488,1.0,12
84488,1.0,12
84504,0.0,5
84544,1.0,12
84568,3.0,36
84576,1.0,12
84600,1.0,12
84600,0.0,3
84640,0.0,5
84664,1.0,12
84672,2.0,24
84672,2.0,30
84680,2.0,24
84720,2.0,29
84736,2.0,24
84768,1.0,13
84800,1.0,16
84832,2.0,29
84832,2.0,24
84832,1.0,12
84864,1.0,12
84864,2.0,23
84872,0.0,5
84872,0.0,5
84896,1.0,12
84960,1.0,12
84960,3.0,36
84968,1.0,12
84968,1.0,12
85000,0.0,5
85008,0.0,5
85008,0.0,5
85040,0.0,5
85048,2.0,23
85080,0.0,5
85080,4.0,45
85088,0.0,5
85128,0.0,5
85128,2.0,29
85136,1.0,16
85144,2.0,23
85176,1.0,12
85192,4.0,45
85216,1.0,11
85216,0.0,3
85224,1.0,12
85240,1.0,12
85256,0.0,5
85256,0.0,5
85272,1.0,12
85296,0.0,5
85320,1.0,12
85320,2.0,30
85344,0.0,3
85368,4.0,45
85392,1.0,12
85392,0.0,3
85416,1.0,12
85432,0.0,5
85440,0.0,3
85440,2.0,23
85440,1.0,12
85480,0.0,5
85496,4.0,45
85512,1.0,10
85536,1.0,12
85576,1.0,12
85600,4.0,45
85616,1.0,15
85624,2.0,23
85624,2.0,29
85632,4.0,45
85632,1.0,12
85648,0.0,3
85656,0.0,3
85656,0.0,5
85656,0.0,3
85656,1.0,10
85696,0.0,5
85720,1.0,12
85720,0.0,3
85720,1.0,15
85744,1.0,12
85744,0.0,3
85752,1.0,12
85752,1.0,12
85752,1.0,12
85776,0.0,3
85776,0.0,3
85800,1.0,10
85824,1.0,10
85832,1.0,10
85872,4.0,45
85896,1.0,12
85920,0.0,3
85920,1.0,12
85928,1.0,12
85952,1.0,10
86016,1.0,12
86048,1.0,12
86056,1.0,16
86080,0.0,3
86080,4.0,45
86096,1.0,10
86104,0.0,3
86104,4.0,45
86136,0.0,5
86136,4.0,45
86136,4.0,45
86144,1.0,12
86160,0.0,3
86168,0.0,3
86176,1.0,12
86192,1.0,11
86256,1.0,15
86256,1.0,12
86272,1.0,10
86280,4.0,45
86280,0.0,3
86288,2.0,23
86296,0.0,3
86296,0.0,5
86320,0.0,5
86320,0.0,3
86336,2.0,25
86360,0.0,3
86384,1.0,12
86392,1.0,12
86400,1.0,15
86400,1.0,10
86416,1.0,12
86424,0.0,3
86456,0.0,5
86464,0.0,5
86480,0.0,3
86496,1.0,12
86504,3.0,41
86528,4.0,45
86528,0.0,3
86576,2.0,23
86624,2.0,30
86648,1.0,15
86672,1.0,12
86680,2.0,25
86688,2.0,28
86704,0.0,3
86712,0.0,5
86712,1.0,11
86720,4.0,45
86744,1.0,12
86760,0.0,5
86800,1.0,12
86840,1.0,12
86856,1.0,12
86856,4.0,45
86888,4.0,45
86896,1.0,12
86936,1.0,12
86952,1.0,12
86952,1.0,12
86976,0.0,3
86984,1.0,12
87048,1.0,12
87048,4.0,45
87072,4.0,45
87072,1.0,12
87072,4.0,45
87080,1.0,12
87144,1.0,12
87176,1.0,12
87184,0.0,5
87192,1.0,15
87200,0.0,3
87232,0.0,5
87256,4.0,45
87296,4.0,45
87296,1.0,12
87304,2.0,29
87328,1.0,12
87352,2.0,21
87360,3.0,36
87368,0.0,5
87376,1.0,15
87392,0.0,5
87408,4.0,45
87416,1.0,15
87416,0.0,5
87440,1.0,10
87448,0.0,5
87456,0.0,5
87464,1.0,12
87480,0.0,3
87512,1.0,12
87520,0.0,5
87528,1.0,10
87536,1.0,12
87560,0.0,5
87560,1.0,12
87568,0.0,5
87624,2.0,29
87632,3.0,41
87632,1.0,12
87640,1.0,10
87656,4.0,45
87656,0.0,3
87656,0.0,3
87664,1.0,12
87696,2.0,23
87752,1.0,12
87752,1.0,16
87752,1.0,12
87760,1.0,12
87768,1.0,16
87776,1.0,15
87848,1.0,12
87848,1.0,12
87848,1.0,12
87856,1.0,12
87864,1.0,12
87872,1.0,12
87896,2.0,25
87920,4.0,45
87944,1.0,12
87952,1.0,12
87960,1.0,12
87968,1.0,12
87976,1.0,16
87992,1.0,12
88000,0.0,5
88032,0.0,5
88040,1.0,12
88040,0.0,5
88048,1.0,12
88056,1.0,17
88072,0.0,3
88112,1.0,17
88144,1.0,11
88152,1.0,15
88168,1.0,16
88208,4.0,45
88328,2.0,22
88328,4.0,45
88400,4.0,45
88408,2.0,25
88416,1.0,11
88424,1.0,12
88432,4.0,45
88432,0.0,3
88472,4.0,45
88496,3.0,41
88496,1.0,12
88504,4.0,45
88512,0.0,5
88520,1.0,12
88528,1.0,12
88536,0.0,5
88544,0.0,5
88552,0.0,5
88560,0.0,5
88600,2.0,23
88616,2.0,23
88632,1.0,12
88632,1.0,17
88640,0.0,5
88640,1.0,12
88656,0.0,5
88712,1.0,10
88736,1.0,12
88752,1.0,12
88768,2.0,30
88768,1.0,17
88776,0.0,5
88800,2.0,30
88808,0.0,5
88808,1.0,12
88848,1.0,12
88880,2.0,30
88896,1.0,16
88904,1.0,12
88912,1.0,17
88912,4.0,45
88936,1.0,16
88976,0.0,5
88976,1.0,12
88992,1.0,12
89008,1.0,12
89072,1.0,12
89088,1.0,12
89096,2.0,24
89104,1.0,12
89160,4.0,45
89184,1.0,12
89192,1.0,12
89200,1.0,12
89208,0.0,3
89208,4.0,45
89248,0.0,5
89256,1.0,12
89272,4.0,45
89296,1.0,12
89320,1.0,16
89336,4.0,45
89344,1.0,12
89352,1.0,12
89360,0.0,5
89368,1.0,12
89400,3.0,41
89432,1.0,12
89440,1.0,12
89448,1.0,12
89488,2.0,24
89496,1.0,12
89536,1.0,12
89552,2.0,24
89552,1.0,13
89568,4.0,45
89608,2.0,30
89608,0.0,5
89632,1.0,17
89664,1.0,16
89672,2.0,30
89704,1.0,12
89728,1.0,12
89736,1.0,16
89744,0.0,5
89760,1.0,12
89768,1.0,12
89816,3.0,41
89824,1.0,12
89832,1.0,12
89840,3.0,36
89864,1.0,12
89872,1.0,16
89888,1.0,16
89912,4.0,45
89920,1.0,12
89928,1.0,12
89936,1.0,12
89944,0.0,3
89984,0.0,5
90008,1.0,12
90008,2.0,24
90024,0.0,5
90032,1.0,12
90056,1.0,16
90064,2.0,24
90072,0.0,5
90104,1.0,12
90104,1.0,12
90120,1.0,12
90160,1.0,12
90160,0.0,5
90168,1.0,12
90200,1.0,12
90200,1.0,12
90216,3.0,41
90224,0.0,3
90224,4.0,45
90312,1.0,12
90344,1.0,15
90352,0.0,5
90352,2.0,24
90384,3.0,41
90384,0.0,5
90424,0.0,5
90448,1.0,12
90480,1.0,12
90480,1.0,16
90488,3.0,41
90520,0.0,5
90520,0.0,5
90520,1.0,12
90528,4.0,45
90544,1.0,12
90560,4.0,45
90568,0.0,5
90584,1.0,12
90584,4.0,45
90584,0.0,5
90608,0.0,5
90616,1.0,12
90616,1.0,12
90624,0.0,5
90648,0.0,5
90656,1.0,12
90680,1.0,12
90688,0.0,5
90712,1.0,12
90712,1.0,12
90720,1.0,12
90736,1.0,10
90752,0.0,5
90760,0.0,5
90776,1.0,12
90792,0.0,5
90808,1.0,12
90832,1.0,12
90856,1.0,12
90872,1.0,12
90880,4.0,45
90888,1.0,12
90904,1.0,12
90928,1.0,12
90944,4.0,45
90944,0.0,5
90952,1.0,12
90968,1.0,12
90976,1.0,12
90984,1.0,12
90992,0.0,5
91024,1.0,12
91040,1.0,12
91040,1.0,12
91048,4.0,45
91064,1.0,12
91072,1.0,12
91080,0.0,5
91088,0.0,5
91088,1.0,12
91120,0.0,5
91120,1.0,12
91136,1.0,12
91144,0.0,3
91168,1.0,12
91184,1.0,12
91216,1.0,12
91224,0.0,5
91240,1.0,13
91256,2.0,24
91272,1.0,13
91296,0.0,5
91328,2.0,30
91344,4.0,45
91368,0.0,3
91368,1.0,16
91408,0.0,5
91416,2.0,25
91424,1.0,12
91432,1.0,17
91440,0.0,3
91464,1.0,12
91504,4.0,45
91504,0.0,5
91504,1.0,12
91520,1.0,12
91528,1.0,12
91536,1.0,12
91584,4.0,45
91600,1.0,12
91600,1.0,12
91600,1.0,12
91624,1.0,12
91632,1.0,12
91632,4.0,45
91640,0.0,5
91640,0.0,5
91648,1.0,16
91672,0.0,5
91680,0.0,5
91680,0.0,5
91696,1.0,12
91704,1.0,15
91704,0.0,3
91720,0.0,3
91720,1.0,12
91720,0.0,5
91728,0.0,3
91752,1.0,15
91768,1.0,12
91792,0.0,3
91800,1.0,10
91800,1.0,12
91816,1.0,12
91824,1.0,12
91832,0.0,5
91848,1.0,12
91880,2.0,29
91896,1.0,12
91904,0.0,3
91912,2.0,24
91920,1.0,12
91928,1.0,10
91944,0.0,5
91944,1.0,14
91952,0.0,5
92024,1.0,12
92040,1.0,12
92048,1.0,16
92064,1.0,14
92104,0.0,5
92120,1.0,12
92128,2.0,23
92128,0.0,3
92136,3.0,40
92136,1.0,12
92152,0.0,3
92160,0.0,3
92160,4.0,45
92168,0.0,5
92176,0.0,5
92192,0.0,5
92216,1.0,12
92232,2.0,23
92232,0.0,5
92256,1.0,12
92256,0.0,3
92256,4.0,45
92256,1.0,12
92272,1.0,12
92296,0.0,5
92312,1.0,12
92328,1.0,12
92352,1.0,12
92368,1.0,12
92376,1.0,15
92392,1.0,12
92408,1.0,12
92424,1.0,12
92432,0.0,5
92432,0.0,3
92448,1.0,12
92464,1.0,12
92472,1.0,12
92520,1.0,12
92528,1.0,12
92528,4.0,45
92552,0.0,3
92560,1.0,16
92568,1.0,12
92608,0.0,5
92616,4.0,45
92624,1.0,12
92624,1.0,13
92640,2.0,24
92648,2.0,23
92648,1.0,12
92648,0.0,5
92656,0.0,5
92656,1.0,12
92664,0.0,5
92664,0.0,5
92688,0.0,5
92696,0.0,5
92696,0.0,5
92744,1.0,12
92744,1.0,12
92760,1.0,12
92760,1.0,12
92784,1.0,12
92792,1.0,12
92800,0.0,5
92832,2.0,24
92840,1.0,12
92840,1.0,12
92880,0.0,5
92880,1.0,12
92888,2.0,24
92904,0.0,3
92928,1.0,12
92944,0.0,5
92968,0.0,3
92968,0.0,5
92992,0.0,3
92992,2.0,24
93016,1.0,16
93032,2.0,30
93064,1.0,12
93088,1.0,12
93120,4.0,45
93120,1.0,16
93144,1.0,16
93184,1.0,12
93200,4.0,45
93216,1.0,12
93240,1.0,15
93240,4.0,45
93264,0.0,3
93280,1.0,12
93320,1.0,15
93328,2.0,23
93344,0.0,3
93352,0.0,3
93360,1.0,10
93384,1.0,15
93384,0.0,3
93392,4.0,45
93408,0.0,3
93424,4.0,45
93424,1.0,10
93432,1.0,10
93448,0.0,3
93448,0.0,3
93456,0.0,3
93480,1.0,12
93488,0.0,5
93488,1.0,12
93496,0.0,5
93504,1.0,12
93512,0.0,3
93512,0.0,3
93520,0.0,5
93536,0.0,3
93544,0.0,3
93544,3.0,41
93560,0.0,3
93568,0.0,3
93568,0.0,3
93568,4.0,41
93584,1.0,10
93592,0.0,3
93592,0.0,3
93608,1.0,12
93608,0.0,3
93616,0.0,3
93616,0.0,3
93656,1.0,11
93664,2.0,21
93688,1.0,10
93712,0.0,3
93736,1.0,15
93760,0.0,3
93760,1.0,12
93792,2.0,23
93800,0.0,5
93808,4.0,45
93824,0.0,3
93832,0.0,5
93848,0.0,5
93904,2.0,24
93920,4.0,45
93920,1.0,12
93944,1.0,12
93944,0.0,3
93976,4.0,45
93984,0.0,5
94000,1.0,12
94000,1.0,10
94016,0.0,5
94016,4.0,45
94040,1.0,12
94080,1.0,10
94080,1.0,12
94096,1.0,12
94104,0.0,3
94112,1.0,12
94112,1.0,12
94120,4.0,45
94128,0.0,3
94136,1.0,12
94144,0.0,3
94176,1.0,12
94184,0.0,5
94192,4.0,45
94208,0.0,3
94248,1.0,17
94256,1.0,16
94272,0.0,3
94288,2.0,24
94296,0.0,3
94304,1.0,12
94312,0.0,3
94320,2.0,23
94336,0.0,5
94352,1.0,12
94352,2.0,30
94368,2.0,22
94376,0.0,3
94392,0.0,3
94408,1.0,12
94416,0.0,3
94416,1.0,12
94440,0.0,3
94472,1.0,12
94488,2.0,23
94528,0.0,5
94536,1.0,16
94536,4.0,45
94552,0.0,3
94560,0.0,3
94560,0.0,3
94568,1.0,12
94592,0.0,3
94624,2.0,23
94632,1.0,10
94648,4.0,39
94648,1.0,11
94656,0.0,3
94672,0.0,3
94680,3.0,41
94680,3.0,33
94704,0.0,3
94720,1.0,12
94728,1.0,10
94752,0.0,3
94760,1.0,11
94760,0.0,5
94760,2.0,25
94776,2.0,23
94784,0.0,3
94792,1.0,11
94800,1.0,15
94824,0.0,3
94832,0.0,5
94848,2.0,24
94856,0.0,3
94872,1.0,14
94872,0.0,3
94880,1.0,15
94896,0.0,5
94896,0.0,3
94904,0.0,3
94920,0.0,3
94920,1.0,12
94920,0.0,3
94944,0.0,5
94960,0.0,5
94960,2.0,23
94968,2.0,23
95000,0.0,5
95016,1.0,12
95016,1.0,12
95024,0.0,3
95056,1.0,14
95064,1.0,12
95088,1.0,16
95104,1.0,10
95112,1.0,12
95112,4.0,45
95136,0.0,3
95136,0.0,3
95160,0.0,3
95160,0.0,3
95184,0.0,3
95200,1.0,12
95200,2.0,23
95200,1.0,17
95224,0.0,3
95232,4.0,45
95240,0.0,5
95240,2.0,23
95272,0.0,5
95280,0.0,5
95280,1.0,12
95296,1.0,12
95312,0.0,5
95320,0.0,5
95352,2.0,24
95368,1.0,16
95408,1.0,12
95416,3.0,41
95416,1.0,12
95424,2.0,25
95440,0.0,3
95448,0.0,5
95464,1.0,12
95480,1.0,16
95488,0.0,3
95488,0.0,5
95512,1.0,12
95528,0.0,5
95536,1.0,12
95576,1.0,12
95640,4.0,45
95656,4.0,45
95784,4.0,45
95840,4.0,38
95848,4.0,45
95848,4.0,42
95856,3.0,41
95880,1.0,12
95880,2.0,30
95888,0.0,5
95896,0.0,5
95896,2.0,30
95904,3.0,41
95920,0.0,5
95952,1.0,13
95984,1.0,12
95992,1.0,12
95992,1.0,12
96000,1.0,12
96064,1.0,10
96064,1.0,18
96088,1.0,12
96120,1.0,16
96128,3.0,36
96128,1.0,16
96152,3.0,34
96160,1.0,12
96168,0.0,5
96216,1.0,16
96216,1.0,12
96224,1.0,12
96248,1.0,12
96280,3.0,41
96296,2.0,29
96312,1.0,12
96320,1.0,12
96344,1.0,12
96392,1.0,12
96416,1.0,12
96432,0.0,5
96472,2.0,24
96496,3.0,41
96520,4.0,45
96528,1.0,12
96544,1.0,16
96544,3.0,41
96592,1.0,12
96640,1.0,12
96656,1.0,17
96664,1.0,17
96672,4.0,45
96688,1.0,12
96704,4.0,45
96736,1.0,12
96744,0.0,5
96752,1.0,12
96768,1.0,12
96792,0.0,3
96792,1.0,16
96800,3.0,41
96832,0.0,5
96832,0.0,5
96880,1.0,16
96896,1.0,12
96904,4.0,45
96912,1.0,10
96920,0.0,3
96944,0.0,3
96960,2.0,27
96976,1.0,12
97016,0.0,5
97048,2.0,27
97048,4.0,45
97056,1.0,12
97072,1.0,16
97096,4.0,45
97144,2.0,30
97144,2.0,29
97144,1.0,12
97168,1.0,12
97184,0.0,5
97184,0.0,5
97232,2.0,23
97248,2.0,24
97272,0.0,5
97288,0.0,5
97328,0.0,5
97336,2.0,30
97360,2.0,24
97368,2.0,23
97368,2.0,23
97368,2.0,28
97376,4.0,45
97408,0.0,5
97408,1.0,17
97424,1.0,12
97432,0.0,3
97432,1.0,12
97448,0.0,5
97448,0.0,3
97464,1.0,12
97472,0.0,5
97472,0.0,5
97472,0.0,3
97496,0.0,3
97496,0.0,3
97520,0.0,3
97536,0.0,5
97544,1.0,12
97544,2.0,23
97560,0.0,3
97600,1.0,17
97600,1.0,10
97616,2.0,30
97624,0.0,3
97640,0.0,3
97656,3.0,36
97656,2.0,23
97696,0.0,5
97736,2.0,24
97736,0.0,5
97736,1.0,12
97760,0.0,3
97776,2.0,27
97784,1.0,16
97800,0.0,3
97824,0.0,5
97840,0.0,5
97840,1.0,10
97904,4.0,45
97920,1.0,12
97936,1.0,12
97936,1.0,12
97944,0.0,5
97944,3.0,40
97960,4.0,45
97968,0.0,3
98016,1.0,12
98040,1.0,12
98056,1.0,12
98080,0.0,5
98096,4.0,45
98096,4.0,45
98120,0.0,5
98136,0.0,5
98192,1.0,12
98216,1.0,12
98232,1.0,12
98288,1.0,12
98296,2.0,30
98296,4.0,45
98296,4.0,45
98312,1.0,12
98328,4.0,45
98336,0.0,5
98336,3.0,40
98368,0.0,5
98392,1.0,12
98392,1.0,12
98432,1.0,12
98432,1.0,12
98440,1.0,16
98464,1.0,12
98472,0.0,5
98472,2.0,30
98488,1.0,12
98496,0.0,3
98528,2.0,30
98536,1.0,12
98560,1.0,16
98568,1.0,12
98592,1.0,16
98624,1.0,12
98624,1.0,16
98632,2.0,30
98656,1.0,12
98664,1.0,12
98688,1.0,12
98720,1.0,12
98728,2.0,30
98728,1.0,12
98768,0.0,5
98792,0.0,3
98824,1.0,12
98848,2.0,24
98864,3.0,41
98888,1.0,12
98944,1.0,12
98952,1.0,16
98960,1.0,12
98968,0.0,3
98984,4.0,45
99008,0.0,3
99024,4.0,45
99032,0.0,3
99048,4.0,45
99048,3.0,41
99072,0.0,3
99088,1.0,16
99088,0.0,5
99096,0.0,3
99120,0.0,3
99128,0.0,5
99144,0.0,3
99144,1.0,15
99168,0.0,3
99176,1.0,11
99216,0.0,5
99224,1.0,12
99240,0.0,3
99248,1.0,10
99248,4.0,45
99256,2.0,28
99264,0.0,3
99272,0.0,3
99280,0.0,3
99280,3.0,41
99304,0.0,3
99328,4.0,45
99344,1.0,15
99368,1.0,12
99368,0.0,3
99368,1.0,15
99384,1.0,15
99392,1.0,11
99408,0.0,3
99448,1.0,15
99472,0.0,3
99488,1.0,12
99496,0.0,3
99504,4.0,45
99520,0.0,3
99528,0.0,5
99552,0.0,3
99560,0.0,5
99576,0.0,3
99600,1.0,12
99600,0.0,3
99640,4.0,45
99656,1.0,12
99664,0.0,3
99728,4.0,45
99728,4.0,45
99728,4.0,45
99736,1.0,10
99752,0.0,3
99752,0.0,3
99760,0.0,3
99760,1.0,12
99768,4.0,45
99776,0.0,3
99776,0.0,3
99784,2.0,23
99784,0.0,3
99800,0.0,5
99800,0.0,3
99800,0.0,3
99824,0.0,3
99824,0.0,3
99824,0.0,3
99848,1.0,15
99864,1.0,12
99872,0.0,3
99880,1.0,12
99896,0.0,3
99920,1.0,12
99944,0.0,3
99960,4.0,45
99968,0.0,3
99992,0.0,3
