timesteps,reward,episode_length
40,0.0,5
40,0.0,5
40,0.0,5
40,0.0,5
40,0.0,5
40,0.0,5
40,0.0,5
40,0.0,5
64,0.0,3
80,0.0,5
80,0.0,5
80,0.0,5
80,0.0,5
80,0.0,5
104,0.0,5
120,0.0,5
120,0.0,5
120,0.0,5
144,0.0,5
160,0.0,5
160,0.0,5
160,0.0,5
168,1.0,16
176,1.0,12
200,0.0,5
200,0.0,3
200,0.0,5
208,0.0,5
224,0.0,3
240,0.0,5
240,0.0,5
248,0.0,5
256,1.0,14
264,0.0,5
264,2.0,23
272,1.0,14
280,0.0,5
288,0.0,5
304,0.0,5
304,0.0,5
312,3.0,34
312,0.0,5
328,0.0,5
344,0.0,5
352,0.0,5
352,1.0,12
368,0.0,5
392,0.0,5
392,0.0,5
408,2.0,21
408,0.0,5
416,1.0,14
432,0.0,5
440,1.0,16
448,0.0,5
448,2.0,21
448,0.0,5
456,0.0,5
472,0.0,3
472,0.0,5
480,0.0,5
488,0.0,5
488,0.0,5
504,0.0,3
512,0.0,5
512,0.0,5
528,1.0,17
528,0.0,5
528,0.0,3
528,0.0,5
528,2.0,23
552,0.0,5
552,0.0,3
568,0.0,5
568,0.0,5
568,0.0,5
568,0.0,5
576,1.0,15
592,0.0,5
592,0.0,5
608,0.0,5
608,1.0,12
616,0.0,5
632,0.0,5
632,0.0,5
648,0.0,5
656,0.0,5
672,0.0,5
672,0.0,5
680,1.0,14
688,0.0,5
704,0.0,3
712,0.0,5
712,0.0,5
712,0.0,3
744,0.0,5
752,0.0,5
752,2.0,23
752,0.0,5
768,1.0,14
784,0.0,5
792,0.0,5
792,0.0,3
792,0.0,5
792,2.0,23
792,0.0,5
800,2.0,29
824,0.0,5
832,0.0,5
832,0.0,5
832,0.0,5
832,0.0,5
840,0.0,5
840,1.0,16
872,0.0,5
872,0.0,5
872,0.0,5
880,0.0,5
912,0.0,5
912,0.0,5
920,1.0,12
944,0.0,3
944,1.0,14
952,0.0,5
952,0.0,5
960,1.0,15
976,1.0,12
984,0.0,5
992,0.0,5
992,0.0,5
1016,0.0,5
1024,0.0,5
1032,0.0,5
1056,1.0,12
1064,0.0,5
1072,1.0,16
1072,0.0,5
1080,3.0,36
1096,0.0,5
1112,0.0,5
1120,0.0,5
1128,1.0,14
1136,0.0,5
1152,0.0,5
1160,2.0,21
1160,0.0,3
1160,0.0,5
1168,0.0,5
1184,4.0,39
1184,0.0,3
1192,0.0,5
1200,0.0,5
1200,1.0,16
1200,0.0,5
1208,0.0,5
1216,0.0,3
1224,0.0,5
1224,0.0,5
1224,0.0,3
1232,0.0,3
1240,0.0,3
1240,0.0,5
1264,0.0,3
1264,0.0,5
1264,0.0,5
1264,0.0,5
1272,0.0,5
1280,2.0,27
1280,0.0,5
1304,0.0,5
1304,0.0,5
1304,0.0,5
1312,1.0,14
1320,0.0,5
1344,0.0,5
1344,0.0,5
1352,0.0,5
1360,0.0,5
1384,0.0,5
1384,1.0,15
1392,0.0,5
1400,1.0,16
1408,1.0,16
1424,0.0,5
1424,0.0,5
1432,0.0,3
1432,0.0,5
1440,0.0,5
1456,0.0,3
1464,0.0,5
1472,0.0,5
1480,0.0,5
1488,2.0,23
1488,1.0,16
1496,0.0,5
1504,0.0,5
1512,0.0,3
1512,0.0,5
1528,0.0,5
1536,0.0,3
1536,1.0,14
1536,0.0,5
1544,0.0,5
1552,0.0,5
1560,0.0,3
1576,0.0,5
1576,0.0,5
1592,0.0,5
1600,0.0,5
1616,0.0,5
1616,0.0,5
1632,0.0,5
1640,0.0,5
1648,1.0,15
1656,0.0,5
1656,0.0,5
1672,4.0,41
1688,0.0,5
1696,0.0,5
1696,0.0,5
1728,0.0,5
1728,2.0,23
1736,0.0,5
1736,0.0,5
1752,1.0,14
1752,3.0,34
1760,1.0,16
1768,0.0,5
1792,1.0,15
1792,0.0,5
1800,0.0,5
1808,0.0,5
1816,0.0,3
1832,0.0,5
1840,1.0,14
1840,0.0,3
1840,0.0,5
1848,1.0,12
1848,0.0,5
1872,0.0,5
1880,0.0,5
1880,0.0,5
1888,0.0,5
1904,2.0,21
1904,2.0,21
1912,0.0,5
1928,0.0,5
1928,0.0,3
1944,0.0,5
1968,1.0,16
1976,1.0,12
1984,1.0,17
2000,0.0,3
2008,0.0,5
2024,0.0,5
2024,1.0,14
2040,0.0,5
2048,0.0,5
2056,1.0,16
2064,0.0,5
2064,1.0,17
2088,0.0,5
2096,0.0,5
2128,2.0,23
2136,0.0,5
2152,1.0,14
2152,3.0,34
2152,0.0,3
2160,1.0,17
2176,1.0,14
2176,0.0,5
2192,0.0,5
2192,0.0,5
2192,0.0,5
2200,0.0,5
2208,1.0,15
2216,0.0,3
2216,0.0,5
2216,0.0,5
2224,0.0,3
2232,0.0,5
2232,0.0,5
2240,0.0,3
2248,2.0,23
2256,0.0,5
2256,0.0,5
2264,0.0,3
2264,0.0,5
2272,0.0,5
2272,0.0,5
2288,0.0,5
2296,0.0,5
2296,0.0,5
2304,0.0,5
2304,0.0,5
2312,0.0,5
2328,0.0,5
2336,0.0,5
2352,0.0,5
2368,0.0,5
2376,0.0,5
2384,1.0,14
2392,0.0,5
2400,1.0,12
2424,0.0,5
2440,2.0,29
2464,2.0,21
2464,0.0,5
2480,0.0,5
2496,1.0,16
2504,0.0,5
2504,0.0,5
2544,0.0,5
2544,2.0,21
2544,0.0,5
2568,0.0,3
2576,3.0,34
2576,2.0,23
2584,0.0,5
2584,0.0,5
2600,0.0,3
2616,1.0,17
2616,0.0,5
2624,0.0,5
2624,0.0,3
2624,0.0,5
2640,0.0,3
2640,2.0,30
2656,0.0,5
2664,0.0,5
2664,0.0,5
2664,0.0,5
2664,0.0,3
2688,2.0,24
2696,1.0,16
2696,0.0,5
2704,0.0,5
2728,0.0,5
2736,0.0,5
2736,0.0,5
2744,0.0,5
2760,1.0,12
2760,1.0,15
2760,1.0,12
2768,0.0,5
2776,0.0,5
2776,0.0,5
2784,0.0,5
2792,1.0,16
2800,0.0,5
2800,0.0,5
2808,0.0,5
2816,0.0,5
2816,0.0,5
2824,0.0,5
2832,0.0,3
2840,0.0,5
2840,0.0,5
2856,0.0,5
2856,0.0,5
2864,0.0,3
2872,0.0,5
2888,0.0,3
2888,1.0,16
2896,0.0,5
2912,0.0,5
2912,0.0,3
2928,1.0,17
2928,0.0,5
2936,1.0,14
2936,0.0,5
2936,0.0,3
2960,0.0,3
2960,0.0,3
2968,0.0,5
2968,0.0,5
2968,1.0,14
2976,0.0,5
3000,0.0,5
3000,0.0,5
3008,0.0,5
3008,0.0,5
3008,0.0,5
3016,0.0,5
3024,2.0,23
3024,1.0,14
3040,0.0,5
3040,0.0,5
3048,0.0,5
3048,0.0,5
3056,0.0,5
3064,0.0,5
3064,0.0,5
3080,0.0,5
3080,0.0,5
3088,0.0,5
3096,0.0,5
3120,1.0,14
3120,0.0,5
3128,0.0,5
3136,0.0,5
3160,0.0,5
3168,0.0,5
3176,0.0,5
3184,1.0,15
3192,1.0,14
3200,1.0,17
3208,0.0,5
3216,1.0,12
3216,0.0,5
3216,0.0,3
3224,0.0,5
3232,2.0,23
3256,0.0,5
3256,0.0,5
3256,0.0,5
3272,0.0,5
3288,1.0,16
3296,0.0,5
3296,0.0,5
3296,0.0,3
3296,0.0,5
3328,0.0,5
3336,1.0,17
3336,1.0,16
3336,0.0,5
3336,1.0,14
3336,0.0,5
3352,0.0,3
3360,0.0,3
3376,0.0,5
3376,0.0,5
3392,0.0,5
3392,1.0,12
3400,0.0,5
3408,1.0,14
3416,0.0,5
3416,0.0,5
3432,0.0,5
3432,0.0,5
3448,0.0,5
3464,1.0,16
3464,1.0,16
3472,0.0,5
3472,0.0,5
3488,0.0,5
3504,0.0,5
3504,0.0,5
3528,0.0,3
3544,1.0,16
3552,1.0,17
3568,2.0,21
3584,0.0,5
3600,1.0,12
3608,0.0,5
3608,1.0,17
3624,0.0,5
3632,0.0,3
3648,0.0,5
3656,1.0,16
3664,0.0,5
3672,0.0,5
3672,2.0,23
3680,1.0,16
3696,0.0,5
3696,2.0,28
3704,0.0,3
3704,0.0,5
3712,0.0,5
3720,0.0,3
3736,1.0,17
3736,0.0,5
3744,0.0,5
3744,0.0,5
3752,0.0,5
3760,0.0,5
3768,1.0,15
3776,0.0,5
3792,0.0,5
3808,0.0,5
3816,0.0,5
3832,0.0,5
3848,0.0,5
3848,2.0,22
3872,0.0,5
3872,1.0,14
3872,1.0,16
3888,0.0,5
3888,1.0,18
3912,0.0,5
3912,0.0,5
3928,0.0,5
3928,0.0,5
3952,2.0,27
3952,0.0,5
3968,0.0,5
3968,0.0,5
3976,0.0,3
3976,1.0,16
3992,0.0,5
4000,2.0,23
4008,0.0,5
4008,0.0,5
4016,0.0,5
4016,0.0,5
4016,0.0,3
4032,1.0,15
4040,0.0,5
4040,2.0,21
4040,0.0,3
4048,0.0,5
4048,0.0,5
4056,0.0,5
4056,0.0,5
4080,0.0,5
4080,0.0,5
4088,0.0,5
4088,0.0,5
4096,0.0,5
4120,0.0,5
4128,0.0,5
4128,0.0,5
4128,1.0,12
4136,0.0,5
4152,0.0,3
4160,1.0,15
4160,0.0,5
4168,0.0,5
4184,0.0,3
4192,0.0,5
4200,0.0,5
4208,0.0,5
4216,1.0,17
4232,0.0,5
4240,0.0,5
4240,2.0,23
4248,0.0,5
4256,0.0,5
4256,1.0,16
4264,1.0,16
4280,0.0,5
4280,0.0,5
4288,0.0,5
4328,0.0,5
4352,1.0,12
4368,0.0,5
4376,0.0,3
4416,0.0,5
4424,1.0,18
4424,3.0,30
4448,2.0,21
4448,2.0,23
4448,2.0,24
4456,2.0,28
4456,0.0,5
4464,0.0,5
4472,0.0,3
4488,0.0,5
4488,0.0,5
4496,1.0,16
4504,0.0,5
4512,0.0,5
4528,0.0,5
4528,0.0,5
4536,0.0,5
4552,1.0,16
4552,0.0,5
4568,0.0,5
4576,0.0,5
4592,0.0,5
4592,0.0,5
4600,0.0,3
4608,0.0,5
4616,1.0,14
4632,2.0,22
4632,0.0,3
4632,0.0,5
4640,2.0,23
4640,0.0,3
4640,0.0,5
4648,1.0,15
4672,0.0,5
4672,0.0,5
4672,0.0,5
4688,0.0,5
4712,0.0,5
4712,0.0,5
4728,0.0,5
4752,0.0,5
4752,0.0,5
4752,1.0,14
4760,2.0,21
4768,1.0,12
4768,1.0,16
4768,1.0,16
4784,0.0,3
4792,0.0,5
4792,0.0,5
4808,0.0,5
4808,0.0,5
4824,0.0,5
4832,0.0,5
4848,1.0,12
4864,0.0,5
4872,0.0,5
4888,0.0,5
4896,1.0,16
4904,1.0,14
4904,0.0,5
4912,0.0,5
4912,2.0,23
4920,0.0,3
4928,0.0,3
4944,1.0,17
4952,0.0,5
4968,0.0,5
4984,0.0,5
5008,1.0,12
5008,0.0,5
5016,1.0,14
5024,2.0,27
5024,0.0,5
5048,0.0,5
5056,0.0,5
5064,1.0,14
5064,0.0,5
5088,0.0,3
5088,0.0,5
5096,0.0,5
5104,0.0,5
5104,1.0,12
5112,2.0,28
5128,0.0,5
5144,0.0,5
5152,2.0,29
5184,0.0,5
5192,2.0,21
5192,0.0,5
5200,1.0,12
5200,1.0,14
5216,0.0,3
5232,1.0,17
5240,0.0,5
5240,0.0,5
5240,0.0,3
5272,0.0,5
5280,0.0,5
5280,0.0,5
5304,0.0,3
5312,0.0,5
5312,1.0,15
5336,1.0,12
5344,0.0,5
5352,0.0,5
5352,0.0,5
5368,2.0,23
5376,0.0,5
5392,0.0,5
5392,0.0,5
5400,3.0,36
5408,0.0,5
5408,1.0,16
5416,3.0,36
5424,0.0,3
5432,0.0,3
5432,0.0,5
5456,0.0,5
5456,0.0,3
5464,0.0,5
5496,0.0,5
5496,0.0,5
5504,1.0,16
5536,0.0,5
5536,0.0,5
5544,1.0,17
5544,0.0,5
5560,1.0,16
5560,2.0,21
5576,0.0,5
5576,0.0,5
5600,0.0,5
5600,0.0,5
5616,0.0,5
5616,0.0,5
5624,0.0,3
5632,2.0,21
5656,0.0,5
5656,0.0,5
5656,3.0,39
5664,0.0,5
5680,1.0,17
5688,0.0,3
5696,0.0,5
5696,0.0,5
5712,1.0,14
5720,0.0,5
5736,0.0,5
5736,0.0,5
5736,2.0,24
5752,0.0,5
5768,1.0,17
5776,0.0,5
5776,0.0,5
5792,0.0,5
5808,0.0,5
5816,0.0,5
5816,0.0,5
5816,1.0,16
5832,0.0,5
5832,0.0,3
5856,0.0,5
5856,0.0,5
5856,0.0,3
5872,0.0,5
5888,2.0,29
5896,0.0,3
5896,0.0,5
5896,0.0,5
5912,1.0,12
5920,0.0,3
5936,2.0,27
5936,0.0,3
5936,0.0,5
5968,1.0,14
5976,0.0,5
5976,0.0,5
6008,3.0,34
6008,0.0,5
6016,0.0,5
6016,0.0,5
6032,1.0,12
6048,0.0,5
6048,1.0,16
6056,0.0,5
6056,0.0,5
6072,0.0,5
6080,2.0,23
6088,0.0,5
6096,0.0,5
6096,0.0,5
6112,0.0,5
6120,0.0,5
6128,1.0,15
6128,0.0,5
6136,0.0,5
6152,0.0,3
6152,0.0,5
6168,1.0,15
6168,0.0,5
6176,3.0,36
6192,0.0,5
6192,0.0,5
6208,0.0,5
6208,0.0,5
6224,1.0,16
6232,0.0,5
6248,0.0,5
6248,0.0,5
6272,1.0,12
6272,0.0,5
6304,2.0,21
6304,1.0,14
6312,0.0,5
6312,0.0,5
6320,1.0,12
6328,0.0,3
6352,0.0,5
6352,0.0,5
6360,0.0,5
6368,0.0,5
6392,0.0,3
6432,0.0,5
6432,1.0,16
6432,3.0,39
6448,1.0,12
6472,2.0,28
6472,0.0,5
6480,1.0,15
6480,2.0,29
6480,1.0,16
6520,0.0,5
6520,0.0,5
6520,0.0,5
6544,0.0,3
6560,0.0,5
6560,1.0,16
6560,0.0,5
6584,0.0,5
6592,1.0,15
6592,2.0,20
6600,0.0,5
6600,0.0,5
6608,1.0,17
6624,0.0,5
6632,0.0,5
6632,2.0,23
6632,0.0,5
6640,0.0,5
6648,0.0,5
6664,0.0,5
6672,1.0,14
6672,0.0,5
6672,0.0,5
6680,0.0,5
6688,0.0,5
6704,0.0,5
6712,0.0,5
6712,0.0,5
6712,1.0,14
6712,0.0,5
6720,0.0,5
6752,0.0,5
6752,0.0,5
6752,0.0,5
6752,0.0,5
6760,0.0,5
6760,1.0,16
6792,0.0,5
6792,0.0,5
6792,0.0,5
6792,0.0,5
6800,0.0,5
6800,1.0,14
6832,0.0,5
6832,0.0,5
6840,0.0,5
6872,1.0,14
6872,0.0,5
6872,0.0,5
6872,2.0,21
6880,0.0,5
6896,1.0,12
6896,0.0,3
6912,0.0,5
6912,0.0,5
6920,1.0,16
6920,1.0,16
6920,0.0,5
6936,0.0,5
6936,0.0,5
6952,0.0,5
6960,0.0,5
6960,0.0,5
6960,0.0,5
6976,0.0,5
6976,0.0,5
6992,0.0,5
7000,0.0,5
7000,0.0,5
7000,0.0,5
7016,0.0,5
7024,1.0,14
7024,0.0,3
7024,0.0,3
7040,0.0,5
7056,0.0,5
7056,2.0,23
7064,0.0,5
7080,0.0,5
7096,0.0,5
7104,1.0,16
7120,0.0,5
7136,0.0,5
7136,1.0,14
7144,0.0,5
7160,0.0,5
7160,1.0,17
7160,2.0,21
7176,0.0,5
7176,0.0,5
7192,1.0,17
7192,1.0,16
7200,0.0,5
7200,0.0,5
7200,0.0,5
7216,0.0,5
7232,0.0,5
7232,0.0,5
7240,0.0,5
7240,0.0,5
7256,0.0,5
7256,1.0,14
7272,0.0,5
7272,0.0,5
7280,0.0,5
7280,0.0,5
7280,0.0,3
7296,0.0,5
7296,0.0,3
7304,1.0,16
7312,0.0,5
7320,0.0,5
7320,0.0,3
7320,0.0,5
7336,1.0,17
7336,0.0,5
7344,0.0,5
7352,0.0,5
7360,0.0,5
7360,0.0,5
7360,0.0,5
7376,0.0,5
7376,1.0,12
7384,0.0,5
7392,0.0,5
7408,0.0,3
7416,0.0,5
7416,0.0,5
7432,0.0,5
7456,0.0,5
7456,0.0,5
7472,1.0,14
7472,0.0,5
7488,1.0,16
7496,0.0,5
7496,0.0,5
7504,2.0,21
7512,0.0,3
7512,0.0,5
7528,2.0,21
7536,0.0,5
7536,0.0,5
7536,1.0,16
7544,0.0,5
7552,0.0,5
7568,0.0,3
7568,1.0,12
7568,0.0,5
7576,0.0,5
7576,0.0,5
7592,0.0,5
7592,0.0,3
7616,0.0,5
7616,0.0,3
7616,0.0,5
7624,1.0,14
7656,0.0,5
7656,0.0,5
7664,0.0,5
7672,1.0,17
7696,0.0,5
7696,1.0,16
7696,0.0,5
7704,1.0,17
7712,0.0,5
7736,0.0,5
7744,0.0,5
7752,0.0,5
7776,2.0,23
7776,0.0,5
7776,1.0,14
7784,0.0,5
7792,0.0,5
7800,2.0,23
7816,0.0,5
7816,0.0,5
7824,1.0,16
7840,0.0,5
7856,0.0,5
7856,0.0,5
7864,0.0,5
7872,1.0,12
7880,2.0,23
7880,0.0,5
7896,1.0,14
7904,0.0,3
7912,1.0,15
7920,0.0,5
7936,0.0,5
7944,0.0,5
7952,0.0,5
7960,0.0,5
7968,0.0,3
7976,1.0,13
7976,0.0,5
7984,1.0,16
7992,1.0,17
7992,1.0,16
7992,0.0,5
8000,0.0,3
8000,0.0,5
8008,0.0,5
8016,0.0,5
8024,0.0,5
8032,0.0,5
8032,0.0,5
8040,0.0,5
8040,0.0,5
8064,0.0,5
8072,0.0,5
8080,0.0,5
8088,1.0,12
8112,0.0,5
8120,0.0,5
8128,0.0,5
8128,1.0,14
8136,1.0,16
8144,1.0,14
8152,0.0,3
8160,0.0,5
8168,0.0,5
8168,0.0,3
8176,0.0,5
8192,0.0,5
8200,0.0,5
8208,0.0,5
8208,0.0,5
8216,0.0,5
8224,2.0,23
8240,0.0,5
8248,0.0,5
8248,2.0,23
8248,0.0,5
8256,0.0,5
8264,0.0,5
8280,0.0,5
8288,0.0,5
8288,0.0,5
8288,0.0,5
8304,0.0,5
8320,0.0,5
8328,0.0,5
8328,0.0,5
8336,2.0,28
8368,0.0,5
8368,1.0,14
8368,0.0,5
8376,0.0,5
8400,1.0,14
8400,1.0,12
8408,0.0,5
8416,0.0,5
8416,2.0,28
8424,0.0,3
8440,0.0,5
8448,0.0,5
8448,1.0,16
8456,0.0,5
8456,0.0,5
8464,0.0,5
8480,0.0,5
8488,0.0,5
8496,0.0,5
8496,0.0,5
8496,1.0,16
8504,1.0,17
8520,0.0,5
8528,0.0,5
8536,0.0,5
8536,0.0,5
8536,0.0,5
8560,0.0,5
8568,0.0,5
8576,0.0,5
8576,1.0,16
8576,1.0,14
8576,0.0,5
8576,0.0,5
8592,0.0,3
8600,0.0,5
8600,1.0,12
8600,0.0,3
8616,0.0,5
8616,0.0,5
8616,0.0,5
8624,0.0,3
8632,0.0,5
8640,0.0,5
8656,0.0,3
8656,0.0,5
8664,0.0,5
8680,0.0,3
8680,0.0,5
8696,0.0,5
8704,1.0,16
8712,1.0,14
8720,0.0,5
8720,0.0,5
8728,1.0,14
8728,1.0,14
8736,0.0,5
8744,0.0,5
8752,0.0,5
8760,0.0,5
8768,0.0,5
8776,0.0,5
8776,1.0,14
8784,0.0,5
8792,0.0,5
8800,0.0,5
8808,0.0,3
8816,0.0,5
8832,0.0,5
8840,0.0,5
8848,0.0,5
8864,1.0,17
8872,0.0,5
8880,0.0,5
8888,2.0,21
8888,0.0,5
8912,0.0,3
8920,0.0,5
8928,0.0,5
8952,0.0,5
8952,2.0,23
8960,0.0,5
8960,1.0,12
8968,0.0,5
8976,0.0,3
8984,1.0,14
8992,0.0,3
9000,0.0,5
9000,0.0,5
9016,0.0,3
9024,0.0,5
9032,2.0,27
9040,0.0,5
9040,0.0,3
9056,0.0,3
9064,0.0,5
9064,1.0,14
9064,3.0,36
9080,0.0,5
9080,0.0,5
9088,0.0,3
9088,0.0,3
9096,1.0,12
9112,1.0,17
9120,0.0,5
9120,0.0,5
9128,0.0,5
9136,0.0,5
9152,0.0,5
9160,1.0,12
9176,0.0,5
9184,1.0,16
9192,0.0,5
9216,1.0,16
9240,1.0,14
9240,0.0,3
9256,1.0,12
9280,0.0,5
9280,0.0,5
9280,1.0,12
9288,1.0,14
9288,2.0,21
9296,0.0,5
9304,1.0,14
9304,2.0,23
9320,0.0,5
9320,0.0,5
9328,0.0,5
9328,0.0,5
9344,0.0,5
9360,0.0,5
9360,0.0,5
9368,0.0,5
9384,0.0,5
9384,0.0,3
9400,1.0,12
9408,0.0,5
9408,0.0,3
9424,0.0,5
9440,0.0,5
9448,0.0,5
9448,0.0,5
9448,1.0,15
9464,0.0,5
9488,0.0,5
9504,0.0,5
9512,2.0,29
9528,2.0,21
9528,0.0,3
9544,1.0,12
9552,0.0,3
9560,1.0,15
9568,3.0,34
9568,0.0,5
9576,1.0,16
9584,0.0,5
9600,0.0,5
9608,0.0,5
9608,0.0,5
9616,0.0,5
9624,0.0,5
9640,0.0,5
9648,0.0,3
9648,0.0,5
9648,0.0,5
9680,1.0,16
9688,0.0,5
9688,0.0,5
9704,2.0,24
9704,0.0,3
9728,0.0,5
9728,0.0,5
9736,1.0,15
9744,0.0,5
9744,0.0,5
9752,1.0,14
9768,0.0,5
9768,0.0,5
9784,0.0,5
9784,1.0,17
9808,0.0,5
9808,0.0,5
9816,3.0,41
9824,0.0,5
9848,0.0,5
9848,1.0,12
9856,0.0,5
9864,1.0,15
9872,1.0,17
9888,0.0,5
9888,0.0,5
9896,0.0,5
9904,0.0,5
9912,0.0,5
9920,1.0,14
9928,0.0,5
9928,0.0,5
9936,1.0,14
9936,0.0,5
9944,0.0,5
9960,0.0,3
9960,0.0,5
9968,0.0,5
9968,0.0,5
9968,2.0,23
9976,0.0,5
9984,0.0,5
9992,0.0,3
10000,0.0,5
10000,0.0,5
10008,0.0,5
10024,0.0,5
10032,0.0,5
10040,0.0,5
10080,1.0,14
10096,2.0,23
10104,1.0,16
10120,0.0,5
10120,0.0,3
10128,1.0,12
10136,1.0,17
10136,1.0,12
10144,1.0,17
10144,0.0,5
10160,0.0,5
10160,0.0,5
10168,0.0,5
10200,0.0,5
10232,1.0,12
10232,1.0,12
10240,1.0,12
10240,0.0,5
10272,0.0,5
10272,0.0,5
10280,0.0,5
10296,1.0,17
10312,0.0,5
10312,0.0,5
10320,0.0,5
10328,2.0,23
10336,0.0,5
10352,0.0,5
10352,2.0,23
10352,0.0,5
10368,1.0,16
10368,0.0,5
10376,0.0,5
10384,4.0,45
10392,0.0,5
10392,0.0,5
10392,0.0,5
10408,0.0,5
10408,0.0,5
10424,0.0,5
10432,0.0,5
10432,0.0,5
10448,0.0,5
10472,0.0,5
10488,0.0,5
10504,2.0,23
10512,0.0,5
10528,0.0,5
10528,1.0,17
10544,0.0,5
10544,1.0,17
10552,0.0,5
10552,1.0,16
10560,2.0,23
10568,0.0,5
10584,0.0,5
10584,0.0,5
10592,0.0,5
10592,0.0,5
10600,0.0,5
10616,2.0,23
10624,0.0,5
10624,0.0,5
10632,0.0,5
10632,0.0,5
10640,0.0,5
10656,0.0,5
10664,0.0,5
10664,1.0,17
10672,0.0,5
10680,0.0,5
10704,0.0,5
10712,0.0,5
10720,0.0,5
10744,0.0,5
10752,2.0,23
10768,1.0,17
10784,0.0,5
10792,0.0,5
10792,1.0,17
10808,0.0,5
10808,2.0,23
10832,0.0,5
10832,0.0,5
10848,2.0,23
10848,0.0,5
10848,0.0,5
10872,0.0,5
10888,0.0,5
10888,0.0,5
10896,2.0,23
10904,2.0,23
10912,0.0,5
10928,0.0,5
10928,0.0,5
10936,0.0,5
10944,0.0,5
10968,0.0,5
10968,2.0,23
10976,0.0,5
11008,0.0,5
11008,0.0,5
11016,2.0,23
11040,2.0,24
11040,1.0,12
11056,1.0,16
11080,0.0,5
11080,0.0,5
11104,1.0,12
11144,0.0,5
11176,1.0,12
11184,0.0,5
11200,2.0,24
11216,0.0,5
11224,4.0,39
11240,0.0,5
11248,2.0,24
11280,1.0,12
11280,0.0,5
11288,0.0,5
11320,0.0,5
11320,0.0,5
11328,0.0,5
11336,4.0,45
11360,0.0,5
11360,0.0,5
11368,0.0,5
11376,0.0,5
11376,4.0,45
11400,0.0,5
11400,0.0,5
11408,0.0,5
11416,0.0,5
11416,0.0,5
11416,2.0,24
11440,0.0,5
11440,0.0,5
11440,4.0,45
11456,0.0,5
11480,0.0,5
11480,0.0,5
11496,0.0,5
11512,1.0,12
11520,0.0,5
11520,0.0,5
11536,0.0,5
11536,1.0,16
11536,1.0,12
11544,1.0,16
11560,0.0,5
11560,0.0,5
11576,4.0,45
11576,0.0,5
11576,0.0,5
11576,0.0,5
11584,0.0,5
11600,0.0,5
11616,0.0,5
11616,0.0,5
11616,0.0,5
11616,0.0,5
11624,0.0,5
11640,1.0,16
11640,0.0,3
11640,0.0,5
11656,0.0,5
11680,0.0,5
11680,0.0,5
11728,1.0,14
11744,2.0,23
11744,1.0,15
11768,0.0,3
11768,0.0,5
11768,0.0,3
11784,2.0,21
11800,1.0,15
11808,0.0,5
11808,2.0,21
11808,0.0,5
11824,0.0,3
11824,2.0,21
11832,0.0,3
11848,0.0,5
11848,2.0,21
11848,0.0,3
11864,0.0,5
11872,0.0,5
11888,0.0,5
11888,0.0,5
11896,0.0,3
11904,0.0,5
11936,2.0,21
11968,2.0,23
11976,0.0,5
11976,2.0,21
12008,0.0,5
12016,2.0,21
12016,0.0,5
12024,1.0,17
12056,2.0,21
12056,0.0,5
12064,0.0,5
12072,2.0,21
12080,2.0,23
12096,0.0,5
12096,0.0,5
12104,0.0,5
12112,0.0,5
12112,1.0,17
12120,0.0,5
12136,0.0,5
12136,0.0,5
12144,0.0,5
12144,1.0,17
12152,1.0,17
12152,0.0,5
12160,0.0,5
12176,0.0,5
12176,0.0,5
12184,0.0,5
12184,0.0,5
12192,0.0,5
12192,0.0,5
12200,0.0,5
12216,0.0,5
12216,0.0,5
12224,0.0,5
12232,0.0,5
12248,1.0,17
12296,1.0,12
12312,1.0,12
12312,1.0,12
12328,1.0,12
12328,1.0,18
12336,0.0,5
12344,1.0,12
12352,0.0,5
12352,0.0,5
12368,0.0,5
12368,0.0,5
12376,0.0,5
12384,0.0,5
12392,0.0,5
12392,0.0,5
12408,0.0,5
12408,0.0,5
12416,2.0,24
12416,0.0,5
12424,0.0,5
12448,0.0,5
12448,0.0,5
12456,0.0,5
12456,0.0,5
12480,0.0,3
12488,0.0,5
12488,0.0,5
12520,3.0,41
12520,0.0,5
12560,0.0,5
12560,0.0,5
12576,2.0,23
12576,2.0,23
12600,0.0,3
12608,2.0,23
12616,0.0,5
12632,0.0,3
12632,2.0,22
12640,0.0,5
12656,0.0,3
12656,2.0,21
12656,0.0,3
12656,2.0,21
12672,1.0,14
12680,0.0,3
12680,0.0,3
12680,0.0,5
12696,0.0,3
12696,0.0,5
12696,0.0,5
12704,0.0,3
12720,0.0,5
12720,0.0,3
12720,0.0,5
12728,2.0,21
12744,0.0,5
12744,0.0,3
12752,0.0,3
12776,0.0,3
12784,2.0,21
12784,0.0,5
12808,1.0,14
12816,0.0,5
12824,1.0,16
12824,0.0,5
12824,0.0,5
12832,0.0,3
12832,1.0,14
12832,1.0,14
12856,1.0,14
12856,0.0,3
12856,0.0,3
12864,0.0,5
12864,0.0,5
12864,0.0,5
12880,0.0,3
12896,0.0,5
12904,0.0,5
12904,0.0,5
12920,0.0,5
12944,0.0,5
12960,1.0,16
12984,0.0,3
12984,2.0,21
12992,1.0,17
13008,0.0,3
13016,1.0,15
13016,0.0,3
13024,0.0,5
13032,2.0,21
13040,1.0,15
13048,0.0,5
13056,1.0,14
13056,0.0,5
13056,0.0,3
13056,0.0,5
13072,2.0,21
13080,0.0,3
13080,0.0,5
13080,0.0,3
13096,0.0,5
13112,0.0,5
13120,0.0,5
13120,0.0,5
13120,0.0,5
13136,1.0,14
13136,0.0,5
13152,0.0,5
13160,0.0,5
13160,0.0,5
13168,1.0,15
13168,1.0,14
13176,0.0,5
13176,0.0,5
13192,0.0,5
13200,0.0,5
13200,0.0,5
13208,0.0,5
13216,1.0,12
13216,0.0,5
13240,0.0,5
13240,0.0,5
13248,0.0,5
13256,0.0,5
13280,0.0,5
13280,0.0,5
13280,0.0,3
13296,1.0,16
13304,1.0,16
13304,0.0,3
13320,1.0,16
13336,0.0,5
13344,1.0,16
13344,0.0,5
13360,0.0,5
13384,0.0,5
13384,0.0,5
13384,1.0,17
13400,0.0,5
13424,0.0,5
13424,0.0,5
13424,0.0,5
13440,1.0,17
13448,2.0,21
13448,2.0,21
13464,0.0,5
13464,0.0,5
13464,0.0,5
13472,1.0,17
13480,0.0,5
13488,0.0,5
13488,0.0,5
13504,0.0,5
13504,0.0,5
13504,0.0,5
13512,0.0,5
13520,0.0,5
13528,0.0,5
13528,0.0,5
13536,1.0,17
13544,0.0,5
13544,0.0,5
13544,0.0,5
13552,0.0,5
13560,0.0,5
13568,0.0,5
13568,0.0,5
13576,0.0,5
13584,0.0,5
13584,0.0,5
13592,0.0,5
13600,0.0,5
13608,0.0,5
13616,0.0,5
13624,0.0,5
13632,0.0,5
13640,0.0,5
13648,0.0,5
13664,0.0,5
13672,0.0,5
13672,1.0,16
13680,0.0,5
13688,0.0,5
13696,1.0,16
13712,1.0,16
13712,0.0,5
13720,0.0,5
13728,0.0,5
13736,0.0,5
13752,0.0,5
13752,0.0,5
13760,0.0,5
13768,0.0,5
13776,0.0,5
13792,0.0,5
13800,2.0,23
13800,0.0,5
13816,0.0,5
13832,0.0,5
13840,0.0,5
13840,0.0,5
13848,2.0,23
13856,0.0,5
13856,2.0,23
13880,0.0,5
13880,0.0,5
13888,0.0,5
13896,0.0,5
13896,0.0,5
13920,0.0,5
13928,0.0,5
13936,0.0,5
13936,0.0,5
13936,2.0,23
13952,2.0,23
13960,0.0,5
13968,0.0,5
13976,0.0,5
13992,0.0,5
14000,0.0,5
14008,0.0,5
14016,1.0,17
14016,2.0,23
14016,0.0,5
14032,0.0,5
14040,0.0,5
14048,0.0,5
14056,0.0,5
14056,0.0,5
14056,0.0,5
14064,1.0,16
14064,1.0,16
14072,0.0,5
14088,0.0,5
14096,0.0,5
14096,0.0,5
14104,0.0,5
14104,0.0,5
14112,0.0,5
14144,0.0,5
14152,0.0,5
14216,1.0,15
14224,2.0,21
14224,2.0,23
14224,1.0,15
14256,0.0,5
14256,1.0,14
14256,2.0,21
14264,0.0,5
14264,0.0,5
14264,1.0,14
14264,0.0,5
14264,2.0,21
14280,0.0,3
14280,0.0,3
14288,0.0,3
14288,0.0,3
14304,0.0,5
14304,0.0,3
14312,0.0,3
14344,0.0,5
14352,0.0,5
14384,1.0,15
14384,1.0,15
14384,0.0,5
14408,0.0,3
14408,0.0,3
14408,1.0,16
14416,1.0,16
14424,2.0,21
14432,0.0,3
14440,0.0,3
14448,0.0,5
14448,0.0,3
14472,0.0,5
14472,2.0,21
14480,0.0,5
14496,0.0,3
14520,2.0,21
14528,1.0,15
14536,0.0,5
14544,0.0,3
14552,2.0,21
14568,0.0,5
14576,0.0,3
14584,1.0,17
14584,0.0,5
14608,0.0,3
14632,2.0,23
14640,2.0,21
14656,0.0,3
14656,1.0,15
14664,2.0,23
14664,0.0,3
14696,0.0,5
14696,0.0,5
14704,0.0,5
14704,1.0,15
14712,1.0,17
14736,0.0,5
14736,2.0,21
14736,1.0,16
14736,0.0,5
14744,0.0,5
14744,0.0,5
14752,0.0,5
14776,0.0,5
14776,0.0,5
14776,0.0,5
14776,0.0,5
14784,0.0,5
14784,0.0,5
14800,1.0,17
14816,0.0,5
14816,0.0,5
14816,0.0,5
14816,0.0,5
14824,0.0,5
14824,0.0,5
14856,0.0,5
14856,0.0,5
14856,0.0,5
14864,0.0,5
14864,0.0,5
14896,0.0,5
14904,0.0,5
14936,0.0,5
14936,1.0,17
14936,2.0,23
14944,1.0,16
14976,0.0,5
14976,0.0,5
14976,0.0,5
14984,0.0,5
14992,1.0,17
14992,1.0,16
15016,0.0,5
15016,0.0,5
15016,0.0,5
15024,0.0,5
15032,0.0,5
15032,0.0,5
15040,2.0,23
15056,0.0,5
15056,0.0,5
15056,0.0,5
15064,0.0,5
15072,0.0,5
15080,0.0,5
15096,0.0,5
15096,0.0,5
15096,0.0,5
15104,0.0,5
15120,0.0,5
15136,0.0,5
15136,0.0,5
15136,0.0,5
15144,0.0,5
15160,0.0,5
15176,0.0,5
15176,0.0,5
15176,0.0,5
15200,1.0,16
15200,0.0,5
15216,0.0,5
15216,2.0,23
15216,0.0,5
15216,0.0,5
15224,3.0,40
15240,1.0,12
15248,0.0,3
15256,0.0,5
15256,0.0,5
15256,0.0,5
15256,0.0,5
15280,0.0,5
15288,0.0,5
15296,0.0,5
15296,1.0,12
15296,0.0,5
15320,0.0,5
15328,1.0,16
15336,0.0,5
15352,1.0,12
15352,1.0,12
15368,0.0,5
15376,1.0,10
15376,0.0,5
15392,1.0,12
15392,0.0,5
15392,0.0,5
15408,0.0,5
15416,0.0,5
15416,0.0,5
15424,1.0,17
15432,0.0,5
15432,0.0,5
15432,0.0,5
15448,1.0,16
15456,0.0,5
15464,0.0,5
15472,0.0,5
15472,0.0,5
15472,0.0,5
15488,0.0,5
15496,0.0,5
15504,0.0,5
15512,0.0,5
15512,0.0,5
15512,0.0,5
15536,0.0,5
15544,0.0,5
15552,0.0,5
15552,0.0,5
15576,0.0,5
15584,0.0,5
15592,2.0,23
15592,0.0,5
15600,2.0,23
15616,0.0,5
15624,0.0,5
15632,0.0,5
15640,0.0,5
15672,2.0,23
15672,0.0,5
15680,0.0,5
15696,2.0,23
15712,0.0,5
15712,0.0,5
15720,0.0,5
15728,1.0,17
15736,2.0,23
15736,0.0,5
15752,0.0,5
15776,0.0,5
15776,0.0,5
15792,0.0,5
15800,2.0,23
15808,2.0,23
15816,0.0,5
15824,0.0,3
15832,0.0,5
15848,0.0,5
15864,0.0,5
15872,0.0,5
15888,0.0,5
15896,2.0,23
15904,1.0,16
15904,2.0,23
15904,0.0,5
15912,2.0,23
15928,0.0,3
15928,0.0,3
15936,1.0,15
15936,0.0,3
15936,0.0,5
15960,0.0,3
15968,0.0,5
15976,0.0,5
15976,0.0,5
15992,0.0,3
16000,0.0,5
16016,0.0,5
16016,0.0,5
16032,0.0,5
16040,0.0,5
16056,2.0,23
16056,1.0,16
16056,0.0,3
16056,2.0,21
16072,2.0,21
16080,0.0,3
16080,0.0,5
16080,0.0,3
16096,0.0,5
16096,0.0,5
16096,0.0,3
16120,0.0,3
16120,0.0,5
16120,0.0,5
16136,0.0,5
16136,0.0,5
16160,0.0,5
16160,0.0,5
16192,1.0,14
16216,1.0,12
16232,1.0,12
16232,1.0,12
16256,0.0,5
16256,1.0,12
16256,1.0,12
16272,0.0,5
16288,1.0,12
16328,4.0,39
16328,1.0,12
16328,0.0,5
16328,4.0,39
16352,1.0,12
16352,1.0,12
16352,1.0,12
16368,0.0,5
16368,0.0,5
16368,1.0,12
16368,0.0,5
16392,0.0,5
16392,0.0,5
16408,0.0,5
16432,1.0,13
16448,0.0,5
16464,1.0,12
16464,1.0,12
16472,0.0,5
16480,1.0,16
16488,1.0,12
16504,0.0,5
16504,1.0,17
16512,0.0,5
16520,1.0,16
16528,0.0,5
16544,0.0,5
16544,0.0,5
16560,0.0,5
16568,0.0,5
16584,0.0,5
16584,0.0,5
16600,0.0,5
16608,1.0,16
16608,0.0,5
16624,1.0,14
16624,0.0,5
16632,0.0,3
16640,0.0,5
16664,0.0,5
16664,0.0,5
16672,0.0,5
16680,0.0,5
16712,0.0,5
16720,0.0,5
16720,1.0,17
16752,0.0,5
16760,4.0,39
16760,0.0,5
16760,0.0,5
16792,0.0,5
16792,4.0,41
16792,1.0,16
16800,0.0,5
16800,0.0,5
16800,0.0,5
16800,1.0,17
16832,0.0,5
16832,0.0,5
16832,0.0,5
16840,0.0,5
16840,0.0,5
16840,0.0,5
16840,0.0,5
16872,0.0,5
16872,0.0,5
16872,0.0,5
16920,4.0,39
16944,0.0,3
16960,1.0,15
16992,1.0,15
17008,2.0,21
17008,2.0,21
17008,2.0,21
17016,0.0,3
17040,2.0,21
17040,2.0,21
17048,0.0,5
17048,0.0,5
17056,0.0,5
17088,0.0,5
17088,0.0,5
17096,0.0,5
17128,0.0,5
17136,0.0,5
17144,1.0,17
17168,0.0,3
17176,1.0,17
17208,3.0,31
17208,0.0,5
17216,1.0,16
17216,0.0,5
17224,2.0,23
17232,0.0,3
17240,0.0,3
17248,0.0,3
17256,0.0,3
17272,0.0,3
17272,4.0,41
17280,0.0,3
17280,0.0,5
17304,1.0,11
17304,2.0,21
17312,0.0,5
17312,2.0,23
17312,0.0,5
17320,0.0,5
17320,1.0,14
17328,0.0,3
17336,0.0,3
17344,0.0,3
17344,0.0,5
17352,0.0,5
17352,0.0,5
17368,0.0,5
17376,0.0,5
17392,0.0,5
17392,0.0,5
17400,1.0,15
17408,0.0,5
17416,0.0,5
17432,0.0,5
17432,1.0,14
17440,0.0,5
17448,0.0,5
17456,0.0,5
17472,0.0,5
17480,0.0,5
17496,0.0,5
17512,0.0,5
17512,1.0,15
17536,0.0,5
17552,0.0,5
17552,0.0,5
17568,1.0,17
17576,0.0,5
17576,1.0,16
17592,0.0,5
17608,1.0,16
17616,0.0,5
17632,0.0,5
17648,0.0,5
17656,4.0,39
17656,0.0,5
17672,0.0,5
17680,4.0,42
17680,1.0,16
17688,0.0,5
17696,0.0,5
17696,0.0,5
17704,1.0,17
17712,0.0,5
17712,1.0,17
17720,0.0,5
17720,0.0,5
17736,0.0,5
17736,0.0,5
17744,0.0,5
17752,0.0,5
17760,0.0,5
17776,0.0,5
17776,0.0,5
17784,0.0,5
17792,0.0,5
17800,0.0,5
17816,1.0,16
17816,0.0,5
17816,0.0,5
17824,0.0,5
17840,1.0,16
17840,0.0,5
17856,0.0,5
17856,0.0,5
17856,0.0,5
17856,1.0,17
17864,0.0,5
17880,0.0,5
17880,0.0,5
17880,0.0,3
17896,0.0,5
17896,0.0,5
17896,0.0,5
17904,0.0,5
17920,0.0,5
17920,1.0,16
17920,0.0,5
17936,0.0,5
17936,0.0,5
17944,0.0,5
17960,0.0,5
17960,0.0,5
17960,0.0,5
17976,0.0,5
17976,0.0,5
17984,0.0,5
18000,0.0,5
18000,0.0,5
18000,0.0,5
18008,1.0,16
18016,0.0,5
18024,1.0,16
18040,0.0,5
18072,1.0,12
18080,1.0,12
18096,1.0,12
18096,1.0,12
18104,1.0,12
18112,1.0,12
18120,1.0,12
18136,1.0,12
18168,1.0,12
18176,1.0,12
18176,0.0,5
18192,1.0,12
18192,1.0,12
18200,1.0,12
18208,1.0,12
18208,0.0,5
18216,0.0,5
18232,0.0,3
18232,0.0,5
18232,0.0,5
18240,0.0,5
18248,0.0,5
18256,0.0,3
18272,1.0,12
18272,0.0,5
18296,0.0,5
18312,0.0,5
18312,0.0,5
18312,2.0,24
18336,0.0,5
18344,1.0,14
18352,0.0,5
18352,0.0,5
18352,0.0,5
18368,1.0,16
18376,0.0,5
18376,1.0,16
18384,0.0,5
18392,0.0,5
18392,0.0,5
18408,0.0,5
18416,0.0,5
18416,0.0,5
18424,0.0,5
18432,0.0,5
18432,0.0,5
18448,0.0,5
18456,0.0,5
18464,0.0,5
18472,0.0,5
18472,0.0,5
18480,1.0,16
18488,0.0,5
18496,0.0,5
18504,0.0,5
18512,0.0,5
18520,0.0,5
18528,0.0,5
18536,0.0,5
18544,1.0,16
18544,0.0,5
18560,0.0,5
18568,0.0,5
18576,0.0,5
18576,4.0,45
18584,0.0,5
18584,0.0,5
18600,0.0,5
18600,1.0,16
18608,0.0,5
18616,0.0,5
18616,0.0,5
18624,0.0,5
18624,0.0,5
18640,1.0,16
18640,0.0,5
18640,0.0,5
18648,0.0,5
18656,0.0,5
18656,0.0,5
18664,0.0,5
18664,0.0,5
18680,0.0,5
18680,0.0,5
18680,0.0,5
18688,0.0,5
18696,0.0,5
18696,0.0,5
18704,0.0,5
18720,0.0,5
18720,0.0,5
18720,0.0,5
18728,0.0,5
18736,0.0,5
18736,0.0,5
18744,0.0,5
18760,0.0,5
18760,0.0,5
18760,0.0,5
18768,0.0,5
18776,0.0,5
18776,0.0,5
18792,1.0,16
18800,0.0,5
18808,0.0,5
18816,0.0,5
18816,0.0,5
18840,0.0,5
18848,0.0,5
18856,0.0,5
18856,0.0,5
18872,1.0,16
18880,0.0,5
18888,0.0,5
18888,1.0,16
18896,1.0,17
18896,0.0,5
18896,0.0,5
18912,0.0,5
18920,0.0,5
18928,0.0,5
18928,1.0,17
18928,0.0,5
18936,0.0,5
18936,0.0,5
18936,0.0,5
18952,0.0,5
18968,0.0,5
18968,0.0,5
18968,0.0,5
18976,0.0,5
18976,0.0,5
18976,0.0,5
18992,0.0,5
19008,0.0,5
19008,0.0,5
19008,0.0,5
19016,0.0,5
19016,0.0,5
19016,0.0,5
19032,0.0,5
19048,0.0,5
19048,0.0,5
19048,1.0,16
19048,0.0,5
19056,0.0,5
19056,0.0,5
19056,0.0,5
19072,0.0,5
19080,0.0,3
19088,0.0,5
19088,0.0,5
19096,0.0,5
19104,0.0,3
19128,0.0,3
19136,0.0,5
19168,0.0,5
19176,0.0,5
19184,1.0,12
19184,1.0,14
19208,1.0,15
19208,0.0,5
19216,0.0,5
19224,0.0,5
19224,0.0,5
19248,0.0,5
19248,0.0,5
19256,0.0,5
19264,0.0,5
19264,0.0,5
19288,0.0,5
19288,0.0,5
19296,0.0,5
19304,0.0,5
19328,0.0,5
19328,0.0,5
19336,0.0,5
19344,0.0,5
19360,4.0,39
19360,4.0,39
19368,4.0,39
19368,0.0,5
19376,0.0,5
19384,0.0,5
19392,1.0,16
19400,0.0,5
19400,0.0,5
19408,0.0,5
19408,0.0,5
19416,0.0,5
19424,0.0,5
19432,0.0,5
19440,0.0,5
19440,0.0,5
19448,0.0,5
19448,0.0,5
19456,0.0,5
19456,1.0,16
19464,0.0,5
19472,0.0,5
19480,0.0,5
19480,0.0,5
19488,0.0,5
19488,0.0,5
19496,0.0,5
19496,0.0,5
19504,0.0,5
19512,0.0,5
19520,0.0,5
19520,0.0,5
19528,0.0,5
19528,0.0,5
19536,0.0,5
19536,0.0,5
19544,0.0,5
19552,0.0,5
19560,0.0,5
19560,0.0,5
19568,0.0,5
19568,0.0,5
19576,0.0,5
19576,0.0,5
19584,0.0,5
19592,0.0,5
19600,0.0,5
19600,0.0,5
19608,0.0,5
19608,0.0,5
19616,0.0,5
19616,0.0,5
19632,0.0,5
19640,0.0,5
19640,0.0,5
19648,0.0,5
19648,0.0,5
19656,0.0,5
19656,0.0,5
19672,0.0,5
19680,0.0,5
19680,0.0,5
19680,1.0,12
19688,0.0,5
19688,0.0,5
19696,0.0,5
19696,0.0,5
19712,0.0,5
19720,0.0,5
19720,0.0,5
19728,0.0,5
19728,0.0,5
19736,0.0,5
19736,0.0,5
19752,0.0,5
19760,0.0,5
19760,0.0,5
19768,0.0,5
19768,0.0,5
19776,0.0,5
19792,0.0,5
19800,0.0,5
19808,0.0,5
19808,0.0,5
19816,0.0,5
19832,0.0,5
19840,0.0,5
19848,0.0,5
19856,0.0,5
19872,0.0,5
19880,0.0,5
19888,0.0,5
19888,1.0,16
19896,0.0,5
19928,0.0,5
19936,1.0,16
19936,0.0,5
19976,1.0,12
19984,1.0,12
20008,4.0,41
20024,0.0,5
20032,1.0,12
20032,1.0,12
20048,0.0,5
20064,2.0,24
20064,0.0,5
20064,4.0,41
20072,0.0,5
20072,0.0,5
20104,1.0,16
20104,0.0,5
20104,0.0,5
20104,0.0,5
20112,0.0,5
20112,0.0,5
20144,0.0,5
20144,0.0,5
20144,0.0,5
20152,0.0,5
20184,0.0,5
20184,0.0,5
20192,0.0,5
20224,0.0,5
20240,2.0,24
20248,3.0,40
20264,0.0,5
20280,0.0,5
20288,0.0,5
20296,2.0,23
20320,0.0,5
20328,2.0,23
20328,0.0,5
20336,2.0,29
20360,0.0,5
20368,2.0,23
20368,0.0,5
20368,0.0,5
20376,0.0,5
20376,2.0,23
20400,0.0,5
20408,0.0,5
20408,0.0,5
20416,0.0,5
20416,0.0,5
20440,0.0,5
20448,2.0,23
20448,0.0,5
20456,0.0,5
20480,0.0,5
20488,0.0,5
20488,0.0,5
20496,0.0,5
20504,1.0,17
20520,0.0,5
20528,0.0,5
20528,0.0,5
20544,0.0,5
20560,0.0,5
20568,0.0,5
20568,0.0,5
20592,3.0,37
20592,2.0,23
20600,0.0,5
20600,2.0,23
20608,0.0,5
20632,1.0,17
20632,0.0,5
20632,0.0,5
20640,0.0,5
20648,0.0,5
20680,1.0,17
20680,0.0,5
20720,0.0,5
20752,2.0,23
20760,1.0,16
20760,1.0,16
20776,1.0,16
20784,2.0,23
20792,2.0,20
20800,0.0,5
20800,0.0,5
20808,1.0,16
20816,0.0,5
20832,0.0,5
20840,0.0,5
20848,0.0,5
20848,1.0,16
20856,0.0,5
20880,0.0,5
20888,0.0,5
20896,0.0,5
20920,0.0,5
20928,0.0,5
20936,0.0,5
20944,2.0,24
20960,0.0,5
20968,2.0,23
20976,0.0,5
20984,0.0,5
20984,2.0,23
21000,0.0,5
21008,0.0,5
21016,2.0,23
21016,0.0,5
21024,0.0,5
21040,0.0,5
21048,0.0,5
21056,0.0,5
21064,0.0,5
21088,0.0,5
21096,0.0,5
21104,0.0,5
21120,1.0,17
21128,0.0,5
21136,0.0,5
21152,1.0,17
21168,0.0,5
21176,4.0,41
21176,0.0,5
21192,0.0,5
21208,0.0,5
21216,0.0,5
21216,0.0,5
21216,3.0,36
21224,2.0,23
21232,0.0,5
21248,0.0,5
21256,0.0,5
21256,0.0,5
21256,0.0,5
21264,0.0,5
21272,0.0,5
21288,0.0,5
21288,2.0,23
21296,0.0,5
21296,0.0,5
21296,0.0,5
21304,0.0,5
21312,0.0,5
21328,0.0,5
21328,0.0,5
21336,0.0,5
21336,0.0,5
21336,0.0,5
21344,0.0,5
21352,0.0,5
21368,0.0,5
21376,0.0,5
21376,0.0,5
21384,0.0,5
21392,0.0,5
21408,0.0,5
21408,3.0,36
21416,0.0,5
21416,0.0,5
21424,0.0,5
21432,0.0,5
21440,0.0,3
21440,0.0,3
21448,0.0,5
21448,0.0,3
21448,0.0,5
21464,0.0,3
21464,0.0,3
21464,1.0,16
21472,0.0,5
21472,0.0,3
21488,0.0,5
21488,0.0,5
21496,0.0,3
21504,0.0,5
21504,0.0,5
21512,0.0,3
21512,0.0,5
21528,0.0,3
21536,0.0,5
21544,0.0,5
21552,0.0,5
21568,0.0,5
21576,0.0,3
21576,0.0,5
21576,1.0,14
21584,0.0,5
21608,0.0,5
21608,1.0,15
21616,0.0,5
21616,0.0,5
21616,0.0,5
21624,0.0,5
21640,1.0,16
21648,0.0,5
21648,0.0,5
21656,0.0,5
21656,0.0,5
21656,0.0,5
21664,0.0,5
21688,4.0,45
21688,0.0,5
21688,0.0,5
21696,0.0,5
21696,0.0,5
21704,0.0,5
21728,0.0,5
21728,0.0,5
21728,0.0,5
21736,0.0,5
21736,0.0,5
21744,0.0,5
21768,0.0,5
21768,0.0,5
21768,0.0,5
21776,0.0,5
21776,0.0,5
21776,1.0,17
21784,1.0,16
21808,0.0,5
21808,0.0,5
21808,0.0,5
21816,0.0,5
21816,0.0,5
21816,0.0,5
21824,0.0,5
21848,0.0,5
21848,0.0,5
21848,0.0,5
21856,0.0,5
21856,0.0,5
21856,0.0,5
21856,1.0,14
21864,0.0,5
21888,0.0,5
21888,0.0,5
21888,0.0,5
21896,0.0,5
21896,0.0,5
21904,0.0,5
21928,0.0,5
21928,0.0,5
21928,0.0,5
21944,0.0,5
21968,0.0,5
21968,0.0,5
21984,0.0,5
21992,1.0,17
22000,1.0,18
22008,0.0,5
22008,0.0,5
22016,1.0,15
22024,0.0,5
22032,0.0,5
22048,0.0,5
22048,0.0,5
22056,0.0,5
22064,0.0,5
22064,1.0,17
22072,0.0,5
22088,0.0,5
22088,0.0,5
22096,0.0,5
22104,0.0,5
22112,0.0,5
22128,0.0,5
22128,0.0,5
22136,0.0,5
22144,0.0,5
22152,0.0,5
22168,0.0,5
22168,0.0,5
22176,0.0,5
22192,1.0,16
22208,4.0,39
22208,0.0,5
22208,0.0,5
22216,0.0,5
22232,0.0,5
22248,0.0,5
22256,0.0,5
22272,0.0,5
22288,1.0,17
22288,0.0,5
22288,3.0,36
22296,0.0,5
22312,0.0,5
22328,0.0,5
22328,0.0,5
22352,0.0,5
22368,0.0,5
22392,0.0,5
22392,2.0,23
22408,0.0,5
22424,1.0,17
22432,3.0,36
22432,0.0,5
22448,0.0,5
22456,1.0,16
22456,0.0,3
22464,2.0,21
22496,0.0,5
22496,3.0,36
22520,0.0,3
22520,1.0,16
22544,0.0,3
22552,1.0,12
22560,1.0,17
22560,1.0,16
22576,1.0,16
22576,0.0,3
22584,0.0,3
22584,0.0,5
22584,0.0,3
22592,1.0,16
22600,0.0,3
22608,0.0,3
22616,1.0,15
22616,1.0,12
22616,0.0,3
22616,0.0,5
22624,0.0,5
22640,0.0,3
22656,0.0,5
22656,0.0,5
22656,0.0,5
22664,0.0,5
22680,0.0,5
22680,0.0,3
22704,0.0,3
22704,1.0,15
22728,0.0,3
22728,1.0,15
22736,1.0,17
22760,0.0,3
22768,1.0,14
22768,0.0,5
22776,1.0,14
22776,1.0,15
22784,0.0,3
22792,1.0,14
22808,0.0,5
22816,0.0,3
22816,0.0,5
22816,0.0,5
22824,0.0,5
22832,1.0,16
22840,1.0,14
22856,0.0,5
22856,0.0,5
22856,0.0,5
22856,0.0,3
22880,0.0,5
22896,0.0,5
22896,0.0,5
22896,0.0,5
22896,0.0,5
22896,1.0,16
22920,0.0,5
22928,1.0,15
22936,0.0,5
22936,1.0,14
22936,0.0,5
22936,0.0,5
22936,0.0,5
22960,0.0,5
22968,0.0,5
22976,0.0,5
22976,0.0,5
22976,0.0,5
22976,0.0,5
23000,0.0,3
23000,0.0,5
23008,0.0,5
23016,0.0,5
23024,1.0,16
23040,0.0,5
23040,0.0,5
23048,0.0,5
23056,0.0,5
23064,0.0,5
23072,1.0,17
23080,0.0,5
23088,0.0,5
23096,0.0,5
23104,1.0,16
23104,0.0,5
23104,1.0,16
23144,0.0,5
23168,1.0,16
23168,0.0,3
23168,1.0,12
23200,1.0,12
23200,1.0,12
23208,1.0,16
23240,0.0,5
23240,0.0,5
23248,0.0,5
23264,1.0,12
23264,1.0,12
23280,2.0,23
23280,0.0,5
23288,0.0,5
23304,0.0,5
23304,0.0,5
23320,0.0,5
23320,0.0,5
23320,2.0,29
23328,0.0,5
23344,0.0,5
23360,0.0,5
23360,0.0,5
23360,0.0,5
23368,0.0,5
23368,1.0,16
23384,0.0,5
23400,0.0,5
23400,0.0,5
23400,0.0,5
23408,0.0,5
23408,0.0,5
23424,0.0,5
23440,0.0,5
23440,0.0,5
23440,1.0,17
23440,0.0,5
23448,0.0,5
23464,0.0,5
23480,0.0,5
23480,0.0,5
23480,0.0,5
23488,0.0,5
23504,0.0,5
23520,0.0,5
23520,0.0,5
23520,0.0,5
23528,0.0,5
23528,4.0,45
23536,1.0,16
23544,0.0,5
23560,0.0,5
23560,0.0,5
23568,1.0,16
23568,0.0,5
23576,0.0,5
23584,0.0,5
23600,0.0,5
23600,0.0,5
23608,0.0,5
23608,0.0,5
23616,0.0,5
23624,0.0,5
23640,0.0,5
23640,0.0,5
23648,0.0,5
23656,0.0,5
23664,0.0,5
23680,0.0,5
23680,0.0,5
23688,0.0,5
23696,0.0,5
23704,2.0,23
23704,0.0,5
23712,2.0,23
23720,0.0,5
23736,0.0,5
23744,0.0,5
23752,0.0,5
23760,0.0,5
23784,0.0,5
23792,2.0,23
23792,0.0,5
23800,0.0,5
23824,1.0,17
23824,0.0,5
23832,0.0,5
23832,0.0,5
23840,0.0,5
23864,0.0,5
23864,2.0,23
23872,0.0,5
23872,0.0,5
23880,0.0,5
23888,0.0,3
23888,2.0,23
23904,0.0,5
23912,0.0,3
23920,2.0,23
23928,0.0,5
23944,0.0,3
23952,1.0,16
23952,0.0,5
23976,0.0,3
23984,1.0,14
23992,1.0,15
23992,1.0,14
24008,0.0,3
24016,0.0,3
24024,1.0,15
24032,0.0,5
24040,1.0,14
24048,0.0,3
24056,0.0,5
24064,0.0,3
24072,1.0,16
24072,1.0,15
24096,0.0,3
24104,1.0,16
24112,0.0,5
24144,0.0,5
24144,1.0,14
24144,1.0,17
24152,0.0,5
24168,1.0,14
24168,1.0,15
24184,0.0,5
24184,0.0,5
24184,0.0,5
24192,1.0,16
24192,0.0,5
24208,0.0,5
24208,0.0,5
24224,0.0,5
24224,0.0,5
24224,0.0,5
24232,1.0,17
24232,0.0,5
24248,0.0,5
24248,0.0,5
24248,0.0,3
24264,0.0,5
24264,0.0,5
24272,0.0,5
24288,1.0,12
24288,0.0,5
24288,0.0,5
24288,0.0,5
24304,0.0,5
24304,0.0,5
24312,0.0,5
24328,0.0,5
24328,0.0,5
24328,0.0,5
24344,0.0,5
24344,0.0,5
24352,1.0,15
24352,0.0,5
24368,0.0,5
24368,0.0,5
24368,0.0,5
24384,0.0,5
24384,0.0,5
24408,0.0,5
24424,0.0,5
24480,1.0,14
24480,1.0,16
24488,1.0,17
24496,1.0,14
24504,1.0,17
24520,1.0,14
24520,0.0,5
24520,0.0,5
24528,0.0,5
24536,0.0,5
24536,1.0,14
24544,0.0,5
24552,0.0,3
24560,0.0,5
24560,0.0,5
24576,0.0,5
24592,0.0,5
24600,0.0,5
24600,0.0,5
24616,4.0,41
24640,0.0,5
24640,1.0,15
24656,1.0,14
24656,1.0,15
24656,0.0,5
24664,0.0,3
24680,0.0,5
24696,0.0,5
24696,0.0,5
24696,1.0,15
24704,1.0,14
24704,0.0,5
24712,1.0,14
24720,0.0,3
24720,0.0,3
24720,0.0,5
24728,0.0,3
24736,0.0,5
24744,0.0,5
24752,1.0,12
24752,0.0,5
24760,0.0,5
24768,0.0,5
24776,0.0,5
24784,0.0,5
24784,0.0,3
24792,0.0,5
24792,0.0,3
24792,0.0,5
24824,0.0,5
24824,0.0,5
24832,0.0,5
24832,0.0,5
24832,1.0,14
24856,1.0,17
24864,0.0,5
24864,0.0,5
24872,0.0,5
24872,0.0,5
24872,0.0,5
24888,1.0,14
24896,0.0,5
24904,0.0,5
24904,0.0,5
24912,0.0,5
24912,0.0,5
24912,0.0,5
24920,1.0,16
24928,0.0,5
24944,0.0,5
24952,0.0,5
24952,0.0,5
24952,0.0,5
24960,0.0,5
24968,0.0,5
24992,0.0,5
24992,0.0,5
24992,0.0,5
25000,0.0,5
25008,0.0,5
25024,1.0,16
25032,0.0,5
25032,1.0,16
25032,0.0,5
25040,0.0,5
25064,0.0,5
25072,1.0,16
25072,0.0,5
25072,0.0,5
25072,0.0,5
25080,0.0,5
25104,0.0,5
25104,1.0,14
25112,0.0,5
25112,0.0,5
25112,0.0,5
25120,0.0,5
25136,1.0,16
25144,0.0,5
25144,0.0,5
25152,0.0,5
25152,0.0,5
25152,0.0,5
25160,0.0,5
25184,0.0,5
25184,0.0,5
25192,0.0,5
25192,0.0,5
25192,0.0,5
25200,0.0,5
25200,1.0,16
25224,0.0,5
25224,0.0,5
25232,0.0,5
25232,0.0,5
25232,0.0,5
25240,0.0,5
25256,0.0,3
25264,0.0,5
25272,0.0,5
25272,0.0,5
25272,1.0,17
25280,0.0,5
25296,0.0,5
25304,0.0,5
25312,0.0,5
25312,0.0,5
25312,0.0,5
25344,0.0,5
25352,0.0,5
25352,0.0,5
25352,0.0,5
25384,2.0,23
25392,0.0,5
25392,0.0,5
25392,0.0,5
25408,2.0,23
25424,0.0,5
25432,0.0,5
25432,0.0,5
25432,0.0,5
25448,0.0,5
25464,0.0,5
25464,2.0,23
25472,0.0,5
25472,0.0,5
25472,0.0,5
25480,2.0,23
25488,0.0,5
25504,0.0,5
25504,0.0,5
25512,0.0,5
25512,0.0,3
25512,0.0,5
25520,0.0,5
25544,0.0,5
25552,0.0,5
25552,0.0,5
25560,0.0,5
25584,0.0,5
25592,0.0,5
25592,0.0,5
25624,0.0,5
25632,0.0,5
25632,0.0,5
25640,1.0,17
25664,2.0,24
25664,0.0,5
25672,3.0,41
25672,0.0,5
25672,0.0,5
25680,0.0,5
25696,2.0,23
25696,1.0,17
25704,0.0,5
25704,0.0,5
25704,0.0,3
25712,0.0,5
25712,0.0,5
25712,0.0,5
25736,0.0,5
25736,0.0,5
25744,0.0,5
25744,0.0,5
25744,0.0,5
25752,0.0,5
25752,0.0,5
25752,0.0,5
25776,0.0,5
25776,0.0,5
25784,0.0,5
25784,0.0,5
25784,0.0,5
25792,0.0,5
25792,0.0,5
25816,0.0,5
25816,0.0,5
25824,0.0,5
25824,0.0,5
25824,0.0,5
25832,0.0,5
25832,0.0,5
25856,0.0,5
25856,0.0,5
25864,0.0,5
25864,0.0,5
25864,0.0,5
25872,0.0,5
25872,0.0,5
25896,0.0,5
25896,0.0,5
25904,0.0,5
25904,0.0,5
25904,0.0,5
25912,0.0,5
25912,0.0,5
25936,0.0,5
25936,0.0,5
25944,0.0,5
25944,0.0,5
25944,0.0,5
25952,0.0,5
25952,0.0,5
25976,0.0,5
25976,0.0,5
25984,0.0,5
25984,0.0,5
25984,0.0,5
25992,0.0,5
25992,0.0,5
26016,0.0,5
26016,0.0,5
26024,0.0,5
26024,0.0,5
26024,0.0,5
26032,0.0,5
26032,0.0,5
26056,0.0,5
26064,0.0,5
26072,0.0,5
26072,0.0,5
26104,0.0,5
26112,0.0,5
26112,1.0,12
26112,0.0,5
26120,1.0,12
26120,4.0,46
26128,0.0,3
26136,0.0,3
26152,0.0,5
26152,1.0,12
26160,0.0,5
26168,0.0,5
26176,0.0,5
26176,0.0,3
26184,0.0,3
26192,0.0,3
26192,0.0,5
26216,0.0,5
26224,1.0,14
26224,0.0,5
26232,0.0,5
26232,0.0,5
26248,1.0,16
26256,0.0,5
26256,0.0,3
26264,0.0,5
26288,0.0,5
26296,1.0,15
26296,0.0,5
26304,0.0,5
26336,0.0,5
26336,4.0,39
26336,0.0,5
26336,1.0,14
26344,1.0,14
26368,1.0,14
26376,0.0,5
26376,0.0,5
26376,0.0,5
26384,0.0,5
26400,1.0,14
26408,0.0,5
26416,0.0,5
26416,0.0,5
26416,1.0,14
26424,0.0,5
26440,0.0,5
26448,0.0,5
26448,1.0,14
26456,0.0,5
26456,0.0,5
26456,0.0,5
26464,0.0,5
26480,0.0,5
26488,0.0,5
26488,0.0,5
26496,0.0,5
26496,0.0,5
26504,0.0,5
26504,1.0,16
26520,0.0,5
26528,0.0,5
26536,0.0,5
26544,0.0,5
26544,0.0,5
26560,0.0,5
26576,0.0,5
26584,0.0,5
26584,0.0,5
26592,1.0,17
26600,0.0,5
26616,0.0,5
26624,1.0,16
26624,1.0,17
26624,0.0,5
26632,0.0,5
26640,0.0,5
26656,1.0,16
26656,0.0,5
26664,0.0,5
26664,0.0,5
26664,0.0,5
26680,0.0,5
26680,1.0,12
26696,0.0,5
26704,0.0,5
26704,0.0,5
26720,0.0,5
26720,0.0,5
26736,0.0,5
26744,0.0,5
26760,0.0,5
26760,1.0,16
26760,0.0,5
26784,0.0,5
26792,1.0,17
26800,1.0,17
26800,0.0,5
26800,0.0,5
26832,0.0,5
26832,1.0,16
26840,0.0,5
26840,0.0,5
26840,0.0,5
26864,1.0,16
26872,0.0,5
26880,0.0,5
26880,0.0,5
26880,0.0,5
26896,1.0,17
26904,0.0,5
26912,0.0,5
26912,1.0,16
26920,0.0,5
26920,0.0,5
26920,0.0,5
26936,0.0,5
26944,0.0,5
26952,0.0,5
26952,0.0,5
26960,0.0,5
26960,0.0,5
26968,1.0,17
26992,0.0,5
27000,0.0,5
27000,0.0,5
27008,0.0,5
27032,0.0,5
27040,0.0,5
27040,0.0,5
27048,0.0,5
27048,1.0,16
27072,0.0,5
27072,1.0,16
27072,1.0,17
27080,0.0,5
27080,1.0,16
27080,0.0,5
27088,0.0,5
27088,0.0,5
27112,0.0,5
27112,0.0,5
27112,0.0,5
27120,0.0,5
27120,0.0,5
27120,0.0,5
27128,0.0,5
27128,0.0,5
27152,0.0,5
27152,0.0,5
27152,0.0,5
27160,0.0,5
27168,0.0,5
27168,0.0,5
27192,0.0,5
27192,0.0,5
27192,0.0,5
27200,0.0,5
27208,0.0,5
27208,0.0,5
27232,0.0,5
27232,0.0,5
27240,0.0,5
27248,0.0,5
27248,1.0,16
27256,1.0,17
27272,0.0,5
27272,0.0,5
27272,0.0,3
27280,0.0,5
27288,0.0,5
27296,0.0,5
27312,0.0,5
27312,0.0,5
27312,0.0,5
27320,0.0,5
27320,1.0,16
27328,0.0,5
27336,0.0,3
27336,1.0,16
27336,0.0,3
27360,0.0,5
27360,0.0,5
27376,0.0,5
27376,0.0,5
27376,0.0,5
27384,0.0,3
27400,0.0,5
27400,0.0,3
27416,1.0,15
27424,0.0,5
27424,1.0,14
27440,0.0,5
27440,1.0,14
27440,0.0,5
27456,0.0,5
27464,0.0,5
27488,1.0,14
27504,1.0,16
27528,0.0,5
27536,1.0,14
27544,0.0,5
27552,1.0,14
27560,1.0,15
27568,1.0,14
27576,1.0,17
27584,1.0,15
27616,0.0,5
27624,0.0,5
27648,1.0,15
27656,0.0,5
27664,1.0,16
27664,1.0,12
27664,0.0,5
27664,1.0,15
27688,1.0,17
27688,0.0,5
27688,1.0,16
27704,0.0,5
27704,0.0,5
27712,0.0,3
27728,0.0,5
27728,0.0,5
27752,0.0,5
27760,1.0,12
27768,0.0,5
27768,0.0,5
27768,1.0,14
27800,0.0,5
27816,1.0,14
27824,1.0,15
27840,0.0,5
27840,0.0,3
27848,2.0,23
27864,1.0,12
27864,0.0,5
27872,1.0,15
27880,1.0,14
27880,1.0,14
27888,0.0,5
27888,0.0,3
27904,0.0,3
27904,0.0,5
27912,0.0,3
27912,0.0,5
27920,0.0,5
27928,0.0,5
27952,0.0,5
27952,1.0,14
27968,1.0,16
27992,0.0,5
27992,0.0,5
28008,0.0,5
28024,1.0,15
28032,1.0,16
28040,1.0,15
28040,1.0,16
28040,1.0,14
28056,0.0,3
28064,0.0,5
28064,0.0,3
28064,0.0,3
28080,0.0,5
28096,0.0,5
28104,1.0,14
28104,0.0,5
28112,1.0,15
28128,0.0,3
28176,1.0,14
28176,2.0,21
28192,1.0,14
28192,1.0,16
28200,0.0,3
28200,0.0,3
28208,1.0,14
28216,0.0,3
28216,0.0,3
28216,1.0,14
28224,0.0,3
28232,0.0,3
28240,0.0,3
28240,0.0,3
28248,1.0,17
28256,1.0,16
28264,0.0,5
28280,0.0,3
28280,0.0,5
28288,0.0,5
28304,0.0,5
28320,0.0,5
28328,1.0,16
28344,1.0,16
28352,0.0,3
28360,1.0,16
28368,0.0,3
28368,1.0,16
28384,0.0,3
28392,0.0,5
28392,1.0,14
28392,0.0,3
28400,1.0,14
28408,0.0,5
28416,0.0,3
28416,1.0,14
28424,0.0,3
28432,1.0,14
28432,0.0,5
28440,0.0,3
28456,0.0,3
28504,1.0,14
28512,1.0,16
28520,1.0,14
28528,0.0,3
28536,0.0,3
28544,0.0,3
28544,1.0,16
28544,1.0,14
28552,1.0,16
28568,0.0,3
28568,1.0,16
28568,0.0,3
28576,0.0,3
28584,1.0,16
28592,0.0,3
28608,0.0,3
28608,0.0,5
28648,0.0,5
28656,1.0,16
28664,1.0,16
28672,1.0,16
28680,0.0,3
28688,0.0,5
28688,0.0,3
28696,0.0,3
28696,1.0,16
28720,0.0,5
28728,0.0,5
28728,0.0,5
28736,0.0,5
28736,0.0,5
28760,0.0,5
28760,2.0,23
28768,0.0,5
28768,0.0,5
28776,2.0,23
28776,0.0,5
28800,0.0,5
28800,0.0,5
28808,0.0,5
28808,0.0,5
28816,0.0,5
28816,0.0,5
28824,0.0,3
28840,0.0,5
28848,0.0,5
28856,0.0,5
28864,0.0,5
28880,0.0,5
28888,0.0,5
28896,0.0,5
28904,0.0,5
28920,0.0,5
28920,3.0,39
28928,0.0,5
28928,2.0,24
28936,0.0,5
28944,0.0,5
28952,1.0,17
28960,0.0,5
28968,0.0,5
28968,0.0,5
28976,0.0,5
28984,0.0,5
28992,2.0,23
28992,0.0,5
29000,0.0,5
29008,0.0,5
29008,0.0,5
29016,0.0,5
29024,0.0,5
29032,0.0,5
29032,0.0,5
29040,0.0,5
29048,0.0,5
29048,0.0,5
29056,0.0,5
29064,0.0,5
29072,0.0,5
29072,0.0,5
29088,0.0,5
29088,0.0,5
29104,2.0,23
29112,0.0,5
29112,0.0,5
29128,0.0,5
29128,0.0,5
29144,0.0,5
29152,0.0,5
29152,0.0,5
29168,0.0,5
29168,0.0,5
29184,0.0,5
29192,0.0,5
29224,0.0,5
29240,2.0,23
29248,2.0,23
29264,0.0,5
29280,1.0,16
29280,0.0,5
29288,0.0,5
29296,1.0,16
29320,0.0,5
29320,1.0,16
29320,0.0,5
29328,0.0,5
29336,0.0,5
29352,2.0,23
29360,0.0,5
29360,0.0,5
29368,0.0,5
29368,3.0,41
29392,0.0,5
29392,1.0,16
29400,0.0,5
29400,0.0,5
29408,0.0,5
29432,0.0,5
29432,0.0,5
29440,0.0,5
29448,0.0,5
29472,0.0,5
29480,0.0,5
29504,1.0,17
29504,2.0,23
29512,0.0,5
29520,2.0,23
29528,1.0,16
29560,0.0,5
29568,0.0,5
29608,1.0,16
29608,0.0,5
29616,2.0,23
29632,2.0,23
29640,1.0,17
29640,1.0,17
29648,0.0,5
29648,1.0,17
29648,0.0,5
29656,0.0,5
29664,0.0,3
29672,0.0,5
29680,0.0,5
29696,1.0,17
29704,0.0,5
29720,0.0,3
29744,0.0,5
29760,0.0,5
29760,1.0,14
29768,0.0,3
29776,1.0,16
29776,1.0,15
29776,1.0,16
29784,0.0,3
29792,1.0,15
29792,0.0,3
29800,0.0,3
29800,1.0,15
29816,0.0,5
29816,0.0,5
29856,0.0,5
29872,1.0,14
29880,0.0,3
29888,1.0,12
29896,1.0,12
29904,0.0,3
29904,1.0,14
29912,0.0,5
29912,1.0,16
29928,1.0,16
29928,0.0,5
29936,1.0,15
29936,0.0,5
29952,0.0,5
29960,0.0,3
29968,0.0,5
29984,0.0,3
29992,0.0,5
30016,1.0,14
30024,0.0,5
30032,1.0,15
30040,1.0,14
30040,1.0,17
30048,1.0,14
30056,0.0,5
30072,0.0,5
30080,0.0,5
30088,1.0,15
30088,0.0,5
30096,0.0,5
30104,1.0,14
30120,0.0,3
30128,0.0,5
30136,1.0,14
30144,0.0,5
30160,0.0,5
30168,1.0,16
30168,0.0,3
30176,0.0,5
30184,0.0,3
30192,0.0,3
30200,1.0,16
30200,1.0,15
30208,0.0,3
30208,1.0,15
30208,0.0,5
30224,0.0,3
30232,0.0,3
30240,0.0,5
30240,1.0,14
30264,0.0,3
30264,0.0,5
30272,0.0,5
30304,0.0,5
30304,1.0,16
30320,1.0,16
30320,1.0,14
30328,0.0,3
30336,1.0,16
30344,0.0,3
30344,0.0,3
30360,1.0,15
30360,0.0,3
30368,0.0,5
30384,0.0,5
30384,1.0,14
30384,0.0,5
30400,0.0,5
30400,0.0,5
30408,0.0,5
30424,1.0,15
30424,0.0,5
30424,0.0,5
30432,2.0,21
30440,0.0,5
30440,0.0,5
30448,0.0,5
30456,0.0,3
30464,0.0,5
30464,0.0,5
30464,0.0,5
30480,0.0,5
30496,0.0,5
30504,0.0,5
30504,0.0,5
30504,0.0,5
30520,0.0,5
30520,1.0,17
30544,0.0,5
30544,0.0,3
30544,0.0,5
30584,0.0,5
30624,0.0,5
30632,2.0,23
30664,0.0,5
30672,2.0,22
30672,0.0,5
30672,2.0,21
30688,2.0,21
30704,0.0,5
30712,2.0,21
30712,0.0,5
30712,0.0,5
30712,0.0,5
30712,2.0,21
30728,0.0,5
30752,0.0,5
30752,0.0,5
30752,0.0,5
30768,3.0,41
30768,0.0,5
30792,0.0,3
30792,0.0,5
30792,0.0,5
30792,0.0,5
30808,0.0,5
30832,0.0,5
30832,0.0,5
30832,0.0,5
30848,1.0,17
30848,0.0,5
30872,0.0,5
30872,0.0,5
30872,0.0,5
30888,0.0,5
30888,0.0,5
30896,0.0,3
30912,0.0,3
30928,1.0,17
30992,1.0,12
31008,1.0,12
31024,1.0,12
31024,1.0,17
31032,4.0,41
31032,0.0,5
31040,4.0,41
31048,0.0,5
31064,0.0,5
31072,0.0,5
31072,0.0,5
31080,0.0,5
31088,0.0,5
31104,0.0,5
31112,0.0,5
31112,0.0,5
31120,0.0,5
31128,0.0,5
31144,0.0,5
31152,0.0,5
31152,0.0,5
31160,1.0,17
31160,3.0,36
31168,0.0,5
31184,0.0,5
31184,0.0,3
31192,0.0,5
31192,0.0,5
31200,0.0,5
31224,0.0,5
31224,0.0,5
31232,4.0,45
31232,0.0,5
31232,0.0,5
31264,0.0,5
31264,0.0,5
31272,0.0,5
31272,0.0,5
31296,1.0,16
31304,0.0,5
31304,0.0,5
31312,2.0,24
31312,0.0,5
31312,0.0,5
31336,0.0,5
31344,0.0,5
31344,0.0,5
31352,0.0,5
31352,0.0,5
31352,0.0,5
31368,0.0,3
31376,0.0,5
31384,0.0,5
31392,0.0,5
31392,0.0,5
31392,0.0,5
31416,0.0,5
31424,0.0,5
31432,0.0,5
31432,0.0,5
31456,0.0,5
31464,0.0,5
31472,0.0,5
31472,0.0,5
31488,0.0,3
31496,0.0,5
31512,0.0,5
31520,3.0,36
31528,4.0,41
31528,0.0,5
31536,0.0,5
31552,0.0,5
31560,0.0,5
31568,0.0,5
31568,0.0,5
31576,0.0,5
31592,0.0,5
31600,0.0,5
31608,0.0,5
31608,0.0,5
31616,0.0,5
31632,0.0,5
31640,0.0,5
31648,0.0,5
31648,0.0,5
31656,0.0,5
31672,0.0,5
31680,0.0,5
31688,0.0,5
31688,0.0,5
31696,0.0,5
31696,4.0,41
31712,0.0,5
31720,0.0,5
31720,4.0,41
31728,0.0,5
31728,0.0,5
31736,0.0,5
31752,0.0,5
31760,0.0,5
31760,0.0,5
31776,0.0,5
31792,1.0,12
31792,0.0,5
31800,0.0,5
31800,3.0,41
31800,0.0,5
31816,0.0,5
31832,0.0,5
31840,0.0,5
31840,0.0,5
31840,0.0,5
31856,1.0,16
31856,1.0,16
31872,0.0,5
31880,0.0,5
31880,0.0,5
31896,0.0,5
31896,0.0,5
31896,0.0,3
31904,1.0,14
31920,0.0,5
31928,1.0,14
31928,0.0,3
31936,0.0,5
31952,0.0,3
31960,0.0,3
31968,1.0,16
31968,0.0,5
31992,0.0,5
31992,0.0,3
31992,0.0,3
32000,0.0,5
32000,1.0,15
32016,1.0,15
32016,1.0,15
32024,0.0,3
32032,0.0,5
32032,0.0,5
32032,1.0,14
32040,0.0,3
32040,0.0,5
32056,0.0,5
32056,0.0,3
32064,0.0,5
32080,0.0,5
32096,0.0,5
32120,0.0,5
32160,0.0,5
32176,2.0,23
32200,2.0,21
32208,2.0,21
32216,1.0,15
32224,2.0,21
32232,2.0,21
32240,0.0,5
32248,0.0,5
32256,0.0,5
32264,0.0,5
32272,3.0,30
32272,0.0,5
32312,0.0,5
32312,1.0,17
32328,2.0,21
32336,0.0,3
32352,0.0,5
32360,1.0,15
32368,0.0,5
32368,1.0,15
32376,0.0,5
32384,1.0,15
32392,1.0,15
32400,0.0,5
32408,0.0,5
32408,0.0,5
32416,0.0,5
32424,0.0,5
32424,2.0,21
32432,0.0,5
32448,0.0,5
32448,0.0,5
32456,0.0,5
32464,0.0,5
32464,0.0,5
32472,0.0,5
32488,0.0,5
32488,0.0,5
32496,0.0,5
32504,0.0,5
32504,0.0,5
32512,0.0,5
32520,2.0,21
32528,0.0,5
32536,0.0,5
32544,0.0,5
32560,0.0,5
32576,0.0,5
32584,2.0,23
32584,0.0,5
32600,0.0,5
32600,0.0,3
32624,0.0,5
32640,0.0,5
32640,0.0,5
32680,0.0,5
32688,2.0,23
32696,2.0,21
32696,2.0,23
32696,1.0,14
32728,0.0,5
32736,0.0,5
32736,1.0,12
32736,0.0,5
32744,1.0,15
32776,0.0,5
32776,0.0,5
32776,0.0,5
32784,0.0,5
32792,1.0,14
32800,0.0,3
32808,0.0,3
32816,4.0,41
32816,0.0,3
32816,0.0,5
32816,0.0,5
32832,1.0,17
32848,0.0,5
32856,0.0,5
32856,0.0,5
32856,0.0,5
32864,1.0,17
32872,0.0,3
32872,0.0,5
32904,0.0,5
32912,0.0,5
32912,0.0,5
32928,1.0,16
32936,0.0,3
32952,1.0,17
32984,1.0,16
32992,0.0,5
32992,1.0,17
33016,1.0,14
33024,1.0,14
33024,0.0,5
33024,1.0,12
33032,0.0,5
33032,0.0,5
33040,0.0,3
33048,0.0,3
33064,0.0,5
33064,1.0,16
33064,0.0,5
33080,0.0,5
33088,0.0,5
33088,0.0,3
33088,0.0,3
33088,0.0,3
33104,3.0,31
33128,0.0,5
33128,0.0,5
33128,0.0,5
33144,1.0,14
33144,1.0,14
33144,0.0,5
33168,0.0,3
33168,0.0,3
33168,0.0,5
33168,0.0,5
33184,0.0,5
33200,1.0,15
33200,1.0,14
33208,0.0,5
33208,0.0,5
33208,0.0,5
33224,0.0,3
33240,0.0,5
33256,1.0,16
33280,1.0,14
33280,0.0,3
33296,1.0,14
33304,0.0,3
33320,0.0,3
33320,1.0,14
33320,0.0,5
33328,1.0,15
33328,1.0,15
33344,0.0,3
33344,0.0,5
33352,1.0,14
33360,1.0,17
33360,0.0,5
33368,0.0,5
33368,0.0,5
33376,0.0,3
33384,0.0,5
33400,0.0,5
33400,0.0,5
33416,0.0,5
33424,0.0,5
33440,0.0,5
33440,1.0,15
33464,1.0,15
33464,0.0,3
33504,0.0,5
33504,0.0,5
33536,1.0,15
33536,2.0,21
33536,2.0,21
33560,0.0,3
33560,0.0,3
33576,0.0,5
33584,2.0,23
33592,2.0,21
33600,0.0,5
33608,2.0,21
33608,0.0,3
33616,0.0,3
33632,0.0,3
33648,0.0,5
33656,0.0,3
33656,0.0,5
33672,2.0,21
33672,2.0,21
33688,1.0,14
33688,0.0,5
33696,0.0,5
33696,1.0,17
33696,0.0,5
33712,0.0,3
33712,0.0,5
33712,0.0,5
33720,1.0,15
33728,0.0,5
33736,0.0,5
33736,0.0,5
33736,0.0,5
33752,0.0,5
33752,0.0,5
33752,0.0,5
33760,0.0,5
33768,0.0,5
33776,0.0,5
33776,0.0,5
33792,0.0,5
33800,0.0,5
33808,0.0,5
33816,0.0,5
33816,0.0,5
33832,0.0,5
33840,0.0,5
33848,0.0,5
33856,0.0,5
33864,1.0,16
33872,0.0,5
33880,0.0,5
33888,0.0,5
33888,1.0,17
33888,1.0,17
33896,0.0,5
33904,0.0,5
33928,0.0,5
33928,0.0,5
33928,0.0,5
33944,1.0,16
33944,0.0,5
33968,0.0,3
33968,0.0,5
33968,0.0,5
33968,0.0,5
34000,1.0,16
34008,1.0,16
34008,0.0,5
34008,0.0,5
34024,0.0,3
34024,1.0,16
34048,0.0,5
34048,0.0,3
34064,0.0,5
34088,0.0,5
34088,0.0,5
34096,1.0,16
34096,1.0,16
34104,0.0,5
34120,0.0,3
34120,0.0,3
34128,0.0,5
34128,0.0,5
34136,1.0,16
34136,1.0,16
34144,0.0,5
34160,0.0,3
34160,0.0,5
34160,0.0,3
34160,0.0,5
34168,0.0,5
34168,0.0,5
34176,2.0,29
34184,0.0,5
34192,0.0,3
34200,0.0,5
34200,0.0,5
34200,0.0,5
34208,0.0,5
34224,0.0,5
34240,0.0,5
34240,0.0,5
34248,0.0,5
34320,1.0,15
34360,0.0,5
34376,2.0,23
34392,2.0,21
34392,2.0,29
34400,0.0,5
34408,2.0,21
34408,2.0,21
34416,0.0,5
34416,2.0,21
34432,0.0,5
34448,0.0,5
34448,0.0,5
34456,0.0,5
34456,0.0,5
34488,0.0,5
34488,0.0,5
34496,0.0,5
34504,4.0,41
34528,0.0,5
34528,0.0,5
34544,0.0,5
34568,2.0,21
34568,0.0,5
34568,0.0,5
34576,2.0,23
34584,0.0,5
34592,1.0,17
34616,0.0,5
34616,2.0,23
34624,0.0,5
34632,1.0,17
34632,0.0,5
34656,0.0,5
34656,0.0,5
34664,0.0,5
34672,0.0,5
34672,0.0,5
34704,1.0,17
34704,0.0,5
34712,0.0,5
34744,0.0,5
34752,0.0,5
34752,2.0,23
34752,2.0,23
34784,0.0,5
34792,1.0,17
34792,1.0,17
34792,0.0,5
34792,0.0,5
34824,0.0,5
34832,0.0,5
34832,0.0,5
34832,0.0,5
34856,2.0,23
34864,0.0,5
34872,0.0,5
34872,0.0,5
34872,0.0,5
34888,2.0,23
34896,0.0,5
34904,0.0,5
34912,0.0,5
34912,0.0,5
34928,1.0,17
34936,0.0,5
34936,2.0,23
34944,0.0,5
34952,0.0,5
34952,0.0,5
34976,0.0,5
34976,0.0,5
34984,0.0,5
34992,0.0,5
35016,0.0,5
35024,0.0,5
35024,1.0,17
35032,0.0,5
35056,0.0,5
35064,0.0,5
35064,0.0,5
35096,0.0,5
35104,0.0,5
35136,0.0,5
35144,0.0,5
35200,4.0,41
35240,0.0,5
35256,4.0,41
35280,4.0,41
35296,0.0,5
35304,4.0,41
35320,0.0,5
35328,0.0,3
35336,0.0,5
35360,0.0,5
35360,4.0,41
35368,0.0,5
35376,0.0,5
35376,4.0,39
35384,1.0,18
35400,0.0,5
35400,0.0,5
35408,0.0,5
35416,0.0,5
35416,0.0,5
35424,0.0,5
35440,0.0,5
35448,0.0,5
35456,0.0,5
35456,0.0,5
35464,4.0,41
35464,0.0,5
35472,4.0,41
35480,0.0,5
35496,0.0,5
35504,0.0,5
35512,0.0,5
35520,0.0,5
35528,1.0,16
35536,0.0,5
35544,0.0,5
35552,0.0,5
35568,0.0,5
35576,1.0,16
35584,1.0,16
35584,0.0,5
35592,1.0,16
35592,0.0,5
35608,0.0,5
35616,0.0,5
35624,0.0,5
35624,0.0,5
35632,0.0,5
35632,0.0,5
35648,0.0,5
35648,1.0,16
35656,0.0,5
35664,1.0,16
35664,0.0,5
35664,0.0,5
35672,0.0,5
35672,0.0,5
35688,0.0,5
35688,0.0,5
35696,0.0,5
35704,0.0,5
35704,0.0,5
35704,0.0,5
35712,0.0,5
35712,0.0,5
35728,0.0,5
35728,0.0,5
35736,0.0,5
35744,0.0,5
35744,0.0,5
35752,0.0,5
35752,0.0,5
35776,0.0,5
35784,0.0,5
35792,0.0,5
35816,1.0,14
35832,0.0,5
35840,0.0,3
35856,1.0,16
35864,1.0,14
35864,1.0,17
35880,0.0,5
35888,1.0,14
35888,0.0,3
35896,1.0,14
35896,0.0,5
35904,0.0,5
35912,2.0,21
35912,0.0,3
35920,0.0,3
35920,0.0,5
35928,0.0,5
35936,0.0,5
35944,1.0,14
35944,0.0,3
35952,0.0,5
35952,0.0,5
35960,0.0,5
35968,0.0,3
35992,0.0,5
36008,0.0,5
36016,1.0,14
36040,0.0,3
36040,1.0,14
36048,1.0,14
36056,1.0,14
36064,0.0,3
36072,1.0,15
36080,1.0,15
36080,0.0,5
36088,0.0,5
36096,0.0,3
36096,0.0,5
36104,0.0,5
36112,0.0,3
36120,0.0,5
36120,0.0,3
36136,1.0,16
36136,0.0,3
36160,0.0,3
36160,2.0,21
36176,0.0,5
36200,0.0,5
36200,1.0,15
36224,1.0,16
36240,0.0,5
36248,0.0,3
36288,0.0,5
36288,2.0,21
36304,2.0,23
36320,1.0,15
36328,0.0,5
36344,2.0,21
36344,3.0,30
36344,0.0,5
36360,0.0,5
36368,0.0,5
36384,0.0,5
36384,0.0,5
36392,2.0,29
36408,1.0,15
36408,0.0,5
36408,2.0,21
36424,0.0,5
36424,0.0,5
36432,0.0,5
36448,0.0,5
36448,0.0,5
36448,0.0,5
36464,0.0,5
36472,0.0,5
36488,0.0,5
36488,0.0,5
36488,0.0,5
36504,0.0,5
36512,0.0,5
36528,0.0,5
36528,0.0,5
36528,0.0,5
36528,2.0,23
36544,2.0,23
36552,0.0,5
36560,1.0,17
36568,0.0,5
36568,0.0,5
36568,0.0,5
36568,0.0,5
36584,0.0,5
36592,0.0,5
36600,0.0,5
36608,0.0,5
36608,0.0,5
36624,0.0,5
36632,0.0,5
36640,0.0,5
36648,0.0,5
36648,0.0,5
36672,0.0,5
36680,0.0,5
36688,0.0,5
36688,2.0,23
36688,0.0,5
36696,1.0,16
36704,1.0,17
36712,0.0,5
36712,0.0,3
36720,0.0,5
36728,0.0,5
36728,0.0,5
36736,0.0,5
36744,1.0,15
36752,0.0,5
36752,0.0,5
36760,0.0,5
36768,0.0,5
36768,0.0,5
36776,0.0,5
36784,0.0,5
36792,0.0,5
36800,0.0,5
36808,0.0,5
36808,0.0,5
36824,0.0,5
36840,1.0,17
36840,0.0,5
36848,0.0,5
36848,0.0,5
36864,0.0,5
36880,1.0,16
36880,0.0,5
36888,0.0,5
36904,0.0,5
36920,0.0,5
36920,0.0,5
36952,1.0,14
36960,2.0,23
36960,0.0,5
36960,0.0,5
36976,2.0,23
37000,0.0,5
37000,0.0,5
37016,0.0,5
37016,2.0,21
37040,0.0,5
37040,0.0,5
37056,0.0,5
37056,0.0,5
37072,2.0,21
37072,2.0,23
37080,0.0,5
37088,1.0,16
37088,1.0,17
37096,0.0,5
37096,0.0,5
37112,0.0,5
37112,0.0,5
37120,0.0,5
37120,0.0,3
37128,0.0,5
37128,0.0,5
37136,0.0,5
37152,0.0,5
37152,0.0,5
37160,0.0,5
37160,0.0,5
37168,0.0,5
37176,0.0,5
37192,0.0,5
37192,0.0,5
37200,0.0,5
37200,0.0,5
37216,0.0,5
37224,2.0,23
37232,0.0,5
37232,0.0,5
37240,0.0,5
37256,0.0,5
37272,0.0,5
37272,0.0,5
37280,0.0,5
37296,0.0,5
37296,1.0,16
37312,0.0,5
37328,1.0,16
37352,0.0,5
37352,1.0,16
37368,0.0,5
37376,0.0,3
37384,3.0,32
37392,0.0,5
37408,1.0,16
37408,1.0,14
37408,0.0,5
37416,0.0,5
37416,0.0,3
37432,1.0,17
37440,0.0,3
37448,0.0,5
37448,0.0,5
37448,0.0,5
37456,0.0,5
37456,0.0,3
37472,0.0,3
37480,0.0,5
37480,0.0,3
37488,0.0,5
37496,0.0,5
37496,2.0,28
37512,0.0,5
37520,1.0,17
37520,0.0,5
37536,0.0,5
37544,0.0,3
37568,1.0,15
37584,0.0,5
37592,0.0,3
37616,0.0,3
37616,1.0,15
37656,0.0,5
37656,0.0,5
37656,2.0,21
37696,0.0,5
37728,3.0,31
37752,0.0,3
37792,0.0,5
37824,2.0,21
37824,2.0,21
37824,4.0,39
37832,0.0,5
37832,4.0,39
37848,4.0,39
37864,0.0,5
37864,0.0,5
37864,0.0,5
37864,2.0,21
37888,0.0,5
37896,4.0,39
37904,0.0,5
37904,0.0,5
37904,0.0,5
37936,0.0,5
37944,0.0,5
37952,1.0,15
37968,1.0,17
37976,0.0,5
37992,0.0,5
38000,1.0,17
38008,0.0,5
38016,0.0,5
38024,1.0,17
38024,1.0,15
38040,0.0,5
38048,0.0,5
38064,0.0,5
38064,0.0,5
38064,1.0,15
38080,0.0,5
38088,0.0,5
38104,0.0,5
38144,3.0,30
38192,1.0,14
38200,1.0,14
38216,1.0,14
38232,0.0,5
38240,1.0,12
38240,0.0,3
38272,0.0,5
38280,0.0,5
38280,0.0,5
38296,1.0,12
38304,4.0,39
38312,0.0,5
38320,0.0,5
38336,0.0,5
38344,4.0,41
38344,0.0,5
38352,0.0,5
38360,0.0,5
38376,4.0,39
38376,0.0,5
38384,0.0,5
38384,0.0,5
38392,0.0,5
38392,4.0,41
38400,0.0,5
38416,0.0,5
38416,1.0,17
38416,0.0,5
38424,0.0,5
38424,0.0,5
38432,0.0,5
38456,0.0,5
38456,0.0,5
38464,0.0,5
38472,0.0,5
38496,0.0,5
38512,0.0,5
38552,0.0,5
38560,1.0,17
38576,2.0,23
38584,0.0,3
38584,2.0,23
38592,0.0,5
38592,1.0,17
38600,2.0,23
38624,0.0,5
38632,0.0,5
38640,0.0,5
38648,2.0,23
38664,2.0,21
38672,0.0,5
38688,0.0,5
38704,0.0,5
38712,1.0,17
38712,0.0,5
38728,0.0,5
38744,0.0,5
38752,0.0,5
38752,0.0,5
38760,2.0,21
38760,1.0,15
38768,2.0,23
38768,0.0,5
38784,0.0,5
38792,0.0,5
38800,0.0,5
38800,0.0,5
38808,0.0,5
38808,0.0,5
38824,0.0,5
38840,2.0,27
38840,0.0,5
38864,0.0,5
38880,0.0,5
38904,0.0,5
38920,1.0,15
38920,0.0,5
38928,1.0,15
38936,2.0,23
38944,0.0,5
38960,0.0,5
38960,0.0,5
38968,0.0,5
38976,0.0,5
38992,2.0,23
39000,0.0,5
39000,0.0,5
39008,0.0,5
39016,0.0,5
39024,2.0,29
39024,2.0,23
39032,0.0,5
39040,0.0,5
39040,0.0,5
39048,0.0,5
39056,0.0,5
39064,0.0,5
39072,0.0,5
39080,0.0,5
39080,0.0,5
39088,0.0,5
39096,0.0,5
39112,0.0,5
39120,0.0,5
39120,0.0,5
39128,0.0,5
39128,2.0,23
39136,0.0,5
39152,0.0,5
39160,0.0,5
39160,0.0,5
39168,0.0,5
39168,0.0,5
39200,0.0,5
39200,0.0,5
39200,1.0,17
39208,0.0,5
39208,0.0,5
39232,1.0,12
39240,0.0,5
39240,0.0,5
39248,0.0,5
39264,2.0,30
39272,0.0,5
39280,0.0,5
39296,1.0,12
39304,1.0,12
39320,0.0,5
39344,1.0,12
39344,0.0,5
39360,1.0,12
39368,1.0,12
39376,1.0,17
39384,0.0,5
39400,0.0,5
39408,0.0,5
39416,1.0,12
39416,0.0,5
39424,0.0,5
39424,1.0,16
39440,0.0,5
39456,0.0,5
39456,0.0,5
39464,0.0,5
39464,0.0,5
39472,1.0,16
39480,0.0,5
39480,4.0,41
39496,0.0,5
39496,0.0,5
39504,0.0,5
39512,0.0,5
39520,0.0,5
39536,0.0,5
39576,0.0,5
39600,1.0,17
39600,0.0,3
39624,0.0,3
39648,1.0,17
39648,0.0,3
39656,1.0,17
39688,0.0,5
39696,0.0,5
39712,1.0,14
39736,4.0,41
39736,0.0,5
39752,0.0,5
39760,0.0,3
39768,3.0,34
39784,0.0,3
39792,0.0,3
39808,4.0,41
39816,4.0,39
39824,0.0,5
39832,0.0,3
39856,2.0,21
39856,0.0,3
39856,0.0,5
39872,1.0,15
39896,0.0,5
39896,0.0,5
39928,1.0,17
39936,0.0,5
39936,3.0,36
39944,1.0,15
39960,0.0,3
39968,0.0,5
39968,1.0,14
39968,3.0,29
39992,0.0,3
39992,0.0,3
39992,0.0,3
40016,1.0,15
40032,0.0,5
40032,0.0,5
40040,0.0,3
40048,1.0,14
40072,0.0,3
40080,0.0,5
40096,1.0,17
40120,0.0,3
40144,0.0,3
40152,1.0,15
40152,1.0,15
40184,0.0,5
40192,0.0,5
40192,0.0,5
40200,1.0,16
40200,4.0,41
40224,0.0,3
40240,0.0,5
40248,2.0,21
40248,0.0,3
40272,4.0,41
40272,0.0,3
40272,0.0,3
40280,0.0,5
40296,0.0,3
40296,0.0,3
40296,0.0,3
40304,1.0,14
40320,0.0,3
40320,4.0,41
40320,0.0,5
40328,0.0,3
40336,0.0,5
40336,0.0,5
40344,0.0,3
40344,0.0,3
40368,0.0,3
40368,0.0,3
40376,0.0,5
40408,0.0,5
40456,1.0,16
40480,0.0,3
40488,2.0,21
40496,4.0,39
40504,4.0,39
40504,2.0,21
40520,0.0,5
40528,0.0,5
40536,0.0,5
40544,2.0,21
40552,2.0,23
40568,0.0,5
40576,2.0,21
40576,0.0,5
40584,0.0,5
40592,0.0,5
40608,0.0,5
40616,0.0,5
40624,1.0,15
40632,0.0,5
40640,1.0,17
40648,0.0,5
40672,0.0,5
40680,0.0,5
40688,0.0,5
40704,2.0,23
40712,0.0,5
40712,1.0,17
40720,1.0,17
40720,0.0,5
40744,0.0,5
40752,0.0,5
40760,1.0,17
40784,0.0,5
40792,0.0,5
40800,2.0,23
40824,0.0,5
40832,0.0,5
40840,0.0,5
40856,1.0,17
40864,0.0,5
40872,0.0,5
40872,2.0,23
40896,2.0,23
40896,0.0,5
40896,1.0,17
40904,0.0,5
40904,2.0,23
40912,0.0,5
40912,0.0,5
40936,0.0,5
40936,0.0,5
40936,0.0,5
40944,0.0,5
40952,0.0,5
40960,1.0,15
40976,0.0,5
40976,0.0,5
40976,0.0,5
40984,0.0,5
40992,0.0,5
41000,0.0,5
41016,0.0,5
41016,0.0,5
41016,0.0,5
41032,0.0,5
41040,0.0,5
41056,0.0,5
41056,0.0,5
41056,0.0,5
41072,0.0,5
41080,0.0,5
41096,0.0,5
41096,2.0,23
41096,0.0,5
41112,0.0,5
41120,0.0,5
41120,1.0,17
41136,0.0,5
41136,0.0,5
41152,0.0,5
41160,0.0,5
41176,0.0,5
41176,0.0,5
41184,1.0,16
41192,1.0,12
41192,0.0,5
41200,0.0,5
41216,0.0,5
41216,0.0,5
41224,0.0,5
41232,0.0,5
41232,4.0,41
41272,0.0,5
41312,1.0,12
41320,1.0,12
41328,1.0,12
41352,0.0,5
41360,0.0,5
41392,0.0,5
41400,0.0,5
41408,2.0,24
41424,1.0,12
41432,0.0,5
41440,0.0,5
41448,3.0,41
41464,0.0,5
41472,0.0,5
41480,0.0,5
41488,0.0,5
41496,2.0,28
41504,0.0,5
41504,1.0,12
41512,0.0,5
41512,3.0,40
41528,0.0,5
41536,0.0,5
41544,0.0,5
41544,0.0,5
41552,0.0,5
41560,4.0,45
41568,0.0,5
41584,0.0,5
41584,0.0,5
41592,0.0,5
41608,0.0,5
41624,0.0,5
41624,0.0,5
41648,2.0,21
41648,0.0,5
41664,1.0,16
41664,0.0,5
41664,0.0,5
41688,0.0,5
41704,0.0,5
41704,0.0,5
41704,0.0,5
41712,0.0,3
41736,0.0,3
41744,0.0,5
41744,0.0,5
41744,2.0,23
41744,0.0,5
41776,2.0,23
41784,1.0,17
41784,0.0,5
41784,0.0,5
41800,0.0,3
41808,0.0,3
41840,4.0,41
41840,0.0,5
41848,0.0,5
41864,0.0,3
41880,0.0,5
41888,0.0,3
41888,0.0,5
41904,1.0,15
41912,2.0,21
41912,2.0,21
41912,2.0,22
41920,0.0,5
41928,0.0,5
41928,0.0,3
41936,0.0,3
41936,0.0,3
41952,0.0,5
41960,0.0,5
41968,0.0,5
41968,2.0,23
41968,0.0,5
41976,0.0,5
41976,0.0,5
41992,0.0,5
42008,0.0,5
42008,0.0,5
42008,0.0,5
42016,0.0,5
42032,0.0,5
42048,0.0,5
42048,0.0,5
42048,0.0,5
42072,2.0,23
42072,0.0,5
42088,0.0,5
42088,0.0,5
42112,0.0,5
42112,0.0,5
42128,0.0,5
42128,0.0,5
42144,2.0,23
42152,0.0,5
42152,0.0,5
42160,2.0,23
42168,0.0,5
42168,0.0,5
42192,0.0,5
42200,0.0,5
42200,2.0,23
42208,0.0,5
42208,0.0,5
42232,2.0,23
42232,0.0,5
42240,0.0,5
42248,0.0,5
42248,0.0,5
42272,0.0,5
42272,0.0,5
42328,2.0,23
42336,2.0,23
42336,1.0,17
42360,0.0,3
42360,1.0,15
42368,0.0,5
42376,0.0,5
42392,1.0,15
42400,0.0,5
42400,0.0,5
42416,2.0,21
42416,2.0,21
42432,0.0,5
42440,2.0,21
42456,0.0,5
42456,0.0,5
42480,0.0,5
42488,1.0,15
42496,1.0,15
42496,0.0,5
42512,0.0,3
42520,0.0,3
42536,0.0,5
42552,0.0,5
42560,0.0,5
42568,2.0,21
42568,2.0,21
42576,1.0,15
42592,0.0,5
42600,0.0,5
42600,2.0,21
42600,1.0,15
42608,0.0,5
42608,0.0,5
42616,0.0,5
42616,1.0,10
42640,0.0,3
42640,0.0,3
42640,0.0,5
42680,0.0,5
42696,1.0,12
42720,0.0,5
42728,1.0,15
42728,1.0,15
42736,1.0,12
42760,0.0,5
42768,0.0,5
42768,0.0,5
42792,1.0,12
42808,0.0,5
42808,0.0,5
42832,0.0,3
42904,4.0,39
42912,4.0,39
42920,2.0,23
42928,1.0,17
42944,2.0,23
42944,0.0,5
42952,0.0,5
42960,0.0,5
42976,2.0,21
42984,0.0,5
42984,0.0,5
43000,0.0,5
43000,4.0,45
43016,2.0,23
43016,0.0,5
43024,0.0,5
43024,0.0,5
43040,0.0,5
43040,0.0,5
43056,0.0,5
43056,0.0,5
43064,0.0,5
43064,0.0,5
43080,0.0,5
43080,0.0,5
43088,1.0,17
43096,0.0,5
43096,0.0,5
43104,0.0,5
43104,0.0,5
43112,2.0,23
43120,0.0,5
43120,0.0,5
43128,0.0,5
43136,0.0,5
43136,0.0,5
43144,0.0,5
43152,0.0,5
43160,0.0,5
43168,0.0,5
43176,0.0,5
43176,0.0,5
43184,0.0,5
43192,0.0,5
43200,0.0,5
43208,0.0,5
43216,0.0,5
43224,0.0,5
43232,0.0,5
43240,0.0,5
43248,0.0,5
43256,0.0,5
43264,0.0,5
43272,0.0,5
43288,0.0,5
43288,2.0,23
43288,2.0,21
43296,0.0,5
43304,0.0,5
43312,0.0,5
43328,0.0,5
43328,0.0,5
43328,0.0,5
43344,0.0,5
43352,0.0,5
43360,2.0,23
43368,0.0,5
43368,0.0,5
43368,0.0,5
43384,0.0,5
43392,0.0,5
43400,0.0,5
43408,0.0,5
43408,0.0,5
43408,0.0,5
43424,0.0,5
43424,2.0,23
43432,0.0,5
43440,0.0,5
43448,0.0,5
43448,0.0,3
43464,0.0,5
43472,0.0,5
43480,2.0,23
43488,0.0,5
43488,0.0,5
43504,0.0,5
43512,0.0,5
43520,0.0,5
43528,0.0,5
43536,1.0,16
43536,1.0,16
43544,0.0,5
43560,0.0,5
43576,0.0,5
43576,0.0,5
43600,0.0,5
43616,0.0,5
43616,0.0,5
43640,0.0,5
43656,0.0,5
43656,0.0,5
43672,2.0,23
43680,0.0,5
43696,0.0,5
43696,0.0,5
43712,0.0,5
43720,0.0,5
43736,0.0,5
43736,0.0,5
43752,0.0,5
43760,0.0,5
43768,3.0,41
43776,0.0,5
43776,0.0,5
43792,0.0,5
43800,0.0,5
43808,0.0,5
43816,0.0,5
43816,0.0,5
43832,0.0,5
43840,4.0,41
43840,0.0,5
43848,0.0,5
43856,0.0,5
43856,0.0,5
43856,4.0,41
43872,4.0,41
43872,0.0,5
43880,0.0,3
43880,0.0,5
43888,0.0,5
43896,0.0,5
43896,0.0,5
43912,0.0,5
43912,0.0,5
43920,0.0,5
43920,0.0,5
43936,0.0,5
43936,0.0,5
43960,0.0,5
43976,0.0,5
43976,0.0,5
43976,1.0,17
43984,0.0,3
44000,0.0,3
44008,0.0,3
44016,0.0,5
44016,0.0,5
44024,1.0,17
44024,1.0,13
44040,0.0,5
44048,1.0,17
44048,0.0,5
44056,0.0,5
44056,0.0,5
44064,0.0,5
44080,0.0,5
44096,0.0,5
44096,2.0,23
44136,0.0,5
44144,1.0,12
44160,1.0,14
44184,0.0,5
44184,0.0,3
44208,0.0,3
44208,2.0,23
44232,0.0,3
44232,2.0,21
44240,2.0,23
44248,2.0,21
44248,0.0,5
44264,2.0,21
44272,0.0,5
44280,0.0,5
44288,0.0,5
44296,0.0,3
44304,0.0,5
44304,2.0,21
44312,0.0,3
44312,1.0,16
44320,0.0,5
44320,0.0,3
44328,0.0,3
44336,0.0,3
44336,0.0,3
44344,0.0,3
44360,0.0,5
44368,0.0,5
44368,1.0,15
44384,0.0,5
44392,0.0,3
44408,2.0,22
44408,1.0,13
44408,0.0,5
44416,0.0,3
44424,0.0,5
44432,0.0,3
44448,0.0,5
44448,0.0,5
44456,0.0,5
44472,0.0,5
44488,0.0,5
44496,0.0,5
44520,2.0,23
44520,2.0,23
44528,0.0,5
44528,2.0,21
44536,0.0,5
44544,0.0,3
44552,0.0,3
44560,0.0,5
44568,0.0,5
44584,0.0,5
44592,0.0,5
44600,0.0,5
44608,0.0,5
44616,0.0,3
44624,0.0,5
44632,2.0,23
44640,0.0,5
44648,0.0,5
44664,0.0,5
44672,0.0,5
44680,0.0,5
44688,0.0,5
44704,0.0,5
44712,0.0,5
44720,0.0,5
44736,4.0,39
44752,0.0,5
44776,0.0,5
44792,0.0,5
44800,2.0,23
44800,4.0,41
44800,1.0,14
44816,0.0,5
44840,0.0,5
44848,4.0,39
44856,0.0,5
44872,0.0,3
44880,0.0,5
44896,0.0,5
44912,0.0,5
44936,1.0,17
44936,1.0,17
44952,0.0,5
44976,0.0,5
44992,0.0,5
45016,0.0,5
45016,1.0,17
45016,3.0,39
45032,4.0,39
45040,3.0,31
45056,0.0,5
45056,0.0,5
45064,2.0,21
45072,1.0,17
45072,0.0,5
45080,0.0,5
45096,0.0,3
45096,0.0,5
45104,0.0,5
45112,0.0,5
45120,0.0,5
45136,0.0,5
45136,0.0,5
45144,0.0,5
45152,0.0,5
45152,1.0,17
45160,2.0,21
45160,0.0,5
45176,0.0,5
45184,0.0,5
45192,0.0,5
45200,0.0,5
45200,0.0,5
45216,0.0,5
45224,2.0,21
45232,0.0,5
45240,0.0,5
45240,0.0,5
45248,0.0,3
45256,0.0,5
45280,0.0,5
45280,1.0,16
45288,0.0,5
45304,0.0,3
45320,2.0,23
45320,0.0,5
45328,0.0,5
45344,0.0,5
45360,0.0,5
45360,0.0,5
45368,2.0,23
45368,0.0,5
45384,0.0,5
45400,0.0,5
45400,0.0,5
45408,0.0,5
45408,0.0,5
45416,2.0,23
45424,0.0,5
45424,2.0,23
45424,2.0,21
45432,0.0,3
45440,0.0,5
45448,0.0,5
45456,0.0,5
45464,0.0,5
45480,0.0,5
45488,0.0,5
45496,0.0,5
45504,0.0,5
45520,0.0,5
45528,0.0,5
45536,0.0,5
45544,0.0,5
45560,0.0,5
45560,1.0,17
45568,0.0,5
45584,2.0,23
45584,0.0,5
45600,0.0,5
45600,0.0,5
45608,2.0,23
45608,0.0,5
45616,2.0,23
45624,0.0,5
45624,0.0,5
45640,0.0,5
45640,0.0,5
45648,0.0,5
45648,0.0,5
45656,0.0,5
45664,0.0,3
45664,0.0,5
45664,0.0,5
45664,0.0,3
45688,0.0,5
45688,0.0,5
45696,0.0,5
45704,0.0,5
45704,0.0,5
45704,0.0,5
45704,0.0,5
45720,2.0,23
45728,0.0,5
45744,0.0,5
45744,0.0,5
45744,0.0,5
45760,0.0,5
45768,0.0,5
45784,0.0,5
45784,0.0,5
45784,0.0,5
45800,0.0,5
45808,0.0,5
45824,1.0,16
45840,0.0,5
45848,0.0,5
45848,0.0,3
45880,0.0,5
45888,0.0,5
45888,0.0,5
45912,1.0,16
45928,0.0,5
45928,0.0,5
45952,0.0,5
45968,0.0,5
45968,0.0,5
45992,0.0,5
46008,0.0,5
46008,0.0,5
46016,4.0,41
46032,0.0,5
46032,4.0,41
46048,0.0,5
46048,0.0,5
46056,0.0,5
46072,0.0,5
46072,0.0,5
46088,0.0,5
46088,0.0,5
46096,0.0,5
46112,4.0,41
46112,0.0,5
46112,2.0,29
46112,0.0,5
46112,4.0,41
46128,0.0,5
46128,0.0,5
46136,0.0,5
46152,0.0,5
46152,0.0,5
46152,0.0,5
46152,0.0,5
46152,0.0,5
46168,0.0,5
46168,0.0,5
46176,0.0,5
46192,0.0,5
46192,0.0,5
46192,0.0,5
46192,0.0,5
46192,0.0,5
46208,0.0,5
46232,0.0,5
46232,0.0,5
46248,0.0,5
46272,0.0,5
46272,0.0,5
46288,0.0,5
46312,0.0,5
46328,0.0,5
46328,1.0,17
46352,0.0,5
46352,2.0,23
46360,2.0,23
46368,0.0,5
46368,0.0,5
46376,2.0,23
46376,2.0,23
46392,0.0,5
46392,0.0,5
46400,0.0,5
46408,0.0,5
46408,0.0,5
46416,0.0,5
46416,0.0,5
46432,0.0,5
46432,0.0,5
46448,0.0,5
46456,0.0,5
46456,2.0,23
46456,0.0,5
46472,0.0,5
46488,0.0,5
46496,0.0,5
46496,0.0,5
46496,0.0,5
46512,0.0,5
46528,0.0,5
46536,0.0,5
46536,0.0,5
46536,0.0,5
46552,0.0,5
46560,0.0,3
46576,0.0,5
46592,0.0,5
46592,2.0,24
46592,2.0,23
46600,0.0,5
46616,2.0,23
46632,0.0,5
46632,0.0,5
46640,0.0,5
46656,0.0,5
46672,0.0,5
46704,2.0,21
46712,0.0,5
46712,2.0,23
46728,1.0,17
46744,2.0,21
46752,0.0,5
46752,0.0,5
46768,1.0,17
46784,0.0,5
46792,1.0,17
46792,0.0,5
46808,0.0,5
46824,0.0,5
46824,2.0,23
46832,0.0,5
46832,0.0,5
46848,0.0,5
46864,0.0,5
46864,0.0,5
46864,1.0,17
46872,0.0,5
46888,2.0,23
46888,0.0,5
46904,0.0,5
46904,0.0,5
46912,0.0,5
46928,0.0,5
46928,0.0,5
46936,2.0,23
46944,0.0,5
46944,0.0,5
46952,0.0,5
46968,0.0,5
46968,0.0,5
46968,1.0,17
46976,0.0,5
46984,0.0,5
46992,0.0,5
47000,1.0,17
47008,0.0,5
47008,0.0,5
47008,0.0,5
47016,0.0,5
47024,0.0,5
47032,0.0,5
47048,0.0,5
47048,0.0,5
47048,0.0,5
47056,0.0,5
47064,0.0,5
47088,0.0,5
47088,0.0,5
47088,0.0,5
47096,0.0,5
47104,0.0,5
47128,0.0,5
47128,0.0,5
47128,0.0,5
47136,0.0,5
47144,0.0,5
47168,0.0,5
47168,0.0,5
47168,0.0,5
47176,0.0,5
47184,0.0,5
47208,0.0,5
47208,0.0,5
47208,0.0,5
47248,0.0,5
47248,0.0,5
47248,0.0,5
47272,1.0,12
47272,4.0,41
47288,0.0,5
47288,0.0,5
47288,0.0,5
47312,1.0,16
47312,0.0,3
47312,0.0,5
47328,4.0,41
47328,0.0,5
47328,0.0,5
47352,0.0,5
47352,0.0,5
47352,0.0,5
47360,4.0,41
47368,1.0,12
47368,0.0,5
47368,0.0,5
47368,0.0,5
47392,0.0,5
47392,0.0,5
47392,0.0,5
47400,0.0,5
47408,0.0,5
47408,0.0,5
47432,0.0,5
47432,0.0,5
47432,0.0,5
47448,0.0,5
47472,0.0,5
47472,0.0,5
47472,0.0,5
47488,0.0,5
47512,0.0,5
47512,0.0,5
47512,0.0,5
47552,0.0,5
47552,2.0,23
47552,0.0,5
47552,0.0,5
47552,2.0,23
47592,2.0,24
47592,0.0,5
47592,0.0,5
47592,2.0,23
47592,0.0,5
47592,0.0,5
47592,0.0,5
47632,0.0,5
47632,0.0,5
47632,0.0,5
47632,0.0,5
47632,0.0,5
47672,0.0,5
47672,0.0,5
47672,0.0,5
47672,0.0,5
47672,0.0,5
47712,0.0,5
47712,0.0,5
47712,0.0,5
47712,0.0,5
47720,1.0,16
47752,0.0,5
47752,0.0,5
47760,0.0,5
47776,2.0,23
47792,0.0,5
47792,0.0,5
47800,0.0,5
47816,4.0,41
47816,0.0,5
47832,0.0,5
47832,0.0,5
47840,1.0,16
47840,0.0,5
47856,2.0,23
47856,0.0,5
47856,0.0,5
47864,0.0,3
47872,0.0,5
47872,0.0,5
47880,0.0,5
47896,0.0,5
47896,0.0,5
47896,0.0,5
47896,2.0,23
47904,0.0,5
47912,0.0,5
47912,0.0,5
47920,0.0,5
47920,0.0,3
47936,0.0,5
47936,0.0,5
47936,0.0,5
47944,0.0,5
47944,0.0,3
47960,0.0,5
47976,0.0,5
47984,0.0,5
47984,0.0,5
48000,0.0,5
48008,0.0,3
48024,0.0,5
48040,0.0,5
48048,0.0,5
48064,0.0,5
48072,1.0,17
48080,0.0,5
48088,0.0,5
48096,2.0,23
48096,2.0,23
48104,0.0,5
48112,0.0,5
48120,0.0,5
48120,2.0,23
48128,0.0,5
48136,0.0,5
48136,0.0,5
48152,0.0,5
48160,2.0,23
48160,0.0,5
48160,0.0,5
48168,0.0,5
48192,0.0,5
48200,0.0,5
48200,0.0,5
48208,0.0,5
48232,0.0,5
48248,0.0,5
48256,1.0,15
48256,1.0,15
48272,2.0,21
48272,0.0,5
48288,0.0,5
48296,0.0,5
48296,0.0,5
48312,0.0,5
48312,0.0,3
48320,1.0,15
48320,1.0,15
48328,2.0,21
48336,0.0,5
48336,0.0,5
48360,0.0,5
48368,0.0,5
48376,0.0,5
48376,0.0,5
48400,0.0,5
48416,0.0,5
48416,0.0,5
48440,0.0,5
48456,2.0,23
48480,0.0,5
48496,2.0,23
48496,0.0,5
48496,2.0,23
48504,1.0,17
48520,0.0,5
48528,0.0,3
48536,0.0,5
48536,0.0,5
48544,1.0,16
48560,0.0,5
48568,0.0,5
48576,0.0,5
48576,0.0,5
48584,0.0,5
48600,0.0,5
48600,2.0,23
48608,0.0,5
48616,0.0,5
48616,0.0,5
48624,0.0,5
48632,1.0,17
48640,0.0,5
48640,0.0,5
48648,0.0,5
48648,4.0,41
48656,0.0,5
48656,0.0,5
48664,0.0,5
48672,0.0,5
48680,0.0,5
48680,0.0,5
48688,0.0,5
48688,0.0,5
48696,0.0,5
48696,0.0,5
48704,0.0,5
48712,0.0,5
48720,0.0,5
48720,0.0,5
48728,0.0,5
48728,0.0,5
48736,0.0,5
48736,0.0,5
48744,0.0,5
48752,0.0,5
48760,0.0,5
48760,0.0,5
48768,0.0,5
48776,0.0,5
48776,0.0,5
48784,0.0,3
48784,0.0,3
48784,0.0,5
48792,0.0,5
48808,0.0,5
48816,0.0,5
48816,0.0,5
48824,0.0,5
48824,0.0,5
48824,0.0,5
48832,0.0,5
48848,0.0,5
48848,1.0,15
48856,0.0,5
48864,0.0,5
48864,0.0,5
48864,0.0,5
48872,0.0,5
48888,0.0,5
48888,0.0,5
48888,0.0,3
48896,0.0,5
48904,0.0,5
48904,0.0,5
48912,0.0,5
48912,0.0,3
48928,0.0,3
48928,0.0,5
48928,0.0,5
48936,0.0,5
48936,0.0,3
48968,0.0,5
48968,0.0,5
48968,0.0,5
48976,0.0,5
49000,2.0,23
49008,0.0,5
49008,0.0,5
49008,0.0,5
49040,0.0,5
49048,0.0,5
49048,0.0,5
49048,0.0,5
49080,2.0,22
49080,0.0,5
49080,2.0,21
49088,0.0,5
49088,0.0,5
49104,0.0,3
49120,0.0,5
49120,0.0,5
49128,0.0,5
49128,2.0,24
49128,0.0,5
49144,0.0,5
49152,0.0,3
49160,0.0,5
49160,0.0,5
49160,2.0,23
49168,0.0,5
49168,0.0,5
49184,0.0,5
49192,0.0,5
49200,0.0,5
49208,0.0,5
49208,0.0,5
49216,2.0,21
49224,0.0,5
49232,0.0,5
49248,0.0,5
49248,0.0,5
49256,0.0,5
49264,0.0,5
49272,0.0,5
49280,1.0,15
49288,1.0,16
49296,0.0,5
49312,0.0,5
49312,0.0,3
49320,0.0,5
49320,1.0,15
49336,0.0,5
49352,0.0,5
49360,0.0,5
49360,0.0,5
49376,0.0,5
49392,0.0,5
49400,0.0,5
49400,0.0,5
49416,0.0,5
49432,2.0,23
49432,2.0,21
49432,2.0,23
49440,0.0,5
49440,0.0,5
49456,0.0,5
49472,0.0,5
49472,0.0,5
49472,0.0,5
49480,0.0,5
49480,0.0,5
49496,2.0,23
49512,0.0,5
49512,0.0,5
49520,0.0,5
49520,0.0,5
49528,1.0,17
49536,0.0,5
49552,0.0,5
49560,0.0,5
49576,0.0,5
49584,1.0,16
49600,0.0,3
49640,0.0,5
49656,1.0,16
49656,2.0,23
49680,0.0,5
49696,2.0,23
49696,0.0,5
49696,0.0,5
49704,2.0,23
49720,1.0,17
49736,0.0,5
49736,2.0,23
49736,0.0,5
49744,0.0,5
49744,2.0,23
49760,0.0,5
49776,0.0,5
49776,0.0,5
49776,0.0,5
49784,0.0,5
49784,0.0,5
49816,0.0,5
49816,0.0,5
49816,0.0,5
49824,0.0,5
49824,0.0,5
49832,1.0,17
49856,0.0,5
49856,0.0,5
49856,0.0,5
49864,2.0,23
49880,1.0,15
49896,0.0,5
49896,0.0,5
49904,0.0,5
49920,0.0,5
49936,0.0,5
49936,0.0,5
49944,0.0,5
49968,1.0,17
49976,0.0,5
49984,0.0,5
50000,0.0,3
50008,0.0,3
50008,0.0,5
50008,2.0,23
50008,2.0,23
50040,2.0,23
50080,0.0,5
50096,1.0,12
50104,1.0,12
50104,1.0,12
50104,1.0,12
50120,0.0,5
50120,0.0,3
50128,0.0,3
50128,0.0,3
50144,0.0,5
50152,2.0,29
50160,0.0,5
50160,2.0,28
50168,0.0,5
50184,0.0,5
50200,0.0,5
50200,0.0,5
50208,0.0,5
50224,0.0,5
50232,2.0,28
50240,0.0,5
50240,0.0,5
50248,0.0,5
50272,0.0,5
50280,0.0,5
50288,0.0,5
50304,2.0,23
50312,0.0,5
50312,2.0,23
50320,0.0,5
50328,0.0,5
50336,2.0,23
50344,0.0,5
50352,0.0,5
50352,0.0,5
50360,0.0,5
50368,0.0,5
50384,0.0,5
50392,2.0,21
50392,0.0,5
50400,0.0,5
50408,0.0,5
50424,2.0,23
50424,0.0,5
50432,0.0,5
50432,1.0,12
50440,0.0,5
50448,0.0,5
50464,0.0,5
50472,0.0,5
50472,0.0,5
50480,0.0,5
50504,0.0,5
50512,0.0,5
50512,0.0,5
50520,0.0,5
50528,2.0,22
50528,1.0,17
50544,0.0,5
50552,0.0,5
50552,0.0,5
50560,0.0,5
50568,0.0,5
50568,0.0,5
50584,0.0,5
50592,0.0,5
50592,2.0,21
50600,0.0,5
50608,0.0,5
50608,0.0,5
50624,0.0,5
50632,0.0,5
50632,2.0,23
50632,0.0,5
50640,0.0,5
50648,0.0,5
50648,0.0,5
50664,0.0,5
50672,0.0,5
50672,0.0,5
50680,0.0,5
50688,0.0,5
50704,0.0,5
50712,0.0,5
50712,0.0,5
50728,0.0,5
50736,2.0,23
50744,0.0,5
50752,0.0,5
50768,0.0,5
50768,1.0,17
50776,0.0,5
50784,0.0,5
50792,0.0,3
50792,0.0,5
50808,0.0,5
50816,0.0,5
50824,0.0,5
50832,0.0,5
50832,2.0,23
50856,0.0,5
50864,2.0,23
50864,0.0,5
50872,0.0,5
50872,0.0,5
50896,2.0,23
50896,0.0,5
50904,0.0,5
50912,0.0,5
50912,0.0,5
50928,1.0,17
50936,0.0,5
50936,0.0,5
50944,0.0,5
50952,0.0,5
50952,0.0,5
50968,0.0,5
50976,0.0,5
50976,0.0,5
50984,0.0,5
50992,2.0,23
50992,0.0,5
51000,1.0,17
51008,0.0,5
51016,0.0,5
51016,0.0,5
51032,0.0,5
51032,0.0,5
51040,0.0,5
51112,1.0,12
51136,2.0,23
51232,2.0,28
51272,0.0,5
51312,3.0,41
51312,0.0,5
51352,0.0,5
51352,0.0,5
51352,3.0,40
51360,2.0,28
51376,4.0,45
51392,0.0,5
51392,4.0,45
51392,0.0,5
51392,0.0,5
51400,4.0,45
51400,0.0,5
51432,0.0,5
51432,0.0,5
51456,0.0,3
51472,1.0,12
51472,4.0,45
51488,1.0,12
51496,1.0,12
51496,0.0,3
51496,0.0,5
51496,0.0,3
51496,1.0,12
51520,0.0,3
51528,0.0,5
51536,0.0,5
51536,0.0,5
51536,0.0,5
51560,0.0,3
51568,0.0,5
51576,0.0,5
51592,1.0,12
51600,0.0,5
51600,0.0,3
51608,0.0,5
51616,1.0,12
51632,0.0,5
51640,0.0,3
51640,0.0,5
51656,2.0,28
51672,1.0,17
51672,0.0,5
51680,0.0,5
51680,0.0,5
51696,1.0,12
51696,0.0,5
51712,0.0,5
51712,0.0,5
51720,0.0,5
51720,3.0,41
51720,0.0,5
51736,0.0,5
51736,1.0,16
51752,0.0,5
51752,0.0,5
51760,0.0,5
51760,0.0,5
51760,0.0,3
51760,0.0,5
51776,0.0,5
51792,0.0,5
51792,0.0,5
51800,0.0,5
51800,0.0,5
51800,0.0,5
51816,0.0,5
51832,0.0,5
51840,0.0,5
51840,0.0,5
51840,0.0,5
51856,0.0,5
51872,0.0,5
51880,0.0,5
51880,0.0,5
51880,2.0,23
51880,0.0,5
51896,1.0,17
51896,0.0,5
51912,0.0,5
51920,0.0,5
51920,0.0,5
51920,1.0,16
51920,0.0,5
51920,0.0,5
51936,0.0,5
51936,0.0,5
51952,0.0,5
51960,0.0,5
51960,0.0,5
51960,0.0,5
51960,0.0,5
51960,0.0,5
51976,0.0,5
51976,0.0,5
51976,0.0,3
51984,0.0,3
51984,0.0,3
52000,0.0,5
52000,0.0,5
52000,0.0,3
52000,0.0,5
52016,0.0,5
52016,0.0,5
52024,0.0,5
52024,0.0,5
52040,0.0,5
52040,0.0,5
52056,0.0,5
52056,0.0,5
52064,0.0,5
52064,0.0,5
52080,0.0,5
52080,0.0,5
52096,1.0,12
52096,1.0,12
52096,0.0,5
52096,0.0,5
52104,0.0,5
52104,0.0,5
52120,0.0,3
52120,0.0,5
52120,0.0,5
52136,0.0,5
52136,0.0,5
52144,0.0,5
52144,0.0,5
52144,0.0,3
52160,0.0,3
52160,0.0,3
52160,0.0,5
52184,0.0,5
52184,0.0,5
52184,0.0,5
52192,1.0,12
52200,0.0,5
52200,0.0,5
52208,0.0,3
52216,1.0,12
52216,0.0,3
52224,0.0,5
52240,0.0,5
52248,0.0,5
52248,0.0,3
52256,0.0,5
52264,0.0,3
52296,1.0,12
52312,1.0,12
52320,0.0,3
52336,0.0,3
52344,1.0,12
52344,2.0,23
52352,1.0,12
52352,2.0,21
52376,0.0,3
52376,0.0,5
52384,0.0,5
52384,0.0,5
52392,0.0,5
52408,0.0,3
52456,1.0,17
52456,2.0,24
52472,1.0,12
52472,1.0,12
52472,2.0,28
52480,1.0,12
52488,1.0,12
52496,0.0,5
52504,1.0,12
52512,0.0,5
52512,0.0,5
52520,0.0,5
52528,0.0,5
52544,0.0,5
52552,1.0,12
52568,0.0,5
52584,0.0,5
52592,1.0,12
52608,1.0,12
52608,0.0,5
52608,1.0,12
52624,0.0,5
52648,1.0,12
52648,0.0,5
52664,0.0,5
52688,0.0,5
52704,0.0,5
52704,1.0,12
52704,1.0,12
52720,1.0,16
52744,1.0,12
52744,0.0,5
52744,0.0,5
52760,3.0,36
52760,0.0,5
52784,0.0,5
52784,0.0,5
52784,0.0,5
52800,0.0,5
52800,0.0,5
52824,0.0,5
52824,0.0,5
52840,0.0,5
52840,0.0,5
52872,2.0,23
52880,0.0,5
52880,4.0,45
52880,1.0,12
52880,0.0,5
52888,2.0,23
52920,0.0,5
52920,1.0,12
52920,0.0,5
52920,0.0,5
52928,0.0,5
52952,0.0,3
52960,0.0,5
52960,0.0,5
52992,0.0,5
53008,1.0,17
53016,1.0,12
53016,1.0,17
53048,2.0,28
53048,1.0,16
53056,1.0,12
53096,0.0,5
53104,1.0,12
53112,1.0,12
53136,0.0,5
53144,1.0,12
53200,1.0,12
53216,1.0,13
53232,2.0,23
53240,0.0,5
53240,1.0,12
53256,0.0,5
53280,0.0,5
53320,4.0,45
53320,0.0,5
53328,1.0,12
53344,3.0,41
53352,1.0,12
53352,4.0,45
53360,0.0,5
53384,0.0,5
53416,1.0,12
53424,1.0,12
53424,0.0,5
53456,1.0,12
53456,0.0,5
53464,0.0,5
53464,0.0,5
53488,1.0,17
53496,0.0,5
53496,4.0,45
53504,0.0,5
53520,3.0,35
53544,2.0,24
53544,0.0,5
53560,1.0,12
53568,0.0,3
53584,0.0,5
53584,1.0,12
53592,1.0,12
53608,0.0,5
53616,1.0,12
53624,0.0,5
53624,0.0,5
53632,0.0,5
53632,1.0,17
53632,0.0,3
53656,1.0,12
53656,0.0,3
53664,0.0,5
53672,0.0,5
53672,0.0,5
53688,0.0,4
53688,0.0,3
53688,2.0,29
53696,0.0,5
53712,0.0,5
53712,0.0,5
53712,1.0,12
53728,0.0,5
53728,0.0,5
53728,0.0,5
53752,0.0,5
53752,0.0,5
53752,0.0,5
53768,0.0,5
53768,0.0,5
53768,0.0,5
53792,0.0,5
53792,0.0,5
53808,0.0,5
53808,0.0,5
53808,2.0,23
53832,0.0,5
53832,0.0,5
53840,0.0,4
53848,0.0,5
53872,2.0,22
53872,0.0,5
53888,0.0,5
53912,0.0,5
53928,0.0,5
53944,2.0,24
53952,2.0,23
53968,1.0,12
53968,0.0,5
53968,1.0,17
53992,2.0,23
53992,0.0,5
54008,0.0,5
54008,0.0,5
54024,2.0,23
54032,0.0,5
54032,0.0,5
54048,0.0,3
54072,0.0,5
54080,1.0,17
54088,0.0,5
54096,2.0,23
54104,0.0,3
54112,0.0,3
54136,0.0,5
54144,0.0,5
54144,2.0,22
54152,1.0,15
54176,0.0,5
54184,0.0,5
54192,0.0,5
54192,2.0,23
54192,2.0,23
54208,0.0,3
54216,0.0,5
54232,0.0,5
54240,0.0,3
54248,1.0,17
54248,0.0,5
54256,0.0,3
54256,2.0,23
54272,0.0,3
54280,0.0,5
54288,0.0,5
54296,0.0,5
54296,0.0,5
54312,0.0,3
54312,0.0,5
54320,0.0,3
54320,0.0,5
54328,1.0,17
54328,2.0,23
54336,0.0,5
54352,0.0,5
54360,0.0,5
54360,0.0,5
54368,0.0,5
54368,0.0,5
54376,2.0,23
54400,0.0,5
54400,0.0,5
54408,0.0,5
54408,1.0,12
54416,0.0,5
54432,1.0,12
54440,0.0,5
54440,0.0,5
54464,1.0,12
54480,0.0,5
54504,1.0,12
54512,1.0,12
54520,0.0,5
54536,1.0,12
54544,0.0,5
54544,2.0,24
54560,1.0,12
54568,1.0,17
54576,0.0,5
54584,0.0,5
54600,0.0,5
54608,1.0,12
54608,0.0,5
54640,1.0,12
54680,1.0,12
54696,1.0,12
54704,1.0,12
54704,1.0,12
54720,0.0,5
54736,1.0,12
54744,0.0,5
54768,4.0,45
54784,0.0,5
54792,1.0,12
54800,1.0,12
54808,2.0,29
54832,1.0,12
54848,1.0,16
54880,4.0,45
54888,0.0,5
54888,1.0,12
54896,1.0,12
54920,0.0,5
54928,0.0,5
54928,0.0,5
54936,0.0,5
54944,1.0,17
54960,2.0,24
54960,0.0,5
54968,0.0,5
54968,0.0,5
54968,1.0,17
54976,2.0,24
54976,0.0,5
55000,0.0,5
55008,0.0,5
55040,0.0,5
55048,0.0,5
55072,1.0,12
55080,0.0,5
55088,0.0,5
55104,1.0,17
55112,0.0,5
55120,0.0,5
55128,2.0,23
55128,0.0,5
55144,2.0,23
55144,0.0,5
55152,2.0,23
55152,0.0,5
55160,0.0,5
55168,0.0,5
55168,0.0,5
55184,0.0,5
55184,0.0,5
55192,0.0,5
55208,0.0,5
55248,0.0,5
55248,1.0,12
55256,1.0,12
55264,1.0,12
55288,0.0,5
55296,0.0,5
55304,3.0,41
55304,0.0,5
55336,0.0,5
55344,0.0,5
55376,2.0,24
55376,0.0,5
55384,0.0,5
55384,1.0,12
55400,1.0,12
55416,0.0,5
55424,0.0,5
55472,1.0,12
55480,1.0,12
55496,1.0,12
55512,1.0,12
55520,0.0,5
55544,4.0,45
55552,4.0,45
55552,0.0,5
55552,1.0,16
55568,1.0,12
55576,4.0,41
55584,0.0,5
55592,0.0,5
55592,1.0,12
55592,0.0,5
55608,0.0,3
55616,1.0,12
55616,0.0,3
55616,0.0,3
55616,0.0,5
55616,0.0,3
55648,0.0,5
55656,0.0,5
55656,0.0,5
55656,0.0,5
55672,0.0,3
55680,0.0,3
55680,0.0,3
55696,0.0,5
55712,0.0,5
55720,0.0,3
55720,0.0,5
55720,2.0,21
55752,1.0,17
55760,0.0,5
55760,0.0,5
55784,0.0,3
55792,0.0,5
55800,2.0,23
55800,0.0,5
55816,1.0,17
55816,0.0,3
55824,0.0,5
55840,0.0,3
55840,0.0,5
55856,0.0,5
55864,0.0,5
55880,0.0,5
55880,0.0,5
55880,0.0,3
55896,4.0,41
55904,0.0,5
55904,0.0,3
55920,0.0,5
55920,0.0,5
55928,0.0,3
55936,1.0,17
55936,0.0,5
55944,0.0,5
55960,0.0,5
55960,0.0,5
55968,0.0,5
55976,0.0,5
55976,0.0,5
55984,0.0,3
55984,0.0,5
55984,0.0,3
56008,0.0,5
56016,0.0,5
56024,0.0,5
56024,0.0,5
56024,0.0,5
56040,4.0,41
56048,0.0,5
56056,0.0,5
56064,0.0,5
56064,0.0,5
56064,0.0,5
56080,4.0,45
56080,0.0,5
56088,0.0,5
56088,0.0,3
56088,0.0,3
56096,0.0,5
56112,1.0,17
56120,0.0,5
56176,1.0,12
56184,1.0,12
56184,1.0,12
56192,1.0,12
56208,1.0,12
56216,0.0,5
56216,1.0,12
56224,0.0,5
56232,0.0,5
56248,0.0,5
56256,0.0,5
56264,0.0,5
56280,1.0,12
56280,2.0,24
56288,0.0,5
56328,1.0,12
56328,0.0,5
56360,1.0,12
56368,0.0,5
56376,1.0,12
56376,1.0,12
56400,0.0,5
56408,0.0,5
56416,0.0,5
56416,0.0,5
56424,4.0,45
56424,1.0,12
56448,0.0,5
56456,0.0,5
56464,0.0,5
56464,0.0,5
56488,0.0,5
56496,0.0,5
56504,0.0,5
56504,0.0,5
56512,1.0,12
56528,0.0,5
56536,0.0,5
56536,3.0,40
56544,0.0,5
56544,0.0,5
56552,0.0,5
56568,0.0,5
56576,0.0,5
56576,0.0,5
56584,0.0,5
56584,0.0,5
56592,2.0,24
56592,0.0,5
56616,0.0,5
56616,0.0,5
56616,4.0,45
56624,0.0,5
56624,0.0,5
56632,0.0,5
56656,0.0,5
56656,0.0,5
56672,0.0,5
56696,0.0,5
56696,0.0,5
56712,0.0,5
56728,1.0,17
56736,0.0,5
56736,0.0,5
56752,2.0,23
56752,0.0,5
56752,1.0,17
56768,0.0,5
56776,0.0,3
56776,0.0,5
56792,0.0,5
56792,2.0,21
56792,2.0,21
56792,0.0,5
56808,0.0,5
56816,0.0,5
56832,0.0,5
56832,0.0,5
56832,0.0,5
56832,0.0,5
56848,0.0,5
56856,0.0,5
56872,0.0,5
56872,0.0,5
56872,0.0,5
56872,0.0,5
56912,1.0,17
56912,0.0,5
56912,0.0,5
56912,0.0,5
56952,0.0,5
56968,2.0,29
57000,1.0,16
57008,1.0,12
57008,1.0,12
57008,1.0,12
57040,0.0,5
57048,0.0,5
57064,1.0,12
57080,0.0,5
57088,1.0,10
57104,0.0,5
57120,0.0,5
57144,0.0,5
57176,3.0,41
57184,4.0,41
57184,1.0,12
57216,1.0,12
57240,1.0,12
57240,2.0,29
57280,1.0,12
57312,4.0,45
57320,0.0,5
57336,1.0,12
57360,0.0,5
57376,1.0,17
57376,0.0,5
57408,4.0,45
57408,1.0,12
57416,0.0,5
57448,0.0,5
57456,1.0,10
57472,0.0,3
57472,3.0,36
57480,0.0,3
57496,1.0,17
57504,1.0,12
57504,3.0,41
57512,1.0,12
57536,0.0,5
57552,0.0,5
57576,4.0,45
57576,1.0,12
57592,0.0,5
57592,1.0,15
57600,1.0,12
57616,0.0,5
57632,0.0,5
57632,0.0,5
57632,1.0,12
57640,0.0,5
57656,0.0,3
57672,2.0,25
57672,0.0,5
57672,0.0,5
57696,0.0,5
57696,2.0,24
57720,0.0,3
57720,0.0,3
57736,1.0,12
57744,1.0,16
57752,1.0,10
57760,0.0,5
57768,1.0,12
57776,0.0,5
57784,0.0,5
57800,0.0,5
57808,1.0,17
57808,0.0,5
57816,2.0,30
57840,0.0,5
57848,0.0,5
57848,0.0,5
57856,0.0,5
57856,1.0,17
57880,0.0,5
57888,0.0,5
57888,0.0,5
57896,1.0,15
57896,0.0,5
57920,0.0,5
57920,1.0,17
57928,0.0,5
57928,0.0,5
57960,0.0,5
57960,0.0,5
57968,0.0,5
57968,2.0,27
58000,0.0,5
58008,0.0,5
58008,0.0,5
58032,1.0,17
58072,0.0,5
58080,2.0,23
58112,2.0,23
58112,0.0,5
58120,0.0,5
58136,3.0,35
58144,2.0,23
58152,0.0,5
58176,0.0,5
58184,2.0,23
58184,0.0,5
58192,0.0,5
58192,2.0,23
58200,2.0,24
58216,0.0,5
58224,0.0,5
58224,0.0,5
58232,0.0,5
58240,0.0,5
58248,1.0,17
58256,1.0,17
58264,0.0,5
58264,0.0,5
58272,0.0,5
58280,0.0,5
58288,0.0,5
58296,0.0,5
58304,0.0,5
58304,0.0,5
58312,0.0,5
58320,0.0,5
58328,0.0,5
58336,0.0,5
58344,0.0,5
58344,0.0,5
58352,0.0,5
58360,2.0,21
58360,0.0,5
58376,0.0,5
58384,0.0,5
58384,0.0,5
58400,2.0,23
58400,0.0,5
58400,0.0,5
58416,0.0,5
58424,0.0,5
58424,0.0,5
58440,0.0,5
58440,0.0,5
58440,0.0,5
58456,0.0,5
58464,0.0,5
58464,0.0,5
58480,0.0,5
58480,0.0,5
58496,0.0,5
58504,0.0,5
58512,2.0,23
58520,0.0,5
58536,2.0,23
58536,0.0,5
58544,0.0,5
58552,0.0,5
58576,0.0,5
58576,0.0,5
58584,0.0,5
58616,1.0,17
58624,2.0,23
58648,2.0,23
58656,0.0,5
58664,0.0,5
58672,1.0,12
58688,0.0,5
58704,2.0,23
58704,1.0,16
58712,1.0,16
58744,0.0,5
58744,0.0,5
58752,1.0,12
58760,1.0,12
58768,1.0,12
58784,1.0,12
58784,0.0,5
58784,0.0,5
58792,0.0,5
58800,0.0,5
58808,0.0,5
58824,0.0,5
58824,0.0,5
58840,0.0,5
58848,0.0,5
58848,1.0,17
58864,0.0,5
58880,0.0,5
58880,1.0,12
58888,1.0,12
58888,0.0,5
58888,0.0,5
58904,0.0,5
58912,4.0,45
58920,0.0,5
58920,1.0,12
58928,0.0,5
58928,0.0,5
58928,0.0,5
58944,0.0,5
58952,0.0,5
58960,0.0,5
58968,0.0,5
58968,0.0,5
58968,0.0,5
58976,0.0,3
58976,1.0,12
58984,0.0,5
58992,0.0,3
59000,0.0,5
59008,0.0,5
59008,0.0,5
59016,0.0,5
59016,0.0,5
59032,0.0,5
59040,0.0,5
59048,0.0,5
59048,0.0,5
59056,0.0,5
59056,0.0,3
59056,1.0,17
59056,0.0,5
59072,0.0,3
59080,0.0,3
59080,1.0,12
59080,0.0,5
59096,0.0,5
59096,0.0,5
59104,0.0,3
59112,0.0,5
59120,0.0,3
59120,0.0,5
59136,0.0,5
59136,0.0,3
59144,0.0,3
59144,0.0,5
59160,0.0,5
59184,0.0,3
59192,1.0,17
59232,1.0,12
59232,0.0,5
59232,2.0,23
59232,1.0,12
59240,1.0,12
59240,1.0,12
59256,0.0,3
59256,0.0,3
59264,2.0,23
59272,0.0,5
59280,1.0,12
59280,0.0,5
59280,0.0,5
59304,0.0,5
59312,0.0,5
59320,0.0,5
59320,0.0,5
59344,0.0,5
59352,1.0,12
59352,1.0,12
59368,1.0,17
59384,0.0,5
59392,0.0,5
59392,0.0,5
59408,1.0,12
59408,0.0,5
59416,1.0,17
59416,1.0,12
59432,0.0,5
59448,0.0,5
59456,0.0,3
59456,0.0,5
59472,0.0,3
59488,1.0,12
59512,1.0,12
59512,1.0,16
59536,1.0,16
59552,1.0,12
59552,0.0,5
59568,1.0,12
59576,0.0,5
59576,0.0,3
59584,1.0,16
59584,1.0,12
59600,0.0,3
59608,1.0,12
59608,0.0,3
59608,3.0,36
59624,0.0,5
59648,1.0,12
59672,0.0,3
59672,1.0,12
59696,1.0,12
59704,1.0,12
59704,1.0,12
59704,1.0,12
59720,1.0,12
59744,0.0,5
59752,2.0,23
59784,0.0,5
59792,1.0,12
59800,1.0,16
59800,1.0,12
59808,1.0,13
59816,1.0,12
59880,1.0,12
59896,2.0,28
59896,1.0,12
59920,0.0,5
59936,0.0,5
59936,0.0,5
59944,1.0,17
59976,0.0,5
59984,2.0,24
59984,2.0,21
59984,2.0,23
60016,1.0,12
60016,0.0,5
60024,0.0,5
60024,0.0,5
60024,0.0,5
60040,1.0,12
60056,0.0,5
60064,0.0,5
60080,0.0,3
60088,0.0,3
60112,4.0,45
60112,1.0,12
60120,2.0,23
60120,0.0,5
60120,1.0,12
60128,0.0,5
60136,1.0,12
60152,0.0,3
60152,0.0,5
60152,0.0,5
60160,0.0,5
60160,0.0,5
60176,0.0,5
60192,0.0,5
60216,1.0,12
60232,0.0,5
60248,1.0,12
60256,1.0,12
60256,0.0,5
60272,1.0,12
60296,0.0,5
60312,0.0,5
60328,1.0,12
60344,1.0,12
60352,0.0,5
60352,1.0,12
60392,1.0,12
60392,4.0,46
60392,0.0,5
60424,1.0,12
60432,0.0,5
60440,1.0,12
60448,1.0,12
60464,0.0,5
60488,1.0,12
60488,1.0,12
60488,0.0,5
60512,4.0,45
60520,4.0,45
60528,1.0,12
60536,1.0,12
60552,0.0,5
60560,0.0,5
60560,1.0,12
60568,0.0,5
60584,1.0,12
60592,0.0,5
60632,0.0,5
60648,2.0,20
60656,1.0,12
60672,0.0,5
60672,1.0,17
60680,2.0,24
60680,1.0,12
60720,2.0,20
60768,1.0,12
60784,1.0,16
60792,2.0,28
60808,1.0,16
60808,1.0,16
60824,0.0,5
60848,0.0,5
60848,1.0,16
60864,1.0,12
60864,0.0,5
60872,2.0,28
60896,2.0,28
60904,1.0,12
60904,0.0,5
60928,1.0,17
60984,1.0,17
60992,1.0,12
60992,1.0,16
61000,1.0,16
61000,1.0,12
61000,1.0,12
61024,1.0,12
61032,0.0,5
61040,0.0,5
61040,2.0,24
61064,0.0,5
61088,1.0,12
61104,0.0,5
61120,1.0,17
61128,1.0,12
61136,1.0,12
61136,1.0,17
61136,1.0,12
61160,0.0,5
61168,0.0,5
61200,1.0,12
61200,0.0,5
61208,1.0,15
61240,0.0,5
61248,0.0,5
61264,1.0,12
61288,3.0,36
61296,1.0,12
61304,0.0,5
61328,2.0,24
61336,1.0,12
61344,1.0,12
61376,2.0,30
61384,1.0,12
61384,0.0,5
61392,1.0,12
61400,1.0,12
61424,0.0,5
61432,1.0,12
61440,0.0,5
61464,0.0,5
61472,0.0,5
61472,4.0,42
61488,1.0,12
61504,0.0,5
61512,0.0,5
61536,1.0,12
61552,0.0,5
61568,1.0,12
61576,0.0,5
61584,1.0,12
61600,1.0,12
61640,0.0,5
61648,1.0,12
61664,1.0,12
61672,1.0,12
61680,1.0,12
61704,4.0,47
61712,0.0,5
61736,4.0,45
61736,1.0,12
61744,0.0,5
61744,1.0,12
61744,4.0,45
61768,1.0,13
61776,0.0,5
61776,1.0,12
61784,0.0,5
61808,1.0,12
61808,0.0,5
61816,0.0,5
61824,0.0,5
61832,1.0,12
61840,1.0,12
61840,1.0,12
61848,0.0,5
61848,0.0,5
61856,0.0,5
61872,1.0,12
61872,0.0,5
61880,0.0,5
61896,0.0,5
61920,1.0,12
61920,0.0,3
61944,1.0,12
61944,1.0,12
61944,0.0,3
61960,0.0,5
61968,1.0,12
61976,1.0,12
61984,0.0,5
61984,0.0,5
62000,0.0,5
62008,0.0,5
62016,0.0,5
62024,0.0,5
62040,1.0,12
62048,0.0,5
62080,2.0,30
62080,1.0,12
62088,0.0,5
62096,1.0,12
62112,1.0,12
62112,2.0,30
62128,0.0,5
62136,0.0,5
62136,1.0,12
62152,0.0,5
62152,0.0,5
62176,1.0,12
62176,0.0,5
62192,0.0,5
62216,0.0,5
62232,1.0,12
62248,2.0,28
62264,1.0,17
62272,0.0,5
62272,1.0,12
62280,1.0,16
62288,0.0,5
62304,0.0,5
62320,0.0,5
62328,0.0,5
62344,0.0,5
62352,1.0,17
62376,3.0,37
62384,0.0,5
62392,0.0,5
62408,1.0,17
62416,0.0,5
62424,2.0,29
62432,0.0,5
62456,0.0,3
62456,0.0,5
62464,0.0,5
62496,0.0,5
62496,0.0,5
62504,1.0,12
62512,2.0,24
62512,1.0,16
62536,0.0,5
62536,0.0,5
62552,0.0,5
62552,0.0,5
62560,3.0,36
62576,0.0,5
62576,0.0,5
62592,0.0,5
62616,0.0,5
62640,0.0,3
62648,1.0,12
62656,2.0,24
62688,0.0,5
62688,4.0,45
62752,1.0,12
62752,2.0,24
62784,1.0,12
62784,1.0,12
62792,3.0,36
62792,0.0,5
62792,0.0,5
62824,0.0,5
62824,0.0,5
62832,0.0,5
62832,0.0,5
62832,0.0,5
62864,0.0,5
62872,0.0,5
62872,0.0,5
62872,0.0,5
62896,3.0,40
62904,0.0,5
62912,0.0,5
62912,3.0,40
62912,0.0,5
62920,1.0,12
62944,0.0,5
62952,0.0,5
62952,0.0,5
62960,0.0,5
62968,1.0,12
62984,0.0,5
62992,0.0,5
62992,0.0,5
63000,0.0,5
63008,0.0,5
63024,0.0,5
63032,0.0,5
63032,1.0,17
63032,0.0,5
63040,0.0,5
63048,0.0,5
63048,1.0,17
63048,5.0,51
63064,0.0,5
63072,0.0,5
63072,0.0,5
63080,0.0,5
63088,0.0,5
63088,0.0,5
63104,0.0,5
63112,0.0,5
63112,0.0,5
63120,0.0,5
63128,0.0,5
63128,0.0,5
63128,1.0,12
63144,0.0,5
63144,1.0,12
63160,0.0,5
63168,0.0,5
63184,0.0,5
63200,0.0,5
63208,1.0,12
63208,1.0,12
63224,0.0,3
63224,1.0,12
63224,0.0,5
63224,1.0,12
63248,0.0,5
63248,0.0,5
63264,0.0,5
63264,0.0,5
63264,1.0,12
63304,0.0,5
63304,0.0,5
63320,1.0,12
63320,1.0,12
63336,2.0,24
63360,0.0,5
63360,1.0,12
63360,0.0,5
63368,1.0,15
63384,1.0,10
63400,0.0,5
63424,0.0,5
63424,1.0,15
63440,0.0,5
63456,1.0,12
63456,1.0,12
63464,1.0,12
63464,2.0,27
63480,0.0,5
63496,0.0,5
63504,0.0,5
63504,0.0,5
63520,1.0,12
63520,1.0,12
63536,0.0,5
63544,0.0,5
63552,1.0,12
63576,1.0,12
63600,1.0,12
63616,1.0,12
63616,0.0,5
63632,1.0,12
63640,1.0,12
63648,1.0,12
63656,0.0,5
63656,0.0,5
63680,0.0,5
63688,0.0,5
63696,1.0,12
63696,4.0,45
63696,0.0,5
63712,2.0,24
63720,0.0,5
63728,0.0,5
63728,1.0,12
63736,0.0,5
63736,0.0,5
63752,1.0,12
63768,0.0,5
63792,1.0,12
63816,1.0,12
63824,1.0,12
63832,1.0,12
63832,0.0,5
63832,1.0,12
63848,1.0,12
63864,1.0,12
63872,0.0,5
63872,0.0,5
63904,0.0,5
63912,0.0,5
63920,1.0,12
63928,1.0,12
63968,0.0,5
64000,1.0,12
64008,1.0,12
64008,0.0,5
64016,1.0,12
64032,2.0,20
64040,3.0,41
64048,0.0,5
64056,0.0,5
64072,0.0,5
64080,0.0,5
64088,0.0,5
64104,1.0,12
64112,0.0,5
64120,0.0,5
64128,0.0,5
64136,0.0,3
64152,1.0,12
64160,0.0,5
64176,4.0,45
64208,4.0,45
64216,0.0,5
64224,1.0,12
64232,1.0,12
64256,1.0,12
64264,0.0,5
64272,0.0,5
64296,3.0,37
64304,1.0,12
64312,1.0,12
64320,0.0,3
64352,1.0,12
64408,1.0,12
64416,1.0,12
64448,1.0,12
64456,0.0,5
64464,4.0,45
64480,2.0,27
64488,0.0,5
64496,0.0,5
64504,1.0,12
64512,4.0,45
64520,0.0,5
64544,0.0,5
64560,0.0,5
64560,1.0,12
64584,1.0,12
64592,3.0,40
64600,0.0,5
64600,0.0,5
64608,1.0,12
64624,0.0,5
64632,1.0,17
64640,1.0,12
64664,4.0,45
64672,0.0,5
64688,1.0,12
64696,1.0,12
64696,1.0,12
64704,1.0,12
64704,0.0,5
64712,0.0,5
64720,1.0,12
64736,0.0,5
64736,1.0,12
64760,0.0,5
64800,0.0,5
64800,1.0,12
64808,1.0,13
64832,1.0,12
64832,1.0,12
64888,2.0,25
64896,1.0,12
64896,1.0,12
64896,2.0,25
64904,1.0,12
64936,1.0,13
64984,1.0,12
64992,1.0,12
64992,1.0,12
65000,1.0,12
65024,0.0,5
65032,0.0,5
65032,1.0,12
65032,0.0,5
65040,0.0,5
65072,0.0,5
65072,4.0,45
65080,0.0,5
65080,2.0,23
65112,0.0,5
65120,0.0,5
65128,1.0,12
65128,1.0,12
65160,0.0,5
65168,0.0,5
65168,1.0,12
65176,1.0,12
65192,4.0,45
65208,1.0,12
65248,0.0,5
65256,1.0,12
65256,2.0,29
65264,1.0,12
65264,1.0,12
65288,1.0,12
65296,0.0,5
65296,0.0,5
65328,0.0,5
65352,2.0,28
65360,1.0,12
65376,1.0,16
65392,1.0,12
65392,1.0,12
65400,1.0,17
65400,0.0,5
65424,1.0,12
65440,0.0,5
65448,1.0,12
65472,1.0,12
65480,0.0,5
65488,0.0,5
65512,0.0,5
65520,0.0,5
65560,1.0,17
65584,2.0,24
65584,2.0,23
65584,2.0,24
65584,5.0,51
65600,0.0,5
65608,1.0,12
65608,0.0,3
65648,1.0,16
65680,2.0,24
65688,0.0,5
65696,1.0,12
65704,1.0,12
65720,0.0,5
65720,1.0,17
65808,2.0,28
65808,2.0,28
65816,1.0,16
65816,1.0,12
65904,3.0,37
65912,2.0,24
65912,1.0,12
65992,3.0,37
66000,2.0,24
66000,2.0,24
66000,3.0,37
66008,2.0,24
66008,1.0,12
66024,0.0,3
66040,0.0,5
66048,0.0,5
66064,0.0,5
66136,1.0,12
66160,1.0,12
66168,2.0,22
66176,0.0,5
66192,0.0,3
66192,3.0,36
66200,0.0,5
66232,0.0,5
66248,2.0,30
66256,0.0,3
66272,4.0,45
66272,1.0,12
66288,1.0,12
66296,1.0,12
66336,3.0,42
66352,1.0,12
66368,1.0,12
66368,1.0,12
66384,1.0,12
66392,1.0,18
66392,1.0,12
66408,0.0,5
66408,4.0,45
66432,1.0,12
66448,1.0,12
66464,1.0,12
66480,1.0,12
66488,0.0,5
66488,1.0,12
66488,1.0,12
66504,1.0,12
66504,0.0,5
66504,1.0,12
66528,1.0,12
66544,0.0,5
66568,0.0,5
66584,0.0,5
66584,1.0,13
66592,1.0,13
66600,1.0,12
66608,1.0,13
66640,0.0,5
66664,1.0,12
66680,1.0,12
66680,1.0,12
66720,0.0,5
66760,0.0,5
66760,1.0,12
66776,1.0,12
66808,3.0,40
66816,0.0,5
66816,2.0,28
66848,4.0,45
66848,0.0,5
66856,1.0,12
66896,0.0,5
66912,1.0,12
66912,1.0,12
66928,3.0,36
66936,4.0,41
66944,1.0,12
66944,1.0,12
66952,2.0,24
66960,0.0,3
66984,0.0,5
66992,1.0,12
67016,1.0,13
67032,0.0,5
67048,1.0,12
67056,1.0,12
67088,0.0,5
67104,2.0,24
67120,2.0,24
67128,1.0,12
67152,1.0,12
67176,2.0,24
67184,1.0,12
67192,0.0,5
67200,1.0,12
67216,0.0,5
67216,1.0,12
67240,0.0,5
67280,1.0,12
67280,3.0,42
67312,1.0,12
67320,0.0,5
67320,2.0,24
67376,4.0,45
67408,1.0,12
67472,1.0,12
67544,2.0,28
67552,4.0,45
67552,2.0,29
67568,1.0,12
67568,4.0,41
67576,4.0,45
67640,4.0,45
67640,1.0,12
67648,1.0,12
67648,1.0,12
67664,1.0,12
67664,1.0,12
67672,1.0,12
67736,1.0,12
67744,1.0,12
67760,1.0,12
67768,1.0,12
67768,0.0,3
67768,1.0,13
67768,4.0,45
67792,0.0,3
67800,0.0,5
67832,1.0,12
67832,2.0,24
67840,2.0,24
67840,0.0,5
67872,0.0,5
67888,1.0,12
67928,1.0,12
67936,1.0,12
67968,1.0,12
67984,1.0,12
68008,2.0,30
68008,2.0,30
68008,0.0,5
68024,1.0,12
68024,0.0,5
68104,1.0,12
68120,1.0,12
68128,3.0,36
68128,4.0,45
68160,0.0,5
68168,2.0,29
68208,0.0,5
68224,1.0,12
68224,1.0,12
68264,0.0,5
68264,0.0,5
68304,0.0,5
68304,1.0,12
68352,4.0,41
68360,1.0,12
68368,4.0,45
68368,4.0,45
68376,0.0,3
68400,1.0,12
68400,1.0,12
68416,0.0,5
68440,0.0,5
68440,0.0,5
68456,1.0,12
68456,0.0,5
68464,4.0,45
68464,1.0,12
68464,1.0,12
68504,0.0,5
68520,4.0,45
68536,1.0,12
68536,1.0,12
68552,1.0,12
68552,1.0,12
68560,1.0,12
68560,0.0,5
68560,1.0,12
68576,0.0,5
68576,0.0,5
68600,0.0,5
68600,1.0,12
68640,0.0,5
68640,0.0,5
68648,1.0,12
68648,1.0,12
68656,1.0,12
68656,1.0,12
68672,1.0,12
68672,1.0,12
68696,0.0,5
68712,0.0,5
68736,1.0,12
68744,1.0,12
68744,1.0,12
68752,1.0,12
68752,0.0,5
68768,1.0,12
68776,0.0,5
68784,0.0,5
68792,1.0,12
68808,0.0,5
68816,0.0,5
68840,1.0,12
68848,1.0,12
68848,1.0,12
68888,1.0,13
68888,0.0,5
68904,1.0,12
68912,1.0,12
68936,1.0,12
68984,1.0,12
69000,4.0,45
69008,1.0,12
69040,1.0,13
69080,2.0,24
69080,1.0,12
69096,1.0,12
69128,2.0,28
69152,4.0,45
69176,1.0,12
69200,2.0,24
69208,4.0,45
69216,1.0,17
69224,1.0,12
69248,1.0,12
69272,1.0,12
69280,1.0,10
69288,0.0,5
69304,1.0,12
69312,0.0,5
69312,1.0,12
69320,0.0,5
69336,2.0,30
69384,1.0,12
69400,1.0,12
69400,4.0,45
69408,1.0,12
69416,1.0,12
69416,2.0,24
69416,1.0,13
69424,0.0,5
69440,0.0,5
69440,0.0,5
69456,0.0,5
69496,0.0,5
69512,1.0,12
69512,1.0,12
69528,2.0,24
69536,1.0,12
69536,1.0,12
69576,0.0,5
69576,0.0,5
69608,1.0,12
69608,1.0,12
69616,0.0,5
69616,2.0,24
69616,0.0,5
69656,0.0,5
69656,0.0,5
69704,1.0,12
69712,1.0,12
69736,3.0,41
69744,0.0,5
69752,1.0,12
69752,1.0,12
69776,3.0,35
69784,0.0,5
69808,1.0,12
69832,1.0,12
69848,1.0,12
69848,1.0,12
69872,1.0,12
69872,0.0,5
69880,1.0,12
69888,0.0,5
69888,4.0,45
69904,1.0,12
69920,0.0,5
69944,0.0,3
69944,1.0,12
69968,4.0,45
69968,1.0,12
69968,1.0,12
69984,1.0,12
69984,0.0,5
69984,1.0,12
70000,1.0,12
70024,0.0,5
70040,1.0,12
70064,0.0,5
70064,1.0,10
70064,1.0,12
70064,1.0,12
70080,1.0,12
70096,1.0,12
70136,0.0,5
70136,1.0,12
70160,1.0,12
70160,1.0,12
70160,1.0,12
70160,1.0,12
70176,0.0,5
70176,1.0,12
70200,0.0,5
70200,0.0,5
70232,1.0,12
70256,1.0,12
70264,1.0,13
70272,0.0,5
70280,1.0,13
70296,1.0,12
70296,1.0,12
70304,0.0,5
70328,4.0,45
70368,1.0,12
70376,1.0,12
70392,1.0,12
70392,1.0,12
70400,1.0,12
70424,1.0,12
70432,0.0,5
70432,0.0,5
70440,0.0,5
70464,1.0,12
70472,0.0,5
70472,1.0,12
70480,0.0,5
70496,2.0,30
70520,1.0,12
70528,1.0,12
70536,4.0,45
70560,1.0,12
70568,1.0,12
70568,1.0,12
70592,1.0,12
70600,0.0,5
70608,0.0,5
70608,0.0,5
70616,1.0,12
70624,1.0,12
70632,1.0,12
70632,0.0,5
70664,0.0,5
70704,0.0,5
70704,1.0,12
70712,1.0,13
70712,2.0,29
70720,1.0,13
70728,1.0,12
70728,1.0,12
70752,0.0,5
70760,0.0,5
70792,2.0,24
70800,1.0,12
70800,1.0,12
70800,0.0,5
70824,1.0,12
70824,1.0,12
70848,1.0,12
70864,0.0,5
70888,1.0,12
70896,1.0,12
70896,1.0,12
70904,1.0,13
70928,1.0,13
70936,0.0,5
70944,1.0,12
70992,1.0,12
71032,0.0,5
71032,1.0,12
71040,1.0,12
71056,2.0,24
71072,0.0,5
71072,4.0,45
71080,0.0,5
71120,0.0,5
71152,1.0,12
71168,1.0,12
71168,1.0,12
71192,0.0,5
71216,0.0,3
71216,2.0,23
71216,3.0,41
71256,0.0,5
71256,0.0,5
71264,1.0,12
71264,4.0,45
71264,1.0,12
71288,4.0,45
71296,0.0,5
71304,2.0,23
71352,1.0,12
71360,1.0,12
71360,1.0,12
71384,1.0,12
71392,0.0,5
71392,1.0,12
71400,0.0,5
71400,0.0,5
71480,1.0,12
71496,1.0,12
71536,0.0,5
71576,1.0,12
71576,0.0,5
71576,2.0,23
71576,4.0,45
71584,2.0,24
71624,4.0,45
71664,4.0,45
71672,1.0,12
71672,1.0,12
71672,1.0,12
71680,1.0,13
71712,0.0,5
71720,1.0,12
71728,4.0,41
71760,0.0,5
71760,1.0,12
71768,1.0,12
71768,1.0,12
71768,2.0,23
71784,0.0,3
71808,0.0,5
71808,1.0,12
71824,1.0,12
71840,1.0,10
71864,1.0,12
71880,1.0,12
71904,0.0,5
71904,1.0,12
71904,1.0,12
71920,1.0,12
71968,1.0,16
72008,4.0,41
72016,1.0,12
72096,4.0,41
72096,2.0,24
72104,1.0,12
72112,1.0,12
72192,1.0,12
72192,1.0,12
72200,1.0,12
72208,4.0,41
72208,1.0,12
72224,3.0,40
72232,4.0,41
72232,0.0,5
72248,0.0,5
72248,0.0,5
72264,0.0,5
72288,0.0,5
72296,3.0,41
72304,0.0,5
72328,1.0,12
72328,1.0,12
72328,0.0,5
72336,1.0,17
72336,0.0,5
72344,1.0,12
72368,0.0,5
72376,2.0,23
72384,0.0,5
72400,1.0,12
72424,1.0,12
72424,1.0,12
72432,1.0,12
72464,1.0,12
72472,1.0,17
72480,1.0,12
72496,1.0,12
72520,1.0,12
72528,1.0,12
72560,1.0,12
72584,0.0,3
72608,2.0,23
72624,1.0,13
72664,2.0,23
72680,1.0,12
72680,2.0,23
72720,1.0,12
72720,0.0,5
72736,4.0,45
72760,0.0,5
72776,0.0,5
72776,1.0,12
72832,4.0,45
72856,1.0,12
72872,1.0,12
72888,4.0,45
72912,0.0,5
72928,1.0,12
72928,3.0,40
72928,0.0,5
72952,1.0,12
72952,0.0,5
72968,0.0,5
72968,2.0,24
72992,0.0,5
73008,1.0,10
73024,4.0,45
73024,1.0,12
73032,0.0,5
73056,1.0,13
73072,0.0,5
73080,4.0,45
73104,1.0,12
73112,0.0,5
73120,1.0,12
73120,1.0,12
73144,0.0,5
73152,2.0,23
73160,0.0,5
73176,1.0,12
73192,0.0,5
73192,2.0,28
73200,0.0,5
73240,1.0,12
73272,1.0,12
73280,0.0,5
73288,1.0,12
73288,1.0,12
73296,1.0,12
73296,2.0,23
73312,0.0,5
73320,2.0,25
73320,0.0,5
73328,0.0,5
73336,0.0,5
73336,0.0,5
73360,0.0,5
73408,1.0,12
73416,4.0,45
73432,1.0,12
73432,1.0,12
73456,1.0,12
73512,1.0,12
73528,1.0,12
73552,0.0,5
73592,2.0,23
73624,2.0,24
73648,1.0,12
73648,0.0,3
73648,4.0,45
73656,3.0,42
73688,0.0,5
73688,4.0,45
73728,0.0,5
73744,1.0,12
73816,4.0,45
73824,1.0,12
73840,1.0,12
73864,0.0,5
73888,4.0,45
73912,1.0,12
73936,1.0,12
73952,0.0,5
73952,4.0,45
73984,1.0,12
73992,0.0,5
74008,4.0,45
74016,4.0,45
74024,0.0,5
74048,4.0,45
74048,1.0,12
74104,1.0,12
74112,1.0,12
74120,1.0,12
74120,2.0,23
74144,0.0,3
74184,0.0,5
74192,1.0,10
74192,2.0,25
74216,1.0,12
74224,4.0,45
74232,0.0,5
74232,2.0,23
74256,0.0,3
74288,2.0,30
74320,1.0,16
74320,1.0,12
74344,2.0,30
74352,1.0,15
74384,1.0,12
74416,1.0,12
74440,1.0,12
74456,0.0,5
74496,2.0,30
74504,2.0,23
74528,0.0,3
74536,2.0,23
74536,1.0,12
74544,3.0,41
74544,4.0,45
74552,1.0,12
74560,0.0,3
74576,0.0,5
74584,0.0,5
74592,1.0,12
74592,0.0,5
74600,0.0,3
74616,0.0,3
74640,0.0,5
74680,1.0,12
74712,1.0,12
74720,2.0,24
74720,1.0,10
74744,0.0,3
74744,4.0,45
74760,0.0,5
74784,2.0,30
74840,1.0,12
74880,0.0,5
74904,2.0,24
74920,4.0,45
74920,0.0,5
74952,4.0,45
74976,2.0,29
75000,1.0,12
75008,3.0,41
75016,1.0,12
75016,1.0,12
75048,1.0,12
75048,0.0,5
75056,0.0,5
75072,1.0,12
75088,0.0,5
75096,0.0,5
75112,0.0,5
75120,4.0,45
75144,4.0,45
75152,0.0,5
75216,1.0,12
75240,2.0,24
75240,1.0,12
75256,0.0,5
75296,0.0,5
75336,1.0,12
75344,2.0,24
75360,4.0,45
75376,0.0,5
75376,4.0,45
75392,1.0,12
75416,0.0,5
75424,4.0,41
75432,0.0,5
75440,2.0,25
75448,0.0,3
75448,4.0,45
75456,1.0,12
75472,0.0,5
75472,1.0,12
75496,0.0,3
75496,0.0,3
75496,0.0,5
75512,1.0,12
75544,1.0,12
75544,1.0,12
75584,0.0,5
75592,1.0,12
75592,1.0,12
75624,0.0,5
75624,2.0,23
75632,0.0,5
75648,0.0,3
75648,0.0,3
75704,4.0,45
75744,1.0,12
75744,0.0,5
75784,2.0,30
75832,2.0,30
75840,1.0,12
75840,1.0,12
75856,4.0,45
75872,4.0,45
75872,0.0,5
75880,1.0,12
75912,0.0,5
75920,0.0,5
75936,1.0,12
75936,1.0,12
75952,1.0,12
75952,0.0,5
75968,1.0,12
75976,0.0,5
75976,0.0,5
75992,0.0,5
75992,4.0,45
75992,0.0,5
76008,4.0,45
76016,0.0,5
76056,0.0,5
76064,1.0,12
76088,1.0,12
76088,1.0,12
76104,0.0,5
76104,2.0,23
76104,1.0,12
76128,0.0,5
76128,0.0,5
76144,0.0,5
76168,0.0,5
76224,2.0,29
76224,1.0,12
76240,1.0,12
76240,2.0,23
76264,0.0,5
76264,0.0,3
76296,3.0,40
76296,1.0,16
76304,0.0,5
76320,1.0,12
76344,2.0,30
76360,0.0,5
76392,1.0,12
76392,1.0,12
76400,0.0,5
76424,2.0,23
76424,0.0,3
76440,1.0,12
76448,0.0,3
76456,2.0,24
76464,4.0,45
76488,1.0,12
76488,1.0,12
76544,1.0,12
76552,1.0,12
76552,1.0,11
76584,1.0,18
76584,1.0,12
76608,2.0,23
76632,0.0,3
76664,4.0,45
76672,1.0,15
76680,1.0,12
76736,2.0,24
76760,1.0,12
76768,2.0,23
76792,0.0,3
76816,2.0,23
76824,3.0,42
76832,1.0,12
76840,0.0,3
76856,1.0,12
76864,2.0,23
76888,0.0,3
76912,4.0,45
76928,1.0,17
76936,1.0,13
76936,1.0,12
76952,1.0,12
76976,0.0,5
76976,0.0,3
76976,0.0,5
77008,1.0,12
77016,0.0,5
77016,0.0,5
77016,0.0,5
77032,4.0,45
77048,0.0,5
77056,0.0,5
77056,0.0,5
77064,1.0,17
77072,0.0,5
77088,0.0,5
77088,0.0,3
77096,0.0,5
77096,0.0,5
77112,1.0,12
77120,2.0,29
77128,0.0,5
77160,0.0,5
77168,0.0,5
77168,1.0,12
77184,4.0,45
77192,1.0,12
77192,1.0,12
77208,1.0,12
77264,1.0,12
77264,1.0,12
77280,1.0,12
77288,1.0,12
77288,1.0,12
77304,1.0,12
77320,2.0,29
77328,0.0,5
77360,1.0,12
77360,1.0,12
77408,1.0,13
77416,1.0,12
77448,0.0,5
77456,1.0,12
77456,0.0,5
77472,0.0,3
77480,2.0,25
77480,3.0,40
77512,2.0,23
77520,0.0,5
77520,0.0,5
77536,0.0,3
77552,1.0,12
77560,0.0,5
77568,1.0,12
77576,0.0,5
77600,1.0,10
77608,3.0,40
77656,1.0,12
77664,1.0,12
77704,1.0,12
77720,4.0,45
77752,2.0,25
77776,3.0,40
77784,1.0,16
77792,0.0,5
77800,1.0,12
77800,2.0,28
77816,0.0,5
77816,1.0,12
77856,0.0,5
77880,1.0,12
77888,1.0,12
77896,1.0,12
77896,1.0,12
77904,0.0,3
77912,1.0,12
77920,3.0,40
77936,0.0,5
77960,0.0,5
77992,1.0,12
77992,1.0,17
78016,0.0,3
78024,4.0,45
78056,1.0,12
78088,1.0,12
78096,2.0,24
78120,2.0,23
78144,0.0,3
78184,1.0,12
78192,1.0,12
78216,2.0,24
78224,0.0,5
78248,4.0,45
78256,0.0,5
78272,4.0,45
78288,0.0,5
78296,0.0,5
78320,0.0,3
78344,0.0,3
78368,1.0,12
78376,4.0,45
78376,2.0,23
78384,0.0,5
78384,1.0,12
78392,3.0,42
78408,2.0,23
78408,0.0,3
78416,0.0,5
78424,0.0,5
78432,0.0,3
78440,0.0,3
78472,0.0,5
78488,1.0,12
78488,1.0,10
78496,0.0,3
78496,1.0,15
78504,4.0,45
78520,1.0,12
78528,0.0,5
78528,1.0,11
78552,0.0,3
78552,2.0,23
78560,0.0,5
78584,1.0,12
78584,0.0,3
78592,0.0,5
78616,0.0,3
78616,1.0,11
78624,0.0,5
78656,0.0,5
78664,0.0,5
78672,1.0,15
78672,2.0,22
78672,2.0,22
78696,0.0,5
78704,0.0,5
78704,1.0,15
78712,0.0,5
78712,1.0,12
78712,0.0,5
78712,0.0,5
78736,0.0,3
78736,0.0,3
78736,0.0,5
78744,0.0,5
78744,0.0,5
78744,2.0,30
78752,0.0,5
78752,0.0,5
78776,0.0,5
78776,0.0,5
78784,0.0,5
78784,0.0,5
78792,0.0,5
78792,0.0,5
78816,0.0,5
78816,0.0,5
78824,0.0,5
78824,0.0,5
78832,0.0,5
78832,0.0,5
78840,1.0,12
78856,0.0,5
78856,0.0,5
78864,0.0,5
78872,0.0,5
78880,0.0,5
78896,0.0,5
78904,0.0,5
78920,0.0,5
78920,1.0,12
78928,1.0,12
78952,1.0,12
78968,1.0,12
78968,0.0,5
78992,1.0,12
79000,1.0,12
79016,1.0,12
79048,1.0,12
79064,1.0,12
79064,4.0,41
79088,0.0,5
79088,0.0,3
79096,1.0,12
79112,1.0,12
79112,2.0,24
79192,1.0,12
79304,2.0,24
79328,4.0,45
79344,0.0,5
79352,4.0,45
79368,0.0,5
79368,0.0,3
79408,0.0,5
79424,4.0,45
79440,4.0,41
79448,4.0,45
79448,0.0,5
79448,4.0,45
79464,0.0,3
79488,0.0,5
79504,0.0,5
79520,1.0,12
79528,0.0,3
79536,2.0,23
79544,1.0,12
79544,1.0,12
79552,2.0,23
79552,4.0,45
79560,0.0,3
79576,0.0,3
79584,0.0,5
79584,1.0,12
79640,1.0,14
79648,1.0,12
79680,1.0,12
79752,1.0,13
79760,2.0,30
79768,2.0,23
79800,2.0,30
79824,0.0,3
79856,1.0,12
79864,0.0,5
79904,4.0,45
79904,1.0,17
79936,4.0,45
79952,1.0,12
79960,1.0,12
79984,0.0,3
79992,0.0,5
80000,4.0,45
80000,1.0,12
80032,1.0,12
80040,4.0,45
80080,4.0,41
80088,1.0,12
80088,2.0,23
80096,1.0,12
80112,0.0,3
80128,1.0,12
80136,1.0,12
80168,0.0,5
80184,1.0,12
80192,0.0,3
80192,1.0,12
80240,2.0,30
80248,1.0,17
80264,0.0,3
80288,1.0,12
80304,2.0,28
80328,2.0,24
80328,0.0,5
80344,4.0,45
80368,0.0,5
80424,1.0,12
80440,1.0,12
80440,1.0,17
80480,0.0,5
80536,1.0,12
80544,4.0,45
80552,4.0,45
80552,3.0,36
80576,0.0,5
80576,3.0,41
80584,0.0,5
80592,0.0,5
80600,0.0,3
80616,0.0,3
80664,2.0,30
80672,1.0,12
80688,1.0,17
80696,4.0,41
80696,1.0,10
80712,0.0,3
80720,0.0,3
80720,2.0,30
80736,0.0,3
80760,0.0,3
80784,2.0,23
80800,1.0,16
80808,1.0,11
80808,0.0,3
80816,2.0,29
80896,1.0,11
80904,2.0,23
80912,1.0,12
80920,0.0,3
80928,0.0,3
80944,1.0,17
80968,0.0,3
80992,2.0,24
80992,2.0,29
80992,0.0,3
81024,4.0,45
81032,0.0,5
81056,4.0,45
81088,1.0,12
81128,0.0,5
81152,1.0,12
81176,2.0,23
81200,3.0,36
81200,2.0,21
81208,2.0,23
81272,1.0,12
81288,4.0,45
81296,1.0,12
81328,5.0,51
81328,2.0,25
81336,0.0,5
81336,1.0,17
81400,2.0,24
81424,1.0,12
81424,1.0,17
81432,1.0,12
81440,3.0,36
81472,2.0,25
81472,1.0,17
81544,1.0,18
81560,1.0,17
81568,2.0,30
81576,1.0,17
81624,1.0,10
81664,1.0,12
81752,4.0,41
81792,4.0,45
81808,1.0,18
81816,2.0,30
81832,4.0,45
81832,4.0,45
81888,1.0,12
81904,1.0,12
81920,4.0,45
81928,1.0,12
81928,1.0,12
81952,4.0,41
81976,0.0,3
82016,0.0,5
82016,1.0,12
82024,1.0,12
82080,3.0,41
82112,1.0,12
82112,1.0,12
82176,3.0,36
82176,4.0,45
82176,1.0,12
82248,1.0,17
82264,4.0,45
82272,1.0,12
82288,4.0,45
82304,2.0,24
82312,1.0,17
82360,1.0,12
82368,2.0,24
82384,4.0,45
82408,1.0,12
82408,1.0,17
82456,1.0,12
82464,1.0,12
82472,2.0,23
82504,1.0,12
82504,2.0,25
82552,1.0,12
82560,1.0,12
82648,1.0,12
82648,1.0,18
82656,5.0,51
82656,1.0,12
82664,2.0,20
82672,3.0,36
82712,2.0,30
82744,1.0,12
82752,1.0,12
82768,0.0,3
82768,4.0,45
82792,0.0,5
82808,1.0,17
82808,1.0,12
82832,0.0,5
82848,0.0,5
82848,2.0,24
82848,0.0,5
82888,0.0,5
82928,1.0,12
82984,1.0,12
83016,4.0,46
83024,4.0,45
83040,0.0,3
83040,2.0,24
83056,3.0,36
83056,3.0,36
83096,0.0,5
83136,1.0,12
83152,1.0,12
83152,1.0,16
83176,2.0,24
83192,1.0,12
83192,0.0,5
83208,4.0,45
83216,0.0,5
83248,1.0,12
83248,0.0,5
83272,1.0,17
83280,2.0,30
83288,4.0,45
83288,1.0,12
83312,0.0,5
83328,1.0,17
83344,1.0,12
83344,1.0,12
83400,2.0,23
83408,1.0,12
83408,1.0,16
83440,1.0,12
83496,1.0,12
83504,1.0,12
83504,1.0,12
83528,2.0,30
83584,2.0,30
83592,1.0,12
83616,4.0,41
83632,0.0,5
83656,4.0,41
83672,1.0,18
83696,2.0,24
83728,3.0,36
83768,1.0,17
83776,1.0,15
83792,1.0,15
83808,2.0,24
83824,2.0,30
83832,4.0,41
83848,0.0,5
83856,0.0,3
83872,0.0,3
83872,1.0,12
83888,1.0,12
83920,1.0,12
83952,1.0,12
83960,0.0,5
83968,2.0,30
83984,1.0,12
84008,0.0,5
84048,0.0,5
84056,1.0,12
84064,2.0,24
84072,4.0,47
84080,0.0,3
84088,0.0,5
84096,4.0,41
84112,0.0,5
84120,0.0,3
84144,2.0,20
84176,1.0,12
84184,0.0,5
84184,1.0,12
84208,1.0,12
84208,1.0,11
84232,4.0,45
84240,3.0,36
84272,1.0,12
84280,1.0,12
84296,1.0,11
84368,2.0,23
84376,1.0,12
84392,1.0,12
84440,4.0,47
84464,1.0,12
84472,2.0,30
84480,2.0,30
84512,0.0,5
84536,4.0,41
84560,0.0,3
84576,1.0,12
84632,4.0,45
84656,1.0,12
84688,3.0,37
84696,2.0,23
84728,1.0,12
84736,4.0,45
84760,2.0,23
84768,0.0,5
84768,4.0,41
84792,0.0,3
84792,0.0,3
84816,0.0,3
84824,4.0,45
84832,1.0,17
84832,1.0,12
84848,2.0,24
84856,1.0,12
84880,2.0,24
84888,0.0,5
84912,0.0,3
84920,1.0,12
84928,1.0,12
84936,1.0,15
84944,0.0,3
84952,0.0,3
84992,1.0,10
85016,0.0,3
85024,2.0,29
85048,1.0,12
85072,1.0,17
85080,2.0,28
85080,2.0,25
85112,0.0,5
85120,1.0,12
85136,1.0,15
85144,0.0,3
85160,4.0,41
85176,1.0,12
85184,0.0,3
85184,1.0,13
85208,1.0,12
85216,0.0,5
85232,3.0,36
85232,0.0,3
85240,1.0,12
85240,0.0,3
85264,1.0,10
85280,1.0,12
85320,0.0,5
85328,1.0,12
85352,1.0,14
85408,4.0,45
85424,3.0,36
85424,2.0,24
85448,0.0,5
85472,0.0,3
85512,0.0,5
85520,1.0,12
85536,0.0,3
85568,4.0,41
85608,0.0,5
85616,2.0,24
85616,1.0,12
85624,4.0,45
85640,3.0,40
85688,4.0,45
85712,4.0,45
85728,0.0,5
85808,1.0,12
85808,2.0,23
85896,4.0,45
85904,1.0,12
85944,4.0,41
85952,3.0,42
85968,2.0,30
85968,4.0,45
85992,0.0,3
86000,4.0,45
86000,2.0,24
86040,0.0,5
86040,1.0,12
86048,1.0,12
86064,1.0,12
86088,1.0,12
86096,1.0,12
86128,0.0,5
86136,0.0,5
86136,1.0,12
86144,2.0,30
86160,0.0,3
86184,3.0,36
86224,1.0,12
86232,2.0,24
86240,1.0,12
86280,1.0,12
86296,2.0,31
86304,2.0,30
86352,2.0,24
86352,1.0,15
86400,1.0,12
86464,4.0,41
86472,2.0,29
86560,1.0,12
86584,4.0,45
86616,3.0,42
86656,4.0,45
86680,4.0,41
86680,4.0,41
86728,4.0,41
86752,1.0,17
86752,2.0,24
86760,3.0,36
86776,1.0,12
86776,1.0,12
86816,0.0,5
86824,1.0,12
86872,3.0,36
86872,1.0,12
86896,2.0,30
86896,1.0,17
86912,1.0,12
86920,1.0,12
86944,2.0,24
86968,1.0,12
86976,1.0,13
86992,1.0,12
86992,1.0,12
87008,0.0,5
87016,1.0,12
87080,4.0,41
87080,1.0,13
87088,1.0,12
87112,2.0,25
87128,1.0,17
87176,1.0,12
87184,2.0,30
87232,1.0,18
87240,1.0,16
87280,0.0,5
87280,1.0,12
87312,3.0,37
87368,2.0,24
87368,4.0,45
87376,1.0,12
87408,1.0,12
87408,0.0,5
87408,4.0,41
87464,1.0,12
87472,1.0,12
87472,2.0,24
87488,4.0,45
87544,1.0,17
87544,1.0,17
87584,1.0,12
87592,4.0,45
87600,2.0,24
87640,1.0,12
87664,2.0,24
87688,1.0,12
87696,1.0,12
87704,2.0,30
87736,1.0,12
87776,4.0,38
87824,2.0,30
87872,4.0,41
87888,2.0,24
87896,2.0,29
87896,0.0,3
87896,2.0,24
87936,0.0,5
87968,2.0,29
87976,3.0,36
87992,1.0,12
88016,1.0,15
88016,2.0,24
88032,0.0,5
88056,0.0,3
88064,1.0,12
88080,0.0,3
88104,3.0,41
88112,2.0,28
88120,0.0,5
88152,1.0,17
88168,2.0,29
88168,2.0,24
88200,1.0,12
88208,1.0,12
88240,0.0,5
88256,2.0,30
88264,1.0,12
88264,1.0,12
88304,1.0,12
88336,1.0,12
88344,2.0,24
88392,4.0,41
88432,4.0,39
88440,1.0,12
88456,2.0,24
88480,0.0,5
88488,1.0,12
88496,2.0,24
88496,2.0,29
88568,1.0,17
88576,1.0,12
88576,1.0,15
88584,1.0,12
88592,1.0,12
88616,4.0,45
88672,1.0,12
88688,1.0,12
88696,4.0,45
88704,1.0,17
88712,0.0,3
88712,1.0,12
88720,1.0,17
88760,0.0,5
88768,1.0,12
88792,1.0,12
88800,1.0,12
88808,1.0,12
88816,4.0,40
88856,1.0,12
88904,2.0,24
88912,1.0,12
88936,4.0,45
89032,1.0,12
89080,3.0,36
89080,2.0,28
89088,3.0,40
89136,2.0,29
89144,4.0,42
89160,4.0,45
89160,1.0,16
89184,1.0,12
89224,1.0,10
89232,1.0,12
89256,1.0,12
89264,2.0,23
89264,0.0,5
89272,4.0,45
89280,0.0,3
89280,1.0,12
89288,0.0,3
89344,2.0,23
89360,1.0,12
89368,1.0,12
89368,3.0,36
89368,1.0,10
89376,1.0,12
89424,2.0,24
89440,1.0,12
89464,0.0,5
89504,1.0,17
89504,1.0,17
89568,2.0,24
89592,2.0,29
89600,1.0,17
89600,1.0,12
89608,2.0,30
89616,3.0,42
89632,0.0,3
89640,0.0,5
89664,1.0,12
89696,2.0,24
89696,1.0,12
89712,1.0,12
89728,1.0,17
89752,4.0,39
89760,1.0,15
89784,0.0,3
89792,1.0,12
89816,2.0,23
89824,1.0,12
89848,2.0,23
89856,1.0,13
89864,0.0,5
89880,1.0,12
89888,0.0,3
89912,1.0,12
89952,1.0,12
89984,3.0,36
90000,3.0,36
90048,2.0,25
90064,2.0,22
90080,1.0,12
90152,4.0,45
90208,3.0,41
90240,2.0,24
90240,2.0,30
90272,4.0,45
90272,2.0,24
90312,4.0,45
90336,1.0,12
90344,2.0,24
90352,0.0,5
90376,1.0,17
90376,0.0,5
90392,4.0,41
90408,1.0,17
90432,0.0,3
90432,2.0,28
90472,1.0,12
90472,1.0,16
90488,1.0,12
90512,2.0,30
90552,0.0,5
90576,0.0,3
90608,2.0,22
90616,1.0,16
90624,2.0,24
90640,3.0,36
90640,0.0,3
90664,0.0,5
90672,1.0,12
90704,4.0,41
90728,0.0,3
90736,1.0,12
90800,2.0,24
90824,1.0,12
90832,4.0,45
90832,4.0,45
90896,2.0,28
90912,3.0,34
90920,0.0,3
90928,2.0,24
90928,1.0,12
90936,1.0,17
90992,3.0,41
91016,2.0,24
91016,1.0,12
91072,1.0,17
91096,1.0,10
91112,0.0,5
91120,0.0,3
91160,4.0,41
91184,0.0,3
91200,2.0,23
91216,1.0,12
91216,3.0,36
91240,4.0,41
91264,0.0,3
91280,1.0,12
91288,3.0,37
91296,1.0,12
91304,4.0,47
91328,2.0,27
91344,0.0,5
91368,0.0,3
91408,2.0,24
91448,2.0,20
91464,1.0,12
91504,1.0,12
91544,0.0,5
91568,3.0,36
91576,4.0,45
91608,3.0,43
91616,0.0,5
91648,3.0,40
91656,4.0,45
91664,1.0,12
91704,1.0,12
91712,1.0,12
91744,0.0,5
91744,1.0,12
91752,0.0,5
91800,1.0,17
91808,4.0,45
91824,4.0,45
91840,1.0,12
91872,4.0,41
91896,0.0,3
91904,1.0,12
91920,3.0,33
91920,1.0,12
91960,0.0,5
92032,2.0,29
92032,1.0,17
92056,1.0,12
92072,4.0,41
92096,2.0,24
92112,4.0,45
92128,1.0,12
92128,1.0,12
92136,0.0,5
92168,0.0,5
92200,4.0,45
92208,1.0,17
92208,1.0,12
92216,3.0,37
92232,1.0,12
92248,2.0,24
92296,1.0,12
92304,1.0,12
92328,0.0,3
92336,0.0,5
92352,1.0,17
92432,1.0,12
92456,4.0,41
92472,0.0,5
92480,0.0,3
92496,4.0,41
92512,0.0,5
92568,4.0,45
92576,1.0,12
92576,3.0,41
92592,4.0,45
92592,1.0,12
92616,3.0,36
92664,1.0,12
92672,1.0,12
92680,4.0,41
92688,1.0,12
92704,0.0,3
92728,1.0,17
92760,1.0,12
92768,1.0,12
92784,1.0,12
92800,1.0,12
92800,0.0,5
92808,0.0,5
92824,1.0,12
92848,0.0,5
92856,3.0,35
92872,4.0,45
92888,0.0,5
92952,1.0,12
92976,4.0,45
92984,1.0,12
93024,2.0,30
93024,0.0,5
93040,2.0,30
93048,1.0,12
93072,1.0,12
93080,0.0,5
93088,0.0,5
93104,4.0,38
93120,1.0,12
93160,3.0,36
93184,1.0,12
93184,4.0,45
93200,1.0,12
93216,1.0,12
93224,0.0,5
93224,0.0,5
93240,0.0,5
93264,2.0,30
93264,0.0,5
93264,2.0,23
93264,0.0,5
93312,1.0,12
93360,3.0,36
93360,1.0,12
93360,1.0,12
93456,1.0,12
93456,1.0,12
93496,3.0,42
93552,1.0,12
93568,4.0,41
93592,0.0,3
93624,4.0,45
93624,4.0,45
93632,1.0,17
93672,0.0,5
93696,3.0,42
93712,0.0,5
93720,1.0,12
93728,1.0,17
93760,1.0,17
93760,0.0,5
93768,6.0,57
93768,0.0,5
93792,1.0,12
93792,0.0,3
93816,4.0,45
93856,1.0,12
93880,0.0,3
93880,4.0,41
93888,1.0,12
93904,0.0,3
93912,1.0,12
93976,1.0,12
93984,1.0,12
94000,2.0,30
94000,1.0,12
94024,0.0,5
94072,4.0,45
94096,0.0,3
94096,1.0,12
94128,4.0,45
94136,2.0,20
94152,1.0,16
94152,4.0,45
94192,1.0,12
94192,1.0,12
94232,1.0,12
94240,4.0,41
94248,1.0,12
94248,1.0,12
94272,0.0,5
94288,0.0,5
94336,1.0,12
94360,4.0,45
94360,0.0,3
94416,3.0,36
94440,2.0,24
94456,1.0,12
94512,1.0,12
94552,4.0,45
94552,4.0,45
94576,3.0,36
94600,2.0,30
94616,0.0,5
94632,4.0,45
94640,0.0,5
94648,1.0,17
94648,1.0,12
94672,0.0,5
94688,0.0,5
94712,1.0,12
94736,1.0,12
94768,3.0,41
94784,1.0,17
94816,4.0,45
94840,3.0,36
94864,1.0,12
94880,1.0,12
94880,1.0,18
94896,2.0,28
94904,0.0,5
94904,0.0,3
94912,1.0,12
94936,1.0,12
94936,0.0,3
94976,3.0,36
95000,1.0,12
95032,1.0,12
95040,0.0,5
95040,4.0,41
95072,1.0,12
95176,3.0,35
95208,4.0,41
95232,2.0,24
95264,4.0,45
95272,1.0,12
95272,3.0,42
95304,0.0,5
95312,0.0,5
95320,3.0,36
95368,1.0,12
95368,4.0,41
95400,1.0,12
95408,1.0,12
95432,4.0,45
95472,2.0,30
95496,1.0,16
95544,3.0,42
95560,2.0,24
95608,1.0,17
95608,3.0,36
95656,2.0,20
95680,1.0,17
95688,1.0,16
95720,3.0,40
95720,0.0,5
95720,3.0,36
95728,0.0,5
95736,4.0,41
95760,0.0,5
95760,0.0,5
95768,0.0,5
95776,0.0,5
95784,0.0,3
95792,1.0,17
95824,0.0,5
95832,0.0,5
95840,2.0,29
95856,1.0,17
95872,1.0,12
95936,1.0,12
95944,4.0,42
96032,1.0,12
96040,1.0,12
96064,2.0,24
96080,4.0,39
96096,3.0,42
96104,0.0,3
96128,1.0,12
96160,4.0,41
96160,3.0,42
96184,3.0,41
96192,1.0,12
96256,1.0,12
96280,2.0,30
96280,1.0,12
96376,1.0,12
96376,1.0,12
96392,4.0,41
96400,0.0,3
96416,0.0,3
96424,3.0,40
96456,0.0,5
96456,4.0,41
96464,0.0,5
96488,0.0,3
96496,1.0,12
96496,0.0,5
96512,3.0,32
96520,1.0,18
96520,4.0,41
96552,1.0,12
96568,5.0,51
96584,1.0,12
96616,1.0,12
96624,0.0,5
96632,1.0,15
96632,1.0,17
96648,1.0,12
96664,1.0,12
96688,0.0,3
96728,1.0,12
96784,1.0,12
96808,3.0,36
96808,2.0,24
96824,4.0,41
96904,1.0,12
96920,1.0,12
96928,4.0,35
96960,4.0,41
96984,4.0,45
97000,1.0,12
97016,1.0,12
97024,0.0,5
97024,2.0,30
97040,0.0,3
97048,2.0,30
97056,4.0,41
97056,1.0,12
97120,1.0,12
97120,1.0,12
97136,1.0,12
97152,1.0,12
97160,0.0,5
97176,0.0,5
97176,1.0,16
97216,0.0,5
97216,0.0,5
97240,4.0,39
97248,1.0,12
97248,2.0,24
97256,0.0,5
97288,1.0,16
97288,0.0,5
97296,3.0,37
97312,1.0,12
97352,1.0,12
97360,2.0,30
97384,1.0,12
97440,2.0,24
97448,1.0,17
97456,1.0,12
97568,4.0,41
97592,0.0,3
97616,4.0,41
97656,5.0,45
97664,2.0,28
97712,1.0,12
97712,4.0,45
97712,4.0,41
97736,3.0,36
97752,0.0,5
97784,2.0,24
97816,4.0,45
97856,2.0,24
97888,1.0,17
97912,0.0,3
98008,1.0,12
98016,2.0,25
98016,4.0,45
98024,2.0,30
98040,4.0,41
98072,4.0,45
98080,0.0,5
98112,1.0,12
98112,5.0,47
98120,0.0,5
98120,1.0,12
98152,0.0,5
98152,0.0,5
98160,0.0,5
98160,0.0,5
98168,1.0,12
98192,3.0,42
98248,1.0,12
98256,2.0,30
98256,1.0,12
98256,1.0,12
98288,1.0,12
98288,1.0,17
98296,0.0,5
98336,4.0,41
98432,1.0,18
98448,2.0,24
98456,2.0,20
98456,3.0,36
98496,0.0,5
98520,2.0,29
98528,2.0,24
98544,3.0,36
98544,1.0,12
98576,4.0,41
98584,0.0,5
98592,1.0,12
98616,1.0,12
98624,1.0,12
98664,0.0,5
98672,1.0,12
98680,1.0,12
98688,1.0,18
98760,4.0,41
98760,1.0,12
98784,1.0,12
98864,2.0,24
98920,6.0,58
98920,4.0,41
98944,4.0,41
98952,2.0,24
99008,4.0,41
99032,0.0,3
99088,1.0,17
99088,4.0,41
99104,2.0,30
99112,0.0,3
99128,0.0,3
99128,1.0,12
99136,2.0,24
99144,4.0,45
99152,0.0,5
99152,0.0,3
99160,2.0,30
99232,1.0,12
99240,1.0,12
99248,1.0,12
99256,3.0,42
99272,0.0,5
99304,1.0,18
99352,1.0,12
99408,1.0,17
99448,3.0,37
99456,4.0,41
99464,4.0,47
99480,2.0,30
99496,1.0,18
99504,0.0,3
99504,1.0,12
99544,0.0,5
99560,1.0,12
99592,1.0,17
99592,1.0,12
99608,4.0,45
99640,2.0,24
99648,0.0,5
99664,4.0,45
99688,1.0,12
99760,1.0,12
99784,1.0,12
99832,4.0,41
99872,4.0,41
99880,1.0,12
99880,3.0,40
99888,2.0,30
99920,4.0,41
99928,1.0,12
99968,1.0,12
99976,1.0,12
100000,4.0,45
