timesteps,reward,episode_length
40,0.0,5
40,0.0,5
40,0.0,5
40,0.0,5
40,0.0,5
40,0.0,5
40,0.0,5
40,0.0,5
80,0.0,5
80,0.0,5
80,0.0,5
80,0.0,5
80,0.0,5
80,0.0,5
80,0.0,5
120,0.0,5
120,0.0,5
120,0.0,5
120,0.0,5
120,0.0,5
160,0.0,5
160,0.0,5
160,0.0,5
160,0.0,5
200,0.0,5
232,1.0,14
240,0.0,5
248,2.0,21
272,0.0,5
272,1.0,14
272,0.0,3
272,1.0,14
288,1.0,16
312,0.0,5
312,0.0,5
312,0.0,5
328,0.0,5
328,3.0,36
352,0.0,5
352,0.0,5
352,0.0,5
368,0.0,5
376,0.0,3
400,1.0,16
408,3.0,41
408,0.0,5
408,2.0,21
424,0.0,3
432,0.0,3
440,1.0,14
448,0.0,5
464,0.0,5
464,1.0,14
464,1.0,14
472,0.0,5
472,1.0,12
480,0.0,5
488,0.0,3
504,0.0,5
504,0.0,5
512,0.0,5
512,0.0,5
528,0.0,5
528,1.0,15
544,0.0,5
544,0.0,5
544,1.0,12
552,0.0,5
568,0.0,5
568,0.0,5
584,0.0,5
584,0.0,5
584,0.0,5
600,1.0,15
608,0.0,5
624,0.0,5
624,0.0,3
624,0.0,5
640,1.0,16
664,1.0,14
680,1.0,14
704,0.0,5
712,1.0,16
720,0.0,5
720,1.0,12
744,0.0,5
752,1.0,16
760,0.0,5
776,1.0,17
784,0.0,5
792,2.0,21
792,0.0,5
800,0.0,5
808,1.0,12
816,0.0,3
816,0.0,3
816,0.0,5
824,0.0,5
840,0.0,5
848,0.0,5
856,1.0,17
856,0.0,5
856,0.0,5
864,0.0,5
880,3.0,34
880,0.0,5
896,0.0,5
896,0.0,5
920,0.0,5
920,0.0,5
936,0.0,5
936,0.0,5
936,1.0,15
976,0.0,5
976,0.0,5
984,1.0,17
984,1.0,16
992,1.0,16
1016,0.0,5
1024,0.0,5
1024,0.0,5
1032,0.0,5
1048,1.0,16
1056,1.0,17
1072,0.0,5
1088,0.0,5
1096,0.0,5
1112,0.0,5
1120,0.0,3
1128,2.0,24
1128,1.0,14
1128,0.0,5
1136,1.0,14
1152,1.0,16
1152,0.0,3
1152,0.0,5
1160,0.0,5
1168,0.0,5
1176,0.0,5
1192,0.0,5
1192,0.0,5
1200,0.0,3
1200,0.0,5
1208,0.0,5
1224,1.0,12
1232,0.0,5
1232,0.0,5
1240,0.0,5
1248,0.0,5
1264,0.0,5
1264,1.0,14
1272,0.0,5
1272,0.0,5
1272,0.0,3
1304,3.0,41
1304,0.0,5
1304,0.0,5
1312,0.0,5
1312,0.0,5
1312,0.0,5
1344,0.0,5
1352,0.0,5
1352,0.0,5
1384,0.0,5
1392,0.0,5
1416,1.0,14
1424,2.0,23
1424,0.0,5
1424,2.0,28
1424,1.0,15
1432,0.0,5
1448,0.0,3
1456,0.0,5
1464,0.0,5
1464,0.0,5
1472,0.0,5
1480,2.0,21
1480,1.0,16
1488,0.0,5
1496,0.0,5
1504,0.0,5
1512,0.0,3
1512,0.0,5
1520,0.0,5
1536,1.0,14
1536,0.0,5
1552,0.0,5
1552,0.0,5
1560,0.0,5
1576,0.0,5
1576,0.0,5
1592,0.0,5
1592,1.0,16
1616,0.0,5
1616,1.0,17
1616,0.0,5
1632,0.0,5
1632,0.0,5
1632,1.0,16
1648,1.0,12
1656,0.0,5
1656,0.0,5
1656,0.0,5
1656,0.0,3
1672,0.0,5
1680,0.0,3
1688,0.0,5
1696,0.0,5
1696,0.0,5
1696,1.0,17
1720,0.0,5
1728,0.0,5
1736,0.0,5
1736,0.0,5
1736,0.0,5
1760,0.0,5
1776,0.0,5
1776,0.0,5
1776,0.0,5
1784,1.0,14
1800,2.0,21
1800,0.0,5
1816,0.0,5
1824,0.0,5
1840,0.0,5
1840,2.0,23
1840,0.0,5
1864,0.0,3
1864,0.0,5
1872,1.0,12
1880,0.0,5
1880,0.0,5
1904,0.0,5
1904,0.0,5
1912,0.0,5
1920,0.0,5
1920,0.0,5
1928,1.0,14
1944,0.0,5
1944,0.0,5
1952,0.0,5
1952,2.0,28
1960,0.0,5
1968,0.0,5
1984,0.0,3
1984,0.0,5
1984,0.0,5
1992,0.0,5
1992,0.0,5
1992,2.0,27
2008,0.0,5
2008,0.0,3
2024,0.0,5
2024,0.0,5
2032,0.0,5
2032,0.0,5
2032,0.0,5
2048,0.0,5
2048,0.0,5
2048,1.0,16
2064,0.0,5
2072,0.0,5
2072,0.0,3
2072,0.0,5
2088,0.0,5
2104,0.0,5
2112,0.0,5
2112,0.0,3
2112,0.0,5
2136,0.0,3
2144,0.0,5
2152,1.0,16
2152,0.0,5
2152,0.0,5
2160,1.0,14
2176,0.0,5
2184,0.0,5
2192,0.0,5
2192,0.0,5
2192,0.0,5
2200,0.0,5
2216,0.0,5
2224,0.0,3
2224,2.0,24
2224,0.0,5
2232,0.0,5
2256,0.0,5
2264,0.0,5
2264,0.0,5
2264,0.0,5
2272,0.0,5
2296,0.0,5
2296,2.0,28
2304,0.0,5
2304,1.0,14
2312,0.0,5
2328,0.0,4
2336,0.0,5
2344,0.0,5
2344,0.0,5
2352,0.0,5
2352,2.0,20
2368,0.0,5
2376,1.0,14
2376,0.0,5
2384,0.0,5
2384,0.0,5
2392,0.0,5
2392,0.0,5
2408,0.0,5
2416,0.0,3
2416,0.0,5
2416,0.0,5
2424,0.0,5
2424,0.0,5
2432,0.0,5
2440,0.0,3
2448,0.0,5
2456,0.0,5
2464,0.0,5
2464,0.0,5
2472,0.0,5
2480,0.0,5
2480,0.0,3
2488,0.0,3
2512,0.0,5
2520,0.0,5
2528,0.0,5
2536,3.0,34
2544,1.0,16
2552,0.0,5
2560,0.0,5
2560,1.0,14
2568,0.0,5
2576,0.0,5
2584,0.0,5
2592,1.0,16
2600,0.0,5
2608,0.0,3
2608,0.0,5
2616,0.0,5
2632,0.0,5
2640,0.0,5
2648,2.0,21
2648,0.0,5
2656,0.0,5
2672,0.0,5
2680,1.0,16
2680,0.0,5
2688,0.0,5
2688,0.0,5
2696,0.0,5
2696,1.0,17
2712,0.0,5
2720,0.0,5
2728,0.0,5
2736,0.0,5
2736,1.0,16
2736,0.0,5
2752,0.0,5
2760,0.0,5
2768,0.0,5
2776,0.0,5
2776,0.0,5
2776,0.0,3
2776,0.0,5
2800,1.0,14
2800,0.0,5
2808,1.0,16
2808,0.0,5
2816,0.0,5
2816,0.0,5
2816,0.0,5
2824,0.0,3
2840,0.0,5
2848,0.0,5
2856,0.0,5
2856,0.0,5
2856,0.0,5
2864,0.0,5
2888,0.0,5
2896,0.0,5
2904,0.0,5
2904,1.0,16
2912,0.0,3
2920,0.0,3
2944,0.0,5
2944,0.0,3
2944,0.0,5
2952,0.0,5
2952,1.0,12
2976,2.0,21
2984,0.0,5
2984,0.0,5
2984,1.0,16
2984,0.0,5
2992,0.0,5
2992,0.0,5
3016,0.0,3
3024,0.0,5
3024,2.0,23
3024,0.0,5
3024,0.0,5
3048,0.0,3
3056,0.0,5
3064,0.0,5
3064,0.0,5
3064,0.0,5
3080,1.0,12
3088,0.0,5
3096,0.0,5
3104,0.0,5
3104,1.0,14
3120,0.0,5
3144,0.0,5
3144,0.0,5
3160,0.0,5
3176,1.0,14
3192,1.0,12
3200,0.0,5
3200,2.0,28
3208,1.0,18
3216,0.0,5
3232,0.0,5
3240,0.0,5
3240,0.0,5
3248,0.0,5
3256,2.0,21
3272,1.0,16
3280,1.0,17
3280,0.0,5
3288,0.0,5
3312,0.0,5
3328,0.0,5
3336,1.0,15
3352,0.0,5
3352,1.0,12
3352,1.0,14
3360,1.0,16
3368,0.0,5
3376,0.0,5
3392,0.0,5
3392,0.0,5
3392,1.0,14
3400,1.0,15
3408,0.0,5
3416,0.0,5
3432,0.0,5
3432,0.0,5
3440,0.0,5
3448,0.0,5
3456,0.0,5
3472,1.0,15
3472,0.0,5
3480,0.0,5
3488,1.0,12
3488,1.0,16
3488,0.0,5
3496,0.0,5
3512,0.0,5
3512,0.0,3
3512,0.0,3
3512,0.0,3
3512,0.0,5
3520,0.0,5
3528,1.0,12
3536,0.0,3
3536,0.0,3
3552,0.0,5
3552,0.0,3
3552,0.0,5
3552,0.0,5
3576,0.0,5
3592,0.0,5
3592,0.0,5
3616,0.0,5
3624,1.0,16
3632,1.0,14
3632,0.0,5
3648,1.0,12
3656,0.0,5
3664,1.0,14
3664,1.0,16
3672,0.0,5
3688,0.0,3
3688,0.0,5
3704,0.0,5
3712,0.0,5
3728,0.0,5
3728,1.0,17
3744,0.0,5
3752,0.0,5
3752,1.0,16
3768,0.0,5
3768,0.0,5
3776,0.0,3
3792,0.0,5
3800,1.0,14
3808,0.0,5
3808,0.0,5
3816,0.0,5
3824,2.0,21
3832,0.0,5
3848,0.0,5
3848,2.0,27
3856,0.0,5
3864,0.0,5
3880,0.0,3
3888,0.0,5
3888,0.0,5
3904,0.0,5
3920,1.0,14
3920,0.0,5
3928,0.0,5
3928,0.0,5
3944,1.0,14
3960,0.0,5
3968,0.0,5
3968,0.0,5
3976,2.0,29
3984,2.0,23
4008,0.0,5
4008,0.0,5
4024,0.0,5
4032,1.0,16
4048,0.0,5
4048,0.0,5
4072,0.0,5
4072,1.0,16
4088,0.0,5
4088,0.0,5
4096,0.0,3
4112,0.0,5
4112,1.0,17
4128,0.0,5
4128,0.0,5
4136,0.0,5
4152,0.0,5
4160,1.0,17
4168,0.0,5
4176,0.0,5
4176,2.0,27
4200,0.0,5
4200,0.0,3
4208,0.0,5
4216,0.0,5
4224,1.0,14
4232,0.0,3
4240,0.0,5
4240,3.0,40
4240,0.0,5
4256,0.0,5
4272,0.0,5
4280,0.0,5
4280,0.0,5
4280,0.0,5
4296,2.0,21
4320,1.0,12
4320,0.0,5
4320,0.0,5
4336,0.0,5
4360,0.0,5
4360,0.0,5
4368,1.0,14
4376,1.0,12
4376,2.0,28
4384,0.0,3
4400,0.0,5
4408,0.0,5
4416,0.0,5
4416,0.0,5
4424,0.0,5
4440,0.0,5
4448,1.0,16
4456,0.0,5
4456,0.0,5
4472,1.0,17
4488,2.0,27
4488,0.0,5
4496,0.0,5
4496,0.0,5
4512,0.0,5
4528,0.0,5
4528,1.0,15
4528,0.0,5
4536,0.0,5
4552,0.0,5
4568,0.0,5
4576,0.0,5
4592,0.0,5
4608,2.0,21
4608,0.0,5
4608,1.0,14
4608,2.0,23
4632,0.0,5
4640,1.0,14
4648,0.0,5
4648,0.0,5
4648,0.0,5
4672,0.0,5
4688,0.0,5
4688,0.0,5
4696,2.0,21
4696,0.0,3
4704,1.0,16
4720,1.0,14
4728,0.0,5
4736,0.0,5
4744,0.0,5
4760,1.0,15
4768,0.0,5
4768,1.0,15
4776,0.0,5
4792,0.0,3
4792,1.0,12
4808,0.0,5
4816,1.0,12
4816,0.0,5
4816,1.0,16
4832,0.0,5
4840,0.0,3
4840,0.0,3
4856,0.0,5
4864,1.0,15
4864,0.0,3
4880,0.0,5
4888,1.0,16
4896,0.0,5
4904,0.0,5
4904,0.0,5
4920,1.0,14
4920,1.0,16
4928,0.0,5
4928,1.0,12
4936,0.0,5
4944,0.0,5
4944,0.0,5
4960,0.0,5
4960,0.0,3
4960,0.0,5
4968,0.0,5
4968,0.0,5
4976,1.0,12
4984,0.0,5
4984,0.0,5
5000,0.0,5
5000,0.0,5
5008,0.0,5
5008,0.0,5
5016,0.0,5
5024,0.0,5
5040,0.0,5
5048,0.0,5
5048,0.0,5
5056,0.0,5
5064,0.0,5
5072,1.0,14
5080,1.0,12
5080,0.0,5
5088,0.0,5
5088,0.0,5
5096,0.0,5
5104,0.0,5
5112,0.0,5
5120,0.0,5
5120,0.0,5
5128,0.0,5
5128,0.0,5
5128,1.0,16
5136,0.0,3
5136,0.0,5
5160,0.0,5
5160,0.0,5
5168,0.0,5
5168,0.0,5
5176,0.0,5
5176,0.0,5
5184,0.0,3
5208,0.0,5
5208,0.0,5
5216,1.0,14
5216,0.0,5
5216,0.0,5
5240,0.0,3
5248,0.0,5
5256,0.0,5
5256,1.0,16
5280,0.0,5
5288,0.0,5
5296,1.0,17
5296,0.0,5
5304,1.0,12
5312,1.0,12
5320,0.0,3
5344,2.0,20
5344,0.0,5
5352,0.0,5
5360,0.0,5
5384,0.0,5
5384,0.0,5
5416,1.0,15
5424,0.0,5
5456,2.0,21
5456,0.0,5
5464,0.0,5
5472,2.0,27
5480,1.0,15
5480,1.0,12
5496,0.0,5
5496,2.0,27
5504,0.0,5
5512,0.0,5
5520,0.0,3
5520,0.0,5
5520,0.0,5
5536,0.0,5
5552,0.0,5
5560,0.0,5
5560,0.0,5
5560,0.0,5
5576,2.0,28
5576,0.0,5
5576,1.0,15
5592,0.0,5
5600,0.0,5
5600,0.0,5
5600,0.0,5
5616,0.0,5
5616,1.0,14
5616,0.0,5
5624,0.0,3
5632,0.0,5
5640,0.0,3
5640,0.0,5
5640,0.0,5
5656,0.0,5
5656,0.0,5
5664,0.0,3
5672,0.0,5
5680,0.0,5
5680,0.0,5
5696,0.0,5
5704,0.0,5
5712,0.0,5
5720,0.0,5
5720,0.0,5
5736,1.0,10
5744,0.0,5
5752,0.0,5
5760,2.0,23
5760,0.0,5
5776,0.0,5
5792,0.0,5
5800,0.0,5
5800,0.0,5
5824,1.0,16
5832,1.0,14
5840,0.0,5
5840,0.0,5
5848,2.0,28
5864,0.0,3
5864,0.0,5
5872,0.0,5
5888,0.0,5
5904,0.0,5
5904,0.0,5
5912,0.0,5
5912,2.0,21
5928,0.0,5
5928,0.0,3
5936,1.0,12
5952,0.0,5
5952,0.0,5
5968,0.0,5
5968,0.0,5
5976,0.0,3
5976,0.0,5
5992,0.0,5
6008,0.0,5
6008,0.0,5
6016,0.0,5
6016,0.0,5
6016,1.0,14
6016,2.0,28
6032,0.0,5
6040,0.0,3
6048,0.0,5
6048,0.0,5
6048,3.0,34
6056,0.0,5
6056,0.0,5
6056,0.0,5
6072,0.0,5
6080,0.0,3
6080,0.0,5
6088,0.0,5
6088,0.0,5
6096,0.0,5
6096,0.0,5
6120,0.0,5
6128,0.0,5
6136,0.0,5
6160,1.0,14
6160,0.0,5
6168,0.0,5
6176,0.0,5
6176,1.0,12
6192,1.0,12
6200,1.0,14
6208,0.0,5
6216,0.0,5
6216,0.0,5
6224,0.0,3
6232,0.0,5
6240,2.0,21
6248,0.0,5
6256,1.0,12
6256,0.0,5
6256,0.0,5
6280,0.0,3
6280,0.0,5
6288,0.0,5
6296,0.0,5
6296,0.0,5
6320,0.0,5
6320,0.0,5
6328,2.0,21
6328,0.0,5
6336,0.0,5
6360,0.0,5
6360,1.0,17
6368,0.0,5
6368,0.0,5
6400,2.0,21
6400,0.0,5
6400,0.0,5
6416,1.0,15
6440,0.0,5
6440,0.0,5
6448,1.0,16
6448,1.0,14
6480,0.0,5
6488,0.0,5
6488,1.0,15
6488,0.0,5
6528,0.0,5
6576,1.0,17
6584,1.0,12
6600,2.0,23
6600,2.0,29
6608,1.0,16
6616,1.0,16
6640,1.0,14
6640,0.0,5
6648,0.0,5
6656,0.0,5
6680,0.0,5
6688,0.0,5
6696,0.0,5
6712,1.0,16
6720,0.0,5
6728,0.0,5
6728,3.0,41
6736,1.0,17
6736,0.0,3
6736,0.0,5
6760,0.0,5
6768,0.0,5
6768,0.0,5
6776,0.0,5
6776,0.0,5
6776,1.0,17
6776,0.0,5
6800,0.0,3
6800,0.0,5
6800,0.0,3
6808,0.0,5
6816,0.0,5
6816,0.0,5
6840,0.0,5
6840,0.0,5
6840,0.0,3
6840,0.0,5
6848,0.0,5
6856,0.0,5
6880,0.0,5
6880,0.0,5
6880,0.0,5
6880,0.0,5
6880,1.0,14
6888,0.0,5
6904,3.0,41
6904,0.0,3
6920,0.0,5
6920,0.0,5
6920,0.0,5
6920,0.0,5
6928,0.0,5
6944,0.0,5
6944,0.0,5
6968,0.0,5
6984,0.0,5
7008,0.0,5
7024,0.0,5
7024,2.0,21
7032,1.0,14
7048,1.0,16
7048,0.0,3
7048,0.0,5
7064,0.0,5
7064,1.0,15
7072,0.0,3
7088,2.0,21
7088,0.0,5
7088,0.0,5
7104,2.0,23
7104,0.0,5
7128,0.0,5
7144,0.0,5
7144,0.0,5
7168,1.0,17
7168,0.0,5
7184,0.0,5
7184,0.0,5
7184,1.0,12
7192,1.0,16
7208,1.0,17
7224,0.0,5
7224,0.0,5
7224,0.0,5
7232,0.0,5
7248,0.0,5
7256,2.0,21
7264,0.0,5
7264,0.0,5
7264,0.0,5
7288,0.0,5
7288,0.0,3
7296,1.0,16
7296,0.0,5
7304,0.0,5
7328,0.0,5
7336,0.0,5
7336,2.0,21
7336,0.0,5
7344,1.0,14
7360,0.0,3
7368,0.0,5
7376,0.0,5
7376,0.0,5
7376,1.0,14
7384,0.0,5
7400,0.0,5
7400,0.0,3
7408,0.0,5
7416,0.0,5
7416,1.0,14
7440,0.0,3
7440,0.0,5
7456,2.0,21
7456,0.0,5
7480,0.0,3
7480,0.0,5
7496,0.0,5
7504,1.0,12
7504,1.0,15
7504,1.0,16
7520,0.0,5
7520,0.0,5
7544,0.0,5
7544,0.0,5
7544,0.0,5
7560,0.0,5
7560,0.0,5
7584,0.0,5
7584,0.0,5
7584,2.0,23
7600,0.0,5
7608,0.0,3
7624,0.0,5
7624,0.0,5
7632,1.0,17
7640,1.0,12
7640,0.0,5
7648,0.0,5
7664,0.0,5
7672,1.0,14
7672,0.0,5
7680,0.0,5
7680,0.0,5
7688,0.0,5
7712,0.0,5
7720,0.0,5
7728,0.0,5
7752,1.0,16
7752,0.0,5
7760,0.0,5
7768,3.0,41
7792,1.0,16
7792,0.0,5
7792,1.0,14
7792,0.0,5
7792,0.0,3
7800,0.0,5
7824,1.0,12
7832,0.0,5
7832,0.0,5
7832,0.0,5
7864,2.0,24
7864,0.0,5
7872,0.0,5
7872,0.0,5
7888,1.0,12
7888,1.0,12
7904,0.0,5
7904,0.0,5
7912,0.0,5
7912,1.0,14
7912,0.0,3
7912,0.0,5
7928,0.0,5
7944,0.0,5
7944,0.0,5
7952,0.0,5
7952,0.0,5
7960,1.0,16
7968,0.0,5
7984,0.0,5
7984,0.0,5
7992,0.0,5
7992,0.0,5
8000,0.0,5
8024,0.0,5
8024,0.0,5
8032,0.0,5
8040,1.0,16
8040,1.0,16
8064,0.0,5
8064,0.0,5
8072,0.0,5
8080,0.0,5
8088,1.0,12
8088,0.0,3
8104,0.0,5
8104,0.0,3
8112,1.0,14
8128,0.0,5
8136,2.0,21
8144,0.0,5
8168,1.0,12
8168,0.0,5
8176,0.0,5
8184,1.0,18
8184,0.0,5
8208,1.0,12
8208,0.0,5
8208,0.0,3
8216,0.0,5
8224,0.0,5
8232,1.0,16
8232,0.0,3
8248,0.0,5
8256,0.0,5
8272,0.0,5
8272,2.0,23
8272,0.0,5
8296,1.0,16
8312,0.0,5
8312,0.0,5
8336,0.0,5
8344,1.0,15
8352,0.0,5
8368,0.0,3
8392,0.0,5
8392,1.0,17
8400,2.0,24
8408,1.0,17
8408,0.0,5
8416,2.0,21
8424,1.0,14
8432,0.0,3
8432,0.0,5
8440,0.0,3
8448,0.0,3
8448,0.0,5
8448,1.0,14
8472,0.0,5
8472,0.0,5
8480,0.0,5
8488,0.0,5
8488,0.0,5
8512,0.0,5
8520,0.0,5
8528,0.0,5
8528,1.0,16
8528,0.0,5
8552,0.0,5
8560,2.0,21
8576,1.0,16
8592,0.0,5
8600,0.0,5
8616,1.0,18
8616,0.0,5
8624,1.0,12
8632,0.0,5
8640,1.0,14
8640,0.0,5
8664,0.0,5
8672,0.0,5
8680,0.0,5
8696,2.0,21
8704,2.0,23
8704,0.0,3
8720,0.0,3
8744,0.0,3
8744,1.0,16
8744,0.0,5
8744,0.0,5
8768,0.0,3
8784,0.0,5
8784,0.0,5
8784,0.0,5
8800,1.0,17
8808,0.0,5
8824,0.0,5
8824,0.0,5
8824,2.0,23
8840,0.0,5
8840,2.0,21
8848,2.0,29
8848,0.0,5
8864,0.0,5
8888,0.0,5
8888,0.0,5
8904,1.0,15
8904,0.0,5
8944,0.0,5
8944,0.0,5
8944,1.0,15
8968,1.0,16
8968,0.0,3
8968,0.0,3
8984,0.0,5
8992,2.0,21
8992,0.0,3
9008,0.0,5
9008,0.0,5
9024,0.0,5
9032,0.0,5
9032,0.0,5
9056,2.0,21
9064,0.0,5
9072,2.0,23
9072,2.0,29
9096,0.0,5
9112,0.0,5
9112,0.0,5
9136,0.0,5
9152,1.0,15
9152,0.0,5
9176,0.0,5
9192,0.0,5
9192,0.0,5
9200,2.0,21
9216,0.0,5
9232,0.0,5
9232,0.0,5
9240,0.0,5
9240,2.0,29
9240,1.0,16
9256,0.0,5
9272,0.0,5
9272,0.0,5
9280,0.0,5
9296,0.0,5
9296,3.0,36
9312,0.0,5
9312,0.0,5
9336,0.0,3
9336,3.0,34
9336,0.0,5
9352,0.0,5
9360,0.0,3
9368,1.0,16
9376,0.0,5
9392,1.0,14
9392,0.0,5
9400,2.0,20
9408,0.0,5
9416,0.0,5
9424,1.0,16
9432,0.0,5
9432,0.0,5
9448,0.0,5
9456,0.0,3
9456,0.0,5
9464,0.0,5
9472,1.0,17
9472,0.0,5
9488,0.0,5
9496,0.0,5
9504,0.0,5
9512,0.0,5
9512,0.0,5
9528,0.0,5
9528,1.0,16
9536,0.0,5
9544,2.0,23
9544,0.0,5
9552,0.0,5
9568,0.0,5
9576,0.0,5
9584,0.0,5
9584,0.0,5
9608,0.0,3
9608,0.0,5
9616,0.0,5
9624,0.0,5
9632,0.0,3
9664,1.0,17
9672,0.0,5
9680,2.0,21
9704,0.0,5
9768,4.0,39
9776,2.0,21
9792,2.0,21
9800,1.0,16
9800,2.0,23
9800,1.0,12
9816,0.0,5
9816,1.0,17
9824,3.0,34
9824,0.0,3
9840,0.0,5
9856,0.0,5
9864,0.0,5
9880,0.0,5
9888,1.0,15
9896,1.0,12
9896,0.0,5
9904,0.0,5
9912,1.0,12
9920,1.0,16
9928,0.0,5
9936,0.0,5
9936,0.0,5
9944,0.0,5
9944,0.0,3
9952,1.0,16
9952,0.0,5
9968,0.0,5
9976,0.0,5
9976,0.0,5
9976,0.0,3
9984,0.0,5
9992,0.0,5
10008,1.0,16
10008,0.0,5
10016,0.0,5
10016,0.0,5
10016,0.0,5
10024,0.0,5
10032,0.0,3
10032,0.0,3
10072,1.0,16
10096,0.0,3
10112,1.0,12
10120,1.0,12
10128,1.0,12
10128,1.0,12
10136,0.0,5
10144,1.0,16
10152,0.0,5
10160,0.0,5
10168,0.0,5
10168,0.0,5
10176,0.0,5
10176,2.0,23
10184,2.0,21
10184,0.0,5
10192,0.0,5
10200,0.0,5
10208,0.0,5
10216,0.0,5
10216,0.0,5
10224,0.0,5
10232,0.0,5
10240,0.0,5
10248,0.0,5
10256,0.0,5
10256,0.0,5
10264,0.0,5
10280,0.0,5
10288,0.0,5
10296,0.0,5
10296,0.0,5
10312,1.0,16
10336,0.0,5
10336,0.0,5
10400,2.0,29
10416,2.0,23
10440,0.0,5
10448,2.0,23
10448,1.0,17
10464,2.0,23
10472,2.0,23
10488,0.0,5
10488,0.0,5
10504,0.0,5
10512,0.0,5
10520,2.0,23
10520,2.0,23
10528,0.0,5
10528,0.0,5
10544,0.0,5
10552,0.0,5
10560,0.0,5
10584,0.0,5
10600,2.0,23
10600,0.0,5
10624,2.0,23
10640,0.0,5
10656,1.0,17
10664,0.0,5
10680,0.0,5
10680,0.0,3
10696,1.0,14
10704,0.0,5
10712,2.0,23
10712,2.0,23
10720,0.0,5
10720,0.0,5
10736,2.0,23
10736,0.0,5
10752,0.0,5
10752,0.0,5
10760,0.0,5
10760,0.0,5
10776,0.0,5
10776,0.0,5
10792,0.0,5
10792,0.0,5
10800,0.0,5
10800,0.0,5
10816,0.0,5
10816,0.0,5
10832,2.0,29
10832,0.0,5
10840,1.0,17
10856,0.0,5
10856,0.0,5
10872,0.0,5
10872,0.0,5
10880,0.0,5
10896,0.0,5
10896,0.0,5
10912,0.0,5
10912,0.0,5
10920,0.0,5
10928,1.0,17
10936,0.0,5
10936,0.0,5
10952,0.0,5
10952,0.0,5
10960,0.0,5
10968,0.0,5
10976,0.0,5
10976,0.0,5
10984,2.0,23
10984,2.0,23
10992,0.0,5
11008,0.0,5
11016,0.0,5
11024,0.0,5
11024,0.0,5
11048,0.0,5
11056,0.0,5
11064,0.0,5
11064,0.0,5
11096,0.0,5
11104,0.0,5
11104,0.0,5
11120,1.0,16
11136,0.0,5
11136,2.0,23
11144,0.0,5
11144,2.0,23
11160,0.0,5
11160,2.0,23
11176,0.0,5
11176,0.0,5
11176,1.0,16
11184,0.0,5
11200,0.0,5
11216,0.0,5
11224,0.0,5
11240,0.0,5
11256,0.0,5
11280,0.0,5
11280,1.0,17
11288,2.0,23
11296,1.0,17
11296,0.0,5
11312,1.0,17
11312,1.0,17
11320,0.0,5
11320,0.0,5
11328,0.0,5
11336,1.0,14
11352,0.0,5
11352,0.0,5
11360,0.0,5
11360,0.0,5
11376,0.0,5
11392,0.0,5
11392,0.0,5
11400,0.0,5
11400,0.0,5
11416,0.0,5
11432,0.0,5
11432,0.0,5
11440,0.0,5
11440,0.0,5
11456,0.0,5
11464,1.0,17
11472,0.0,5
11472,0.0,5
11480,0.0,5
11496,0.0,5
11504,0.0,5
11512,0.0,5
11512,0.0,5
11520,0.0,5
11536,0.0,5
11544,0.0,5
11552,0.0,5
11624,2.0,23
11640,1.0,16
11648,0.0,3
11656,4.0,45
11656,4.0,45
11656,1.0,14
11664,0.0,3
11672,0.0,3
11680,0.0,3
11696,0.0,5
11696,0.0,5
11704,2.0,21
11704,2.0,23
11712,0.0,5
11720,2.0,21
11728,0.0,3
11744,0.0,5
11744,0.0,3
11752,0.0,5
11752,0.0,3
11768,0.0,3
11784,0.0,4
11792,1.0,16
11800,0.0,4
11824,0.0,5
11840,0.0,5
11904,2.0,28
11912,2.0,21
11920,2.0,21
11928,1.0,17
11944,0.0,5
11952,0.0,5
11968,0.0,5
11984,0.0,5
11992,0.0,5
11992,2.0,21
12008,3.0,39
12008,3.0,39
12008,2.0,21
12008,0.0,5
12024,0.0,5
12032,0.0,5
12032,0.0,3
12032,0.0,3
12032,0.0,3
12032,0.0,5
12056,1.0,17
12056,0.0,3
12072,0.0,5
12072,0.0,5
12072,0.0,5
12072,0.0,5
12080,0.0,3
12096,0.0,5
12112,0.0,5
12112,0.0,5
12136,0.0,5
12152,0.0,5
12160,0.0,3
12176,2.0,21
12184,0.0,3
12192,2.0,21
12200,1.0,15
12200,0.0,3
12208,1.0,17
12208,1.0,17
12216,0.0,3
12224,1.0,14
12224,0.0,5
12224,0.0,3
12240,0.0,5
12248,0.0,3
12248,1.0,12
12248,0.0,5
12248,0.0,5
12256,0.0,5
12264,0.0,5
12272,0.0,3
12280,0.0,5
12288,0.0,5
12288,0.0,5
12296,0.0,5
12304,0.0,5
12312,0.0,5
12312,0.0,3
12328,0.0,5
12336,1.0,14
12392,1.0,14
12416,2.0,21
12432,0.0,5
12456,0.0,5
12464,2.0,21
12472,0.0,5
12472,2.0,21
12480,2.0,21
12496,2.0,21
12496,2.0,23
12496,0.0,5
12504,0.0,5
12512,0.0,5
12520,0.0,5
12520,2.0,23
12536,0.0,5
12536,0.0,5
12544,0.0,5
12552,0.0,5
12560,0.0,5
12560,0.0,5
12576,0.0,5
12576,0.0,5
12584,0.0,5
12592,0.0,5
12600,0.0,5
12616,0.0,5
12624,0.0,5
12632,1.0,17
12632,0.0,5
12640,0.0,5
12680,0.0,5
12696,1.0,17
12720,0.0,5
12736,0.0,5
12744,0.0,3
12752,1.0,16
12760,2.0,23
12760,1.0,16
12776,0.0,5
12792,0.0,5
12800,3.0,41
12800,0.0,5
12800,0.0,5
12808,2.0,24
12816,2.0,23
12816,0.0,5
12832,0.0,5
12840,1.0,12
12840,0.0,5
12840,0.0,5
12840,0.0,5
12848,0.0,5
12856,0.0,5
12856,0.0,5
12872,0.0,5
12880,0.0,5
12880,0.0,5
12880,0.0,5
12888,0.0,5
12904,0.0,3
12912,0.0,5
12920,0.0,5
12928,0.0,3
12976,1.0,17
12976,1.0,15
13000,0.0,3
13024,2.0,21
13040,0.0,5
13056,2.0,21
13064,0.0,5
13080,0.0,5
13080,2.0,21
13088,2.0,21
13096,0.0,5
13096,2.0,27
13104,2.0,22
13128,0.0,5
13136,0.0,5
13136,0.0,5
13144,0.0,5
13160,2.0,23
13176,0.0,5
13184,0.0,5
13200,1.0,17
13216,0.0,5
13216,1.0,17
13224,0.0,5
13256,0.0,5
13256,0.0,5
13264,0.0,5
13264,2.0,23
13264,1.0,17
13296,0.0,5
13296,1.0,17
13304,0.0,5
13304,0.0,5
13304,0.0,5
13320,2.0,23
13336,0.0,5
13336,0.0,5
13344,0.0,5
13344,0.0,5
13360,0.0,5
13376,0.0,5
13376,0.0,5
13376,1.0,15
13384,2.0,23
13384,0.0,5
13400,0.0,5
13416,0.0,5
13416,0.0,5
13424,0.0,5
13440,0.0,5
13440,1.0,17
13456,0.0,5
13464,0.0,5
13496,0.0,5
13504,0.0,5
13512,1.0,17
13528,2.0,23
13536,0.0,5
13544,0.0,5
13552,0.0,5
13568,0.0,5
13568,2.0,23
13576,0.0,5
13576,1.0,17
13576,1.0,17
13584,0.0,5
13600,2.0,23
13608,0.0,5
13616,0.0,5
13616,0.0,5
13616,0.0,5
13704,1.0,17
13728,1.0,15
13728,0.0,3
13736,2.0,23
13736,1.0,17
13752,0.0,3
13752,2.0,21
13760,0.0,3
13760,0.0,3
13776,0.0,3
13784,2.0,21
13784,2.0,21
13784,0.0,3
13784,2.0,21
13792,0.0,5
13800,0.0,3
13824,0.0,5
13824,0.0,5
13824,0.0,5
13824,0.0,5
13832,0.0,5
13840,0.0,5
13864,0.0,5
13880,0.0,5
13880,1.0,15
13912,2.0,23
13920,0.0,5
13936,0.0,3
13944,1.0,15
13944,1.0,15
13944,1.0,15
13960,0.0,3
13968,0.0,3
13984,0.0,5
13984,0.0,5
13992,1.0,14
14000,2.0,21
14000,0.0,5
14008,0.0,5
14016,0.0,3
14024,0.0,3
14024,0.0,5
14024,0.0,5
14032,2.0,21
14048,0.0,3
14056,0.0,3
14064,0.0,5
14064,0.0,5
14080,0.0,3
14088,2.0,21
14104,0.0,5
14104,0.0,5
14120,0.0,5
14120,1.0,15
14128,0.0,5
14144,0.0,5
14144,0.0,5
14144,1.0,16
14160,0.0,5
14168,0.0,5
14176,1.0,16
14176,2.0,21
14184,0.0,5
14184,0.0,5
14200,0.0,5
14208,0.0,5
14216,0.0,5
14216,0.0,5
14224,0.0,5
14224,0.0,5
14240,0.0,5
14248,0.0,5
14256,0.0,5
14256,0.0,5
14264,0.0,5
14264,0.0,5
14280,0.0,5
14288,0.0,5
14296,0.0,5
14296,0.0,5
14304,0.0,5
14304,2.0,23
14304,0.0,5
14320,0.0,5
14328,2.0,23
14328,0.0,5
14336,0.0,5
14336,0.0,5
14360,0.0,5
14368,0.0,5
14400,0.0,5
14424,1.0,12
14432,1.0,12
14432,1.0,16
14432,1.0,16
14440,1.0,17
14464,1.0,12
14472,0.0,5
14496,1.0,12
14504,0.0,5
14512,0.0,5
14520,1.0,12
14528,1.0,12
14528,1.0,12
14536,1.0,12
14536,0.0,5
14544,0.0,5
14552,0.0,5
14560,0.0,5
14568,0.0,5
14568,0.0,5
14576,0.0,5
14576,0.0,5
14584,0.0,5
14592,0.0,5
14600,0.0,5
14608,0.0,5
14608,0.0,5
14616,0.0,5
14624,0.0,5
14640,0.0,5
14648,0.0,5
14648,0.0,5
14664,0.0,5
14680,0.0,5
14688,0.0,5
14688,0.0,5
14696,4.0,45
14712,1.0,17
14720,0.0,5
14728,0.0,5
14728,0.0,5
14736,0.0,5
14752,0.0,5
14760,0.0,5
14768,0.0,5
14768,0.0,5
14776,0.0,5
14776,2.0,23
14784,2.0,21
14808,0.0,5
14808,0.0,5
14816,0.0,5
14816,0.0,5
14824,0.0,5
14848,0.0,5
14848,0.0,5
14848,2.0,23
14856,0.0,5
14856,0.0,5
14864,0.0,5
14888,0.0,5
14888,0.0,5
14888,0.0,5
14896,0.0,5
14896,0.0,5
14904,0.0,5
14928,0.0,5
14928,0.0,5
14928,0.0,5
14936,0.0,5
14936,2.0,23
14936,2.0,22
14944,0.0,5
14968,0.0,5
14968,0.0,5
14968,0.0,5
14976,0.0,5
14976,0.0,5
14984,0.0,5
14992,1.0,12
15008,0.0,5
15016,0.0,5
15016,0.0,5
15024,0.0,5
15032,0.0,5
15048,0.0,5
15056,0.0,5
15056,0.0,5
15064,0.0,5
15072,0.0,5
15096,0.0,5
15096,0.0,5
15104,0.0,5
15112,0.0,5
15120,2.0,23
15136,0.0,5
15144,0.0,5
15152,2.0,23
15152,2.0,23
15152,0.0,5
15160,0.0,5
15176,0.0,5
15184,0.0,5
15192,0.0,5
15192,0.0,5
15200,0.0,5
15216,0.0,5
15224,0.0,5
15232,0.0,5
15232,2.0,23
15240,0.0,5
15256,0.0,5
15264,0.0,5
15272,0.0,5
15280,2.0,23
15296,0.0,5
15304,0.0,5
15320,0.0,5
15336,0.0,5
15336,2.0,23
15344,0.0,5
15360,0.0,5
15368,1.0,17
15376,2.0,23
15376,0.0,5
15384,0.0,5
15400,0.0,5
15408,0.0,5
15408,1.0,17
15416,0.0,5
15424,2.0,23
15424,0.0,5
15440,0.0,5
15448,0.0,5
15448,0.0,5
15456,0.0,5
15464,0.0,5
15464,0.0,5
15480,0.0,5
15488,0.0,5
15496,0.0,5
15504,0.0,5
15512,1.0,17
15520,2.0,23
15520,0.0,5
15528,0.0,5
15544,0.0,5
15552,0.0,5
15560,0.0,5
15568,0.0,5
15584,0.0,5
15592,0.0,5
15600,1.0,17
15600,0.0,5
15624,0.0,5
15632,2.0,23
15632,0.0,5
15640,0.0,5
15672,0.0,5
15680,0.0,5
15704,2.0,23
15712,0.0,5
15720,0.0,5
15728,1.0,12
15736,1.0,17
15744,0.0,5
15752,0.0,5
15752,2.0,23
15760,1.0,17
15768,0.0,5
15776,0.0,5
15784,3.0,36
15792,0.0,5
15808,0.0,5
15816,1.0,12
15824,0.0,5
15832,0.0,5
15840,1.0,12
15864,0.0,5
15880,1.0,16
15880,0.0,5
15920,0.0,5
15920,0.0,5
15928,1.0,12
15936,1.0,16
15944,1.0,16
15960,0.0,5
15960,0.0,5
15968,0.0,5
15976,0.0,5
15984,0.0,5
15992,2.0,29
16000,1.0,17
16000,0.0,5
16000,0.0,5
16008,0.0,5
16016,0.0,5
16024,0.0,5
16032,0.0,5
16040,0.0,5
16040,0.0,5
16040,0.0,5
16064,0.0,3
16072,0.0,5
16080,0.0,5
16088,0.0,3
16096,3.0,40
16120,0.0,3
16144,0.0,3
16176,2.0,21
16184,2.0,21
16192,2.0,21
16200,1.0,14
16208,2.0,21
16216,0.0,3
16216,0.0,5
16224,0.0,5
16232,0.0,3
16240,0.0,5
16240,2.0,21
16248,2.0,21
16256,0.0,5
16264,1.0,15
16264,0.0,3
16272,0.0,3
16296,0.0,5
16304,0.0,5
16312,0.0,5
16320,0.0,3
16328,0.0,3
16384,2.0,21
16392,2.0,21
16400,1.0,17
16416,2.0,23
16424,1.0,12
16424,2.0,23
16432,1.0,15
16432,0.0,5
16440,0.0,3
16440,0.0,5
16448,1.0,16
16472,0.0,5
16472,0.0,5
16488,0.0,5
16520,1.0,12
16536,1.0,12
16536,1.0,12
16544,0.0,3
16552,1.0,16
16568,1.0,12
16568,1.0,12
16576,0.0,5
16576,0.0,5
16584,0.0,5
16584,1.0,12
16592,0.0,3
16592,0.0,5
16608,0.0,5
16616,0.0,5
16624,0.0,5
16624,0.0,5
16632,0.0,5
16632,0.0,5
16648,0.0,5
16664,0.0,5
16664,0.0,5
16672,0.0,5
16696,1.0,15
16704,0.0,5
16704,0.0,5
16704,3.0,40
16712,0.0,5
16736,0.0,5
16744,0.0,5
16744,0.0,5
16768,1.0,17
16776,0.0,5
16784,0.0,5
16800,2.0,23
16816,0.0,5
16824,0.0,5
16832,2.0,23
16840,0.0,5
16856,0.0,5
16864,0.0,5
16872,0.0,5
16880,0.0,5
16888,2.0,23
16896,2.0,23
16896,0.0,5
16904,0.0,5
16920,0.0,5
16928,2.0,23
16944,0.0,5
16952,2.0,23
16960,0.0,5
16968,0.0,5
16984,0.0,5
16992,0.0,5
17000,0.0,5
17008,0.0,5
17008,1.0,17
17024,1.0,17
17024,0.0,5
17032,1.0,17
17032,0.0,5
17040,0.0,5
17048,0.0,5
17048,0.0,5
17056,0.0,3
17064,0.0,5
17064,0.0,5
17072,0.0,5
17080,2.0,23
17088,0.0,5
17104,0.0,5
17104,0.0,3
17104,0.0,5
17128,0.0,5
17144,0.0,5
17144,0.0,5
17168,0.0,5
17176,1.0,15
17184,0.0,5
17208,0.0,5
17208,1.0,17
17216,0.0,5
17224,2.0,23
17224,0.0,5
17232,2.0,23
17240,0.0,3
17240,1.0,17
17248,0.0,5
17264,0.0,5
17264,0.0,5
17272,0.0,5
17280,0.0,5
17280,0.0,5
17288,0.0,5
17304,0.0,5
17304,0.0,5
17312,0.0,5
17320,0.0,5
17320,0.0,5
17328,0.0,5
17328,2.0,23
17344,0.0,5
17344,0.0,5
17352,0.0,5
17360,0.0,5
17360,0.0,5
17368,0.0,5
17384,0.0,5
17392,2.0,23
17400,0.0,5
17400,0.0,5
17408,0.0,5
17424,0.0,5
17440,0.0,5
17448,0.0,5
17464,0.0,5
17480,0.0,5
17488,0.0,5
17504,0.0,5
17512,2.0,23
17520,0.0,5
17528,1.0,17
17528,0.0,5
17528,2.0,23
17536,2.0,23
17552,0.0,5
17552,0.0,3
17560,0.0,5
17568,2.0,21
17576,0.0,5
17592,0.0,5
17592,0.0,5
17600,0.0,5
17608,0.0,5
17616,0.0,5
17632,0.0,5
17632,0.0,5
17640,0.0,5
17648,0.0,5
17672,0.0,5
17672,0.0,5
17680,0.0,5
17688,0.0,5
17688,2.0,23
17712,2.0,23
17712,0.0,5
17712,2.0,23
17712,0.0,5
17720,0.0,5
17728,0.0,5
17728,0.0,5
17752,0.0,5
17752,0.0,5
17752,0.0,5
17752,1.0,17
17760,0.0,5
17768,0.0,5
17792,0.0,5
17792,0.0,5
17792,0.0,5
17800,0.0,5
17832,0.0,5
17832,0.0,5
17832,0.0,5
17872,0.0,5
17872,0.0,5
17872,0.0,5
17896,2.0,23
17912,0.0,5
17912,0.0,5
17912,2.0,23
17912,0.0,5
17920,2.0,21
17936,0.0,5
17952,0.0,5
17952,0.0,5
17952,0.0,5
17952,0.0,5
17952,2.0,23
17960,0.0,5
17968,2.0,21
17976,0.0,5
17992,0.0,5
17992,0.0,5
17992,0.0,5
17992,0.0,5
18000,0.0,5
18008,0.0,5
18032,0.0,5
18032,0.0,5
18032,0.0,5
18032,0.0,5
18040,0.0,5
18072,0.0,5
18072,0.0,5
18072,0.0,5
18072,0.0,5
18080,0.0,5
18112,0.0,5
18112,1.0,17
18112,0.0,5
18128,1.0,15
18136,2.0,23
18168,1.0,12
18168,1.0,12
18176,0.0,5
18176,1.0,12
18208,1.0,12
18208,0.0,5
18208,1.0,12
18224,1.0,12
18240,1.0,16
18264,1.0,12
18272,1.0,12
18272,1.0,12
18304,1.0,12
18304,1.0,12
18312,0.0,5
18312,0.0,5
18328,1.0,15
18336,0.0,3
18336,1.0,12
18344,0.0,5
18344,0.0,5
18352,1.0,16
18360,1.0,12
18408,1.0,12
18432,1.0,12
18432,1.0,12
18440,1.0,12
18440,1.0,12
18448,1.0,12
18456,1.0,16
18472,0.0,5
18480,0.0,5
18480,0.0,5
18488,1.0,16
18496,0.0,5
18512,0.0,5
18520,0.0,5
18528,0.0,5
18536,1.0,16
18536,0.0,5
18544,1.0,12
18552,1.0,15
18568,0.0,5
18576,1.0,12
18576,0.0,5
18616,1.0,12
18640,1.0,12
18640,1.0,16
18648,1.0,12
18672,1.0,17
18688,0.0,5
18704,1.0,16
18704,1.0,17
18712,1.0,17
18712,1.0,12
18776,1.0,17
18776,1.0,17
18808,1.0,17
18816,0.0,5
18816,1.0,16
18816,0.0,5
18840,1.0,17
18840,1.0,17
18848,0.0,5
18856,0.0,5
18856,0.0,5
18888,0.0,5
18896,2.0,23
18896,0.0,5
18896,0.0,5
18896,2.0,23
18928,0.0,5
18936,0.0,5
18936,0.0,5
18936,0.0,5
18968,0.0,5
18976,0.0,5
18976,0.0,5
19000,2.0,23
19008,0.0,5
19016,0.0,5
19016,0.0,5
19024,2.0,23
19024,2.0,23
19032,1.0,17
19048,0.0,5
19056,0.0,5
19056,0.0,5
19064,0.0,5
19064,0.0,5
19072,0.0,5
19088,0.0,5
19096,0.0,5
19104,0.0,5
19104,0.0,5
19112,0.0,5
19120,2.0,23
19128,0.0,5
19136,1.0,17
19144,0.0,5
19168,0.0,5
19176,0.0,5
19208,0.0,5
19216,0.0,5
19240,2.0,23
19248,0.0,5
19256,0.0,5
19256,1.0,17
19280,0.0,5
19280,1.0,17
19280,2.0,23
19288,2.0,23
19288,0.0,5
19296,0.0,5
19296,2.0,23
19296,0.0,5
19320,0.0,5
19320,0.0,5
19320,0.0,5
19328,0.0,5
19336,0.0,5
19336,0.0,5
19336,0.0,5
19360,0.0,5
19360,0.0,5
19368,0.0,5
19376,0.0,5
19376,0.0,5
19400,0.0,5
19408,0.0,5
19416,0.0,5
19424,1.0,17
19456,1.0,17
19520,2.0,23
19528,1.0,16
19536,1.0,16
19544,0.0,3
19544,1.0,16
19544,2.0,21
19552,1.0,16
19552,1.0,12
19560,0.0,3
19584,0.0,5
19584,0.0,5
19584,0.0,5
19592,0.0,5
19592,2.0,29
19656,1.0,12
19664,1.0,17
19680,1.0,12
19680,1.0,16
19696,0.0,5
19712,1.0,16
19712,1.0,16
19720,1.0,16
19720,0.0,5
19720,1.0,16
19760,0.0,5
19760,0.0,5
19800,0.0,5
19800,1.0,17
19808,1.0,16
19832,1.0,17
19840,0.0,5
19840,0.0,5
19848,1.0,17
19848,1.0,17
19848,0.0,5
19856,1.0,17
19872,0.0,3
19872,0.0,5
19880,0.0,5
19880,0.0,5
19888,0.0,5
19896,0.0,3
19912,0.0,3
19936,0.0,5
19936,0.0,3
19952,2.0,24
19976,0.0,3
20016,0.0,5
20016,2.0,21
20040,2.0,21
20040,2.0,23
20040,0.0,3
20048,2.0,21
20048,2.0,21
20064,0.0,3
20064,0.0,3
20064,0.0,3
20088,0.0,5
20088,0.0,5
20088,0.0,3
20088,0.0,3
20104,2.0,21
20104,0.0,5
20112,2.0,22
20120,0.0,4
20128,0.0,3
20128,0.0,5
20136,0.0,3
20152,0.0,3
20168,0.0,5
20176,0.0,5
20184,2.0,21
20192,0.0,5
20200,1.0,14
20208,0.0,3
20208,1.0,15
20216,1.0,14
20232,0.0,3
20232,0.0,5
20232,0.0,3
20240,0.0,5
20240,1.0,15
20240,0.0,3
20272,0.0,5
20272,0.0,5
20280,0.0,5
20280,0.0,5
20312,0.0,5
20336,2.0,21
20344,2.0,21
20360,1.0,15
20360,0.0,3
20384,1.0,14
20384,0.0,3
20384,0.0,5
20392,1.0,14
20400,0.0,5
20408,0.0,3
20416,2.0,23
20416,0.0,3
20416,1.0,17
20424,0.0,5
20440,0.0,3
20448,0.0,5
20456,0.0,5
20456,0.0,5
20480,0.0,5
20488,0.0,5
20504,1.0,15
20520,1.0,15
20528,0.0,3
20576,1.0,15
20592,2.0,21
20600,1.0,15
20624,3.0,39
20624,2.0,21
20632,0.0,5
20640,0.0,5
20656,2.0,21
20664,0.0,5
20680,0.0,5
20696,0.0,5
20704,2.0,23
20704,0.0,5
20712,2.0,23
20736,0.0,5
20744,0.0,5
20744,0.0,5
20752,0.0,5
20760,1.0,17
20760,2.0,23
20768,1.0,17
20776,0.0,5
20784,0.0,5
20792,0.0,5
20808,0.0,5
20824,0.0,5
20864,2.0,23
20864,0.0,5
20896,1.0,17
20896,1.0,17
20904,0.0,5
20904,0.0,5
20928,1.0,17
20928,2.0,23
20936,0.0,5
20936,0.0,5
20944,0.0,5
20944,0.0,5
20960,2.0,23
20968,0.0,5
20968,0.0,5
20976,0.0,5
20976,0.0,5
20984,0.0,5
20984,0.0,5
20992,2.0,23
21000,0.0,5
21008,0.0,5
21008,0.0,5
21016,0.0,5
21016,0.0,5
21024,0.0,5
21032,0.0,5
21040,0.0,5
21048,0.0,5
21048,0.0,5
21056,0.0,5
21056,0.0,5
21064,0.0,5
21072,0.0,5
21080,0.0,5
21088,0.0,5
21088,0.0,5
21096,0.0,5
21096,0.0,5
21104,0.0,5
21112,0.0,5
21120,0.0,5
21128,0.0,5
21128,0.0,5
21136,0.0,5
21136,0.0,5
21144,0.0,5
21152,0.0,5
21160,0.0,5
21168,2.0,23
21168,0.0,5
21176,0.0,5
21176,0.0,5
21184,0.0,5
21192,0.0,5
21208,0.0,5
21208,0.0,5
21216,0.0,5
21216,0.0,5
21224,0.0,5
21232,0.0,5
21248,0.0,5
21248,0.0,5
21256,0.0,5
21256,0.0,5
21264,0.0,5
21272,0.0,5
21288,0.0,5
21304,0.0,5
21312,2.0,23
21344,2.0,23
21344,0.0,5
21352,0.0,5
21384,0.0,5
21384,0.0,5
21392,0.0,5
21424,0.0,5
21424,0.0,5
21432,2.0,23
21432,0.0,5
21440,2.0,23
21440,2.0,23
21456,2.0,23
21464,0.0,5
21464,0.0,5
21472,0.0,5
21472,2.0,23
21472,0.0,5
21480,0.0,5
21480,0.0,5
21496,0.0,5
21504,0.0,5
21504,0.0,5
21512,0.0,5
21512,0.0,5
21512,0.0,5
21536,0.0,5
21544,0.0,5
21544,0.0,5
21576,0.0,5
21584,0.0,5
21584,0.0,5
21616,0.0,5
21616,1.0,17
21624,0.0,5
21624,0.0,5
21648,1.0,17
21656,0.0,5
21656,0.0,5
21664,2.0,23
21664,0.0,5
21664,0.0,5
21688,0.0,5
21696,0.0,5
21696,0.0,5
21696,2.0,23
21696,2.0,23
21704,0.0,5
21704,0.0,5
21704,0.0,5
21728,0.0,5
21736,0.0,5
21736,0.0,5
21736,0.0,5
21736,0.0,5
21744,0.0,5
21744,0.0,5
21744,0.0,5
21768,0.0,5
21776,0.0,5
21776,0.0,5
21776,0.0,5
21776,0.0,5
21784,0.0,5
21784,0.0,5
21784,0.0,5
21808,0.0,5
21816,0.0,5
21816,0.0,5
21816,0.0,5
21824,0.0,5
21848,0.0,5
21856,0.0,5
21912,1.0,16
21912,1.0,17
21920,1.0,17
21952,1.0,16
21952,0.0,5
21960,0.0,5
21976,1.0,16
21992,0.0,5
21992,0.0,5
22000,0.0,5
22000,2.0,23
22000,2.0,23
22016,0.0,5
22032,0.0,5
22040,0.0,5
22040,0.0,5
22040,2.0,23
22048,1.0,17
22056,0.0,5
22072,0.0,5
22080,0.0,5
22080,0.0,5
22088,0.0,5
22096,0.0,5
22120,0.0,5
22120,0.0,5
22160,0.0,5
22160,0.0,5
22168,1.0,16
22176,2.0,23
22184,2.0,23
22200,0.0,5
22200,1.0,16
22200,0.0,5
22208,0.0,5
22216,1.0,15
22216,0.0,5
22240,0.0,5
22240,0.0,5
22256,2.0,21
22256,0.0,5
22256,0.0,5
22296,0.0,5
22296,0.0,5
22296,0.0,5
22320,1.0,17
22336,0.0,5
22336,0.0,5
22336,0.0,5
22360,0.0,5
22376,0.0,5
22376,1.0,17
22376,0.0,5
22376,0.0,5
22384,2.0,23
22392,2.0,23
22400,0.0,5
22416,0.0,5
22416,0.0,5
22416,0.0,5
22416,0.0,5
22424,2.0,23
22424,0.0,5
22432,0.0,5
22448,0.0,3
22456,0.0,5
22456,0.0,5
22456,0.0,5
22464,0.0,5
22472,0.0,5
22488,0.0,5
22496,0.0,5
22496,0.0,5
22504,0.0,5
22520,1.0,15
22536,0.0,5
22560,0.0,5
22576,0.0,5
22600,0.0,5
22600,2.0,23
22608,1.0,17
22616,0.0,5
22624,1.0,17
22640,2.0,23
22640,0.0,5
22640,0.0,5
22648,0.0,5
22656,0.0,5
22664,0.0,5
22680,0.0,5
22680,2.0,23
22680,0.0,5
22680,0.0,5
22688,0.0,5
22688,2.0,23
22696,0.0,5
22704,0.0,5
22720,0.0,5
22720,0.0,5
22720,0.0,5
22720,0.0,5
22728,0.0,5
22728,0.0,5
22744,0.0,3
22744,0.0,3
22760,0.0,5
22768,0.0,5
22784,0.0,5
22784,0.0,5
22792,0.0,3
22824,0.0,5
22832,0.0,5
22840,1.0,14
22840,1.0,15
22864,0.0,3
22864,2.0,21
22872,2.0,21
22880,0.0,5
22888,0.0,3
22896,0.0,3
22896,1.0,14
22904,0.0,3
22920,0.0,3
22928,0.0,5
22928,0.0,3
22928,2.0,21
22936,1.0,14
22936,0.0,5
22944,1.0,14
22952,0.0,3
22952,0.0,4
22952,0.0,3
22960,0.0,3
22968,0.0,3
22976,0.0,3
22976,0.0,3
22992,1.0,16
22992,0.0,5
23000,0.0,3
23016,0.0,3
23016,0.0,5
23032,0.0,5
23040,0.0,3
23048,1.0,14
23080,0.0,5
23088,1.0,16
23096,1.0,16
23104,2.0,22
23112,1.0,14
23120,0.0,3
23128,0.0,3
23144,1.0,14
23144,1.0,16
23168,0.0,3
23168,0.0,3
23176,1.0,11
23200,1.0,15
23208,1.0,12
23208,0.0,5
23216,1.0,12
23232,0.0,3
23232,2.0,23
23256,0.0,3
23264,1.0,12
23272,0.0,5
23288,0.0,3
23288,1.0,10
23312,0.0,3
23312,1.0,17
23328,0.0,5
23328,1.0,16
23336,0.0,3
23336,1.0,15
23352,0.0,3
23352,2.0,28
23352,1.0,12
23360,0.0,3
23400,0.0,5
23408,1.0,12
23432,0.0,3
23432,1.0,12
23440,1.0,11
23448,1.0,12
23464,0.0,3
23480,2.0,19
23480,1.0,10
23504,2.0,29
23512,1.0,10
23520,0.0,5
23520,0.0,5
23528,1.0,12
23528,1.0,10
23528,0.0,3
23536,0.0,3
23544,2.0,24
23552,0.0,3
23560,1.0,12
23568,0.0,5
23592,0.0,5
23600,0.0,5
23608,0.0,5
23624,1.0,10
23632,1.0,14
23632,0.0,5
23648,1.0,15
23648,0.0,3
23656,0.0,3
23672,0.0,3
23688,2.0,21
23696,0.0,5
23712,0.0,5
23712,1.0,14
23712,0.0,3
23720,2.0,23
23736,0.0,3
23744,0.0,3
23776,0.0,5
23776,2.0,21
23784,0.0,5
23800,2.0,21
23816,0.0,5
23824,1.0,14
23824,0.0,5
23840,2.0,24
23848,1.0,17
23856,0.0,5
23864,2.0,21
23864,0.0,5
23880,0.0,5
23888,0.0,3
23888,0.0,5
23904,0.0,5
23912,0.0,3
23920,0.0,5
23928,0.0,5
23936,1.0,17
23944,0.0,4
23960,0.0,3
23960,2.0,23
23984,0.0,5
23984,0.0,3
24008,0.0,3
24040,2.0,23
24040,0.0,4
24056,2.0,29
24064,0.0,3
24072,2.0,21
24080,0.0,3
24080,1.0,15
24088,0.0,3
24088,2.0,21
24096,0.0,3
24104,0.0,3
24112,0.0,3
24112,2.0,23
24120,0.0,3
24120,0.0,5
24128,0.0,3
24136,0.0,3
24136,0.0,3
24152,2.0,21
24160,0.0,5
24160,1.0,15
24176,0.0,5
24176,0.0,5
24200,0.0,5
24216,0.0,5
24224,1.0,17
24232,1.0,14
24240,0.0,5
24248,1.0,15
24256,0.0,3
24264,0.0,5
24288,1.0,17
24288,0.0,5
24296,1.0,15
24312,0.0,3
24336,0.0,5
24344,2.0,23
24368,0.0,3
24384,1.0,16
24384,2.0,21
24408,0.0,5
24408,2.0,21
24408,0.0,3
24424,0.0,5
24432,2.0,21
24448,1.0,17
24448,0.0,5
24456,2.0,21
24456,0.0,3
24464,0.0,5
24480,0.0,3
24488,0.0,5
24488,0.0,5
24496,0.0,5
24504,2.0,21
24512,0.0,3
24528,1.0,15
24528,0.0,3
24544,1.0,17
24552,0.0,5
24552,0.0,3
24568,0.0,3
24568,0.0,5
24576,1.0,14
24600,0.0,3
24608,0.0,5
24616,1.0,15
24632,1.0,10
24632,0.0,3
24656,0.0,3
24656,0.0,5
24656,1.0,11
24696,0.0,5
24728,1.0,12
24736,1.0,17
24752,1.0,12
24768,1.0,14
24768,0.0,5
24792,1.0,12
24808,0.0,5
24816,3.0,41
24832,1.0,12
24832,0.0,5
24840,4.0,45
24848,1.0,12
24848,0.0,5
24856,0.0,5
24864,1.0,12
24872,0.0,5
24880,0.0,5
24888,0.0,5
24888,0.0,5
24896,0.0,5
24912,4.0,45
24912,0.0,5
24920,0.0,5
24928,0.0,5
24928,0.0,5
24936,0.0,5
24952,0.0,5
24952,0.0,5
24960,0.0,5
24960,1.0,16
24968,0.0,5
24968,0.0,5
24976,0.0,5
24992,0.0,5
24992,1.0,16
24992,0.0,5
25000,0.0,5
25000,0.0,5
25008,0.0,5
25008,0.0,5
25016,0.0,5
25032,0.0,5
25032,0.0,5
25040,0.0,5
25048,0.0,5
25048,0.0,5
25056,0.0,5
25072,0.0,5
25072,0.0,5
25088,0.0,5
25088,0.0,5
25112,0.0,5
25112,0.0,5
25120,1.0,16
25128,0.0,5
25128,1.0,16
25152,0.0,5
25160,0.0,5
25168,0.0,5
25168,0.0,5
25176,1.0,17
25192,1.0,17
25192,0.0,5
25200,0.0,5
25208,0.0,5
25216,1.0,16
25216,0.0,5
25232,0.0,5
25232,0.0,5
25240,0.0,5
25240,1.0,16
25248,0.0,5
25256,0.0,5
25256,0.0,5
25272,0.0,5
25272,0.0,5
25280,0.0,5
25280,0.0,5
25288,0.0,5
25296,1.0,16
25296,0.0,5
25296,0.0,5
25312,0.0,5
25312,0.0,5
25320,0.0,5
25328,0.0,5
25336,0.0,5
25336,0.0,5
25336,0.0,5
25352,0.0,5
25352,0.0,5
25360,0.0,5
25368,0.0,5
25376,0.0,5
25376,0.0,5
25376,0.0,5
25376,1.0,12
25392,0.0,5
25400,0.0,5
25416,0.0,5
25416,0.0,5
25416,0.0,5
25440,0.0,5
25456,0.0,5
25456,0.0,5
25456,0.0,5
25480,0.0,5
25496,1.0,16
25496,0.0,5
25496,0.0,5
25496,0.0,5
25512,1.0,17
25520,0.0,5
25520,1.0,16
25536,0.0,5
25536,0.0,5
25536,2.0,23
25536,0.0,5
25552,0.0,5
25560,0.0,5
25576,0.0,5
25576,0.0,5
25576,0.0,5
25576,0.0,5
25592,0.0,5
25600,0.0,5
25616,0.0,5
25616,0.0,5
25616,0.0,5
25632,1.0,17
25632,0.0,5
25656,0.0,5
25656,1.0,17
25656,0.0,5
25656,0.0,5
25672,0.0,5
25672,0.0,5
25696,0.0,5
25696,0.0,5
25696,0.0,5
25696,0.0,5
25712,0.0,5
25712,0.0,5
25736,0.0,5
25736,0.0,5
25736,0.0,5
25736,0.0,5
25752,0.0,5
25760,2.0,23
25776,0.0,5
25776,0.0,5
25776,0.0,5
25784,2.0,23
25792,0.0,5
25816,0.0,5
25816,0.0,5
25824,1.0,14
25824,0.0,5
25832,0.0,5
25856,0.0,5
25864,0.0,5
25864,1.0,16
25872,0.0,5
25888,1.0,16
25904,0.0,5
25928,0.0,5
25944,0.0,5
25952,1.0,16
25960,2.0,23
25968,0.0,5
25984,0.0,5
25992,0.0,5
26000,2.0,23
26000,0.0,5
26008,0.0,5
26024,0.0,5
26032,0.0,5
26040,0.0,5
26040,0.0,5
26040,2.0,23
26048,2.0,23
26048,0.0,5
26056,2.0,23
26064,0.0,5
26064,0.0,3
26072,0.0,3
26080,0.0,5
26088,0.0,5
26088,0.0,3
26096,0.0,5
26096,0.0,3
26104,0.0,5
26128,0.0,3
26128,0.0,5
26136,0.0,5
26136,0.0,5
26144,1.0,14
26152,0.0,3
26160,0.0,3
26168,0.0,3
26176,0.0,5
26176,0.0,3
26192,0.0,3
26200,0.0,3
26200,1.0,14
26216,0.0,3
26224,0.0,3
26224,0.0,3
26224,2.0,23
26248,0.0,3
26248,0.0,3
26248,2.0,21
26248,1.0,15
26256,1.0,12
26256,0.0,5
26272,0.0,3
26272,0.0,3
26288,1.0,14
26288,0.0,5
26296,0.0,3
26304,1.0,10
26312,0.0,5
26312,0.0,3
26336,1.0,10
26336,0.0,3
26344,0.0,5
26368,1.0,14
26376,1.0,16
26392,0.0,3
26392,1.0,12
26392,1.0,10
26416,0.0,3
26416,1.0,10
26416,0.0,3
26432,0.0,5
26440,0.0,3
26440,0.0,3
26440,0.0,3
26456,1.0,15
26456,0.0,3
26472,1.0,12
26480,0.0,5
26480,0.0,3
26480,0.0,5
26496,0.0,5
26504,0.0,3
26512,2.0,28
26512,0.0,5
26520,0.0,3
26560,0.0,5
26568,2.0,28
26576,1.0,12
26600,1.0,12
26608,1.0,12
26608,1.0,12
26640,0.0,5
26656,1.0,12
26672,1.0,12
26696,0.0,5
26696,0.0,3
26704,1.0,12
26704,1.0,12
26720,0.0,3
26736,0.0,5
26736,1.0,12
26744,0.0,5
26744,0.0,5
26760,2.0,24
26760,0.0,5
26776,0.0,5
26776,0.0,5
26784,0.0,3
26784,0.0,5
26784,0.0,5
26800,4.0,45
26800,0.0,5
26816,0.0,5
26816,0.0,5
26840,0.0,5
26840,4.0,45
26840,0.0,5
26856,0.0,5
26856,0.0,5
26880,0.0,5
26880,0.0,5
26880,0.0,5
26896,0.0,5
26920,0.0,5
26936,0.0,5
26960,0.0,5
26968,2.0,23
26968,2.0,23
26976,0.0,5
27008,0.0,5
27008,0.0,5
27016,0.0,5
27040,2.0,23
27048,0.0,5
27048,2.0,21
27048,0.0,5
27048,2.0,21
27056,0.0,5
27072,3.0,36
27080,0.0,5
27088,0.0,5
27088,0.0,5
27088,0.0,5
27112,0.0,5
27128,0.0,5
27128,0.0,5
27128,0.0,5
27152,0.0,5
27168,0.0,5
27184,1.0,17
27184,1.0,16
27192,0.0,5
27208,0.0,5
27224,0.0,5
27224,0.0,5
27232,0.0,5
27248,3.0,36
27248,0.0,5
27264,2.0,23
27264,0.0,5
27272,0.0,5
27288,0.0,5
27288,0.0,5
27304,0.0,5
27312,0.0,5
27312,2.0,23
27312,2.0,23
27328,0.0,5
27344,0.0,5
27352,0.0,5
27352,0.0,5
27352,0.0,5
27360,1.0,17
27368,0.0,5
27384,0.0,5
27392,0.0,5
27392,0.0,5
27400,1.0,17
27400,0.0,5
27408,0.0,5
27424,0.0,5
27432,0.0,5
27440,0.0,5
27440,0.0,5
27448,0.0,5
27464,0.0,5
27472,0.0,5
27472,2.0,23
27480,0.0,5
27480,0.0,5
27488,0.0,5
27504,0.0,5
27512,0.0,5
27528,0.0,3
27528,0.0,5
27528,1.0,17
27536,2.0,23
27568,0.0,5
27568,0.0,5
27568,0.0,5
27576,0.0,5
27608,0.0,5
27608,0.0,5
27608,1.0,17
27616,0.0,5
27648,0.0,5
27648,0.0,5
27648,0.0,5
27656,0.0,5
27664,2.0,23
27664,2.0,23
27688,0.0,5
27696,0.0,5
27696,2.0,23
27704,0.0,5
27704,0.0,5
27728,0.0,5
27736,0.0,5
27736,0.0,5
27744,0.0,5
27744,0.0,5
27752,2.0,23
27768,0.0,5
27776,0.0,5
27776,0.0,5
27784,0.0,5
27784,0.0,5
27792,0.0,5
27808,0.0,5
27816,0.0,5
27816,0.0,5
27824,0.0,5
27824,0.0,5
27832,2.0,23
27832,2.0,23
27848,0.0,5
27856,0.0,5
27856,0.0,5
27864,0.0,5
27864,0.0,5
27872,0.0,5
27888,0.0,5
27896,0.0,5
27896,0.0,5
27904,0.0,5
27904,0.0,5
27928,0.0,5
27936,0.0,5
27936,0.0,5
27944,0.0,5
27944,0.0,5
27968,1.0,17
27968,0.0,5
27976,0.0,5
27976,0.0,5
27984,0.0,5
27984,2.0,24
27984,0.0,5
28016,1.0,18
28056,0.0,5
28080,1.0,12
28096,1.0,16
28096,1.0,16
28104,1.0,16
28104,1.0,16
28112,1.0,16
28112,1.0,16
28136,0.0,5
28136,0.0,5
28144,0.0,5
28144,0.0,5
28152,0.0,5
28152,0.0,5
28160,0.0,3
28176,0.0,5
28184,0.0,5
28184,0.0,5
28184,1.0,16
28192,0.0,5
28200,0.0,5
28208,1.0,16
28216,0.0,5
28224,0.0,5
28224,0.0,5
28232,0.0,5
28240,0.0,5
28248,0.0,5
28272,0.0,5
28272,1.0,15
28312,1.0,16
28312,0.0,5
28336,0.0,3
28336,1.0,14
28376,0.0,5
28384,1.0,14
28384,2.0,21
28392,2.0,21
28408,0.0,3
28416,2.0,21
28424,0.0,5
28424,1.0,14
28424,2.0,23
28432,0.0,5
28432,1.0,12
28448,0.0,3
28448,0.0,3
28448,0.0,5
28456,0.0,5
28472,0.0,5
28488,0.0,5
28496,1.0,15
28496,0.0,3
28496,0.0,5
28528,0.0,5
28536,0.0,5
28568,1.0,15
28576,1.0,10
28592,2.0,21
28600,2.0,21
28616,0.0,3
28616,1.0,10
28616,0.0,5
28624,0.0,3
28640,0.0,3
28648,1.0,15
28656,0.0,5
28680,2.0,29
28680,0.0,5
28696,0.0,5
28720,2.0,28
28720,0.0,5
28720,0.0,5
28752,1.0,17
28760,0.0,5
28760,0.0,5
28760,0.0,5
28792,0.0,5
28792,2.0,28
28800,0.0,5
28800,0.0,5
28800,0.0,5
28816,2.0,24
28832,0.0,5
28832,2.0,23
28832,0.0,5
28840,0.0,5
28840,0.0,5
28872,0.0,5
28872,0.0,5
28880,2.0,23
28912,0.0,5
28952,0.0,5
28960,1.0,18
28968,1.0,16
28968,1.0,17
28976,1.0,17
28992,2.0,24
29000,1.0,16
29008,0.0,5
29008,1.0,16
29048,0.0,5
29080,1.0,16
29088,1.0,16
29096,1.0,12
29104,1.0,16
29104,1.0,17
29120,0.0,5
29120,1.0,16
29128,0.0,5
29136,0.0,5
29144,0.0,5
29144,1.0,12
29144,1.0,17
29144,0.0,5
29160,0.0,5
29160,0.0,5
29176,0.0,5
29184,0.0,5
29184,0.0,5
29200,0.0,5
29200,0.0,5
29216,0.0,5
29224,0.0,5
29224,0.0,5
29240,0.0,5
29240,0.0,5
29256,0.0,5
29264,0.0,5
29280,1.0,17
29280,0.0,5
29296,0.0,5
29304,0.0,5
29312,2.0,23
29320,0.0,5
29328,2.0,23
29336,0.0,5
29344,0.0,5
29352,0.0,5
29360,0.0,5
29368,0.0,5
29376,0.0,5
29392,0.0,5
29400,0.0,5
29408,0.0,5
29408,2.0,23
29408,1.0,16
29424,2.0,23
29432,0.0,5
29448,0.0,5
29448,0.0,5
29448,0.0,5
29464,0.0,5
29472,0.0,5
29472,1.0,16
29488,0.0,5
29488,0.0,5
29488,0.0,5
29504,0.0,5
29512,0.0,5
29512,0.0,5
29528,0.0,5
29528,0.0,5
29528,1.0,16
29544,0.0,5
29552,0.0,5
29552,0.0,5
29560,2.0,23
29568,0.0,5
29568,0.0,5
29584,0.0,5
29592,0.0,5
29592,0.0,5
29600,0.0,5
29608,0.0,5
29624,0.0,5
29632,0.0,5
29632,0.0,5
29648,0.0,5
29664,0.0,5
29672,0.0,5
29672,2.0,23
29672,0.0,5
29688,0.0,5
29704,0.0,5
29712,0.0,5
29712,0.0,5
29728,0.0,5
29736,1.0,17
29744,0.0,5
29752,0.0,5
29752,2.0,23
29752,0.0,5
29768,0.0,5
29776,0.0,5
29784,0.0,5
29792,0.0,5
29792,0.0,5
29792,0.0,5
29808,3.0,35
29808,0.0,5
29816,0.0,5
29824,0.0,5
29832,0.0,5
29832,0.0,5
29832,0.0,5
29848,0.0,5
29848,0.0,5
29848,0.0,3
29872,0.0,5
29872,0.0,5
29872,0.0,5
29888,0.0,5
29888,0.0,5
29888,0.0,5
29912,1.0,12
29912,0.0,5
29912,0.0,5
29912,0.0,5
29928,0.0,5
29928,0.0,5
29928,0.0,5
29952,0.0,5
29952,0.0,5
29952,0.0,5
29952,0.0,5
29968,0.0,5
29968,0.0,5
29968,0.0,5
29992,0.0,5
29992,0.0,5
29992,0.0,5
29992,0.0,5
30008,0.0,5
30008,0.0,5
30008,0.0,5
30032,0.0,5
30032,0.0,5
30032,0.0,5
30032,4.0,45
30032,0.0,5
30048,0.0,5
30048,0.0,5
30048,0.0,5
30072,0.0,5
30072,0.0,5
30072,0.0,5
30072,0.0,5
30088,0.0,5
30088,0.0,5
30088,0.0,5
30112,0.0,5
30112,0.0,5
30128,0.0,5
30128,0.0,5
30128,1.0,12
30128,0.0,5
30152,0.0,5
30152,0.0,5
30168,0.0,5
30168,0.0,5
30168,0.0,5
30192,0.0,5
30192,0.0,5
30208,0.0,5
30208,0.0,5
30232,0.0,5
30248,0.0,5
30248,0.0,5
30288,0.0,5
30288,0.0,5
30304,2.0,29
30304,1.0,17
30304,2.0,29
30312,2.0,23
30328,0.0,3
30328,0.0,3
30328,0.0,3
30336,0.0,3
30344,1.0,14
30352,0.0,3
30352,0.0,3
30368,0.0,3
30376,0.0,5
30376,2.0,23
30392,0.0,5
30400,1.0,14
30408,0.0,5
30416,0.0,5
30424,0.0,3
30432,0.0,5
30448,1.0,15
30456,2.0,21
30480,1.0,16
30488,0.0,5
30496,0.0,5
30512,1.0,17
30520,0.0,5
30520,1.0,14
30528,0.0,5
30544,1.0,14
30552,1.0,16
30552,0.0,5
30560,0.0,5
30560,0.0,5
30568,0.0,3
30576,0.0,3
30584,0.0,3
30608,0.0,5
30608,0.0,3
30616,0.0,5
30616,1.0,15
30640,0.0,3
30640,0.0,3
30648,0.0,5
30672,1.0,14
30680,0.0,5
30696,0.0,3
30696,2.0,21
30720,2.0,21
30720,0.0,3
30728,1.0,15
30728,4.0,39
30744,0.0,3
30744,0.0,3
30752,1.0,14
30752,0.0,3
30760,1.0,14
30768,0.0,5
30768,0.0,3
30776,0.0,3
30784,0.0,3
30784,0.0,5
30792,0.0,5
30792,1.0,14
30816,0.0,5
30824,1.0,16
30824,0.0,5
30832,0.0,5
30840,0.0,3
30864,0.0,5
30864,0.0,5
30880,0.0,5
30904,0.0,5
30904,1.0,17
30904,0.0,5
30912,1.0,15
30912,1.0,16
30936,2.0,21
30976,0.0,5
31000,1.0,12
31016,0.0,5
31040,1.0,17
31056,0.0,5
31064,2.0,29
31080,0.0,5
31096,0.0,5
31096,1.0,12
31104,2.0,28
31104,0.0,5
31120,0.0,5
31136,0.0,5
31136,0.0,5
31144,0.0,5
31144,0.0,5
31160,0.0,5
31176,0.0,5
31184,0.0,5
31184,0.0,5
31200,0.0,5
31224,0.0,5
31232,3.0,40
31240,0.0,5
31264,1.0,16
31264,0.0,5
31264,4.0,45
31272,4.0,45
31272,0.0,5
31280,0.0,5
31304,0.0,5
31304,1.0,16
31312,0.0,5
31312,1.0,16
31312,0.0,5
31320,0.0,5
31344,0.0,5
31344,0.0,5
31352,0.0,5
31352,0.0,5
31360,1.0,12
31384,0.0,5
31384,0.0,5
31392,1.0,16
31392,0.0,5
31392,0.0,5
31400,0.0,5
31424,0.0,5
31424,0.0,5
31432,0.0,5
31432,0.0,5
31432,0.0,5
31440,1.0,16
31440,0.0,5
31464,0.0,5
31472,0.0,5
31472,0.0,5
31472,0.0,5
31480,0.0,5
31480,0.0,5
31504,2.0,23
31512,0.0,5
31512,0.0,5
31520,0.0,5
31520,0.0,5
31544,0.0,5
31544,0.0,3
31552,0.0,5
31560,0.0,5
31584,0.0,5
31592,1.0,16
31600,1.0,16
31608,0.0,3
31608,2.0,23
31616,0.0,3
31632,0.0,3
31640,1.0,16
31640,0.0,5
31648,0.0,5
31656,0.0,5
31664,1.0,14
31664,1.0,15
31664,0.0,3
31672,1.0,14
31680,0.0,3
31680,0.0,5
31688,0.0,3
31688,0.0,3
31688,0.0,5
31696,0.0,3
31704,0.0,5
31712,0.0,3
31720,0.0,5
31720,0.0,5
31728,0.0,5
31728,0.0,5
31728,1.0,12
31736,0.0,5
31744,0.0,3
31744,0.0,5
31752,0.0,5
31752,0.0,3
31760,0.0,3
31768,0.0,5
31768,0.0,3
31776,0.0,3
31792,0.0,5
31800,0.0,5
31808,0.0,5
31832,0.0,5
31840,1.0,15
31840,1.0,12
31848,1.0,15
31864,0.0,3
31864,0.0,3
31872,0.0,3
31872,1.0,12
31904,0.0,5
31904,0.0,5
31912,1.0,14
31912,0.0,5
31912,0.0,5
31920,1.0,14
31936,0.0,3
31936,0.0,3
31936,2.0,21
31936,0.0,3
31944,0.0,5
31944,0.0,3
31952,1.0,15
31960,0.0,3
31976,0.0,5
31976,0.0,5
31976,0.0,5
31976,0.0,3
31984,0.0,5
32000,0.0,3
32008,0.0,3
32016,0.0,5
32024,1.0,15
32040,0.0,5
32048,0.0,3
32048,0.0,5
32056,1.0,14
32056,1.0,12
32056,0.0,5
32080,0.0,5
32080,0.0,3
32088,1.0,14
32088,0.0,5
32096,0.0,5
32096,0.0,5
32104,1.0,16
32112,0.0,3
32120,0.0,5
32128,0.0,5
32144,0.0,5
32152,0.0,5
32184,1.0,17
32192,0.0,5
32208,1.0,16
32224,0.0,5
32224,1.0,16
32232,1.0,17
32232,1.0,14
32248,0.0,5
32256,1.0,14
32264,0.0,5
32264,1.0,17
32264,0.0,5
32272,0.0,5
32304,0.0,5
32304,1.0,14
32312,0.0,5
32328,0.0,3
32336,0.0,3
32344,0.0,5
32368,1.0,17
32368,0.0,5
32368,1.0,15
32376,1.0,14
32376,0.0,5
32384,0.0,5
32384,1.0,15
32392,1.0,17
32392,0.0,3
32400,0.0,3
32408,0.0,5
32408,0.0,3
32408,0.0,5
32416,0.0,3
32416,0.0,5
32424,0.0,5
32432,0.0,5
32448,0.0,5
32448,0.0,5
32448,0.0,5
32456,0.0,5
32464,0.0,5
32472,0.0,5
32488,0.0,5
32496,1.0,12
32496,0.0,5
32504,0.0,5
32512,1.0,12
32528,0.0,5
32544,1.0,12
32568,1.0,12
32584,0.0,5
32592,1.0,12
32592,1.0,12
32624,1.0,12
32632,0.0,5
32664,0.0,5
32664,1.0,12
32680,1.0,12
32688,0.0,3
32688,1.0,12
32720,0.0,5
32728,1.0,12
32728,0.0,5
32728,0.0,5
32760,0.0,5
32768,0.0,5
32768,0.0,5
32800,0.0,5
32808,4.0,45
32808,0.0,5
32808,0.0,5
32824,1.0,12
32832,3.0,40
32840,0.0,5
32848,0.0,3
32848,0.0,5
32848,0.0,5
32864,4.0,45
32872,0.0,5
32888,0.0,5
32888,0.0,5
32904,0.0,5
32912,0.0,5
32928,0.0,5
32928,0.0,5
32944,0.0,5
32952,0.0,5
32952,3.0,36
32976,1.0,16
32992,0.0,5
32992,0.0,5
32992,2.0,23
33024,2.0,23
33032,0.0,5
33032,0.0,5
33032,0.0,5
33040,1.0,14
33040,1.0,14
33064,0.0,5
33072,1.0,16
33072,0.0,5
33072,0.0,5
33080,0.0,5
33080,0.0,5
33104,1.0,16
33104,0.0,5
33112,0.0,5
33112,0.0,5
33112,0.0,5
33120,0.0,5
33144,0.0,5
33144,0.0,5
33152,0.0,5
33152,0.0,5
33152,0.0,5
33160,1.0,16
33184,0.0,5
33184,0.0,5
33192,0.0,5
33200,0.0,5
33208,1.0,16
33224,0.0,5
33224,0.0,3
33248,0.0,5
33256,1.0,17
33264,0.0,5
33264,0.0,5
33264,1.0,14
33264,1.0,14
33296,0.0,5
33304,0.0,5
33304,0.0,5
33312,1.0,16
33328,1.0,17
33344,0.0,5
33344,0.0,5
33352,0.0,5
33360,1.0,12
33368,0.0,5
33384,0.0,5
33384,0.0,5
33392,0.0,5
33408,0.0,5
33424,0.0,5
33424,0.0,5
33432,0.0,5
33448,0.0,5
33456,1.0,12
33464,0.0,5
33472,0.0,5
33488,0.0,5
33496,0.0,5
33512,0.0,5
33536,0.0,5
33552,1.0,16
33560,1.0,12
33576,3.0,41
33576,0.0,5
33584,1.0,12
33592,0.0,5
33600,0.0,5
33616,0.0,5
33624,4.0,45
33624,0.0,5
33632,0.0,5
33640,0.0,5
33640,1.0,16
33656,0.0,5
33656,4.0,45
33664,0.0,5
33664,0.0,5
33672,0.0,5
33680,0.0,5
33680,0.0,5
33696,0.0,5
33696,0.0,5
33704,0.0,5
33712,0.0,5
33712,1.0,17
33720,0.0,5
33736,0.0,5
33752,0.0,5
33752,0.0,5
33760,0.0,5
33776,0.0,5
33792,0.0,5
33792,1.0,16
33800,0.0,5
33808,1.0,16
33816,0.0,5
33824,1.0,16
33832,0.0,5
33832,0.0,5
33832,1.0,16
33840,0.0,5
33848,0.0,5
33856,0.0,5
33864,0.0,5
33872,0.0,5
33872,0.0,5
33872,0.0,5
33880,0.0,5
33880,1.0,16
33888,0.0,5
33896,0.0,5
33904,0.0,5
33912,0.0,5
33912,0.0,5
33920,0.0,5
33920,0.0,5
33928,0.0,5
33944,0.0,5
33952,0.0,5
33952,0.0,5
33960,0.0,5
33960,0.0,5
33968,0.0,5
33976,0.0,3
33984,0.0,5
33992,0.0,5
34008,0.0,5
34016,0.0,5
34024,0.0,5
34048,0.0,5
34056,0.0,5
34064,0.0,5
34088,0.0,5
34088,1.0,16
34088,2.0,24
34096,0.0,5
34096,2.0,28
34128,0.0,5
34128,0.0,5
34136,0.0,5
34160,1.0,12
34168,0.0,5
34168,0.0,5
34176,0.0,5
34184,1.0,12
34192,1.0,12
34200,0.0,5
34208,0.0,5
34224,0.0,5
34240,0.0,5
34264,1.0,12
34264,0.0,5
34272,1.0,12
34280,0.0,5
34288,1.0,12
34304,0.0,5
34304,0.0,5
34312,3.0,40
34312,0.0,5
34320,4.0,45
34320,0.0,5
34344,0.0,5
34344,0.0,5
34352,0.0,5
34352,0.0,5
34360,0.0,5
34360,0.0,5
34384,0.0,5
34384,0.0,5
34392,0.0,5
34400,0.0,5
34400,0.0,5
34416,1.0,16
34424,0.0,5
34424,0.0,5
34432,0.0,5
34440,0.0,5
34440,0.0,5
34456,0.0,5
34464,0.0,5
34464,0.0,5
34480,0.0,5
34496,0.0,5
34504,0.0,5
34504,0.0,5
34520,0.0,5
34536,0.0,5
34536,2.0,23
34544,0.0,5
34544,0.0,5
34560,0.0,5
34568,4.0,45
34576,0.0,5
34584,0.0,5
34600,0.0,5
34616,0.0,5
34640,0.0,5
34640,1.0,12
34656,0.0,5
34664,1.0,12
34680,0.0,5
34704,0.0,5
34744,0.0,5
34752,1.0,12
34768,4.0,41
34776,2.0,24
34776,1.0,12
34784,0.0,5
34792,4.0,45
34792,0.0,5
34816,0.0,5
34816,0.0,5
34824,0.0,5
34832,0.0,5
34832,0.0,5
34856,3.0,40
34856,0.0,5
34856,0.0,5
34864,0.0,5
34864,2.0,28
34872,0.0,5
34880,0.0,3
34888,0.0,3
34896,0.0,5
34904,0.0,5
34920,0.0,5
34928,0.0,5
34928,1.0,12
34944,0.0,5
34960,2.0,24
34968,1.0,14
34968,0.0,5
34984,1.0,14
34984,0.0,3
35008,1.0,14
35008,0.0,5
35048,0.0,5
35088,2.0,21
35096,2.0,21
35112,2.0,21
35120,1.0,17
35120,1.0,17
35128,0.0,5
35136,0.0,5
35136,2.0,21
35152,0.0,5
35160,0.0,5
35176,0.0,5
35176,2.0,21
35176,0.0,5
35192,0.0,5
35200,0.0,3
35200,0.0,5
35216,2.0,21
35216,0.0,5
35216,0.0,5
35240,0.0,3
35240,0.0,5
35256,0.0,5
35256,0.0,5
35264,1.0,17
35280,0.0,5
35280,0.0,5
35296,0.0,5
35296,0.0,5
35304,2.0,23
35312,1.0,15
35320,0.0,5
35336,0.0,5
35368,2.0,21
35376,0.0,5
35392,0.0,3
35392,1.0,16
35408,1.0,16
35416,0.0,5
35424,1.0,16
35432,1.0,16
35432,0.0,5
35440,1.0,16
35448,0.0,5
35456,1.0,17
35456,0.0,5
35464,0.0,5
35472,0.0,5
35472,0.0,5
35480,0.0,5
35488,0.0,5
35496,0.0,5
35496,0.0,5
35504,0.0,5
35512,0.0,5
35512,0.0,5
35520,0.0,5
35520,1.0,16
35528,0.0,5
35536,0.0,5
35544,0.0,5
35552,0.0,5
35552,0.0,5
35560,0.0,5
35560,0.0,5
35568,0.0,5
35576,0.0,5
35584,0.0,5
35592,0.0,5
35600,0.0,5
35608,0.0,5
35624,0.0,5
35632,0.0,5
35640,0.0,5
35648,0.0,5
35664,0.0,5
35672,0.0,5
35680,0.0,5
35680,2.0,23
35688,0.0,5
35704,0.0,5
35712,0.0,5
35720,0.0,5
35720,0.0,5
35728,0.0,5
35736,2.0,23
35744,2.0,23
35744,2.0,21
35744,0.0,5
35752,0.0,5
35760,0.0,5
35768,0.0,5
35784,0.0,5
35784,0.0,5
35792,0.0,5
35824,0.0,5
35848,0.0,3
35848,1.0,16
35864,1.0,16
35872,1.0,16
35888,0.0,3
35896,1.0,16
35896,0.0,3
35912,1.0,16
35920,1.0,16
35928,0.0,5
35928,2.0,21
35936,0.0,5
35936,0.0,3
35944,1.0,12
35952,0.0,3
35968,0.0,3
35976,1.0,16
36000,0.0,3
36008,0.0,5
36032,0.0,3
36032,1.0,12
36040,0.0,5
36040,1.0,14
36048,1.0,16
36048,1.0,12
36056,1.0,15
36056,0.0,3
36064,0.0,3
36072,0.0,3
36072,0.0,3
36080,0.0,3
36112,0.0,5
36112,0.0,5
36120,0.0,5
36128,1.0,12
36136,0.0,3
36144,0.0,3
36176,0.0,5
36200,0.0,3
36224,2.0,23
36240,1.0,16
36240,0.0,5
36248,1.0,15
36248,2.0,24
36256,4.0,45
36264,0.0,3
36264,0.0,5
36280,0.0,3
36280,0.0,5
36288,0.0,5
36288,2.0,28
36320,0.0,5
36416,2.0,21
36432,2.0,21
36448,2.0,23
36448,2.0,21
36456,0.0,5
36456,2.0,21
36456,0.0,3
36464,2.0,22
36472,0.0,3
36472,0.0,3
36480,0.0,3
36488,2.0,21
36496,0.0,5
36504,4.0,45
36504,0.0,5
36512,0.0,5
36512,0.0,3
36520,0.0,5
36520,0.0,3
36552,0.0,5
36552,0.0,5
36560,0.0,5
36568,1.0,14
36608,0.0,5
36608,1.0,17
36624,1.0,15
36632,1.0,16
36640,1.0,15
36648,0.0,5
36664,1.0,14
36664,1.0,14
36664,0.0,5
36672,0.0,5
36672,1.0,14
36680,0.0,5
36688,0.0,5
36704,0.0,5
36704,0.0,5
36704,0.0,5
36712,0.0,5
36728,1.0,15
36768,0.0,5
36792,1.0,15
36808,1.0,16
36816,0.0,3
36824,1.0,15
36824,1.0,15
36832,0.0,3
36832,1.0,15
36848,0.0,3
36856,0.0,5
36856,0.0,3
36856,2.0,21
36872,2.0,21
36880,0.0,3
36888,0.0,5
36896,0.0,3
36896,0.0,5
36928,1.0,12
36944,1.0,15
36960,2.0,24
36976,1.0,15
36976,1.0,12
36984,0.0,5
36992,1.0,12
37000,0.0,3
37008,0.0,3
37008,1.0,15
37008,1.0,14
37024,1.0,12
37032,0.0,3
37040,1.0,10
37040,0.0,5
37056,1.0,10
37064,0.0,3
37072,1.0,10
37104,1.0,12
37104,1.0,12
37120,1.0,12
37128,0.0,3
37128,1.0,12
37128,0.0,3
37160,1.0,12
37168,0.0,5
37176,1.0,15
37200,1.0,16
37208,0.0,5
37208,1.0,10
37224,2.0,23
37224,1.0,12
37240,1.0,15
37240,1.0,10
37248,0.0,3
37248,0.0,5
37264,0.0,3
37264,0.0,5
37264,0.0,3
37288,0.0,3
37296,1.0,15
37304,0.0,5
37320,1.0,14
37328,1.0,16
37328,0.0,3
37336,0.0,5
37344,1.0,12
37352,0.0,4
37352,0.0,3
37360,0.0,3
37360,1.0,12
37368,0.0,5
37384,0.0,5
37384,0.0,3
37384,1.0,12
37392,0.0,5
37400,0.0,5
37408,0.0,3
37408,0.0,3
37424,2.0,22
37424,0.0,5
37448,0.0,5
37448,0.0,3
37448,0.0,5
37464,1.0,14
37488,0.0,3
37488,0.0,5
37488,0.0,5
37528,0.0,5
37536,2.0,21
37560,2.0,21
37560,0.0,3
37568,2.0,21
37592,0.0,3
37592,2.0,21
37600,0.0,5
37608,1.0,15
37616,2.0,21
37632,0.0,5
37640,1.0,14
37648,0.0,5
37656,2.0,21
37664,0.0,3
37680,0.0,3
37704,0.0,5
37720,0.0,5
37744,2.0,23
37752,1.0,17
37752,1.0,15
37768,2.0,21
37768,0.0,3
37776,2.0,23
37776,0.0,3
37792,0.0,3
37800,0.0,3
37808,0.0,5
37816,2.0,21
37816,0.0,5
37824,1.0,15
37832,0.0,5
37840,0.0,5
37840,0.0,3
37840,1.0,15
37856,0.0,5
37864,0.0,5
37872,0.0,5
37880,0.0,3
37880,0.0,5
37912,0.0,5
37920,0.0,5
37928,1.0,15
37936,2.0,23
37952,0.0,3
37960,1.0,15
37960,0.0,3
37976,1.0,17
37984,0.0,3
37992,0.0,5
38000,0.0,5
38000,0.0,3
38032,2.0,21
38040,0.0,5
38048,2.0,21
38056,0.0,3
38072,0.0,3
38080,2.0,21
38088,2.0,21
38096,0.0,5
38104,0.0,3
38120,1.0,15
38128,0.0,5
38144,0.0,3
38144,0.0,5
38160,2.0,21
38168,2.0,23
38176,1.0,17
38184,0.0,5
38184,0.0,5
38184,0.0,3
38192,0.0,3
38208,0.0,3
38216,1.0,15
38216,1.0,18
38224,0.0,5
38232,0.0,5
38248,0.0,5
38248,0.0,3
38256,0.0,5
38256,0.0,5
38288,0.0,5
38296,0.0,5
38296,0.0,5
38344,1.0,12
38344,2.0,27
38352,1.0,15
38376,2.0,24
38384,0.0,5
38392,1.0,12
38392,1.0,12
38416,3.0,30
38416,0.0,5
38440,1.0,12
38448,1.0,12
38488,1.0,12
38488,1.0,12
38512,1.0,12
38528,0.0,5
38528,0.0,5
38536,1.0,12
38544,1.0,12
38560,0.0,3
38568,0.0,5
38568,0.0,3
38568,0.0,5
38592,0.0,3
38600,0.0,5
38608,0.0,5
38608,2.0,28
38608,3.0,40
38608,0.0,5
38632,0.0,5
38640,1.0,16
38640,2.0,28
38648,0.0,5
38648,0.0,5
38648,0.0,5
38656,0.0,3
38672,0.0,3
38680,0.0,5
38688,0.0,5
38696,0.0,5
38712,0.0,5
38712,1.0,14
38712,0.0,3
38720,1.0,14
38736,0.0,5
38736,0.0,3
38752,0.0,5
38760,1.0,14
38760,0.0,5
38760,1.0,15
38776,0.0,5
38784,0.0,3
38800,0.0,5
38848,2.0,21
38872,0.0,3
38880,2.0,21
38880,1.0,15
38896,1.0,15
38904,2.0,21
38904,0.0,3
38912,0.0,5
38920,2.0,21
38920,1.0,17
38928,0.0,3
38936,0.0,5
38944,0.0,3
38944,0.0,5
38944,0.0,3
38952,0.0,3
38968,2.0,21
38984,0.0,5
38984,0.0,5
38984,0.0,5
38992,0.0,5
38992,0.0,3
39008,1.0,16
39032,0.0,5
39032,0.0,5
39032,0.0,3
39032,1.0,15
39072,0.0,5
39072,0.0,5
39104,2.0,21
39128,0.0,3
39152,1.0,15
39152,2.0,21
39152,2.0,21
39152,2.0,21
39168,0.0,5
39176,0.0,3
39192,0.0,5
39192,1.0,15
39192,0.0,5
39200,2.0,21
39216,0.0,3
39216,0.0,5
39224,0.0,3
39240,2.0,21
39256,0.0,5
39264,0.0,5
39264,0.0,3
39288,1.0,15
39288,1.0,17
39304,0.0,5
39312,0.0,3
39312,1.0,15
39336,1.0,15
39344,0.0,5
39352,0.0,5
39352,0.0,5
39360,2.0,21
39368,1.0,14
39376,0.0,5
39384,1.0,15
39384,0.0,3
39384,0.0,5
39392,0.0,3
39392,0.0,5
39424,0.0,5
39424,0.0,5
39432,0.0,5
39472,2.0,23
39496,0.0,3
39520,2.0,21
39536,0.0,5
39544,1.0,15
39544,0.0,3
39544,2.0,21
39552,1.0,15
39552,2.0,21
39560,2.0,21
39568,0.0,3
39576,0.0,3
39584,0.0,5
39584,0.0,3
39592,2.0,21
39592,0.0,5
39616,0.0,5
39624,0.0,5
39640,1.0,12
39656,0.0,5
39656,1.0,15
39664,0.0,3
39680,0.0,3
39696,1.0,14
39696,0.0,5
39704,0.0,5
39720,0.0,3
39720,0.0,3
39720,0.0,5
39744,1.0,15
39760,0.0,5
39760,2.0,21
39760,0.0,5
39784,0.0,3
39784,0.0,3
39784,0.0,5
39816,1.0,14
39824,0.0,5
39824,0.0,5
39824,0.0,5
39832,1.0,14
39840,0.0,3
39856,0.0,3
39864,0.0,5
39880,0.0,5
39888,3.0,40
39896,0.0,5
39912,0.0,3
39944,1.0,15
39952,4.0,45
39952,0.0,5
39976,0.0,3
39984,0.0,5
39992,2.0,21
40000,1.0,15
40016,0.0,5
40016,1.0,15
40016,0.0,3
40032,3.0,34
40032,2.0,21
40040,0.0,5
40056,0.0,5
40056,0.0,3
40056,0.0,5
40056,0.0,5
40064,1.0,14
40072,0.0,5
40080,0.0,3
40088,0.0,3
40096,0.0,5
40096,0.0,5
40112,0.0,3
40120,0.0,5
40152,2.0,21
40152,0.0,5
40168,1.0,14
40176,0.0,3
40184,1.0,14
40192,0.0,3
40192,0.0,5
40200,0.0,3
40208,0.0,3
40208,1.0,14
40208,2.0,21
40216,0.0,3
40232,0.0,3
40232,0.0,3
40232,0.0,3
40240,0.0,5
40264,2.0,21
40272,0.0,5
40280,0.0,5
40288,0.0,3
40312,1.0,12
40312,2.0,24
40312,1.0,15
40328,1.0,12
40328,0.0,5
40328,1.0,12
40336,0.0,3
40352,0.0,5
40352,0.0,3
40368,0.0,5
40368,0.0,5
40376,0.0,3
40392,1.0,14
40392,0.0,5
40392,1.0,15
40392,1.0,10
40408,0.0,5
40408,0.0,5
40416,0.0,5
40416,0.0,3
40416,1.0,10
40416,0.0,3
40416,0.0,3
40432,0.0,3
40432,0.0,5
40440,0.0,3
40456,0.0,5
40456,0.0,5
40456,0.0,5
40472,0.0,5
40480,0.0,5
40496,0.0,5
40520,0.0,5
40560,0.0,5
40576,2.0,21
40576,1.0,15
40584,2.0,21
40600,2.0,21
40608,0.0,3
40616,0.0,5
40624,2.0,21
40624,0.0,3
40640,2.0,21
40648,0.0,5
40664,0.0,5
40664,0.0,5
40664,2.0,21
40672,0.0,3
40680,0.0,5
40688,0.0,3
40696,0.0,3
40704,0.0,5
40712,0.0,3
40720,0.0,3
40720,0.0,5
40728,2.0,21
40736,1.0,15
40752,0.0,3
40752,0.0,5
40760,2.0,23
40776,0.0,5
40776,0.0,3
40784,0.0,3
40784,1.0,15
40792,0.0,5
40808,0.0,3
40816,1.0,14
40824,0.0,5
40840,0.0,3
40848,0.0,5
40888,2.0,21
40896,2.0,22
40912,0.0,3
40936,0.0,5
40936,0.0,3
40944,2.0,21
40960,2.0,23
40960,2.0,21
40968,0.0,3
40968,1.0,15
40968,1.0,16
40976,0.0,5
40984,0.0,3
40984,0.0,3
40992,0.0,3
40992,0.0,3
40992,2.0,21
41008,0.0,5
41008,0.0,3
41008,0.0,3
41032,0.0,5
41032,0.0,5
41032,0.0,5
41040,0.0,4
41048,0.0,5
41072,0.0,5
41112,0.0,5
41120,1.0,14
41144,0.0,3
41144,2.0,21
41144,1.0,14
41152,1.0,15
41160,1.0,15
41168,3.0,29
41168,0.0,3
41168,0.0,3
41176,0.0,3
41184,0.0,5
41192,0.0,3
41200,0.0,5
41208,0.0,5
41208,0.0,5
41216,0.0,5
41224,0.0,3
41232,0.0,5
41232,0.0,3
41232,2.0,23
41256,0.0,3
41264,0.0,5
41280,2.0,21
41296,0.0,5
41304,0.0,3
41304,1.0,15
41320,0.0,3
41328,1.0,15
41344,0.0,5
41344,0.0,5
41352,1.0,15
41376,1.0,14
41384,0.0,5
41384,2.0,21
41392,0.0,5
41400,0.0,3
41408,0.0,3
41416,2.0,23
41440,0.0,5
41440,0.0,3
41456,1.0,17
41480,0.0,5
41512,2.0,21
41512,2.0,23
41544,1.0,17
41552,2.0,21
41552,0.0,5
41552,0.0,5
41560,2.0,21
41584,0.0,5
41600,1.0,15
41608,2.0,21
41640,0.0,5
41640,2.0,23
41648,0.0,5
41664,0.0,3
41672,1.0,15
41672,1.0,15
41680,1.0,16
41680,0.0,5
41696,1.0,17
41704,0.0,5
41712,0.0,5
41712,0.0,5
41720,0.0,3
41720,0.0,5
41720,0.0,5
41744,0.0,3
41768,1.0,15
41768,0.0,3
41768,2.0,23
41808,0.0,5
41808,0.0,5
41808,0.0,5
41816,1.0,12
41824,1.0,15
41832,1.0,15
41832,0.0,3
41840,1.0,16
41848,1.0,16
41848,0.0,3
41864,0.0,3
41904,0.0,5
41904,1.0,12
41928,0.0,3
41928,0.0,3
41928,1.0,12
41936,1.0,16
41944,1.0,16
41952,0.0,3
41960,0.0,3
41968,0.0,3
41984,1.0,17
41992,0.0,5
42008,0.0,3
42024,1.0,12
42032,0.0,3
42056,1.0,12
42064,1.0,12
42080,0.0,3
42088,0.0,3
42112,2.0,23
42112,1.0,15
42136,0.0,3
42136,0.0,3
42160,1.0,16
42176,0.0,5
42184,0.0,3
42192,4.0,45
42208,4.0,45
42232,1.0,12
42256,2.0,29
42272,2.0,24
42280,2.0,24
42280,1.0,11
42312,1.0,16
42320,0.0,5
42328,1.0,15
42328,1.0,12
42336,0.0,3
42344,0.0,3
42368,1.0,12
42368,0.0,5
42376,0.0,5
42384,0.0,5
42400,0.0,3
42408,1.0,16
42408,0.0,5
42408,0.0,5
42424,2.0,21
42424,3.0,31
42424,0.0,5
42432,0.0,3
42432,0.0,3
42440,1.0,14
42448,0.0,3
42456,0.0,3
42464,0.0,3
42472,0.0,5
42480,0.0,3
42488,0.0,5
42496,1.0,12
42512,0.0,3
42520,0.0,5
42536,0.0,5
42552,0.0,5
42560,0.0,5
42560,0.0,3
42576,0.0,3
42576,2.0,21
42584,0.0,3
42584,1.0,15
42592,2.0,21
42600,2.0,22
42600,0.0,5
42616,0.0,5
42616,0.0,5
42624,0.0,5
42624,0.0,5
42624,0.0,3
42640,2.0,21
42640,0.0,5
42648,0.0,3
42656,0.0,5
42664,0.0,5
42672,0.0,3
42680,0.0,5
42680,0.0,5
42696,0.0,5
42712,0.0,5
42720,0.0,5
42728,1.0,17
42760,1.0,12
42776,1.0,12
42792,1.0,12
42816,0.0,5
42824,1.0,12
42856,1.0,12
42888,3.0,34
42888,1.0,12
42904,2.0,24
42912,1.0,12
42920,1.0,12
42936,4.0,39
42952,1.0,12
42984,1.0,12
42984,1.0,12
42992,0.0,5
43000,1.0,12
43008,1.0,12
43032,1.0,12
43048,0.0,5
43080,4.0,45
43088,1.0,12
43088,1.0,13
43096,1.0,12
43128,1.0,12
43128,0.0,5
43136,0.0,5
43144,1.0,12
43168,0.0,5
43176,0.0,5
43176,1.0,12
43184,0.0,5
43184,1.0,12
43208,0.0,5
43216,0.0,5
43216,0.0,5
43224,1.0,12
43224,0.0,5
43224,0.0,5
43248,0.0,5
43256,0.0,5
43256,0.0,5
43264,0.0,5
43264,0.0,5
43264,0.0,5
43280,0.0,3
43280,4.0,45
43288,0.0,5
43296,0.0,5
43304,0.0,5
43304,0.0,5
43304,0.0,5
43320,0.0,5
43328,0.0,5
43336,0.0,5
43344,0.0,5
43344,4.0,45
43344,0.0,5
43344,0.0,5
43360,0.0,5
43368,0.0,5
43376,1.0,12
43384,0.0,5
43384,0.0,5
43384,0.0,5
43400,0.0,5
43416,0.0,5
43424,0.0,5
43424,0.0,5
43424,0.0,5
43432,1.0,12
43440,1.0,12
43440,0.0,5
43456,0.0,5
43464,0.0,5
43464,0.0,5
43464,0.0,5
43464,1.0,12
43472,0.0,5
43480,0.0,5
43480,0.0,5
43496,0.0,5
43504,0.0,5
43504,0.0,5
43504,0.0,5
43512,0.0,5
43520,0.0,5
43520,0.0,5
43536,0.0,5
43544,0.0,5
43544,0.0,5
43544,0.0,5
43552,0.0,5
43560,0.0,5
43584,0.0,5
43584,0.0,5
43584,0.0,5
43592,1.0,16
43592,0.0,5
43600,0.0,5
43624,0.0,5
43624,0.0,5
43632,0.0,5
43632,0.0,5
43640,0.0,5
43648,1.0,16
43664,1.0,16
43664,0.0,5
43672,0.0,5
43680,0.0,5
43688,0.0,5
43704,0.0,5
43704,0.0,5
43712,0.0,5
43712,1.0,16
43728,0.0,5
43736,0.0,3
43744,0.0,5
43752,1.0,16
43752,0.0,5
43760,1.0,16
43768,0.0,5
43776,0.0,5
43784,0.0,5
43792,0.0,5
43808,1.0,16
43808,0.0,5
43816,0.0,5
43824,0.0,5
43832,1.0,16
43848,0.0,5
43848,0.0,5
43856,0.0,5
43864,0.0,5
43872,0.0,5
43888,1.0,17
43896,1.0,17
43912,0.0,3
43928,1.0,17
43936,0.0,5
43952,0.0,3
43952,0.0,5
43960,1.0,14
43968,1.0,14
43968,1.0,15
43992,1.0,16
43992,0.0,5
43992,1.0,15
43992,0.0,3
43992,0.0,5
44000,0.0,5
44008,0.0,5
44016,0.0,3
44032,0.0,5
44032,0.0,5
44048,0.0,5
44048,1.0,14
44056,0.0,3
44056,0.0,5
44088,0.0,5
44096,0.0,5
44104,1.0,14
44120,1.0,16
44128,1.0,16
44136,0.0,5
44144,1.0,14
44160,0.0,5
44160,1.0,14
44168,0.0,5
44176,0.0,5
44184,1.0,16
44184,0.0,5
44192,0.0,3
44200,0.0,5
44200,1.0,12
44208,0.0,3
44208,1.0,15
44216,0.0,5
44224,0.0,5
44224,0.0,3
44232,0.0,5
44232,0.0,3
44248,0.0,5
44264,0.0,5
44280,1.0,15
44288,0.0,5
44320,0.0,5
44320,1.0,15
44328,1.0,14
44344,0.0,3
44344,1.0,15
44352,1.0,15
44360,0.0,5
44360,1.0,16
44368,0.0,5
44376,1.0,14
44384,0.0,5
44392,0.0,3
44392,0.0,5
44400,0.0,5
44400,1.0,14
44400,0.0,3
44424,0.0,5
44424,0.0,3
44432,0.0,5
44440,0.0,5
44456,1.0,12
44464,0.0,5
44464,0.0,5
44464,0.0,3
44472,1.0,16
44480,0.0,3
44504,0.0,5
44504,1.0,14
44512,0.0,5
44520,0.0,5
44536,1.0,17
44544,1.0,14
44544,0.0,5
44544,0.0,5
44560,0.0,3
44576,1.0,14
44576,1.0,14
44584,0.0,5
44600,0.0,5
44616,0.0,5
44616,0.0,5
44632,1.0,15
44640,1.0,15
44656,0.0,5
44656,1.0,14
44664,1.0,15
44688,0.0,3
44696,0.0,5
44704,1.0,15
44712,1.0,14
44720,0.0,3
44728,0.0,5
44736,1.0,15
44744,0.0,5
44752,1.0,15
44752,0.0,5
44760,0.0,5
44768,1.0,14
44768,1.0,16
44776,0.0,3
44784,0.0,5
44800,0.0,5
44808,0.0,5
44808,0.0,5
44816,0.0,5
44840,0.0,3
44840,1.0,14
44872,1.0,17
44872,1.0,15
44880,0.0,5
44880,0.0,5
44896,1.0,14
44912,1.0,14
44912,0.0,5
44928,1.0,15
44928,1.0,15
44936,0.0,3
44952,0.0,5
44968,0.0,5
44968,0.0,5
44976,0.0,5
44992,1.0,14
45000,1.0,16
45000,1.0,15
45024,0.0,3
45032,1.0,17
45032,0.0,5
45040,0.0,5
45064,1.0,14
45072,0.0,5
45072,0.0,5
45088,1.0,15
45096,0.0,3
45096,1.0,16
45096,1.0,15
45104,0.0,5
45128,0.0,5
45136,0.0,5
45152,1.0,16
45152,0.0,3
45160,1.0,15
45192,1.0,15
45192,0.0,5
45192,0.0,5
45200,0.0,5
45224,1.0,16
45240,1.0,18
45240,1.0,17
45264,0.0,5
45280,0.0,5
45304,2.0,21
45312,1.0,15
45320,1.0,16
45320,1.0,15
45344,0.0,5
45352,0.0,5
45360,0.0,5
45360,2.0,21
45368,0.0,3
45376,1.0,17
45400,0.0,5
45400,1.0,15
45400,0.0,5
45408,0.0,5
45416,0.0,5
45440,0.0,5
45440,0.0,3
45440,0.0,5
45448,0.0,5
45456,1.0,17
45472,1.0,15
45480,2.0,27
45480,0.0,5
45480,0.0,5
45480,0.0,5
45488,0.0,5
45496,0.0,5
45496,1.0,12
45512,0.0,5
45520,0.0,5
45520,0.0,5
45520,0.0,5
45536,0.0,5
45536,0.0,5
45552,0.0,5
45560,0.0,5
45560,0.0,5
45600,0.0,5
45600,0.0,5
45648,2.0,21
45656,1.0,15
45672,2.0,23
45688,0.0,5
45696,0.0,5
45696,0.0,3
45704,2.0,23
45704,2.0,21
45712,1.0,14
45728,0.0,3
45728,0.0,3
45736,0.0,5
45736,2.0,23
45752,0.0,5
45760,0.0,3
45768,0.0,5
45768,2.0,21
45776,0.0,5
45792,0.0,3
45800,0.0,5
45808,1.0,14
45808,1.0,15
45816,0.0,5
45832,0.0,3
45832,0.0,5
45840,0.0,5
45848,0.0,5
45864,1.0,17
45872,0.0,5
45872,1.0,15
45888,1.0,15
45888,0.0,3
45912,0.0,5
45928,0.0,5
45952,1.0,15
45984,2.0,21
45992,1.0,15
45992,0.0,5
46008,2.0,21
46016,2.0,21
46024,0.0,5
46032,0.0,5
46032,0.0,3
46040,1.0,14
46040,0.0,3
46056,0.0,3
46064,0.0,3
46064,0.0,3
46072,2.0,23
46080,2.0,21
46096,0.0,3
46096,0.0,5
46104,0.0,3
46104,0.0,5
46120,0.0,3
46128,0.0,3
46136,0.0,5
46144,1.0,15
46160,0.0,5
46160,2.0,21
46168,0.0,5
46184,0.0,5
46184,0.0,3
46192,1.0,16
46200,2.0,21
46208,0.0,5
46216,0.0,3
46224,0.0,3
46224,0.0,5
46224,0.0,5
46232,1.0,16
46248,0.0,3
46248,1.0,14
46256,0.0,5
46256,0.0,3
46272,0.0,3
46280,1.0,15
46288,0.0,5
46296,0.0,5
46312,0.0,5
46320,1.0,14
46328,0.0,5
46344,0.0,3
46344,1.0,15
46384,0.0,5
46384,0.0,5
46392,2.0,21
46408,0.0,3
46416,0.0,3
46416,1.0,15
46424,2.0,21
46432,1.0,15
46448,0.0,3
46448,0.0,5
46456,0.0,5
46464,2.0,23
46472,0.0,5
46488,0.0,5
46488,0.0,3
46496,2.0,21
46496,0.0,5
46520,0.0,3
46528,0.0,5
46552,2.0,21
46552,1.0,17
46560,0.0,5
46560,1.0,14
46584,1.0,14
46592,0.0,5
46592,0.0,5
46600,0.0,5
46608,1.0,15
46608,1.0,14
46624,0.0,5
46632,0.0,5
46640,0.0,5
46648,0.0,5
46648,1.0,15
46648,0.0,5
46680,1.0,15
46680,0.0,5
46688,0.0,5
46712,1.0,15
46720,0.0,5
46720,1.0,12
46744,0.0,3
46744,1.0,12
46744,1.0,12
46760,0.0,5
46784,0.0,5
46784,0.0,5
46800,0.0,5
46824,0.0,5
46824,0.0,5
46840,1.0,12
46840,0.0,5
46864,0.0,5
46872,2.0,24
46880,0.0,5
46880,0.0,5
46904,0.0,5
46912,0.0,5
46912,3.0,35
46920,0.0,5
46952,0.0,5
46952,0.0,5
46992,0.0,5
47008,1.0,16
47016,2.0,24
47032,1.0,16
47032,0.0,5
47040,3.0,41
47048,4.0,45
47048,0.0,5
47056,1.0,17
47056,0.0,5
47072,0.0,5
47080,0.0,5
47080,1.0,16
47088,0.0,5
47088,0.0,5
47096,0.0,5
47096,0.0,5
47120,0.0,5
47120,0.0,5
47128,0.0,5
47136,0.0,5
47136,0.0,5
47160,0.0,5
47168,1.0,17
47168,0.0,5
47176,0.0,5
47200,1.0,16
47208,0.0,5
47216,1.0,16
47232,1.0,14
47240,0.0,5
47256,0.0,5
47272,1.0,17
47272,0.0,5
47312,0.0,5
47328,2.0,21
47336,2.0,21
47344,1.0,17
47344,2.0,21
47352,0.0,3
47360,1.0,15
47368,0.0,3
47376,0.0,5
47376,1.0,15
47384,0.0,5
47392,0.0,5
47392,1.0,15
47408,0.0,5
47416,0.0,5
47432,0.0,5
47456,0.0,5
47472,0.0,5
47496,2.0,23
47496,1.0,17
47520,0.0,3
47528,1.0,15
47536,0.0,5
47544,2.0,21
47552,2.0,21
47560,0.0,5
47560,2.0,21
47568,0.0,3
47568,0.0,5
47576,0.0,3
47584,0.0,3
47608,0.0,5
47624,2.0,21
47624,0.0,5
47640,2.0,21
47648,1.0,14
47648,0.0,3
47664,0.0,3
47672,0.0,3
47680,1.0,15
47704,0.0,3
47704,0.0,5
47712,1.0,17
47712,0.0,5
47728,1.0,15
47736,0.0,3
47736,2.0,21
47744,1.0,15
47768,0.0,5
47776,0.0,5
47776,0.0,5
47784,1.0,17
47784,0.0,5
47808,0.0,3
47824,1.0,15
47832,1.0,16
47832,1.0,15
47848,0.0,5
47864,0.0,5
47872,0.0,5
47872,0.0,5
47872,0.0,3
47888,1.0,14
47896,0.0,3
47896,1.0,15
47912,0.0,5
47920,0.0,3
47928,0.0,5
47936,0.0,5
47936,2.0,21
47952,2.0,21
47960,0.0,3
47960,0.0,5
47976,0.0,3
47984,0.0,3
47984,0.0,3
48000,0.0,3
48024,0.0,5
48024,0.0,5
48032,2.0,21
48040,2.0,21
48040,0.0,5
48048,1.0,15
48056,1.0,15
48056,0.0,3
48064,0.0,3
48064,0.0,5
48072,0.0,3
48080,2.0,21
48080,0.0,5
48080,0.0,3
48088,0.0,3
48104,0.0,3
48112,0.0,5
48120,0.0,5
48128,0.0,5
48136,1.0,14
48144,0.0,5
48168,0.0,5
48168,0.0,3
48176,1.0,14
48192,1.0,17
48192,0.0,3
48192,1.0,14
48216,0.0,5
48224,1.0,14
48232,1.0,12
48264,1.0,12
48272,1.0,10
48272,0.0,5
48288,1.0,12
48288,1.0,12
48312,0.0,5
48312,1.0,12
48312,0.0,5
48320,1.0,12
48328,0.0,5
48352,0.0,5
48360,0.0,5
48360,1.0,12
48368,0.0,5
48384,1.0,12
48408,1.0,12
48408,1.0,12
48424,0.0,5
48432,0.0,3
48448,0.0,5
48448,1.0,12
48464,0.0,5
48472,0.0,5
48480,4.0,45
48496,1.0,17
48496,1.0,17
48504,0.0,5
48512,0.0,5
48520,0.0,5
48536,0.0,5
48552,0.0,5
48576,0.0,5
48576,1.0,16
48584,1.0,17
48592,0.0,5
48616,0.0,5
48616,1.0,14
48616,0.0,5
48624,0.0,5
48624,1.0,16
48632,0.0,5
48648,1.0,16
48656,0.0,5
48656,0.0,5
48656,0.0,5
48664,0.0,5
48664,0.0,5
48672,0.0,5
48688,0.0,5
48696,0.0,5
48696,0.0,5
48704,0.0,5
48704,0.0,5
48728,4.0,45
48728,0.0,5
48736,0.0,5
48736,0.0,5
48744,0.0,5
48744,0.0,5
48768,0.0,5
48768,0.0,5
48776,0.0,5
48784,0.0,5
48800,1.0,16
48808,0.0,5
48808,0.0,5
48816,0.0,5
48824,0.0,5
48824,0.0,3
48848,0.0,5
48856,0.0,5
48864,0.0,5
48864,0.0,5
48872,1.0,17
48880,1.0,17
48888,0.0,5
48896,0.0,5
48904,0.0,5
48904,0.0,5
48912,0.0,5
48928,0.0,5
48936,0.0,5
48936,1.0,16
48960,0.0,3
48968,0.0,5
48984,3.0,41
49000,0.0,5
49008,1.0,16
49016,1.0,14
49024,1.0,15
49032,1.0,15
49032,0.0,3
49048,1.0,14
49056,0.0,5
49064,0.0,5
49072,0.0,5
49072,0.0,3
49072,0.0,5
49080,1.0,14
49096,0.0,3
49104,0.0,5
49104,0.0,3
49112,0.0,5
49112,1.0,16
49136,0.0,3
49136,0.0,5
49144,0.0,5
49168,1.0,14
49176,0.0,5
49176,0.0,5
49184,0.0,5
49184,2.0,23
49192,0.0,3
49208,1.0,17
49208,0.0,3
49232,0.0,5
49248,0.0,5
49248,0.0,5
49272,2.0,21
49280,2.0,21
49288,0.0,5
49296,1.0,15
49296,0.0,3
49304,0.0,3
49320,0.0,3
49328,0.0,5
49336,0.0,5
49344,0.0,5
49344,2.0,21
49352,1.0,15
49352,2.0,21
49360,0.0,5
49368,0.0,3
49368,1.0,15
49376,0.0,5
49376,0.0,3
49392,0.0,5
49392,0.0,3
49408,0.0,5
49464,1.0,15
49488,1.0,14
49496,2.0,21
49504,1.0,14
49504,0.0,5
49512,1.0,17
49520,0.0,3
49520,1.0,16
49528,2.0,21
49528,0.0,5
49528,1.0,15
49544,0.0,5
49552,0.0,3
49552,0.0,5
49560,0.0,5
49560,0.0,5
49568,0.0,5
49568,0.0,5
49592,0.0,3
49592,0.0,5
49600,0.0,5
49632,0.0,5
49664,1.0,15
49672,2.0,21
49680,1.0,15
49688,1.0,17
49688,1.0,15
49696,0.0,3
49704,0.0,5
49712,0.0,3
49712,1.0,14
49720,0.0,5
49728,0.0,5
49736,0.0,5
49744,0.0,5
49752,0.0,5
49752,0.0,5
49760,2.0,21
49784,0.0,3
49800,2.0,21
49824,0.0,3
49840,1.0,14
49840,1.0,15
49856,1.0,14
49856,1.0,15
49864,1.0,14
49864,0.0,5
49872,1.0,15
49880,0.0,5
49888,0.0,3
49896,0.0,5
49896,0.0,3
49904,0.0,3
49936,0.0,5
49944,0.0,5
49984,1.0,12
49992,1.0,16
50008,0.0,3
50008,2.0,28
50016,1.0,15
50016,0.0,3
50032,0.0,3
50040,0.0,3
50064,2.0,28
50080,0.0,5
50088,0.0,3
50104,2.0,21
50104,1.0,12
50112,1.0,12
50128,0.0,3
50128,0.0,5
50144,0.0,5
50152,0.0,5
50152,0.0,3
50160,1.0,10
50168,2.0,28
50176,0.0,3
50208,0.0,5
50224,2.0,24
50232,0.0,3
50248,1.0,12
50256,1.0,16
50264,5.0,51
50272,1.0,12
50272,0.0,5
50280,0.0,3
50288,1.0,16
50288,0.0,3
50288,0.0,5
50312,0.0,3
50312,0.0,5
50312,2.0,21
50320,0.0,5
50328,0.0,5
50352,0.0,5
50352,0.0,5
50352,0.0,5
50392,0.0,5
50392,0.0,5
50392,0.0,5
50400,2.0,22
50432,0.0,5
50440,2.0,21
50440,0.0,5
50464,2.0,22
50480,0.0,5
50480,0.0,5
50496,2.0,21
50504,2.0,23
50504,0.0,5
50520,0.0,5
50520,0.0,5
50536,0.0,5
50544,0.0,5
50560,0.0,5
50560,0.0,5
50576,2.0,23
50576,2.0,23
50584,0.0,5
50600,0.0,5
50616,0.0,5
50616,2.0,23
50624,0.0,5
50640,0.0,5
50640,1.0,17
50656,0.0,5
50664,0.0,5
50680,0.0,5
50680,0.0,5
50696,0.0,5
50704,0.0,5
50712,1.0,17
50720,2.0,23
50720,0.0,5
50720,0.0,5
50736,0.0,5
50744,0.0,5
50744,2.0,23
50752,0.0,5
50752,1.0,17
50760,0.0,5
50760,0.0,5
50776,0.0,5
50784,0.0,5
50792,0.0,5
50792,0.0,5
50800,0.0,5
50800,0.0,5
50816,0.0,5
50832,0.0,5
50832,0.0,5
50840,0.0,5
50840,0.0,5
50856,0.0,5
50872,0.0,5
50872,0.0,5
50880,0.0,5
50880,0.0,5
50880,1.0,17
50896,0.0,5
50904,2.0,23
50912,0.0,5
50912,0.0,5
50920,0.0,5
50920,0.0,5
50936,0.0,5
50944,0.0,5
50952,0.0,5
50952,0.0,5
50960,0.0,5
50968,2.0,23
50976,0.0,5
50992,0.0,5
51000,0.0,5
51008,1.0,16
51016,0.0,5
51032,0.0,5
51048,0.0,5
51056,0.0,5
51056,1.0,17
51064,1.0,15
51072,0.0,5
51088,0.0,5
51096,0.0,5
51096,0.0,5
51104,0.0,5
51128,0.0,5
51136,2.0,23
51136,0.0,5
51136,0.0,5
51152,2.0,23
51168,0.0,5
51176,0.0,5
51176,0.0,5
51184,2.0,23
51192,0.0,5
51208,0.0,5
51216,0.0,5
51216,0.0,5
51232,0.0,5
51232,1.0,16
51248,0.0,5
51256,2.0,23
51256,0.0,5
51256,0.0,5
51264,1.0,16
51272,0.0,5
51272,0.0,5
51288,0.0,5
51296,0.0,5
51296,0.0,5
51296,0.0,5
51304,0.0,5
51312,0.0,5
51312,0.0,5
51328,0.0,5
51336,0.0,5
51344,0.0,5
51352,0.0,5
51352,0.0,5
51368,0.0,5
51368,2.0,23
51376,0.0,5
51392,0.0,5
51392,0.0,5
51408,0.0,5
51416,0.0,5
51424,1.0,16
51432,1.0,17
51432,0.0,5
51432,0.0,5
51448,0.0,5
51456,0.0,5
51464,0.0,5
51472,0.0,5
51472,0.0,5
51472,0.0,5
51480,1.0,17
51488,0.0,5
51504,0.0,5
51512,0.0,5
51512,0.0,5
51512,0.0,5
51528,0.0,5
51544,0.0,5
51552,2.0,23
51552,0.0,5
51576,0.0,3
51584,1.0,16
51616,1.0,17
51616,0.0,5
51624,0.0,5
51640,1.0,16
51656,0.0,5
51656,0.0,5
51656,1.0,16
51664,1.0,14
51672,1.0,16
51680,0.0,5
51696,0.0,5
51704,0.0,5
51712,0.0,5
51720,0.0,5
51720,1.0,12
51752,1.0,12
51752,1.0,12
51752,0.0,5
51760,0.0,5
51816,1.0,12
51840,4.0,41
51848,1.0,12
51848,1.0,12
51856,1.0,12
51888,0.0,5
51896,0.0,5
51912,1.0,12
51936,1.0,12
51944,1.0,12
51952,0.0,5
51976,0.0,5
51984,1.0,12
51984,0.0,5
51992,0.0,5
51992,1.0,12
52024,0.0,5
52032,0.0,5
52056,4.0,45
52064,4.0,45
52072,3.0,40
52072,1.0,12
52088,1.0,12
52104,0.0,5
52112,0.0,5
52112,0.0,5
52120,1.0,12
52128,1.0,12
52128,0.0,5
52144,0.0,5
52144,2.0,20
52152,0.0,5
52152,0.0,5
52160,0.0,5
52168,0.0,5
52168,0.0,5
52176,1.0,15
52184,0.0,5
52184,0.0,5
52192,0.0,5
52192,0.0,5
52200,0.0,5
52208,0.0,5
52208,0.0,5
52216,0.0,5
52224,0.0,5
52224,0.0,5
52232,0.0,5
52232,0.0,5
52240,0.0,5
52248,0.0,5
52256,0.0,5
52264,0.0,5
52264,0.0,5
52272,0.0,5
52272,0.0,5
52280,0.0,5
52288,0.0,5
52296,0.0,5
52304,0.0,5
52304,0.0,5
52312,0.0,5
52312,0.0,5
52320,0.0,5
52328,0.0,5
52336,0.0,5
52344,0.0,5
52344,0.0,5
52352,0.0,5
52352,0.0,5
52368,0.0,5
52376,0.0,5
52392,0.0,5
52392,2.0,23
52392,0.0,5
52400,0.0,3
52408,0.0,5
52432,0.0,5
52432,0.0,5
52432,0.0,5
52440,0.0,5
52448,0.0,5
52472,0.0,5
52472,0.0,5
52472,0.0,5
52480,0.0,5
52504,2.0,23
52512,0.0,5
52512,0.0,5
52512,2.0,21
52512,0.0,5
52520,0.0,5
52544,0.0,5
52544,1.0,12
52552,0.0,5
52584,0.0,5
52608,1.0,12
52608,1.0,12
52608,1.0,12
52616,1.0,12
52624,0.0,5
52648,0.0,5
52648,0.0,5
52648,0.0,5
52656,0.0,5
52664,0.0,5
52672,4.0,41
52672,1.0,16
52688,0.0,5
52688,0.0,5
52688,0.0,5
52696,0.0,5
52704,0.0,5
52712,0.0,5
52712,0.0,5
52728,0.0,5
52728,0.0,5
52736,0.0,5
52736,2.0,23
52744,0.0,5
52752,0.0,5
52752,0.0,5
52768,0.0,5
52776,0.0,5
52784,1.0,12
52784,0.0,5
52792,0.0,5
52792,0.0,5
52816,0.0,5
52824,0.0,5
52824,1.0,12
52832,0.0,5
52832,1.0,12
52864,0.0,5
52864,1.0,12
52880,1.0,12
52888,1.0,12
52904,0.0,5
52904,0.0,3
52912,1.0,12
52920,1.0,12
52928,1.0,12
52928,1.0,12
52928,0.0,5
52944,0.0,5
52944,0.0,5
52952,0.0,5
52960,1.0,12
52968,0.0,5
52984,0.0,5
52992,0.0,5
53000,0.0,5
53016,1.0,12
53024,0.0,5
53024,1.0,12
53024,1.0,12
53032,0.0,5
53040,1.0,12
53056,0.0,5
53064,0.0,5
53064,0.0,5
53064,1.0,12
53080,0.0,5
53088,0.0,3
53096,1.0,12
53096,0.0,5
53104,0.0,5
53104,0.0,5
53120,1.0,12
53128,1.0,12
53136,0.0,5
53160,0.0,5
53192,1.0,12
53200,1.0,12
53200,1.0,12
53224,1.0,12
53256,1.0,12
53264,0.0,5
53280,2.0,24
53288,1.0,12
53296,1.0,12
53312,2.0,29
53328,0.0,5
53336,0.0,5
53360,1.0,12
53368,0.0,5
53368,2.0,29
53376,1.0,12
53400,0.0,5
53408,1.0,12
53432,2.0,29
53432,1.0,12
53440,0.0,5
53456,0.0,3
53464,1.0,12
53464,1.0,12
53472,1.0,12
53472,0.0,5
53488,2.0,29
53496,0.0,5
53504,1.0,12
53504,0.0,5
53504,0.0,5
53512,0.0,5
53512,0.0,5
53528,0.0,5
53536,1.0,12
53536,0.0,5
53544,0.0,5
53544,0.0,5
53544,0.0,5
53552,0.0,5
53576,0.0,5
53576,0.0,5
53584,0.0,5
53584,0.0,5
53584,0.0,5
53592,0.0,5
53616,0.0,5
53616,0.0,5
53624,1.0,12
53624,0.0,5
53624,0.0,5
53624,0.0,5
53632,0.0,5
53656,0.0,5
53656,0.0,5
53664,0.0,5
53664,0.0,5
53664,0.0,5
53672,0.0,5
53696,0.0,5
53696,0.0,5
53704,0.0,5
53704,0.0,5
53704,0.0,5
53712,0.0,5
53736,0.0,5
53736,0.0,5
53744,2.0,29
53744,0.0,5
53744,0.0,5
53752,1.0,16
53752,0.0,5
53776,0.0,5
53776,0.0,5
53784,0.0,5
53784,0.0,5
53784,0.0,5
53792,0.0,5
53824,0.0,5
53824,0.0,5
53832,0.0,5
53832,1.0,16
53864,0.0,5
53864,0.0,5
53880,1.0,16
53904,1.0,16
53904,1.0,16
53904,0.0,5
53904,0.0,5
53912,1.0,16
53920,0.0,5
53944,0.0,5
53944,0.0,5
53944,0.0,5
53944,0.0,5
53960,0.0,5
53968,1.0,17
53968,1.0,17
53984,0.0,5
53984,0.0,5
53984,0.0,5
54000,0.0,5
54008,0.0,5
54024,0.0,5
54040,1.0,12
54064,1.0,12
54064,0.0,5
54080,0.0,5
54080,1.0,12
54080,1.0,12
54096,1.0,12
54104,0.0,5
54104,1.0,12
54104,0.0,5
54120,0.0,5
54120,0.0,5
54120,0.0,5
54136,0.0,5
54144,0.0,5
54144,2.0,29
54144,0.0,5
54144,0.0,5
54160,0.0,5
54160,0.0,5
54176,0.0,5
54184,0.0,5
54184,0.0,5
54184,0.0,5
54184,0.0,5
54200,0.0,5
54208,0.0,3
54208,0.0,3
54224,0.0,5
54224,0.0,5
54240,0.0,5
54248,0.0,5
54248,1.0,16
54248,0.0,5
54264,0.0,5
54264,0.0,5
54280,0.0,5
54288,0.0,5
54288,1.0,16
54288,0.0,5
54304,1.0,16
54304,0.0,5
54320,0.0,5
54328,0.0,5
54328,0.0,5
54344,0.0,5
54344,1.0,12
54360,0.0,5
54360,1.0,12
54368,0.0,5
54384,1.0,12
54400,1.0,12
54424,1.0,12
54440,1.0,12
54440,1.0,12
54440,0.0,5
54456,1.0,12
54456,1.0,12
54464,1.0,12
54480,1.0,12
54480,0.0,5
54496,0.0,5
54496,0.0,5
54504,0.0,5
54520,0.0,5
54520,1.0,12
54536,0.0,5
54536,0.0,5
54536,1.0,12
54536,1.0,12
54544,0.0,5
54544,0.0,3
54560,0.0,5
54576,1.0,12
54576,0.0,5
54576,0.0,5
54576,0.0,5
54584,0.0,5
54584,0.0,3
54616,0.0,5
54616,0.0,5
54616,0.0,5
54616,0.0,5
54624,0.0,5
54624,0.0,5
54632,1.0,12
54640,1.0,12
54656,0.0,5
54656,0.0,5
54656,0.0,5
54664,0.0,5
54672,0.0,5
54680,0.0,5
54696,0.0,5
54704,0.0,5
54712,1.0,12
54720,0.0,5
54720,1.0,12
54736,0.0,5
54744,0.0,5
54752,1.0,12
54760,0.0,5
54768,1.0,12
54776,0.0,5
54784,0.0,5
54800,0.0,5
54808,1.0,12
54808,0.0,5
54816,1.0,12
54816,0.0,5
54824,0.0,5
54840,0.0,5
54848,1.0,12
54848,0.0,5
54856,0.0,5
54872,0.0,3
54888,0.0,5
54904,1.0,12
54912,0.0,5
54928,0.0,5
54936,1.0,14
54936,0.0,3
54944,0.0,5
54952,1.0,14
54960,0.0,3
54960,0.0,3
54968,1.0,14
54976,0.0,3
54984,0.0,3
54984,0.0,3
54992,0.0,3
55008,0.0,3
55016,4.0,45
55016,0.0,3
55032,2.0,27
55040,0.0,3
55040,0.0,3
55056,1.0,14
55064,0.0,3
55072,0.0,5
55080,0.0,3
55088,0.0,3
55096,2.0,21
55096,1.0,14
55104,1.0,16
55128,0.0,5
55128,0.0,3
55136,0.0,5
55168,0.0,5
55192,2.0,23
55208,0.0,5
55208,1.0,16
55224,2.0,23
55232,0.0,3
55232,0.0,5
55240,2.0,21
55248,0.0,3
55256,1.0,15
55272,0.0,3
55272,0.0,5
55280,0.0,5
55280,0.0,3
55280,2.0,23
55312,0.0,5
55320,1.0,14
55320,0.0,5
55320,0.0,5
55344,0.0,3
55352,0.0,5
55416,1.0,17
55416,2.0,23
55440,3.0,39
55440,0.0,3
55440,2.0,21
55440,0.0,3
55440,1.0,15
55464,0.0,3
55464,0.0,3
55472,1.0,16
55480,1.0,16
55480,0.0,5
55480,0.0,5
55488,2.0,21
55504,0.0,3
55504,0.0,3
55512,0.0,5
55544,0.0,5
55544,0.0,5
55560,1.0,15
55584,1.0,15
55584,0.0,5
55584,1.0,15
55600,0.0,5
55624,0.0,5
55624,0.0,5
55624,1.0,17
55648,2.0,21
55664,0.0,5
55664,0.0,5
55680,2.0,21
55704,0.0,5
55728,2.0,23
55768,0.0,5
55768,2.0,21
55768,2.0,23
55776,1.0,16
55792,1.0,16
55808,2.0,23
55808,1.0,16
55808,0.0,5
55816,0.0,3
55832,1.0,16
55848,0.0,5
55848,0.0,5
55864,1.0,12
55872,0.0,3
55872,0.0,3
55896,1.0,16
55896,0.0,3
55936,0.0,5
56024,2.0,24
56032,1.0,12
56064,3.0,36
56064,0.0,5
56072,0.0,5
56088,2.0,24
56096,3.0,35
56104,0.0,5
56136,0.0,5
56160,1.0,12
56168,4.0,45
56168,1.0,12
56184,1.0,12
56224,0.0,5
56224,4.0,45
56232,4.0,45
56256,1.0,12
56264,1.0,12
56296,0.0,5
56304,0.0,5
56320,1.0,12
56328,1.0,12
56336,0.0,5
56344,0.0,5
56360,0.0,5
56360,2.0,24
56368,2.0,29
56368,0.0,5
56376,0.0,5
56384,0.0,5
56400,0.0,5
56400,0.0,5
56408,0.0,5
56408,0.0,5
56416,2.0,24
56416,0.0,5
56424,0.0,5
56440,0.0,5
56440,0.0,5
56448,0.0,5
56456,0.0,5
56464,0.0,5
56464,4.0,45
56480,0.0,5
56480,0.0,5
56488,0.0,5
56496,0.0,5
56504,0.0,5
56504,1.0,12
56504,0.0,5
56512,1.0,12
56520,0.0,5
56520,0.0,5
56536,0.0,5
56544,0.0,5
56544,0.0,5
56544,0.0,5
56552,0.0,5
56560,0.0,5
56576,0.0,5
56584,0.0,5
56584,0.0,5
56592,0.0,5
56600,0.0,5
56616,1.0,16
56616,0.0,5
56616,1.0,12
56624,0.0,5
56624,0.0,5
56640,0.0,5
56656,0.0,5
56656,0.0,5
56656,0.0,5
56664,0.0,5
56664,0.0,5
56672,1.0,16
56680,0.0,5
56696,0.0,5
56696,0.0,5
56696,0.0,5
56704,0.0,5
56704,0.0,5
56712,0.0,5
56720,0.0,5
56720,1.0,16
56736,0.0,5
56736,0.0,5
56744,0.0,5
56744,0.0,5
56752,0.0,5
56760,0.0,5
56760,0.0,5
56768,0.0,3
56776,0.0,5
56776,0.0,5
56784,0.0,5
56784,0.0,3
56792,0.0,5
56800,0.0,5
56808,0.0,5
56816,0.0,5
56816,0.0,5
56824,1.0,16
56824,0.0,5
56832,0.0,5
56840,0.0,5
56848,0.0,5
56856,0.0,5
56864,0.0,5
56864,0.0,5
56872,0.0,5
56880,0.0,5
56888,0.0,5
56896,0.0,5
56904,0.0,5
56912,0.0,5
56912,1.0,16
56920,0.0,5
56928,0.0,5
56936,0.0,5
56944,1.0,16
56944,0.0,5
56952,0.0,5
56968,0.0,5
56984,0.0,5
56992,0.0,5
57000,1.0,17
57024,0.0,5
57032,0.0,5
57040,1.0,16
57040,0.0,5
57048,1.0,16
57064,1.0,16
57080,0.0,5
57080,1.0,17
57080,0.0,5
57096,1.0,16
57104,0.0,5
57120,0.0,5
57120,0.0,5
57136,0.0,5
57144,0.0,5
57152,1.0,16
57160,0.0,5
57160,0.0,5
57168,1.0,17
57184,1.0,17
57184,0.0,5
57192,0.0,5
57200,0.0,5
57200,0.0,5
57208,0.0,5
57208,0.0,3
57216,1.0,17
57224,0.0,5
57240,0.0,5
57248,0.0,5
57256,0.0,5
57264,1.0,16
57264,0.0,5
57280,0.0,5
57296,0.0,5
57304,0.0,5
57304,0.0,5
57312,1.0,15
57328,1.0,16
57336,0.0,5
57336,1.0,16
57376,1.0,16
57376,0.0,5
57416,0.0,5
57432,1.0,16
57440,1.0,17
57448,1.0,17
57456,0.0,3
57456,0.0,5
57464,1.0,17
57488,0.0,5
57496,0.0,5
57496,0.0,5
57520,2.0,23
57528,0.0,5
57536,0.0,5
57536,0.0,5
57560,0.0,5
57568,0.0,5
57576,1.0,17
57576,0.0,5
57600,0.0,5
57600,1.0,17
57608,3.0,41
57608,0.0,5
57616,0.0,5
57616,0.0,5
57632,3.0,32
57640,0.0,5
57640,0.0,5
57648,0.0,5
57648,0.0,5
57656,0.0,3
57656,0.0,5
57656,0.0,5
57680,0.0,5
57680,0.0,5
57688,0.0,5
57696,0.0,5
57696,0.0,5
57720,0.0,5
57720,2.0,23
57784,1.0,16
57832,2.0,23
57848,2.0,21
57856,0.0,3
57864,2.0,21
57864,2.0,21
57872,0.0,3
57872,2.0,23
57880,0.0,3
57888,0.0,3
57888,0.0,3
57888,2.0,21
57896,0.0,3
57904,2.0,23
57912,0.0,5
57912,0.0,3
57912,0.0,3
57920,0.0,3
57920,0.0,5
57928,0.0,5
57928,0.0,3
57952,0.0,5
57952,0.0,5
57952,0.0,3
57960,0.0,5
57968,2.0,23
57992,0.0,5
57992,0.0,3
57992,0.0,5
58016,0.0,3
58040,1.0,15
58056,0.0,5
58080,2.0,21
58080,1.0,15
58080,0.0,5
58096,2.0,21
58104,0.0,3
58112,1.0,15
58120,0.0,3
58120,2.0,21
58120,0.0,5
58128,0.0,3
58144,0.0,3
58144,0.0,3
58152,0.0,5
58168,0.0,3
58176,1.0,15
58176,0.0,3
58184,0.0,5
58200,0.0,3
58208,2.0,27
58208,0.0,5
58216,0.0,5
58224,0.0,5
58232,0.0,3
58248,0.0,5
58248,2.0,21
58256,0.0,3
58264,1.0,17
58272,0.0,3
58272,0.0,3
58280,0.0,3
58288,2.0,21
58296,0.0,3
58304,0.0,5
58312,0.0,3
58312,1.0,14
58320,0.0,5
58328,1.0,14
58336,0.0,3
58352,1.0,10
58352,0.0,5
58368,0.0,5
58376,0.0,3
58392,2.0,21
58392,1.0,12
58400,0.0,3
58416,0.0,3
58424,1.0,15
58432,1.0,12
58440,1.0,15
58440,0.0,3
58440,0.0,5
58464,0.0,5
58472,0.0,5
58488,1.0,15
58504,0.0,5
58512,2.0,20
58536,1.0,12
58536,1.0,12
58544,0.0,5
58552,1.0,14
58608,1.0,15
58632,1.0,12
58640,1.0,12
58728,1.0,12
58736,1.0,12
58752,4.0,45
58768,0.0,5
58808,0.0,5
58832,1.0,12
58832,4.0,45
58848,1.0,12
58872,0.0,5
58872,0.0,5
58872,4.0,45
58896,4.0,45
58904,1.0,12
58912,4.0,45
58936,0.0,5
58944,0.0,5
58944,1.0,12
58952,0.0,5
58968,4.0,45
58968,1.0,12
58968,1.0,12
58976,1.0,13
58976,0.0,5
58984,0.0,5
58984,0.0,5
58992,0.0,5
59008,0.0,3
59008,0.0,5
59008,0.0,5
59008,0.0,5
59016,0.0,5
59016,0.0,5
59024,0.0,5
59032,0.0,5
59048,0.0,5
59048,0.0,5
59048,0.0,5
59048,0.0,5
59056,0.0,5
59056,0.0,5
59064,0.0,5
59072,0.0,5
59088,0.0,5
59088,0.0,5
59088,0.0,5
59096,0.0,5
59096,0.0,5
59104,0.0,5
59128,0.0,5
59128,0.0,5
59136,0.0,5
59136,0.0,5
59144,0.0,5
59168,0.0,5
59168,0.0,5
59176,0.0,5
59176,0.0,5
59176,1.0,16
59184,1.0,14
59216,0.0,5
59216,0.0,5
59216,0.0,5
59216,1.0,16
59224,0.0,5
59256,0.0,5
59256,1.0,14
59280,1.0,14
59280,1.0,14
59296,0.0,5
59320,0.0,5
59320,0.0,5
59328,1.0,14
59328,1.0,14
59336,1.0,15
59336,0.0,5
59352,1.0,16
59360,0.0,5
59368,0.0,5
59368,0.0,5
59376,0.0,5
59392,0.0,5
59408,0.0,5
59408,0.0,5
59416,0.0,5
59424,2.0,21
59432,0.0,5
59448,0.0,3
59472,0.0,3
59472,1.0,14
59488,2.0,21
59496,0.0,3
59504,2.0,21
59512,0.0,5
59512,0.0,3
59520,1.0,14
59528,1.0,15
59528,0.0,3
59536,0.0,3
59552,1.0,15
59560,0.0,5
59568,0.0,5
59568,0.0,5
59576,0.0,5
59584,2.0,21
59592,0.0,5
59608,0.0,3
59616,0.0,5
59624,1.0,16
59632,0.0,5
59632,0.0,3
59664,0.0,5
59672,0.0,5
59680,1.0,14
59680,1.0,15
59688,1.0,15
59696,2.0,23
59704,0.0,5
59712,0.0,5
59720,0.0,5
59720,0.0,5
59720,0.0,3
59728,1.0,14
59728,0.0,5
59744,0.0,3
59768,0.0,5
59784,0.0,5
59800,2.0,21
59840,0.0,5
59872,2.0,21
59880,2.0,21
59888,2.0,21
59888,1.0,15
59896,2.0,21
59904,1.0,15
59928,2.0,26
59928,0.0,5
59928,0.0,5
59960,1.0,15
59968,0.0,5
59968,0.0,5
59968,0.0,5
59984,0.0,3
60008,1.0,16
60024,0.0,5
60024,1.0,16
60032,0.0,3
60048,0.0,3
60056,0.0,3
60072,0.0,3
60096,1.0,16
60096,0.0,5
60096,2.0,28
60112,0.0,5
60128,2.0,20
60136,0.0,5
60136,0.0,5
60136,2.0,29
60136,2.0,21
60168,0.0,5
60176,0.0,5
60176,0.0,5
60192,2.0,21
60208,0.0,5
60216,0.0,5
60224,1.0,16
60232,0.0,5
60248,0.0,5
60264,0.0,5
60272,0.0,5
60288,0.0,5
60304,2.0,21
60312,0.0,5
60320,2.0,23
60328,0.0,5
60344,0.0,5
60352,0.0,5
60352,1.0,17
60360,0.0,5
60360,2.0,23
60368,0.0,5
60384,0.0,5
60384,3.0,34
60392,0.0,5
60392,0.0,5
60400,0.0,5
60408,0.0,5
60424,0.0,5
60424,0.0,5
60432,0.0,5
60432,0.0,5
60440,0.0,5
60448,2.0,23
60464,0.0,5
60472,0.0,5
60480,0.0,5
60488,0.0,5
60496,1.0,17
60512,0.0,5
60520,0.0,5
60528,0.0,5
60552,0.0,5
60560,0.0,5
60560,1.0,17
60568,0.0,5
60576,2.0,21
60592,0.0,5
60600,0.0,5
60600,0.0,5
60608,0.0,5
60616,2.0,23
60616,0.0,5
60632,2.0,21
60632,1.0,17
60632,0.0,5
60640,0.0,5
60656,0.0,5
60672,0.0,5
60672,0.0,5
60672,0.0,5
60696,0.0,5
60712,0.0,5
60712,0.0,5
60712,0.0,5
60736,0.0,5
60752,1.0,17
60752,0.0,5
60752,0.0,5
60752,0.0,5
60776,0.0,5
60784,2.0,23
60792,0.0,5
60792,0.0,5
60792,0.0,5
60792,0.0,5
60792,2.0,23
60816,0.0,3
60824,2.0,23
60824,0.0,5
60832,0.0,5
60832,0.0,5
60832,0.0,5
60840,0.0,3
60864,0.0,5
60872,0.0,5
60872,0.0,5
60872,0.0,5
60880,0.0,5
60904,0.0,5
60912,0.0,5
60912,0.0,5
60912,0.0,5
60920,0.0,5
60944,0.0,5
60952,0.0,5
60952,0.0,5
60952,0.0,5
60960,2.0,21
60960,1.0,17
60960,0.0,5
60968,2.0,24
60984,0.0,5
60992,0.0,5
60992,0.0,5
60992,0.0,5
61000,0.0,5
61000,0.0,5
61008,0.0,5
61024,0.0,5
61032,0.0,5
61032,0.0,5
61032,0.0,5
61040,0.0,5
61048,0.0,5
61064,0.0,5
61072,0.0,5
61072,0.0,5
61072,0.0,5
61088,0.0,5
61112,0.0,5
61128,0.0,5
61136,1.0,17
61144,2.0,23
61152,0.0,5
61160,1.0,15
61168,0.0,3
61176,0.0,5
61192,0.0,3
61232,0.0,5
61240,2.0,22
61256,2.0,23
61256,2.0,23
61272,0.0,5
61280,0.0,3
61296,2.0,21
61320,0.0,3
61320,2.0,21
61344,0.0,3
61344,2.0,23
61344,2.0,21
61368,0.0,3
61368,0.0,3
61376,1.0,17
61384,0.0,5
61392,0.0,3
61392,0.0,3
61416,0.0,5
61424,0.0,5
61432,0.0,5
61432,0.0,5
61440,2.0,23
61440,2.0,21
61464,2.0,23
61464,0.0,3
61464,0.0,3
61472,0.0,5
61488,0.0,3
61488,0.0,3
61488,0.0,3
61504,2.0,23
61512,0.0,3
61512,0.0,5
61520,0.0,4
61528,0.0,3
61528,0.0,5
61552,0.0,3
61560,0.0,5
61584,2.0,21
61592,0.0,5
61592,2.0,21
61608,0.0,3
61616,0.0,3
61616,2.0,23
61632,0.0,3
61640,0.0,3
61640,0.0,3
61648,1.0,17
61648,1.0,15
61664,0.0,3
61672,0.0,5
61672,0.0,3
61680,0.0,5
61680,2.0,21
61688,0.0,5
61704,0.0,3
61712,1.0,15
61712,0.0,5
61712,0.0,3
61728,0.0,3
61728,2.0,21
61736,0.0,3
61736,0.0,3
61752,0.0,5
61752,0.0,3
61760,0.0,3
61768,0.0,5
61776,0.0,3
61800,1.0,17
61808,0.0,4
61848,2.0,21
61848,0.0,5
61864,2.0,24
61888,0.0,5
61912,2.0,22
61920,2.0,21
61936,1.0,17
61952,2.0,23
61960,0.0,5
61976,0.0,5
61984,2.0,28
61992,0.0,5
62000,1.0,17
62000,0.0,5
62008,1.0,15
62016,0.0,5
62016,2.0,21
62024,0.0,5
62032,0.0,5
62040,0.0,5
62040,0.0,5
62048,1.0,17
62048,0.0,5
62056,0.0,5
62056,0.0,5
62064,0.0,5
62072,0.0,5
62080,0.0,5
62080,0.0,5
62088,0.0,5
62088,0.0,5
62096,0.0,5
62096,0.0,5
62104,0.0,5
62112,0.0,3
62112,0.0,5
62120,0.0,5
62120,0.0,5
62128,0.0,5
62136,0.0,3
62136,0.0,5
62152,0.0,3
62160,0.0,5
62176,0.0,5
62184,0.0,3
62192,0.0,5
62208,0.0,3
62208,1.0,12
62216,1.0,15
62232,0.0,3
62232,0.0,5
62232,1.0,12
62248,0.0,5
62256,0.0,3
62256,0.0,3
62256,0.0,5
62272,2.0,21
62272,0.0,5
62272,0.0,3
62272,1.0,12
62280,0.0,3
62288,2.0,21
62296,0.0,5
62296,0.0,5
62296,0.0,3
62304,0.0,3
62312,0.0,5
62312,0.0,5
62312,0.0,5
62320,0.0,3
62320,0.0,3
62320,0.0,3
62328,0.0,5
62328,0.0,3
62336,0.0,3
62344,0.0,3
62344,0.0,3
62352,0.0,5
62352,0.0,5
62352,0.0,3
62360,0.0,5
62368,0.0,3
62368,0.0,3
62376,0.0,5
62376,0.0,3
62384,0.0,3
62392,0.0,3
62392,0.0,5
62392,0.0,5
62416,0.0,5
62416,0.0,5
62432,0.0,5
62432,0.0,5
62448,1.0,15
62456,0.0,5
62456,0.0,5
62472,0.0,5
62472,0.0,5
62480,1.0,14
62496,0.0,5
62496,1.0,14
62496,0.0,5
62512,0.0,5
62520,1.0,16
62536,0.0,5
62536,0.0,5
62552,0.0,5
62560,0.0,5
62576,0.0,5
62576,0.0,5
62584,0.0,3
62592,0.0,5
62608,0.0,3
62616,0.0,5
62616,0.0,5
62632,0.0,5
62632,2.0,23
62640,0.0,3
62640,2.0,21
62648,0.0,5
62656,0.0,5
62664,0.0,3
62664,2.0,23
62672,0.0,5
62672,0.0,5
62680,0.0,5
62688,0.0,3
62696,0.0,3
62696,0.0,3
62696,0.0,5
62704,0.0,3
62704,0.0,5
62720,0.0,3
62720,0.0,3
62728,0.0,5
62728,0.0,3
62728,2.0,29
62736,0.0,5
62744,0.0,5
62744,1.0,12
62760,0.0,5
62760,0.0,5
62760,0.0,3
62768,0.0,5
62768,0.0,5
62768,0.0,3
62768,0.0,5
62792,0.0,3
62792,0.0,3
62800,0.0,5
62800,0.0,5
62800,0.0,5
62808,0.0,5
62808,0.0,5
62832,0.0,3
62832,0.0,5
62840,0.0,5
62840,0.0,5
62840,0.0,5
62848,0.0,5
62856,0.0,3
62872,0.0,5
62880,0.0,5
62880,0.0,5
62912,0.0,5
62920,0.0,5
62920,0.0,5
62928,2.0,23
62936,1.0,12
62944,0.0,3
62952,0.0,5
62960,0.0,5
62968,0.0,5
62976,2.0,23
62976,0.0,5
62984,0.0,5
62992,0.0,5
62992,0.0,3
63000,0.0,5
63016,0.0,5
63016,2.0,21
63016,0.0,5
63024,0.0,5
63032,2.0,22
63032,0.0,5
63032,0.0,5
63040,0.0,5
63056,0.0,5
63056,0.0,5
63056,0.0,5
63064,0.0,5
63072,0.0,5
63072,0.0,5
63080,0.0,5
63080,0.0,3
63080,0.0,3
63096,0.0,5
63104,0.0,5
63112,0.0,5
63112,0.0,5
63120,0.0,5
63120,0.0,5
63120,0.0,5
63136,0.0,5
63160,0.0,5
63160,0.0,5
63176,0.0,5
63200,0.0,5
63216,2.0,23
63256,0.0,5
63272,1.0,12
63288,2.0,23
63296,0.0,5
63296,2.0,23
63296,0.0,3
63296,2.0,23
63304,2.0,23
63328,0.0,5
63336,1.0,17
63336,0.0,5
63336,0.0,5
63336,0.0,5
63336,0.0,5
63344,0.0,5
63368,0.0,5
63376,0.0,5
63376,0.0,5
63376,0.0,5
63376,0.0,5
63376,0.0,5
63408,0.0,5
63416,0.0,5
63416,0.0,5
63416,0.0,5
63416,0.0,5
63416,0.0,5
63456,0.0,5
63456,0.0,5
63456,0.0,5
63488,4.0,41
63496,0.0,5
63528,2.0,23
63528,0.0,5
63536,0.0,5
63568,0.0,5
63568,0.0,5
63576,0.0,5
63592,2.0,23
63608,0.0,5
63608,2.0,24
63608,0.0,5
63616,0.0,5
63632,0.0,5
63640,2.0,23
63640,2.0,23
63648,0.0,5
63648,0.0,5
63648,0.0,5
63656,0.0,5
63672,0.0,5
63680,0.0,5
63680,0.0,5
63688,0.0,5
63688,0.0,5
63704,3.0,36
63712,0.0,5
63720,0.0,5
63720,0.0,5
63728,0.0,5
63728,0.0,5
63752,0.0,5
63760,0.0,5
63768,0.0,5
63768,0.0,5
63800,0.0,5
63808,0.0,5
63808,0.0,5
63832,2.0,23
63840,0.0,5
63840,1.0,17
63840,2.0,23
63848,0.0,5
63848,0.0,5
63872,0.0,5
63880,0.0,5
63880,0.0,5
63880,0.0,5
63888,0.0,5
63888,0.0,5
63904,2.0,23
63912,0.0,5
63920,0.0,5
63920,0.0,5
63920,0.0,5
63928,0.0,5
63936,2.0,23
63944,0.0,5
63952,0.0,5
63960,0.0,5
63960,0.0,5
63984,0.0,5
63992,0.0,5
64032,0.0,5
64072,1.0,17
64072,2.0,23
64072,0.0,5
64096,2.0,21
64104,1.0,15
64104,2.0,23
64112,0.0,5
64112,0.0,5
64112,0.0,5
64136,0.0,5
64144,2.0,23
64144,0.0,5
64144,0.0,5
64144,2.0,23
64152,0.0,5
64152,0.0,5
64152,0.0,5
64176,0.0,5
64184,0.0,5
64184,0.0,5
64184,0.0,5
64192,0.0,5
64192,0.0,5
64216,0.0,5
64224,0.0,5
64224,0.0,5
64232,0.0,5
64232,0.0,5
64256,0.0,5
64264,0.0,5
64264,0.0,5
64272,0.0,5
64272,0.0,5
64280,1.0,17
64296,0.0,5
64304,0.0,5
64304,0.0,5
64312,0.0,5
64320,0.0,5
64320,1.0,17
64336,2.0,23
64336,0.0,5
64344,0.0,5
64344,0.0,5
64360,0.0,5
64376,0.0,5
64376,0.0,5
64384,0.0,5
64384,0.0,5
64416,0.0,5
64424,0.0,5
64424,0.0,5
64456,2.0,23
64464,0.0,5
64496,0.0,5
64496,2.0,23
64504,0.0,5
64504,2.0,23
64536,0.0,5
64536,0.0,5
64544,0.0,5
64544,2.0,23
64544,0.0,5
64560,2.0,23
64568,0.0,3
64576,0.0,5
64584,0.0,5
64584,0.0,5
64600,0.0,5
64600,2.0,23
64608,2.0,23
64616,0.0,5
64632,1.0,12
64656,0.0,5
64680,1.0,12
64696,1.0,12
64696,1.0,12
64704,1.0,12
64704,1.0,17
64712,1.0,16
64752,1.0,12
64776,1.0,12
64792,0.0,5
64800,1.0,12
64800,1.0,12
64808,1.0,12
64816,0.0,5
64864,2.0,29
64896,2.0,25
64896,1.0,12
64912,1.0,12
64984,2.0,24
64992,2.0,24
65008,1.0,12
65056,2.0,24
65056,4.0,45
65080,1.0,12
65088,1.0,12
65096,0.0,5
65128,2.0,29
65128,0.0,5
65136,1.0,16
65136,0.0,5
65152,1.0,12
65168,0.0,5
65168,4.0,45
65168,0.0,5
65176,0.0,5
65176,0.0,5
65192,0.0,5
65208,0.0,5
65216,0.0,5
65232,0.0,5
65240,2.0,20
65248,0.0,5
65256,4.0,45
65256,0.0,5
65296,0.0,5
65304,1.0,17
65328,1.0,12
65336,1.0,12
65336,0.0,5
65344,0.0,5
65344,1.0,12
65352,1.0,12
65360,2.0,24
65368,0.0,5
65376,0.0,5
65384,0.0,5
65392,0.0,5
65400,0.0,5
65408,0.0,5
65416,0.0,5
65424,0.0,5
65432,1.0,12
65440,0.0,5
65440,1.0,12
65448,0.0,5
65456,0.0,5
65464,0.0,5
65472,0.0,5
65480,0.0,5
65480,0.0,5
65488,0.0,5
65496,3.0,40
65504,0.0,5
65512,0.0,5
65520,0.0,5
65520,0.0,5
65520,0.0,3
65528,1.0,17
65544,0.0,5
65552,0.0,5
65552,1.0,12
65560,0.0,5
65560,0.0,5
65584,1.0,12
65600,0.0,5
65616,1.0,12
65624,1.0,12
65640,1.0,12
65648,1.0,12
65656,0.0,5
65664,0.0,5
65680,1.0,12
65680,0.0,5
65696,1.0,12
65696,0.0,5
65704,0.0,3
65720,0.0,5
65736,0.0,5
65736,0.0,5
65744,1.0,12
65744,2.0,24
65752,2.0,24
65760,0.0,5
65776,0.0,5
65776,0.0,5
65784,0.0,5
65784,0.0,5
65792,0.0,5
65800,1.0,12
65816,0.0,5
65824,0.0,5
65824,0.0,5
65832,0.0,5
65840,0.0,5
65848,0.0,3
65856,0.0,5
65864,0.0,5
65872,0.0,5
65880,0.0,5
65888,0.0,5
65888,1.0,16
65896,0.0,5
65904,0.0,5
65912,0.0,5
65920,0.0,5
65928,0.0,5
65928,0.0,5
65936,0.0,5
65944,0.0,5
65944,0.0,3
65952,0.0,5
65952,3.0,36
65968,0.0,5
65968,2.0,24
65968,0.0,5
65976,0.0,5
65984,0.0,5
65984,0.0,5
65992,0.0,5
65992,0.0,5
66000,0.0,3
66024,0.0,5
66024,0.0,5
66024,0.0,3
66032,0.0,5
66032,0.0,5
66064,0.0,5
66064,0.0,5
66064,0.0,5
66064,1.0,12
66064,1.0,12
66072,0.0,5
66072,0.0,5
66104,0.0,5
66104,0.0,5
66104,0.0,5
66104,0.0,5
66104,0.0,5
66112,0.0,5
66112,0.0,5
66144,0.0,5
66144,0.0,5
66144,0.0,5
66144,0.0,5
66152,0.0,5
66152,0.0,5
66208,1.0,13
66240,1.0,12
66240,1.0,12
66240,1.0,12
66248,1.0,12
66248,0.0,5
66256,3.0,36
66280,0.0,5
66280,0.0,5
66288,0.0,5
66288,0.0,5
66296,0.0,5
66320,0.0,5
66328,0.0,5
66328,0.0,5
66336,2.0,24
66376,1.0,12
66376,0.0,5
66392,1.0,12
66416,1.0,12
66432,0.0,5
66456,0.0,5
66472,1.0,12
66512,0.0,5
66512,4.0,45
66520,2.0,24
66528,1.0,12
66552,1.0,12
66552,0.0,5
66552,0.0,5
66568,0.0,5
66592,0.0,5
66592,0.0,5
66592,0.0,5
66600,4.0,45
66608,0.0,5
66616,0.0,3
66632,0.0,5
66632,1.0,14
66632,0.0,5
66640,0.0,5
66648,3.0,40
66648,0.0,5
66656,0.0,5
66672,0.0,5
66672,0.0,5
66672,0.0,3
66672,0.0,3
66680,0.0,5
66696,0.0,3
66696,0.0,5
66696,0.0,3
66696,0.0,3
66712,0.0,5
66736,4.0,45
66736,0.0,5
66736,0.0,5
66768,1.0,17
66776,0.0,5
66776,0.0,5
66808,0.0,5
66808,1.0,14
66816,0.0,5
66816,0.0,5
66816,1.0,15
66848,0.0,5
66848,2.0,21
66848,0.0,5
66856,0.0,5
66856,0.0,5
66856,0.0,5
66880,2.0,21
66888,0.0,5
66888,0.0,5
66888,0.0,5
66896,0.0,5
66896,0.0,5
66920,0.0,5
66920,2.0,23
66928,0.0,5
66928,0.0,5
66928,0.0,5
66936,0.0,5
66936,0.0,5
66960,0.0,5
66960,0.0,5
66968,0.0,5
66968,0.0,5
66968,0.0,5
66976,0.0,5
66976,0.0,5
67000,0.0,5
67008,0.0,5
67008,0.0,5
67008,0.0,5
67016,0.0,5
67016,0.0,5
67040,2.0,23
67040,0.0,5
67048,0.0,5
67048,0.0,5
67056,0.0,5
67080,0.0,5
67088,0.0,5
67088,0.0,5
67096,0.0,5
67120,0.0,5
67128,0.0,5
67136,0.0,5
67144,2.0,23
67160,0.0,5
67168,0.0,5
67176,0.0,5
67192,2.0,23
67200,0.0,5
67200,2.0,23
67208,0.0,5
67224,2.0,23
67232,0.0,5
67240,0.0,5
67240,0.0,5
67248,0.0,5
67264,0.0,5
67272,1.0,16
67272,0.0,5
67272,2.0,23
67280,0.0,5
67280,0.0,5
67288,0.0,5
67304,0.0,5
67312,0.0,5
67320,0.0,5
67320,0.0,5
67328,0.0,5
67344,0.0,5
67352,0.0,5
67360,2.0,23
67360,0.0,5
67360,0.0,5
67368,0.0,5
67384,0.0,5
67392,0.0,5
67400,0.0,5
67400,0.0,5
67408,1.0,17
67408,1.0,17
67424,0.0,5
67432,0.0,5
67440,0.0,5
67448,0.0,5
67464,0.0,5
67472,0.0,5
67488,0.0,5
67504,0.0,5
67528,0.0,5
67544,2.0,23
67544,1.0,17
67552,2.0,23
67568,0.0,5
67584,2.0,23
67584,0.0,5
67584,0.0,5
67592,0.0,5
67600,1.0,16
67624,2.0,23
67624,0.0,5
67624,0.0,5
67632,0.0,5
67664,0.0,5
67664,0.0,5
67664,0.0,5
67672,0.0,5
67688,2.0,23
67704,0.0,5
67704,0.0,5
67712,0.0,5
67744,0.0,5
67744,0.0,5
67752,2.0,23
67752,0.0,5
67768,2.0,23
67784,2.0,23
67784,0.0,5
67792,0.0,5
67792,0.0,5
67800,1.0,17
67808,0.0,5
67824,0.0,5
67824,1.0,17
67832,0.0,5
67832,0.0,5
67840,0.0,5
67848,0.0,3
67872,0.0,3
67872,0.0,5
67872,0.0,5
67880,0.0,5
67896,0.0,3
67920,0.0,3
67920,1.0,17
67920,0.0,5
67928,2.0,23
67936,1.0,16
67944,0.0,3
67952,1.0,16
67960,0.0,5
67960,0.0,5
67960,0.0,3
67968,0.0,5
67968,0.0,3
67976,0.0,3
68000,0.0,5
68000,1.0,16
68000,0.0,3
68000,0.0,5
68000,1.0,16
68000,0.0,5
68008,0.0,5
68024,0.0,3
68024,0.0,3
68040,0.0,5
68040,0.0,5
68040,0.0,5
68048,0.0,3
68064,0.0,5
68064,0.0,3
68080,0.0,5
68080,0.0,5
68088,1.0,15
68104,0.0,5
68104,0.0,5
68112,0.0,3
68120,1.0,15
68120,0.0,5
68128,0.0,3
68144,0.0,5
68152,0.0,5
68160,0.0,5
68160,0.0,5
68176,2.0,21
68184,0.0,5
68192,0.0,5
68200,0.0,5
68200,0.0,5
68216,0.0,3
68216,1.0,17
68224,2.0,22
68224,0.0,5
68240,0.0,3
68240,0.0,5
68256,1.0,16
68264,0.0,5
68264,0.0,3
68264,0.0,5
68264,0.0,3
68280,0.0,3
68288,0.0,3
68288,0.0,3
68296,1.0,12
68304,1.0,16
68312,0.0,3
68328,0.0,3
68336,0.0,5
68344,1.0,16
68352,0.0,3
68360,0.0,3
68368,1.0,10
68392,1.0,16
68392,1.0,16
68400,1.0,15
68416,0.0,3
68416,0.0,3
68432,1.0,15
68440,0.0,5
68448,1.0,12
68456,1.0,12
68464,1.0,12
68472,1.0,16
68480,0.0,3
68528,1.0,12
68536,1.0,15
68536,1.0,15
68568,0.0,5
68576,0.0,5
68576,0.0,5
68576,1.0,17
68576,1.0,16
68592,1.0,16
68608,1.0,16
68608,1.0,17
68616,0.0,3
68632,0.0,3
68632,0.0,3
68672,1.0,12
68672,1.0,12
68672,1.0,12
68672,0.0,5
68696,1.0,16
68712,0.0,5
68712,1.0,17
68720,0.0,3
68728,1.0,12
68736,1.0,15
68736,0.0,3
68736,0.0,3
68744,0.0,3
68760,0.0,3
68768,1.0,12
68768,1.0,12
68776,0.0,5
68784,0.0,5
68800,1.0,16
68800,0.0,5
68808,0.0,5
68808,0.0,5
68816,0.0,5
68824,0.0,3
68840,0.0,5
68840,0.0,3
68848,0.0,3
68848,0.0,5
68864,0.0,3
68864,1.0,17
68872,1.0,17
68872,0.0,3
68872,0.0,3
68880,0.0,5
68888,0.0,3
68896,0.0,3
68896,0.0,3
68912,0.0,5
68936,1.0,16
68936,0.0,5
68952,0.0,5
68960,0.0,3
68960,1.0,12
68968,2.0,23
68976,0.0,3
68984,0.0,3
69000,0.0,5
69008,0.0,5
69024,0.0,5
69032,1.0,17
69040,0.0,5
69056,0.0,3
69064,0.0,5
69064,2.0,23
69072,1.0,12
69072,2.0,23
69072,1.0,17
69080,0.0,5
69096,0.0,3
69096,0.0,5
69096,0.0,3
69104,1.0,12
69104,0.0,5
69104,0.0,3
69104,0.0,5
69112,0.0,5
69120,0.0,3
69120,0.0,3
69128,0.0,3
69136,0.0,3
69144,0.0,5
69144,0.0,5
69144,0.0,5
69144,0.0,3
69152,0.0,3
69160,0.0,3
69168,0.0,3
69184,0.0,5
69184,0.0,5
69200,0.0,5
69208,0.0,5
69208,0.0,3
69208,0.0,3
69232,0.0,3
69232,0.0,3
69256,0.0,3
69272,0.0,5
69280,2.0,23
69296,0.0,5
69296,0.0,3
69296,2.0,22
69320,0.0,5
69320,1.0,14
69320,0.0,3
69328,2.0,23
69336,0.0,5
69336,2.0,23
69336,0.0,5
69360,0.0,5
69360,0.0,5
69360,0.0,5
69368,0.0,5
69376,0.0,5
69376,0.0,5
69376,0.0,5
69384,2.0,23
69400,0.0,5
69400,0.0,3
69408,0.0,5
69416,0.0,5
69416,0.0,5
69424,0.0,3
69424,0.0,5
69432,0.0,3
69440,0.0,5
69456,0.0,5
69456,0.0,3
69464,0.0,5
69480,0.0,5
69504,0.0,5
69520,0.0,5
69544,0.0,5
69576,2.0,27
69576,2.0,27
69584,0.0,5
69592,1.0,17
69600,2.0,23
69600,0.0,3
69600,2.0,22
69600,0.0,3
69632,0.0,5
69640,0.0,5
69640,0.0,5
69640,0.0,5
69640,0.0,5
69672,0.0,5
69696,2.0,30
69704,2.0,23
69712,0.0,5
69736,1.0,12
69744,0.0,5
69752,0.0,5
69768,1.0,16
69768,1.0,16
69768,2.0,23
69776,1.0,17
69784,0.0,5
69792,0.0,5
69792,0.0,3
69808,0.0,5
69816,0.0,5
69824,1.0,16
69824,0.0,5
69832,0.0,5
69832,0.0,5
69848,0.0,3
69848,0.0,5
69920,2.0,23
69928,1.0,12
69952,0.0,3
69952,1.0,16
69952,2.0,23
69960,0.0,5
69968,1.0,15
69976,0.0,3
69976,0.0,3
69992,0.0,5
70000,0.0,5
70000,2.0,23
70008,0.0,5
70016,2.0,23
70024,0.0,3
70032,0.0,5
70040,2.0,24
70040,0.0,5
70048,0.0,3
70064,0.0,3
70104,1.0,16
70112,1.0,17
70128,1.0,12
70136,0.0,3
70136,1.0,12
70144,1.0,16
70160,1.0,12
70160,0.0,3
70168,0.0,5
70168,0.0,3
70176,1.0,16
70176,0.0,5
70184,0.0,3
70192,0.0,3
70200,0.0,3
70200,0.0,3
70208,0.0,5
70224,0.0,3
70224,0.0,3
70224,2.0,27
70232,1.0,16
70232,0.0,3
70248,0.0,3
70256,0.0,3
70256,0.0,3
70264,0.0,5
70288,0.0,5
70296,0.0,5
70296,0.0,5
70312,0.0,3
70320,0.0,3
70320,0.0,3
70328,1.0,17
70344,0.0,3
70344,2.0,23
70352,0.0,3
70352,0.0,5
70360,0.0,5
70368,2.0,23
70384,0.0,5
70384,0.0,5
70392,1.0,16
70392,0.0,5
70400,0.0,5
70408,0.0,3
70416,0.0,3
70424,0.0,5
70432,0.0,5
70440,0.0,5
70440,0.0,3
70448,0.0,5
70456,2.0,29
70464,0.0,5
70464,1.0,12
70464,0.0,3
70480,0.0,3
70480,0.0,5
70480,1.0,16
70488,0.0,3
70488,0.0,3
70488,0.0,5
70504,0.0,3
70504,0.0,5
70512,0.0,3
70520,0.0,5
70528,0.0,5
70600,2.0,21
70624,0.0,3
70632,1.0,16
70648,2.0,21
70656,0.0,3
70664,0.0,5
70672,2.0,21
70672,2.0,23
70680,0.0,3
70688,2.0,21
70688,0.0,5
70696,2.0,21
70696,0.0,3
70696,0.0,3
70712,0.0,3
70720,0.0,3
70720,0.0,5
70720,0.0,3
70720,0.0,3
70736,0.0,3
70744,0.0,3
70752,0.0,4
70784,0.0,5
70784,1.0,15
70800,1.0,14
70824,0.0,5
70824,0.0,5
70824,0.0,3
70840,3.0,41
70856,1.0,17
70864,0.0,3
70864,0.0,5
70872,1.0,17
70872,1.0,15
70888,2.0,21
70896,0.0,5
70912,0.0,5
70912,0.0,3
70912,0.0,5
70936,1.0,14
70936,1.0,14
70936,0.0,3
70960,0.0,3
70960,0.0,3
70984,1.0,15
70984,1.0,15
71008,0.0,3
71008,1.0,14
71024,1.0,14
71024,0.0,5
71024,1.0,14
71032,0.0,3
71048,0.0,3
71048,0.0,3
71072,1.0,17
71072,0.0,5
71088,0.0,5
71088,1.0,16
71088,1.0,16
71088,0.0,5
71112,0.0,3
71112,0.0,3
71112,0.0,5
71136,1.0,16
71136,1.0,14
71152,0.0,5
71152,0.0,5
71160,0.0,3
71176,0.0,5
71192,0.0,5
71192,0.0,5
71192,1.0,15
71200,0.0,3
71208,1.0,15
71208,1.0,15
71216,0.0,3
71216,0.0,3
71224,0.0,3
71224,1.0,14
71232,0.0,5
71240,0.0,3
71248,0.0,5
71248,0.0,5
71256,0.0,5
71264,0.0,5
71264,0.0,3
71272,0.0,3
71288,0.0,3
71288,1.0,16
71296,0.0,5
71304,0.0,5
71312,0.0,5
71312,0.0,3
71328,0.0,5
71336,0.0,3
71336,0.0,5
71344,0.0,5
71344,1.0,14
71352,0.0,5
71360,1.0,17
71368,0.0,5
71368,0.0,3
71376,0.0,5
71376,0.0,5
71384,0.0,5
71384,0.0,3
71392,0.0,5
71408,0.0,5
71408,0.0,5
71416,0.0,5
71416,0.0,5
71416,0.0,3
71416,2.0,21
71424,0.0,5
71424,0.0,5
71448,0.0,5
71456,0.0,5
71456,0.0,5
71456,0.0,5
71456,0.0,5
71464,0.0,5
71472,0.0,3
71480,0.0,3
71496,0.0,5
71496,0.0,5
71496,0.0,5
71504,0.0,5
71512,0.0,5
71520,0.0,5
71536,0.0,5
71536,0.0,5
71536,0.0,5
71560,0.0,5
71576,0.0,5
71576,0.0,5
71600,0.0,5
71600,2.0,24
71608,2.0,23
71616,0.0,5
71640,0.0,5
71640,1.0,16
71648,0.0,5
71656,0.0,5
71680,0.0,5
71680,0.0,5
71688,0.0,5
71688,2.0,23
71704,1.0,16
71720,0.0,5
71720,0.0,5
71720,2.0,23
71760,0.0,5
71760,0.0,5
71760,0.0,5
71784,1.0,12
71784,2.0,23
71800,0.0,5
71824,0.0,5
71824,0.0,5
71840,2.0,23
71840,0.0,5
71864,0.0,5
71864,0.0,5
71872,2.0,23
71880,0.0,5
71880,0.0,5
71888,2.0,23
71912,0.0,5
71920,0.0,5
71944,2.0,23
71944,2.0,23
71952,0.0,5
71960,0.0,5
71984,0.0,5
71984,0.0,5
71984,1.0,12
71984,1.0,15
71992,0.0,5
72000,0.0,5
72024,0.0,5
72024,0.0,5
72032,0.0,5
72032,2.0,21
72064,2.0,23
72064,0.0,5
72064,0.0,5
72104,0.0,5
72104,0.0,5
72120,1.0,17
72120,1.0,17
72144,0.0,3
72144,0.0,5
72144,0.0,5
72160,0.0,5
72168,1.0,17
72184,0.0,5
72184,0.0,5
72184,2.0,23
72192,0.0,3
72208,0.0,3
72224,0.0,5
72224,0.0,5
72232,0.0,5
72248,0.0,5
72264,0.0,5
72264,2.0,29
72272,0.0,5
72280,1.0,17
72288,0.0,5
72296,1.0,17
72296,2.0,29
72304,0.0,5
72312,0.0,3
72320,0.0,5
72328,0.0,3
72336,0.0,5
72360,0.0,5
72368,0.0,5
72368,1.0,12
72376,0.0,5
72392,0.0,3
72400,0.0,5
72408,0.0,5
72416,0.0,5
72432,1.0,17
72432,0.0,5
72440,2.0,22
72440,0.0,5
72448,0.0,5
72456,0.0,3
72456,0.0,5
72456,2.0,29
72464,0.0,3
72472,0.0,5
72480,0.0,3
72480,0.0,3
72488,0.0,5
72496,0.0,5
72496,2.0,23
72504,0.0,5
72512,0.0,3
72520,0.0,3
72520,0.0,5
72536,0.0,5
72544,0.0,5
72544,0.0,3
72560,0.0,5
72576,1.0,17
72584,0.0,5
72584,0.0,5
72600,0.0,5
72616,0.0,5
72624,0.0,3
72624,0.0,5
72624,1.0,18
72640,0.0,3
72648,0.0,3
72648,0.0,3
72656,2.0,23
72664,0.0,5
72680,0.0,5
72688,0.0,5
72696,2.0,23
72696,0.0,5
72704,0.0,5
72720,0.0,5
72720,0.0,3
72720,2.0,23
72728,0.0,5
72736,0.0,5
72744,0.0,5
72752,0.0,3
72760,0.0,3
72760,0.0,5
72760,0.0,5
72768,2.0,23
72784,0.0,3
72792,0.0,5
72800,0.0,5
72808,0.0,5
72816,0.0,3
72824,0.0,3
72824,0.0,5
72832,2.0,23
72848,0.0,3
72856,0.0,5
72872,0.0,5
72880,1.0,15
72888,2.0,21
72888,0.0,5
72896,0.0,5
72904,0.0,3
72912,0.0,5
72912,0.0,3
72928,2.0,23
72928,0.0,5
72936,0.0,3
72936,0.0,5
72944,0.0,5
72952,0.0,3
72952,0.0,5
72960,0.0,3
72968,0.0,5
72984,0.0,5
72992,0.0,3
72992,0.0,5
72992,2.0,23
72992,0.0,5
73008,2.0,23
73016,0.0,3
73024,0.0,5
73032,0.0,5
73032,0.0,5
73032,0.0,5
73048,0.0,5
73048,0.0,3
73056,0.0,3
73056,0.0,5
73056,0.0,3
73056,0.0,3
73072,0.0,3
73088,0.0,5
73096,0.0,5
73096,0.0,3
73096,0.0,5
73096,0.0,5
73096,0.0,5
73120,0.0,3
73120,0.0,3
73120,0.0,3
73120,0.0,3
73128,0.0,5
73136,0.0,5
73144,2.0,23
73160,0.0,5
73160,0.0,5
73160,0.0,5
73176,0.0,5
73184,0.0,3
73184,0.0,5
73200,0.0,5
73200,0.0,5
73216,0.0,5
73224,0.0,3
73224,0.0,3
73224,3.0,36
73224,0.0,5
73248,0.0,3
73256,0.0,5
73264,0.0,5
73264,0.0,5
73264,0.0,5
73280,0.0,3
73288,0.0,5
73288,0.0,3
73304,0.0,5
73304,0.0,5
73304,2.0,23
73320,0.0,5
73328,0.0,3
73328,0.0,3
73328,0.0,5
73328,0.0,5
73344,0.0,5
73352,0.0,3
73360,0.0,5
73360,2.0,29
73368,0.0,5
73368,0.0,5
73368,2.0,23
73384,0.0,5
73384,0.0,3
73392,0.0,3
73400,0.0,5
73424,0.0,3
73424,0.0,5
73432,0.0,5
73448,1.0,10
73448,0.0,3
73472,0.0,5
73488,0.0,5
73488,0.0,5
73496,2.0,21
73504,1.0,15
73504,1.0,17
73512,0.0,5
73528,0.0,5
73528,0.0,5
73528,0.0,3
73536,0.0,3
73536,2.0,23
73536,0.0,5
73544,0.0,5
73552,1.0,16
73552,0.0,3
73552,0.0,3
73560,0.0,3
73576,0.0,5
73576,0.0,3
73584,0.0,5
73592,0.0,5
73592,0.0,5
73616,0.0,5
73616,0.0,5
73616,0.0,3
73616,0.0,3
73624,0.0,5
73640,1.0,13
73656,0.0,5
73656,0.0,5
73656,0.0,5
73656,0.0,5
73656,1.0,12
73664,0.0,3
73680,0.0,3
73680,0.0,3
73696,0.0,5
73696,0.0,5
73704,0.0,5
73720,0.0,5
73720,0.0,3
73720,0.0,5
73720,0.0,3
73720,1.0,12
73728,0.0,3
73744,0.0,3
73744,0.0,3
73744,0.0,3
73752,0.0,3
73768,0.0,3
73776,0.0,3
73784,0.0,5
73784,1.0,16
73784,0.0,5
73800,0.0,3
73808,0.0,5
73808,0.0,3
73816,1.0,12
73824,0.0,5
73840,0.0,3
73840,0.0,5
73848,0.0,5
73848,0.0,3
73856,3.0,41
73872,0.0,3
73880,0.0,5
73880,0.0,5
73888,2.0,21
73888,0.0,5
73896,0.0,5
73904,0.0,3
73912,1.0,16
73920,0.0,5
73928,0.0,5
73928,0.0,5
73928,0.0,3
73936,1.0,16
73936,0.0,5
73952,0.0,3
73952,0.0,3
73952,0.0,5
73960,0.0,5
73960,0.0,3
73960,0.0,3
73968,0.0,5
73984,1.0,14
73984,0.0,3
73984,0.0,3
73992,0.0,5
73992,0.0,5
74000,0.0,5
74008,0.0,5
74016,0.0,4
74024,0.0,5
74032,0.0,5
74040,0.0,5
74048,0.0,5
74056,0.0,5
74064,0.0,5
74072,0.0,5
74080,0.0,5
74080,1.0,16
74088,0.0,5
74088,0.0,3
74096,0.0,5
74104,0.0,3
74112,0.0,5
74120,0.0,5
74120,1.0,16
74128,0.0,5
74128,0.0,5
74136,0.0,5
74144,0.0,3
74152,0.0,5
74160,0.0,5
74160,2.0,22
74168,0.0,5
74184,0.0,3
74192,0.0,5
74200,0.0,5
74208,0.0,5
74224,0.0,5
74232,1.0,16
74240,0.0,5
74248,0.0,5
74248,0.0,3
74256,0.0,3
74272,1.0,16
74280,0.0,5
74280,0.0,3
74288,0.0,5
74288,0.0,5
74312,2.0,23
74312,0.0,5
74320,2.0,23
74320,0.0,5
74320,0.0,5
74328,0.0,5
74328,0.0,5
74352,0.0,5
74360,0.0,5
74368,0.0,5
74376,2.0,23
74392,0.0,5
74400,0.0,5
74408,0.0,5
74416,0.0,5
74432,0.0,5
74440,0.0,5
74448,0.0,5
74456,0.0,5
74456,1.0,17
74472,0.0,5
74480,0.0,3
74480,0.0,5
74480,2.0,21
74496,0.0,5
74504,2.0,23
74512,2.0,23
74520,0.0,5
74520,0.0,5
74536,0.0,5
74544,0.0,3
74544,0.0,5
74544,0.0,3
74552,0.0,5
74568,0.0,3
74568,0.0,3
74576,0.0,5
74592,0.0,5
74600,0.0,3
74608,0.0,5
74624,0.0,3
74632,0.0,5
74632,2.0,23
74648,0.0,5
74656,2.0,23
74664,2.0,23
74664,0.0,5
74680,1.0,17
74688,0.0,3
74688,0.0,5
74696,0.0,5
74704,0.0,5
74704,0.0,3
74712,0.0,3
74728,0.0,3
74728,0.0,5
74736,0.0,5
74744,2.0,22
74752,0.0,3
74768,0.0,5
74768,1.0,17
74776,0.0,5
74784,0.0,5
74792,0.0,3
74808,0.0,5
74816,2.0,23
74816,0.0,5
74824,0.0,5
74832,0.0,5
74848,0.0,5
74856,0.0,5
74864,0.0,5
74872,1.0,15
74872,0.0,5
74888,2.0,22
74888,2.0,23
74888,0.0,5
74904,0.0,5
74912,0.0,5
74912,0.0,3
74912,0.0,5
74936,0.0,3
74936,0.0,3
74944,0.0,5
74952,0.0,5
74976,0.0,3
74976,0.0,5
74984,0.0,5
74992,1.0,17
75000,2.0,23
75008,0.0,3
75016,0.0,3
75016,0.0,5
75016,0.0,5
75024,1.0,17
75040,0.0,5
75040,0.0,3
75048,0.0,5
75048,0.0,3
75056,0.0,5
75056,2.0,21
75080,0.0,5
75096,0.0,5
75096,0.0,5
75120,0.0,5
75136,1.0,15
75136,0.0,5
75136,0.0,5
75144,0.0,3
75168,2.0,29
75168,1.0,15
75176,0.0,5
75176,0.0,5
75208,0.0,5
75216,0.0,5
75216,2.0,22
75232,2.0,23
75232,1.0,12
75240,0.0,3
75240,0.0,3
75248,0.0,5
75264,0.0,3
75272,1.0,12
75272,0.0,3
75272,0.0,5
75296,0.0,3
75296,0.0,3
75312,0.0,5
75320,2.0,22
75328,1.0,12
75336,0.0,5
75336,1.0,12
75344,2.0,22
75360,0.0,3
75360,0.0,5
75368,0.0,3
75368,0.0,5
75376,0.0,5
75392,0.0,3
75392,1.0,12
75400,0.0,5
75400,0.0,5
75408,0.0,5
75416,0.0,5
75424,0.0,3
75424,0.0,3
75432,0.0,3
75432,0.0,5
75440,2.0,22
75456,0.0,5
75464,0.0,5
75464,0.0,5
75472,0.0,5
75472,0.0,5
75480,0.0,5
75480,0.0,3
75488,1.0,12
75488,0.0,3
75488,0.0,3
75504,0.0,3
75512,0.0,5
75512,2.0,25
75528,0.0,3
75528,0.0,5
75568,0.0,5
75568,0.0,5
75568,1.0,12
75584,1.0,12
75608,0.0,5
75608,1.0,12
75608,1.0,12
75608,0.0,5
75608,0.0,5
75624,0.0,5
75648,0.0,5
75648,0.0,5
75648,0.0,5
75648,0.0,5
75648,0.0,5
75664,0.0,5
75672,2.0,23
75688,0.0,5
75688,0.0,5
75688,0.0,5
75688,0.0,3
75688,0.0,5
75712,0.0,5
75728,0.0,5
75728,0.0,5
75728,0.0,5
75728,0.0,5
75736,0.0,3
75768,0.0,5
75768,0.0,5
75768,0.0,5
75768,0.0,5
75776,0.0,5
75792,0.0,3
75808,0.0,5
75808,0.0,5
75808,4.0,41
75816,2.0,21
75848,0.0,5
75848,2.0,20
75848,0.0,5
75856,0.0,5
75888,0.0,5
75888,0.0,5
75888,0.0,5
75896,0.0,5
75912,1.0,17
75920,1.0,16
75928,0.0,5
75928,0.0,5
75936,0.0,5
75936,1.0,16
75952,0.0,5
75960,0.0,5
75968,0.0,5
75976,0.0,5
75976,0.0,5
75984,1.0,12
75992,0.0,5
76000,0.0,5
76000,2.0,29
76008,0.0,5
76016,0.0,5
76016,0.0,5
76024,1.0,12
76024,0.0,5
76032,0.0,5
76040,0.0,5
76040,0.0,5
76056,0.0,5
76056,0.0,5
76080,0.0,5
76080,0.0,5
76096,0.0,5
76096,0.0,5
76120,0.0,5
76120,0.0,5
76120,1.0,12
76128,1.0,12
76136,0.0,5
76160,0.0,5
76160,1.0,17
76160,0.0,5
76160,0.0,5
76168,0.0,5
76200,0.0,5
76200,0.0,5
76200,0.0,5
76208,0.0,5
76224,0.0,3
76232,1.0,12
76248,0.0,5
76280,2.0,23
76296,3.0,36
76320,0.0,5
76320,0.0,3
76320,2.0,20
76320,1.0,12
76328,1.0,12
76344,1.0,12
76344,0.0,3
76344,0.0,3
76352,0.0,3
76384,0.0,5
76384,0.0,5
76392,0.0,5
76400,2.0,25
76416,1.0,12
76416,1.0,12
76432,0.0,5
76440,0.0,3
76440,0.0,5
76440,1.0,12
76464,0.0,3
76480,0.0,5
76480,0.0,5
76480,1.0,12
76480,1.0,12
76504,0.0,5
76512,1.0,12
76520,0.0,5
76528,1.0,12
76536,0.0,3
76560,4.0,45
76560,0.0,5
76576,1.0,12
76576,1.0,12
76576,1.0,12
76600,0.0,5
76600,0.0,5
76600,1.0,12
76600,0.0,3
76616,0.0,5
76632,1.0,12
76640,0.0,5
76640,0.0,5
76640,0.0,5
76656,0.0,5
76672,0.0,5
76680,0.0,5
76696,1.0,12
76696,1.0,15
76712,0.0,5
76720,0.0,5
76736,1.0,12
76736,1.0,12
76736,0.0,5
76736,0.0,5
76752,0.0,5
76752,1.0,12
76760,0.0,3
76760,0.0,5
76776,0.0,5
76776,0.0,5
76776,0.0,5
76792,0.0,5
76792,0.0,5
76832,0.0,5
76832,0.0,5
76856,1.0,12
76856,1.0,12
76872,0.0,5
76872,1.0,12
76872,1.0,12
76888,4.0,45
76952,1.0,12
76968,1.0,12
76968,1.0,12
76992,0.0,5
77008,0.0,5
77008,0.0,5
77008,2.0,29
77032,0.0,5
77072,0.0,5
77104,1.0,12
77104,1.0,12
77104,1.0,12
77128,2.0,30
77144,0.0,5
77144,0.0,5
77168,0.0,5
77168,1.0,12
77176,3.0,40
77184,0.0,5
77192,4.0,45
77200,1.0,12
77208,0.0,5
77208,0.0,5
77216,0.0,5
77232,4.0,45
77232,0.0,5
77256,0.0,5
77296,1.0,12
77296,0.0,5
77304,1.0,12
77328,1.0,12
77344,0.0,5
77344,2.0,25
77344,1.0,17
77368,1.0,17
77368,0.0,5
77368,0.0,3
77376,2.0,24
77384,0.0,5
77384,0.0,5
77392,1.0,12
77400,1.0,13
77416,0.0,5
77424,0.0,5
77424,0.0,5
77440,0.0,5
77464,1.0,12
77464,0.0,5
77472,1.0,10
77480,0.0,5
77488,0.0,3
77512,1.0,12
77520,0.0,5
77520,1.0,12
77528,0.0,5
77536,0.0,3
77544,0.0,3
77560,0.0,5
77560,1.0,12
77568,1.0,12
77576,0.0,5
77592,0.0,3
77600,0.0,5
77608,2.0,30
77616,0.0,3
77624,1.0,10
77624,0.0,3
77632,0.0,3
77648,1.0,15
77656,0.0,5
77656,1.0,12
77664,0.0,5
77672,1.0,12
77720,1.0,12
77728,1.0,12
77728,4.0,45
77744,0.0,3
77752,0.0,3
77752,1.0,12
77752,1.0,12
77760,1.0,12
77784,0.0,3
77784,0.0,5
77808,1.0,10
77848,0.0,5
77848,1.0,12
77848,1.0,12
77848,1.0,12
77872,0.0,3
77872,2.0,28
77872,0.0,3
77872,0.0,3
77872,0.0,3
77880,1.0,12
77896,0.0,3
77904,0.0,3
77912,0.0,5
77944,0.0,5
77952,0.0,5
77968,1.0,12
77968,1.0,12
77968,2.0,23
77984,0.0,5
77992,0.0,3
78008,0.0,5
78008,0.0,5
78032,4.0,45
78032,0.0,3
78032,0.0,5
78032,0.0,3
78048,1.0,12
78048,2.0,22
78056,0.0,3
78056,0.0,3
78056,0.0,3
78072,0.0,3
78072,0.0,3
78080,0.0,3
78080,1.0,12
78080,2.0,23
78096,0.0,3
78096,0.0,5
78096,0.0,3
78096,0.0,5
78104,0.0,3
78120,0.0,3
78120,0.0,5
78128,0.0,3
78144,0.0,3
78144,0.0,3
78168,0.0,5
78168,0.0,3
78192,0.0,3
78192,0.0,3
78216,0.0,3
78232,0.0,5
78240,0.0,3
78256,2.0,22
78256,0.0,3
78256,2.0,28
78264,0.0,3
78272,2.0,22
78280,0.0,3
78280,0.0,3
78280,2.0,23
78288,2.0,24
78304,0.0,5
78304,0.0,3
78304,0.0,3
78312,0.0,5
78328,2.0,23
78328,0.0,5
78328,0.0,3
78328,0.0,3
78336,0.0,3
78344,0.0,5
78352,0.0,3
78360,0.0,3
78368,0.0,5
78368,0.0,5
78376,0.0,3
78384,0.0,3
78384,1.0,16
78392,0.0,3
78392,0.0,3
78400,0.0,3
78408,0.0,3
78408,0.0,3
78416,0.0,3
78416,0.0,3
78440,0.0,5
78448,0.0,5
78456,0.0,5
78456,0.0,5
78464,0.0,3
78472,0.0,3
78480,0.0,3
78488,0.0,3
78496,0.0,3
78504,2.0,28
78512,0.0,3
78520,0.0,5
78528,2.0,23
78536,1.0,16
78536,0.0,3
78544,0.0,3
78552,2.0,28
78560,0.0,3
78568,0.0,3
78576,0.0,5
78600,0.0,5
78600,0.0,3
78608,0.0,5
78624,1.0,16
78624,0.0,3
78624,1.0,12
78632,1.0,16
78640,0.0,5
78648,0.0,3
78648,0.0,3
78656,0.0,3
78688,2.0,29
78728,0.0,5
78728,2.0,22
78736,1.0,12
78744,1.0,12
78752,0.0,3
78760,1.0,17
78776,0.0,5
78776,2.0,21
78784,0.0,5
78792,0.0,5
78792,1.0,17
78800,0.0,5
78816,0.0,5
78816,0.0,5
78832,2.0,23
78832,0.0,5
78832,0.0,5
78840,0.0,3
78872,1.0,18
78872,0.0,5
78880,0.0,5
78880,1.0,12
78896,1.0,12
78912,0.0,5
78920,0.0,5
78928,1.0,12
78936,0.0,5
78944,1.0,16
78952,0.0,5
78960,1.0,16
78968,0.0,5
78968,0.0,3
78976,1.0,12
79000,0.0,5
79008,0.0,5
79016,0.0,5
79040,0.0,3
79048,1.0,16
79056,2.0,23
79064,0.0,3
79064,1.0,12
79072,0.0,3
79088,0.0,3
79096,0.0,5
79104,0.0,5
79104,2.0,21
79112,0.0,5
79128,0.0,3
79128,0.0,5
79136,1.0,16
79136,2.0,23
79136,0.0,5
79136,0.0,3
79160,0.0,3
79168,0.0,5
79168,0.0,5
79176,0.0,5
79176,0.0,5
79176,0.0,5
79176,2.0,22
79184,0.0,3
79192,0.0,3
79192,0.0,3
79200,0.0,3
79200,0.0,3
79200,0.0,3
79200,1.0,12
79200,0.0,3
79216,0.0,3
79216,0.0,3
79224,0.0,3
79224,0.0,3
79224,0.0,5
79224,0.0,3
79240,0.0,5
79240,0.0,3
79240,0.0,5
79256,0.0,5
79264,0.0,5
79264,0.0,3
79264,0.0,5
79264,0.0,3
79280,0.0,5
79288,0.0,3
79288,0.0,3
79304,0.0,5
79304,0.0,5
79312,0.0,3
79328,0.0,3
79328,0.0,3
79336,0.0,3
79352,0.0,3
79352,0.0,3
79376,0.0,3
79376,0.0,3
79376,0.0,5
79400,0.0,3
79400,0.0,3
79400,0.0,3
79408,2.0,23
79408,2.0,23
79424,0.0,3
79432,2.0,22
79440,0.0,5
79448,0.0,5
79448,0.0,5
79448,2.0,21
79448,0.0,3
79456,0.0,3
79464,0.0,3
79472,2.0,23
79472,0.0,3
79472,0.0,3
79488,0.0,5
79488,0.0,3
79488,0.0,5
79496,0.0,5
79496,0.0,3
79512,0.0,3
79512,0.0,5
79512,0.0,5
79520,0.0,3
79528,0.0,5
79528,0.0,5
79528,1.0,16
79536,0.0,3
79552,0.0,5
79552,0.0,3
79552,0.0,5
79576,0.0,5
79592,0.0,5
79592,0.0,5
79592,0.0,5
79616,0.0,5
79616,0.0,3
79632,1.0,17
79632,0.0,5
79640,0.0,3
79640,0.0,3
79648,1.0,15
79656,0.0,3
79664,0.0,3
79672,0.0,5
79680,0.0,5
79688,0.0,3
79688,0.0,5
79696,2.0,21
79696,0.0,3
79696,0.0,5
79704,2.0,23
79704,0.0,3
79712,1.0,15
79712,0.0,3
79720,0.0,3
79720,0.0,3
79728,0.0,3
79736,0.0,3
79744,0.0,3
79744,0.0,3
79752,0.0,5
79752,0.0,3
79760,0.0,3
79768,0.0,3
79768,0.0,3
79776,0.0,3
79776,0.0,3
79784,0.0,3
79792,0.0,3
79800,0.0,3
79808,0.0,5
79816,0.0,5
79824,0.0,5
79832,0.0,5
79840,0.0,5
79840,0.0,3
79848,0.0,5
79848,0.0,3
79856,0.0,3
79864,0.0,3
79872,2.0,23
79872,0.0,3
79872,0.0,3
79880,0.0,5
79880,0.0,3
79896,0.0,3
79896,0.0,3
79896,0.0,3
79904,0.0,3
79920,0.0,5
79920,0.0,3
79920,0.0,3
79928,0.0,3
79944,0.0,3
79960,1.0,12
79984,3.0,36
79984,0.0,5
79992,1.0,12
80008,0.0,3
80016,0.0,3
80016,1.0,12
80024,1.0,12
80032,0.0,3
80040,0.0,3
80048,0.0,3
80064,4.0,45
80064,0.0,3
80072,0.0,5
80080,1.0,15
80096,0.0,3
80112,1.0,16
80112,1.0,12
80120,0.0,5
80144,2.0,28
80144,1.0,12
80168,0.0,3
80176,1.0,10
80184,1.0,15
80184,1.0,15
80192,0.0,3
80200,0.0,3
80208,0.0,3
80208,0.0,3
80216,1.0,12
80232,0.0,5
80240,0.0,3
80264,0.0,3
80272,0.0,5
80296,1.0,12
80296,0.0,3
80304,0.0,5
80320,2.0,22
80336,2.0,28
80336,2.0,28
80336,1.0,16
80344,0.0,3
80344,0.0,5
80376,0.0,5
80376,0.0,5
80376,0.0,5
80384,0.0,5
80392,1.0,12
80400,0.0,3
80400,2.0,24
80408,0.0,3
80416,0.0,5
80416,0.0,3
80424,1.0,16
80440,1.0,12
80448,0.0,5
80456,0.0,5
80464,0.0,3
80496,1.0,12
80496,0.0,5
80504,0.0,5
80520,1.0,15
80536,0.0,5
80536,1.0,15
80536,2.0,20
80536,0.0,5
80544,1.0,12
80544,0.0,3
80552,1.0,16
80560,0.0,3
80560,0.0,3
80560,0.0,3
80568,0.0,3
80576,0.0,5
80584,0.0,5
80592,0.0,5
80600,0.0,3
80600,0.0,5
80600,1.0,12
80600,0.0,5
80608,0.0,5
80608,0.0,3
80640,0.0,5
80640,0.0,5
80648,0.0,5
80648,0.0,5
80656,1.0,12
80664,0.0,3
80664,0.0,3
80680,0.0,3
80688,1.0,12
80688,0.0,5
80696,1.0,12
80696,1.0,12
80728,0.0,5
80736,0.0,5
80736,0.0,5
80744,1.0,12
80760,1.0,12
80776,0.0,5
80776,0.0,5
80784,1.0,12
80784,0.0,5
80800,0.0,5
80816,0.0,5
80816,1.0,17
80824,0.0,5
80840,0.0,5
80856,0.0,5
80864,0.0,5
80880,1.0,12
80880,0.0,5
80896,0.0,5
80904,0.0,5
80920,0.0,3
80920,0.0,5
80920,0.0,5
80952,3.0,36
80960,0.0,5
80992,0.0,5
81016,1.0,12
81032,0.0,5
81056,1.0,12
81056,0.0,5
81072,0.0,5
81088,4.0,45
81096,3.0,40
81096,0.0,5
81112,0.0,5
81136,3.0,40
81136,0.0,5
81136,0.0,5
81152,1.0,12
81152,0.0,5
81176,0.0,5
81184,1.0,12
81224,3.0,40
81224,0.0,5
81232,1.0,12
81232,1.0,12
81240,3.0,40
81248,0.0,3
81248,1.0,12
81248,1.0,12
81256,0.0,3
81256,0.0,3
81264,0.0,5
81272,0.0,3
81272,0.0,3
81280,0.0,3
81280,0.0,5
81280,0.0,3
81288,0.0,5
81304,0.0,5
81312,1.0,17
81312,0.0,5
81312,0.0,5
81320,0.0,5
81320,0.0,5
81320,0.0,5
81328,0.0,5
81336,0.0,3
81344,0.0,5
81344,0.0,3
81352,0.0,5
81352,0.0,5
81368,0.0,5
81368,0.0,3
81376,0.0,5
81376,0.0,3
81384,0.0,5
81392,0.0,3
81392,0.0,5
81400,0.0,3
81408,0.0,3
81408,0.0,5
81416,0.0,5
81416,0.0,3
81416,0.0,3
81416,1.0,12
81440,0.0,3
81440,0.0,3
81440,0.0,3
81440,0.0,5
81448,1.0,16
81448,0.0,5
81448,0.0,5
81456,0.0,5
81464,0.0,3
81464,0.0,3
81472,0.0,3
81480,0.0,5
81480,0.0,5
81488,0.0,5
81488,0.0,5
81504,0.0,5
81504,0.0,5
81512,0.0,3
81520,0.0,5
81520,0.0,5
81528,0.0,5
81544,0.0,5
81544,0.0,5
81552,0.0,3
81560,0.0,5
81560,0.0,5
81584,1.0,16
81584,0.0,5
81592,0.0,5
81600,0.0,5
81600,0.0,5
81608,1.0,17
81624,0.0,5
81624,0.0,5
81632,0.0,3
81632,0.0,5
81640,1.0,12
81640,0.0,5
81664,0.0,3
81664,0.0,5
81680,0.0,5
81696,1.0,12
81704,2.0,24
81704,0.0,3
81720,1.0,12
81728,0.0,3
81736,0.0,5
81744,0.0,3
81744,0.0,5
81760,1.0,16
81760,0.0,3
81760,1.0,12
81768,0.0,5
81768,0.0,3
81784,0.0,5
81784,0.0,3
81784,0.0,3
81792,1.0,16
81800,0.0,5
81808,0.0,3
81816,0.0,3
81824,0.0,5
81840,0.0,5
81848,0.0,5
81856,2.0,28
81864,0.0,5
81864,1.0,12
81880,1.0,12
81880,0.0,5
81888,0.0,5
81896,0.0,5
81896,1.0,16
81904,0.0,3
81904,0.0,5
81920,0.0,3
81920,0.0,5
81944,0.0,5
81960,1.0,12
81968,0.0,3
81984,1.0,12
81992,1.0,12
82000,2.0,23
82008,0.0,3
82016,0.0,3
82016,1.0,12
82032,1.0,16
82040,0.0,3
82048,1.0,16
82056,0.0,3
82080,1.0,15
82096,1.0,16
82096,0.0,5
82104,1.0,12
82112,1.0,12
82120,0.0,3
82120,0.0,5
82128,0.0,3
82136,0.0,3
82136,1.0,12
82144,1.0,12
82160,0.0,3
82160,0.0,5
82168,0.0,5
82176,0.0,5
82184,0.0,5
82192,1.0,12
82200,0.0,5
82200,0.0,5
82208,0.0,3
82216,1.0,12
82232,0.0,5
82240,0.0,3
82256,0.0,3
82264,1.0,12
82288,0.0,3
82296,1.0,12
82296,1.0,12
82304,1.0,12
82320,0.0,3
82328,0.0,3
82336,1.0,12
82352,1.0,12
82360,4.0,45
82384,1.0,12
82416,1.0,15
82416,1.0,12
82424,1.0,12
82440,0.0,3
82448,1.0,12
82456,1.0,12
82480,1.0,12
82528,2.0,24
82528,1.0,10
82536,1.0,10
82536,4.0,45
82536,1.0,12
82568,0.0,5
82576,0.0,5
82576,0.0,5
82608,0.0,5
82624,1.0,12
82632,1.0,12
82648,0.0,5
82672,1.0,12
82672,1.0,12
82688,0.0,5
82712,0.0,5
82720,1.0,12
82752,0.0,5
82752,1.0,10
82776,4.0,45
82784,4.0,45
82784,1.0,12
82792,0.0,5
82816,1.0,12
82824,2.0,24
82824,0.0,5
82832,0.0,5
82840,4.0,45
82848,1.0,12
82864,1.0,10
82872,0.0,3
82872,0.0,5
82872,1.0,12
82896,0.0,3
82920,1.0,12
82920,1.0,13
82920,1.0,10
82920,1.0,12
82944,0.0,3
82944,0.0,3
82960,0.0,5
82968,1.0,12
82968,1.0,12
82984,0.0,5
82984,1.0,15
82992,0.0,3
82992,0.0,3
82992,1.0,12
83000,0.0,5
83016,0.0,3
83024,0.0,3
83024,0.0,5
83032,0.0,5
83032,0.0,5
83040,1.0,12
83056,0.0,5
83064,0.0,3
83072,0.0,5
83104,2.0,23
83104,0.0,5
83112,0.0,5
83120,1.0,12
83120,1.0,12
83128,0.0,3
83128,0.0,3
83144,0.0,3
83152,1.0,12
83160,1.0,16
83168,0.0,5
83168,0.0,5
83176,0.0,3
83192,0.0,3
83200,0.0,5
83200,0.0,3
83208,0.0,5
83216,1.0,12
83224,1.0,14
83232,0.0,3
83240,0.0,5
83256,0.0,5
83272,0.0,5
83280,0.0,5
83296,0.0,5
83312,0.0,5
83320,0.0,3
83352,4.0,46
83360,0.0,5
83376,2.0,23
83384,2.0,23
83400,2.0,22
83400,0.0,5
83416,1.0,17
83416,0.0,5
83424,0.0,5
83440,0.0,5
83456,0.0,5
83472,3.0,41
83480,0.0,5
83496,2.0,23
83496,0.0,5
83512,0.0,5
83536,0.0,5
83544,2.0,24
83552,0.0,5
83568,0.0,3
83576,0.0,5
83584,2.0,23
83608,0.0,5
83608,2.0,23
83616,0.0,5
83624,0.0,5
83640,0.0,3
83664,2.0,23
83680,0.0,5
83680,2.0,23
83688,1.0,17
83704,0.0,5
83704,4.0,36
83704,1.0,12
83744,0.0,5
83744,0.0,5
83784,0.0,5
83792,2.0,23
83816,1.0,17
83824,1.0,17
83824,0.0,5
83832,0.0,5
83840,1.0,17
83856,0.0,5
83864,0.0,5
83864,2.0,23
83864,0.0,5
83872,0.0,5
83896,0.0,5
83904,0.0,5
83904,0.0,5
83936,0.0,5
83944,0.0,5
83984,4.0,45
84000,1.0,12
84024,0.0,5
84032,1.0,12
84040,1.0,12
84048,2.0,23
84064,0.0,5
84072,0.0,3
84072,4.0,41
84072,0.0,5
84080,0.0,5
84096,3.0,32
84120,0.0,5
84136,0.0,5
84168,1.0,12
84168,1.0,12
84176,0.0,5
84192,2.0,24
84208,0.0,5
84216,0.0,5
84216,1.0,12
84232,4.0,45
84248,2.0,23
84264,1.0,12
84272,0.0,5
84272,0.0,3
84288,1.0,12
84304,0.0,5
84312,0.0,5
84312,0.0,5
84312,1.0,12
84328,0.0,5
84352,0.0,5
84360,3.0,36
84368,0.0,5
84392,0.0,5
84400,0.0,5
84408,0.0,5
84408,2.0,25
84432,0.0,5
84440,0.0,5
84448,1.0,17
84448,0.0,5
84448,0.0,5
84472,0.0,5
84480,0.0,5
84488,0.0,5
84496,2.0,23
84512,0.0,5
84528,0.0,5
84528,2.0,28
84536,0.0,5
84544,1.0,12
84568,0.0,5
84576,4.0,45
84584,0.0,5
84640,2.0,24
84664,1.0,12
84672,1.0,17
84672,1.0,12
84704,0.0,5
84712,2.0,23
84712,0.0,5
84736,1.0,12
84752,0.0,5
84752,0.0,5
84760,0.0,3
84768,1.0,12
84768,3.0,36
84776,0.0,3
84792,0.0,3
84792,0.0,5
84800,0.0,3
84808,0.0,5
84816,0.0,3
84832,1.0,16
84832,0.0,5
84840,0.0,5
84856,0.0,5
84856,1.0,12
84872,4.0,45
84880,0.0,5
84896,0.0,5
84912,0.0,5
84944,4.0,45
84952,0.0,5
84968,1.0,17
84976,1.0,12
84984,1.0,16
84984,0.0,5
84992,0.0,5
85008,0.0,5
85016,0.0,5
85024,0.0,5
85064,0.0,5
85088,1.0,12
85104,1.0,12
85104,0.0,5
85112,1.0,12
85112,3.0,35
85144,0.0,5
85144,0.0,5
85152,0.0,5
85152,0.0,5
85168,2.0,23
85168,4.0,45
85184,0.0,5
85184,0.0,5
85192,0.0,5
85208,0.0,5
85224,0.0,5
85232,0.0,5
85248,1.0,12
85248,0.0,5
85256,4.0,45
85272,2.0,23
85288,0.0,5
85328,1.0,12
85328,0.0,5
85344,1.0,12
85352,0.0,3
85352,1.0,16
85352,0.0,3
85360,2.0,24
85368,2.0,23
85384,0.0,5
85392,0.0,5
85392,0.0,5
85392,0.0,5
85432,0.0,5
85456,2.0,23
85480,1.0,12
85488,1.0,12
85496,2.0,30
85520,0.0,5
85520,0.0,3
85528,0.0,5
85552,1.0,12
85560,0.0,5
85568,0.0,5
85584,2.0,24
85600,0.0,5
85616,1.0,12
85624,2.0,24
85696,1.0,12
85720,1.0,12
85728,4.0,45
85736,4.0,47
85736,0.0,5
85744,0.0,3
85744,1.0,16
85744,2.0,24
85760,2.0,24
85776,0.0,5
85776,2.0,24
85784,0.0,5
85784,0.0,5
85816,0.0,5
85824,0.0,5
85824,1.0,12
85832,1.0,12
85856,0.0,5
85880,1.0,12
85896,0.0,5
85920,1.0,12
85928,1.0,12
85960,0.0,5
85968,0.0,5
85976,1.0,12
85992,1.0,12
86008,2.0,23
86056,1.0,12
86064,1.0,12
86072,1.0,12
86088,1.0,12
86088,3.0,41
86104,1.0,12
86104,4.0,45
86112,0.0,3
86112,0.0,5
86136,4.0,45
86144,0.0,5
86152,1.0,12
86176,0.0,3
86184,0.0,5
86184,1.0,12
86200,1.0,12
86208,1.0,12
86224,0.0,5
86256,2.0,24
86272,1.0,12
86280,1.0,12
86280,0.0,3
86304,2.0,24
86304,1.0,12
86312,0.0,5
86320,0.0,5
86320,0.0,5
86344,0.0,5
86344,0.0,5
86360,0.0,5
86360,1.0,17
86384,0.0,5
86384,2.0,23
86400,0.0,5
86408,1.0,12
86416,1.0,12
86448,0.0,5
86456,1.0,12
86472,3.0,42
86480,1.0,12
86496,0.0,3
86496,0.0,5
86520,1.0,17
86520,0.0,5
86536,0.0,5
86544,1.0,12
86584,0.0,5
86592,1.0,12
86600,2.0,23
86616,1.0,12
86624,0.0,5
86632,0.0,5
86640,0.0,5
86656,0.0,3
86656,1.0,17
86656,0.0,5
86656,3.0,32
86672,4.0,41
86696,0.0,5
86712,0.0,5
86720,1.0,12
86720,2.0,23
86736,1.0,12
86752,1.0,12
86760,0.0,5
86776,0.0,5
86792,0.0,5
86792,1.0,12
86808,1.0,12
86816,0.0,5
86840,2.0,23
86856,0.0,5
86856,1.0,12
86888,1.0,12
86912,3.0,32
86944,1.0,17
86984,1.0,12
87024,0.0,5
87032,2.0,24
87048,1.0,17
87048,4.0,41
87056,0.0,3
87080,0.0,3
87088,0.0,5
87120,1.0,12
87120,4.0,41
87160,0.0,5
87160,0.0,5
87184,4.0,41
87184,1.0,17
87200,0.0,5
87216,1.0,17
87224,1.0,17
87232,3.0,36
87256,1.0,12
87264,5.0,51
87272,0.0,5
87296,1.0,12
87312,1.0,16
87360,1.0,12
87368,1.0,12
87376,2.0,24
87416,0.0,5
87504,2.0,24
87512,1.0,12
87544,4.0,41
87552,4.0,41
87552,3.0,32
87560,2.0,24
87584,4.0,41
87600,2.0,30
87600,1.0,12
87640,1.0,12
87648,1.0,12
87680,0.0,5
87696,1.0,12
87704,2.0,24
87720,1.0,17
87720,0.0,5
87736,2.0,23
87744,0.0,3
87744,1.0,12
87784,0.0,5
87784,0.0,5
87800,1.0,12
87824,0.0,3
87856,1.0,17
87872,1.0,17
87880,1.0,12
87880,1.0,12
87896,3.0,42
87896,0.0,5
87912,0.0,5
87920,0.0,5
87920,0.0,5
87928,4.0,41
87936,0.0,5
87944,0.0,3
87952,0.0,5
87960,0.0,5
87984,3.0,36
87992,1.0,12
88016,0.0,3
88024,0.0,5
88024,1.0,12
88048,1.0,12
88056,1.0,12
88072,1.0,17
88080,1.0,17
88088,0.0,5
88096,0.0,5
88120,1.0,12
88120,0.0,3
88128,0.0,5
88152,4.0,41
88160,0.0,5
88176,1.0,12
88200,0.0,3
88200,2.0,23
88216,1.0,12
88216,2.0,24
88224,1.0,12
88240,0.0,5
88240,0.0,5
88248,1.0,12
88248,0.0,3
88256,0.0,5
88256,0.0,5
88256,1.0,12
88264,0.0,3
88280,0.0,3
88280,0.0,5
88288,0.0,5
88296,0.0,5
88320,0.0,3
88320,0.0,5
88352,1.0,12
88360,1.0,12
88384,0.0,3
88384,1.0,12
88400,3.0,41
88416,1.0,12
88416,1.0,12
88424,0.0,5
88424,0.0,5
88456,0.0,5
88464,0.0,5
88496,1.0,12
88504,0.0,5
88512,1.0,12
88520,0.0,3
88520,1.0,12
88552,1.0,12
88560,0.0,5
88576,0.0,3
88576,4.0,41
88600,1.0,12
88608,1.0,12
88608,4.0,41
88616,0.0,5
88616,1.0,12
88616,0.0,5
88624,0.0,3
88632,0.0,3
88656,0.0,5
88656,0.0,5
88664,0.0,5
88680,4.0,41
88704,0.0,5
88704,1.0,12
88712,1.0,12
88736,0.0,3
88744,0.0,5
88752,1.0,12
88776,1.0,12
88792,0.0,5
88800,1.0,12
88800,0.0,3
88824,0.0,3
88832,1.0,12
88840,1.0,12
88872,0.0,5
88888,1.0,12
88896,1.0,12
88920,1.0,12
88920,4.0,45
88936,1.0,12
88960,0.0,5
88968,1.0,12
88984,1.0,12
88992,0.0,3
88992,4.0,45
89016,4.0,45
89016,1.0,12
89032,1.0,12
89056,0.0,5
89088,1.0,12
89088,1.0,12
89096,2.0,25
89128,1.0,12
89152,1.0,12
89168,0.0,5
89192,1.0,12
89208,2.0,24
89232,1.0,10
89248,0.0,5
89264,1.0,12
89272,0.0,5
89288,4.0,41
89288,1.0,12
89344,1.0,12
89344,4.0,45
89368,1.0,12
89384,1.0,12
89384,0.0,5
89408,0.0,5
89448,4.0,45
89448,4.0,45
89472,0.0,3
89480,2.0,24
89480,1.0,12
89488,0.0,5
89504,1.0,12
89504,0.0,3
89528,0.0,3
89568,1.0,12
89576,2.0,24
89576,1.0,12
89584,1.0,12
89592,0.0,3
89608,0.0,3
89624,1.0,12
89624,4.0,45
89648,0.0,3
89664,0.0,5
89664,3.0,40
89672,1.0,12
89680,1.0,13
89688,0.0,3
89720,0.0,5
89720,1.0,16
89744,1.0,12
89760,0.0,5
89768,0.0,3
89776,1.0,13
89792,2.0,23
89800,0.0,5
89816,0.0,5
89816,1.0,12
89832,0.0,5
89840,0.0,5
89848,2.0,23
89864,4.0,45
89888,0.0,3
89912,1.0,12
89928,1.0,12
89928,0.0,5
89936,0.0,3
89936,1.0,12
89944,1.0,12
89952,0.0,3
89952,0.0,3
89960,0.0,3
89976,3.0,36
90000,0.0,5
90032,1.0,12
90048,1.0,12
90048,1.0,12
90056,3.0,36
90072,1.0,12
90088,0.0,5
90096,1.0,12
90112,0.0,5
90128,1.0,12
90128,0.0,5
90144,4.0,41
90144,1.0,12
90224,1.0,12
90240,1.0,12
90304,4.0,45
90320,1.0,12
90336,1.0,12
90344,0.0,5
90344,0.0,3
90376,0.0,5
90384,0.0,5
90416,4.0,45
90456,4.0,45
90472,1.0,12
90472,4.0,45
90480,1.0,12
90488,4.0,45
90496,0.0,5
90504,4.0,45
90512,0.0,5
90512,1.0,12
90520,0.0,5
90552,0.0,5
90568,1.0,12
90584,1.0,12
90592,1.0,12
90600,1.0,12
90608,1.0,12
90616,1.0,12
90648,0.0,5
90648,1.0,12
90656,0.0,5
90664,1.0,12
90680,1.0,12
90688,0.0,5
90688,1.0,12
90696,1.0,12
90704,4.0,45
90728,0.0,5
90744,1.0,12
90760,1.0,12
90776,1.0,12
90784,1.0,12
90792,1.0,12
90800,1.0,12
90824,1.0,12
90840,1.0,12
90864,1.0,13
90880,1.0,13
90880,1.0,12
90896,1.0,13
90896,1.0,12
90904,0.0,5
90920,1.0,12
90936,1.0,12
90976,1.0,12
90976,1.0,12
90976,0.0,5
90992,1.0,12
91000,1.0,12
91016,1.0,12
91016,4.0,45
91016,0.0,5
91056,0.0,5
91072,1.0,12
91072,1.0,12
91096,1.0,12
91096,1.0,13
91112,1.0,12
91112,0.0,5
91136,0.0,5
91152,1.0,12
91168,1.0,12
91208,1.0,12
91232,1.0,12
91256,4.0,45
91264,1.0,12
91296,0.0,5
91304,1.0,12
91320,0.0,3
91368,1.0,13
91376,4.0,45
91384,3.0,36
91408,0.0,5
91408,1.0,13
91416,1.0,12
91456,0.0,5
91472,1.0,12
91472,4.0,45
91480,4.0,41
91480,1.0,12
91504,1.0,12
91552,1.0,12
91568,1.0,12
91568,1.0,12
91576,1.0,12
91576,1.0,12
91592,4.0,45
91600,1.0,12
91616,0.0,5
91648,1.0,12
91664,1.0,12
91664,1.0,12
91672,1.0,12
91688,1.0,12
91696,1.0,12
91704,0.0,5
91712,1.0,12
91744,1.0,12
91744,0.0,5
91768,1.0,13
91768,4.0,45
91768,1.0,12
91784,1.0,12
91800,1.0,13
91824,0.0,5
91864,1.0,12
91864,1.0,12
91864,0.0,5
91928,2.0,20
91960,1.0,12
92040,4.0,41
92048,2.0,23
92056,1.0,12
92088,0.0,5
92104,4.0,45
92104,4.0,45
92144,0.0,5
92152,1.0,12
92160,4.0,45
92176,3.0,31
92184,1.0,12
92184,0.0,5
92200,0.0,5
92200,1.0,12
92200,2.0,20
92224,4.0,45
92224,0.0,5
92240,0.0,5
92256,1.0,13
92272,1.0,12
92296,0.0,5
92296,1.0,12
92320,1.0,12
92320,1.0,12
92336,1.0,12
92360,0.0,5
92360,0.0,5
92368,1.0,12
92392,1.0,12
92392,1.0,12
92400,0.0,5
92432,1.0,12
92456,1.0,12
92464,1.0,12
92488,1.0,12
92488,1.0,12
92528,1.0,12
92528,0.0,5
92544,4.0,45
92552,2.0,19
92560,4.0,45
92568,0.0,5
92568,1.0,13
92568,0.0,5
92584,1.0,12
92608,0.0,5
92648,1.0,12
92656,1.0,12
92664,1.0,12
92688,1.0,13
92704,0.0,5
92704,1.0,12
92728,0.0,5
92744,3.0,36
92744,1.0,12
92744,0.0,5
92752,1.0,12
92768,0.0,5
92768,3.0,28
92784,0.0,5
92800,1.0,12
92840,1.0,12
92840,1.0,12
92848,1.0,12
92864,1.0,12
92880,1.0,12
92904,0.0,5
92928,4.0,45
92936,1.0,12
92936,1.0,12
92944,0.0,5
92952,2.0,23
92952,1.0,13
92968,0.0,5
92976,1.0,12
93032,1.0,12
93032,1.0,12
93048,1.0,12
93072,1.0,12
93120,2.0,19
93136,1.0,13
93160,4.0,45
93176,1.0,13
93184,1.0,17
93216,1.0,12
93224,0.0,5
93232,1.0,12
93256,1.0,12
93264,0.0,5
93304,4.0,45
93312,4.0,45
93328,1.0,12
93344,0.0,5
93352,1.0,12
93360,4.0,41
93368,0.0,5
93368,2.0,24
93392,0.0,5
93400,0.0,5
93408,1.0,12
93440,1.0,12
93448,2.0,23
93448,0.0,5
93456,2.0,30
93464,1.0,12
93472,0.0,3
93488,1.0,12
93488,0.0,5
93496,1.0,12
93536,1.0,12
93568,1.0,12
93568,2.0,25
93584,1.0,12
93632,1.0,12
93640,2.0,23
93656,2.0,24
93680,2.0,23
93736,1.0,12
93752,2.0,23
93760,2.0,24
93776,1.0,12
93792,1.0,17
93816,2.0,23
93816,0.0,5
93832,1.0,12
93832,0.0,5
93848,4.0,45
93848,1.0,12
93856,0.0,5
93856,1.0,12
93888,0.0,5
93896,0.0,5
93912,1.0,12
93944,1.0,12
93952,4.0,46
93968,1.0,17
93984,1.0,12
93992,0.0,5
94008,0.0,5
94008,1.0,12
94088,1.0,12
94120,2.0,28
94136,2.0,24
94160,4.0,41
94192,2.0,23
94192,2.0,23
94216,1.0,12
94216,4.0,45
94224,1.0,17
94256,0.0,5
94272,3.0,36
94296,0.0,5
94320,2.0,23
94320,1.0,12
94336,0.0,5
94352,2.0,24
94360,0.0,5
94360,0.0,5
94368,1.0,12
94456,1.0,12
94456,1.0,12
94456,2.0,30
94464,1.0,12
94496,0.0,5
94552,4.0,45
94552,1.0,12
94552,4.0,45
94592,0.0,5
94592,1.0,12
94592,0.0,5
94592,2.0,30
94592,0.0,5
94632,0.0,5
94632,0.0,5
94632,0.0,5
94672,0.0,5
94688,1.0,12
94744,5.0,51
94768,1.0,12
94776,2.0,23
94808,0.0,5
94816,4.0,45
94824,2.0,24
94840,1.0,12
94848,0.0,5
94856,0.0,5
94872,5.0,51
94880,0.0,5
94912,0.0,5
94944,1.0,12
94952,1.0,12
94952,3.0,33
94976,1.0,12
94984,0.0,5
95000,4.0,46
95040,0.0,5
95048,1.0,12
95048,1.0,17
95048,1.0,12
95056,1.0,10
95096,3.0,40
95136,1.0,12
95136,4.0,39
95144,1.0,12
95152,1.0,12
95168,2.0,23
95192,1.0,12
95232,2.0,23
95232,1.0,12
95264,1.0,12
95328,1.0,12
95328,1.0,17
95328,2.0,24
95328,2.0,23
95360,1.0,12
95368,0.0,5
95368,0.0,5
95368,1.0,17
95408,4.0,45
95408,0.0,5
95456,1.0,12
95464,1.0,17
95464,1.0,12
95472,3.0,40
95504,1.0,12
95520,2.0,24
95552,1.0,12
95568,1.0,12
95584,1.0,10
95592,2.0,23
95616,1.0,12
95632,0.0,5
95648,2.0,23
95680,1.0,12
95728,4.0,45
95728,1.0,12
95744,2.0,24
95784,1.0,17
95792,3.0,41
95824,1.0,12
95824,1.0,12
95840,1.0,12
95864,2.0,23
95864,0.0,5
95880,1.0,12
95888,1.0,12
95896,4.0,41
95920,1.0,12
95936,1.0,12
95960,1.0,12
95976,4.0,45
95976,1.0,12
95992,1.0,12
96032,0.0,5
96056,1.0,12
96072,1.0,12
96072,1.0,12
96128,1.0,12
96152,1.0,12
96152,3.0,36
96168,1.0,12
96208,0.0,5
96248,4.0,45
96248,1.0,12
96248,4.0,41
96256,1.0,16
96264,3.0,41
96336,2.0,23
96344,1.0,12
96344,1.0,12
96352,1.0,12
96360,1.0,12
96376,0.0,5
96384,0.0,5
96408,0.0,3
96432,2.0,23
96432,4.0,45
96448,2.0,30
96472,0.0,5
96488,0.0,5
96512,0.0,3
96512,0.0,5
96528,2.0,23
96528,1.0,12
96544,2.0,23
96552,0.0,3
96552,0.0,5
96552,0.0,3
96552,0.0,5
96592,0.0,5
96608,2.0,25
96640,3.0,36
96640,1.0,12
96648,1.0,12
96648,1.0,12
96648,1.0,12
96688,1.0,12
96736,4.0,45
96832,1.0,12
96832,2.0,24
96832,2.0,23
96872,2.0,23
96880,2.0,30
96928,1.0,12
96928,1.0,12
96928,1.0,12
96968,1.0,12
96968,4.0,45
96976,1.0,12
97008,4.0,45
97008,4.0,45
97024,1.0,12
97024,1.0,12
97032,1.0,13
97064,1.0,12
97064,1.0,12
97088,0.0,3
97104,1.0,12
97104,1.0,12
97128,1.0,13
97128,1.0,12
97128,0.0,5
97200,1.0,12
97304,4.0,41
97328,2.0,25
97344,0.0,5
97344,2.0,30
97352,3.0,36
97360,2.0,29
97368,0.0,5
97384,4.0,45
97392,0.0,5
97392,2.0,24
97440,1.0,12
97440,1.0,12
97480,1.0,12
97504,1.0,17
97536,5.0,51
97544,2.0,23
97576,0.0,5
97576,2.0,23
97584,1.0,18
97616,1.0,17
97640,1.0,12
97672,1.0,12
97696,3.0,32
97712,1.0,12
97720,0.0,3
97728,2.0,28
97728,3.0,42
97736,1.0,12
97760,0.0,5
97800,0.0,5
97808,1.0,17
97824,1.0,12
97896,1.0,12
97896,2.0,23
97896,3.0,40
97904,3.0,40
97928,2.0,24
97992,2.0,23
97992,1.0,12
98032,0.0,5
98048,3.0,40
98080,2.0,23
98088,2.0,23
98088,2.0,24
98088,1.0,12
98144,1.0,12
98176,1.0,12
98184,1.0,12
98184,4.0,45
98240,1.0,12
98272,2.0,23
98280,1.0,12
98280,1.0,12
98288,4.0,45
98312,0.0,5
98360,3.0,41
98376,1.0,12
98384,1.0,12
98400,0.0,5
98408,1.0,12
98416,3.0,41
98424,0.0,5
98464,2.0,23
98504,4.0,41
98504,1.0,12
98512,1.0,12
98528,0.0,3
98528,3.0,36
98568,0.0,5
98600,1.0,17
98600,1.0,12
98624,2.0,25
98624,1.0,12
98664,1.0,12
98664,0.0,5
98704,4.0,41
98704,1.0,13
98728,0.0,3
98728,3.0,41
98760,1.0,12
98760,1.0,12
98784,2.0,23
98784,1.0,10
98808,2.0,23
98824,1.0,12
98824,1.0,12
98840,4.0,41
98856,1.0,12
98864,0.0,3
98880,1.0,12
98880,1.0,12
98896,0.0,5
98904,1.0,10
98904,0.0,3
98944,0.0,5
98952,2.0,24
98976,1.0,12
98992,2.0,23
98992,1.0,12
99000,0.0,3
99016,0.0,3
99016,2.0,24
99024,1.0,15
99040,0.0,3
99040,1.0,12
99040,0.0,3
99048,1.0,12
99048,2.0,23
99072,0.0,3
99080,0.0,5
99104,1.0,10
99120,1.0,10
99120,1.0,10
99128,1.0,10
99128,0.0,3
99160,0.0,5
99168,1.0,12
99184,2.0,23
99200,1.0,15
99200,0.0,5
99216,1.0,12
99224,1.0,12
99264,0.0,5
99280,1.0,12
99320,0.0,5
99352,4.0,45
99360,2.0,24
99384,2.0,23
99392,0.0,5
99392,2.0,24
99424,0.0,5
99432,0.0,5
99456,1.0,12
99464,0.0,5
99488,4.0,45
99504,0.0,5
99520,2.0,25
99528,1.0,12
99552,1.0,12
99568,0.0,5
99576,4.0,45
99576,2.0,23
99584,1.0,12
99600,1.0,12
99608,0.0,5
99616,0.0,5
99624,4.0,45
99624,0.0,5
99648,1.0,12
99656,0.0,5
99672,1.0,12
99704,2.0,23
99712,0.0,5
99728,1.0,16
99744,0.0,5
99752,1.0,12
99752,1.0,13
99824,1.0,12
99840,1.0,12
99848,1.0,12
99864,2.0,30
99864,2.0,30
99920,1.0,12
99936,1.0,12
99944,1.0,12
99960,1.0,12
99960,1.0,12
99968,4.0,45
99976,0.0,5
