timesteps,reward,episode_length
40,0.0,5
40,0.0,5
40,0.0,5
40,0.0,5
40,0.0,5
40,0.0,5
40,0.0,5
80,0.0,5
80,0.0,5
80,0.0,5
80,0.0,5
80,0.0,5
120,0.0,5
136,1.0,12
160,0.0,5
168,1.0,16
176,0.0,5
200,0.0,5
208,0.0,5
216,0.0,5
240,0.0,3
240,0.0,5
248,2.0,21
248,2.0,21
264,0.0,3
272,0.0,3
280,0.0,5
288,0.0,5
296,0.0,3
296,4.0,37
304,0.0,5
312,2.0,29
312,2.0,29
312,0.0,3
320,0.0,5
336,0.0,3
336,0.0,5
344,0.0,5
352,0.0,5
352,0.0,5
360,0.0,5
376,0.0,5
376,0.0,3
384,0.0,5
392,1.0,12
400,0.0,5
416,0.0,5
416,0.0,5
424,0.0,5
440,0.0,5
448,1.0,14
456,0.0,5
480,0.0,5
488,1.0,17
488,0.0,5
496,0.0,5
520,1.0,16
520,0.0,5
520,0.0,3
528,0.0,5
536,4.0,41
536,1.0,14
560,0.0,5
560,0.0,5
560,0.0,5
568,0.0,5
576,0.0,5
576,0.0,5
584,2.0,21
600,0.0,5
600,0.0,5
608,0.0,5
616,0.0,5
616,0.0,5
624,1.0,17
624,0.0,5
640,0.0,5
640,0.0,3
656,0.0,5
680,0.0,5
680,0.0,5
696,0.0,5
704,0.0,3
720,1.0,15
720,0.0,5
720,1.0,12
736,0.0,5
744,0.0,3
744,0.0,3
744,0.0,5
760,0.0,5
776,0.0,5
784,0.0,5
784,0.0,5
784,0.0,5
792,2.0,23
800,0.0,5
816,2.0,24
816,0.0,5
824,0.0,5
824,0.0,5
832,0.0,5
856,0.0,5
856,0.0,5
864,0.0,5
864,0.0,5
880,1.0,12
888,4.0,41
896,0.0,5
896,0.0,5
912,1.0,10
920,0.0,5
928,1.0,16
936,0.0,5
968,0.0,5
976,0.0,5
992,1.0,16
992,1.0,16
1008,0.0,5
1008,1.0,15
1008,1.0,14
1032,0.0,5
1032,0.0,5
1048,0.0,5
1048,0.0,5
1088,0.0,5
1088,0.0,5
1088,1.0,14
1128,0.0,5
1128,0.0,5
1128,0.0,5
1128,1.0,12
1144,1.0,17
1152,0.0,3
1160,1.0,16
1168,0.0,5
1184,0.0,3
1192,0.0,5
1192,3.0,34
1224,0.0,5
1232,0.0,5
1240,4.0,41
1248,1.0,15
1264,1.0,12
1264,0.0,3
1272,0.0,3
1272,0.0,5
1280,1.0,17
1288,0.0,3
1296,2.0,21
1304,0.0,5
1312,0.0,5
1312,0.0,5
1320,0.0,5
1328,0.0,5
1328,1.0,17
1336,0.0,5
1336,1.0,14
1344,0.0,5
1352,0.0,5
1352,0.0,5
1360,0.0,5
1368,0.0,5
1368,0.0,5
1376,0.0,5
1376,0.0,5
1392,0.0,5
1392,0.0,5
1400,0.0,5
1408,0.0,5
1408,0.0,5
1416,0.0,5
1416,0.0,5
1432,0.0,5
1432,0.0,5
1440,0.0,5
1448,0.0,5
1456,0.0,5
1456,0.0,5
1472,0.0,5
1480,0.0,3
1480,0.0,5
1496,0.0,5
1512,0.0,5
1520,0.0,5
1520,1.0,14
1520,0.0,5
1528,2.0,23
1536,0.0,5
1544,1.0,12
1560,1.0,16
1560,0.0,5
1560,0.0,5
1560,0.0,5
1568,0.0,5
1576,0.0,5
1584,0.0,5
1600,0.0,5
1600,0.0,5
1600,0.0,5
1616,0.0,5
1624,1.0,14
1624,0.0,5
1640,0.0,5
1640,0.0,5
1656,0.0,5
1664,1.0,12
1664,0.0,5
1680,0.0,5
1688,1.0,16
1696,0.0,5
1704,0.0,5
1704,0.0,3
1704,0.0,5
1712,0.0,3
1736,0.0,5
1736,1.0,12
1736,1.0,14
1736,0.0,3
1744,0.0,5
1744,0.0,5
1744,0.0,5
1760,0.0,3
1776,0.0,5
1784,0.0,5
1800,0.0,5
1816,2.0,27
1816,0.0,5
1824,0.0,5
1840,0.0,5
1848,0.0,3
1856,0.0,5
1872,1.0,16
1872,1.0,16
1872,1.0,17
1880,0.0,5
1888,0.0,5
1896,0.0,5
1912,0.0,5
1912,1.0,12
1920,2.0,23
1920,0.0,5
1928,0.0,5
1936,0.0,5
1944,0.0,3
1960,0.0,5
1960,0.0,3
1968,0.0,5
1984,0.0,5
1992,1.0,10
2000,0.0,5
2000,0.0,5
2008,1.0,17
2008,1.0,17
2008,0.0,5
2024,0.0,5
2032,1.0,15
2032,0.0,5
2040,0.0,5
2048,0.0,5
2048,0.0,5
2048,0.0,3
2048,0.0,5
2072,0.0,5
2080,0.0,5
2088,0.0,5
2088,0.0,5
2088,0.0,5
2088,0.0,5
2112,0.0,3
2120,1.0,15
2120,0.0,5
2128,0.0,5
2128,0.0,5
2152,0.0,5
2160,0.0,5
2168,0.0,5
2184,1.0,14
2192,0.0,5
2200,1.0,14
2200,0.0,5
2208,0.0,5
2216,1.0,12
2224,0.0,5
2240,0.0,5
2240,1.0,14
2248,0.0,5
2248,2.0,27
2280,0.0,5
2280,0.0,5
2288,0.0,5
2304,1.0,14
2312,1.0,12
2320,0.0,5
2320,0.0,5
2328,0.0,5
2328,1.0,16
2344,0.0,5
2344,1.0,15
2360,0.0,5
2360,0.0,5
2368,0.0,5
2368,0.0,5
2376,1.0,16
2384,0.0,5
2384,0.0,5
2392,0.0,3
2400,0.0,5
2400,0.0,5
2400,0.0,3
2424,0.0,5
2424,0.0,5
2432,0.0,5
2440,1.0,16
2440,0.0,5
2440,0.0,5
2464,0.0,5
2464,0.0,5
2472,0.0,5
2480,0.0,5
2480,1.0,14
2480,0.0,5
2480,0.0,5
2488,0.0,3
2504,0.0,3
2504,0.0,5
2520,0.0,5
2520,0.0,5
2528,0.0,5
2544,0.0,5
2552,0.0,3
2560,0.0,5
2560,0.0,5
2584,0.0,5
2584,0.0,3
2592,0.0,5
2600,0.0,5
2600,1.0,15
2608,0.0,3
2616,1.0,14
2632,0.0,3
2632,0.0,5
2656,0.0,5
2656,2.0,23
2672,3.0,34
2672,0.0,5
2696,0.0,5
2696,1.0,14
2712,0.0,5
2728,1.0,12
2728,1.0,16
2736,0.0,5
2736,0.0,5
2752,0.0,3
2752,0.0,5
2776,0.0,5
2776,0.0,5
2784,1.0,14
2784,2.0,23
2792,0.0,5
2808,0.0,3
2816,0.0,5
2832,0.0,5
2848,0.0,5
2872,0.0,5
2880,1.0,16
2912,0.0,5
2912,1.0,16
2920,0.0,5
2952,0.0,5
2960,0.0,5
2960,2.0,29
2984,3.0,41
3000,0.0,5
3000,0.0,5
3008,2.0,29
3024,0.0,5
3040,0.0,5
3040,0.0,5
3040,1.0,16
3048,2.0,29
3048,0.0,5
3064,0.0,5
3080,0.0,5
3080,0.0,5
3080,0.0,5
3088,0.0,5
3088,0.0,5
3120,0.0,5
3120,0.0,5
3120,2.0,21
3120,0.0,5
3128,0.0,5
3128,0.0,5
3160,0.0,5
3160,0.0,5
3160,0.0,5
3160,3.0,39
3160,0.0,5
3168,0.0,5
3168,0.0,5
3184,0.0,3
3200,1.0,17
3240,0.0,5
3272,1.0,14
3280,1.0,15
3280,0.0,5
3280,1.0,12
3288,1.0,16
3296,1.0,16
3304,0.0,3
3312,0.0,5
3320,0.0,5
3328,0.0,5
3328,2.0,21
3336,0.0,5
3360,0.0,5
3368,0.0,5
3368,0.0,5
3376,0.0,5
3400,0.0,5
3408,0.0,5
3416,0.0,5
3424,0.0,3
3432,1.0,15
3440,0.0,3
3448,0.0,5
3448,2.0,21
3456,0.0,3
3464,0.0,3
3464,0.0,5
3480,1.0,14
3488,0.0,5
3496,0.0,5
3504,0.0,5
3520,0.0,5
3528,0.0,3
3528,2.0,28
3536,4.0,46
3544,1.0,12
3560,0.0,5
3568,0.0,5
3568,0.0,5
3576,0.0,5
3584,0.0,5
3592,0.0,3
3592,0.0,3
3616,0.0,5
3624,0.0,5
3632,0.0,5
3632,1.0,18
3632,0.0,5
3656,0.0,5
3664,2.0,21
3672,0.0,5
3672,0.0,5
3672,0.0,5
3680,1.0,15
3688,0.0,3
3696,3.0,29
3696,0.0,5
3712,0.0,5
3712,0.0,5
3712,0.0,5
3720,0.0,5
3728,0.0,5
3736,0.0,5
3736,0.0,5
3752,0.0,5
3752,0.0,5
3760,0.0,5
3768,0.0,5
3776,0.0,5
3792,2.0,21
3792,0.0,5
3832,0.0,5
3832,1.0,12
3832,0.0,5
3864,1.0,12
3872,0.0,5
3872,0.0,5
3872,1.0,15
3888,1.0,16
3896,0.0,3
3904,0.0,5
3936,0.0,5
3944,2.0,21
3952,1.0,15
3968,0.0,3
3984,1.0,12
3992,0.0,5
4000,1.0,16
4008,0.0,5
4032,0.0,5
4040,0.0,5
4040,4.0,41
4048,0.0,5
4064,1.0,16
4072,2.0,21
4080,0.0,5
4080,0.0,5
4088,0.0,3
4096,2.0,28
4096,0.0,3
4120,1.0,17
4120,0.0,5
4128,1.0,12
4136,0.0,5
4136,0.0,5
4160,0.0,5
4160,0.0,5
4176,0.0,5
4176,0.0,5
4200,0.0,5
4216,0.0,5
4216,1.0,16
4216,0.0,5
4240,0.0,3
4256,0.0,5
4264,2.0,23
4280,2.0,29
4280,0.0,5
4288,1.0,16
4288,0.0,3
4296,0.0,5
4304,0.0,3
4312,1.0,12
4328,0.0,5
4328,0.0,5
4336,2.0,26
4336,0.0,5
4344,0.0,5
4352,0.0,5
4368,0.0,5
4376,0.0,5
4376,0.0,5
4376,0.0,3
4384,0.0,5
4384,2.0,23
4392,1.0,14
4408,0.0,5
4416,0.0,5
4424,0.0,5
4432,0.0,5
4448,0.0,5
4456,0.0,5
4464,0.0,5
4472,0.0,5
4488,0.0,5
4488,1.0,14
4488,0.0,3
4496,2.0,21
4504,1.0,16
4512,1.0,16
4512,0.0,5
4520,0.0,3
4528,0.0,5
4528,0.0,5
4560,0.0,5
4568,0.0,5
4568,0.0,5
4600,0.0,5
4608,0.0,5
4608,1.0,12
4624,2.0,21
4632,1.0,16
4640,0.0,5
4648,1.0,17
4648,0.0,5
4648,0.0,5
4664,0.0,5
4672,0.0,5
4688,0.0,5
4704,0.0,5
4712,0.0,5
4728,0.0,5
4736,0.0,3
4744,0.0,5
4744,1.0,12
4752,1.0,14
4752,0.0,3
4760,0.0,3
4768,0.0,3
4776,1.0,16
4784,0.0,5
4792,0.0,5
4792,0.0,5
4800,3.0,39
4800,2.0,29
4808,0.0,5
4832,0.0,5
4840,0.0,5
4840,0.0,5
4848,0.0,5
4872,1.0,12
4880,0.0,5
4880,0.0,5
4888,0.0,5
4896,1.0,14
4904,1.0,14
4912,0.0,5
4920,2.0,20
4920,0.0,5
4920,0.0,3
4928,0.0,5
4944,0.0,5
4944,0.0,3
4952,0.0,5
4960,0.0,5
4960,0.0,5
4968,0.0,5
5000,0.0,5
5000,0.0,5
5008,1.0,16
5008,0.0,5
5024,0.0,3
5048,0.0,5
5048,0.0,5
5064,0.0,5
5064,1.0,15
5080,1.0,17
5080,1.0,16
5088,0.0,3
5088,0.0,5
5088,0.0,5
5088,0.0,3
5112,1.0,14
5128,0.0,5
5128,0.0,5
5128,0.0,5
5136,0.0,3
5144,4.0,39
5168,0.0,5
5176,0.0,5
5208,1.0,15
5208,0.0,5
5208,1.0,16
5216,0.0,5
5224,1.0,12
5248,0.0,5
5248,0.0,5
5256,0.0,5
5264,1.0,15
5264,0.0,5
5264,2.0,23
5288,0.0,5
5288,0.0,5
5296,2.0,21
5304,0.0,5
5304,0.0,5
5304,0.0,5
5328,0.0,5
5328,0.0,5
5336,0.0,5
5344,0.0,5
5344,0.0,5
5368,0.0,5
5376,1.0,15
5384,0.0,5
5384,0.0,5
5392,2.0,23
5400,0.0,3
5424,0.0,5
5424,0.0,5
5432,0.0,5
5440,0.0,5
5448,1.0,15
5456,1.0,15
5464,0.0,5
5464,0.0,5
5472,0.0,5
5480,0.0,5
5488,0.0,5
5496,1.0,16
5496,0.0,5
5504,0.0,5
5504,0.0,5
5512,0.0,5
5520,0.0,5
5520,2.0,27
5528,0.0,5
5536,0.0,5
5536,0.0,5
5544,0.0,5
5544,0.0,5
5552,0.0,5
5560,0.0,5
5568,0.0,5
5576,0.0,5
5584,0.0,5
5584,0.0,5
5592,0.0,5
5600,0.0,5
5608,0.0,5
5616,1.0,12
5616,0.0,5
5624,0.0,5
5624,0.0,5
5632,0.0,5
5640,0.0,5
5648,1.0,14
5656,0.0,5
5656,0.0,5
5664,0.0,3
5664,0.0,5
5696,0.0,5
5696,0.0,5
5704,0.0,5
5720,1.0,14
5736,0.0,5
5736,0.0,5
5744,0.0,5
5744,1.0,12
5760,1.0,16
5760,0.0,5
5776,0.0,5
5776,0.0,5
5784,0.0,5
5784,0.0,5
5800,0.0,5
5800,0.0,5
5816,0.0,5
5824,0.0,5
5840,0.0,5
5848,2.0,23
5856,0.0,5
5888,1.0,14
5888,0.0,5
5928,0.0,5
5928,0.0,5
5936,4.0,39
5952,1.0,16
5952,1.0,14
5968,0.0,5
5976,0.0,5
5976,2.0,22
5992,0.0,5
6008,0.0,5
6032,0.0,5
6048,0.0,5
6064,1.0,17
6080,2.0,28
6088,0.0,5
6088,1.0,17
6096,1.0,15
6104,1.0,16
6104,0.0,5
6112,4.0,41
6120,0.0,5
6128,0.0,5
6128,0.0,3
6128,0.0,5
6160,1.0,16
6168,0.0,5
6200,0.0,5
6216,1.0,14
6232,1.0,15
6240,0.0,5
6256,1.0,16
6264,1.0,17
6272,0.0,5
6280,0.0,5
6288,2.0,24
6296,1.0,16
6304,2.0,23
6304,0.0,5
6312,0.0,5
6320,0.0,5
6328,0.0,5
6336,0.0,5
6336,1.0,15
6344,0.0,3
6352,0.0,5
6376,0.0,5
6376,0.0,5
6392,1.0,17
6400,0.0,3
6416,0.0,5
6432,0.0,5
6440,1.0,17
6440,0.0,5
6456,1.0,16
6456,0.0,5
6464,0.0,3
6472,0.0,5
6480,0.0,5
6496,0.0,5
6512,0.0,5
6536,2.0,23
6536,0.0,5
6536,2.0,29
6552,1.0,12
6552,0.0,5
6560,0.0,3
6560,0.0,3
6576,0.0,5
6584,0.0,3
6592,1.0,16
6600,1.0,15
6624,0.0,5
6632,0.0,5
6632,3.0,36
6640,0.0,5
6664,0.0,5
6664,1.0,14
6672,0.0,5
6680,0.0,5
6688,1.0,17
6688,1.0,14
6696,1.0,17
6704,0.0,5
6712,0.0,5
6728,0.0,5
6736,0.0,5
6744,0.0,5
6768,0.0,5
6768,1.0,17
6776,0.0,5
6784,1.0,12
6808,0.0,5
6824,0.0,5
6824,1.0,14
6856,1.0,14
6864,0.0,5
6864,0.0,5
6888,0.0,3
6896,2.0,29
6896,0.0,5
6904,2.0,28
6928,0.0,5
6936,0.0,5
6936,2.0,21
6936,0.0,5
6936,1.0,16
6960,0.0,3
6960,2.0,23
6968,0.0,5
6976,0.0,5
6976,0.0,5
6976,0.0,5
6984,1.0,15
7000,0.0,5
7008,0.0,5
7016,0.0,5
7016,0.0,5
7016,0.0,5
7024,0.0,5
7040,0.0,5
7048,0.0,5
7056,0.0,5
7056,0.0,5
7056,0.0,5
7064,0.0,5
7072,0.0,3
7080,0.0,5
7096,0.0,5
7096,0.0,5
7096,1.0,17
7096,0.0,5
7104,0.0,5
7120,0.0,3
7128,0.0,3
7136,0.0,5
7136,0.0,5
7152,0.0,3
7160,0.0,3
7168,4.0,33
7176,1.0,12
7184,0.0,3
7192,1.0,12
7192,0.0,5
7200,1.0,16
7208,0.0,5
7224,0.0,3
7224,0.0,5
7232,0.0,5
7232,0.0,5
7240,1.0,15
7248,0.0,5
7248,0.0,3
7256,1.0,10
7264,0.0,5
7272,0.0,5
7280,0.0,5
7288,0.0,5
7288,0.0,5
7304,0.0,5
7312,0.0,5
7320,2.0,23
7320,0.0,5
7328,0.0,3
7328,0.0,5
7352,0.0,5
7360,0.0,5
7360,0.0,5
7368,0.0,5
7376,0.0,3
7400,0.0,5
7400,0.0,3
7400,0.0,5
7400,2.0,21
7408,0.0,5
7424,0.0,3
7424,0.0,3
7440,0.0,5
7440,0.0,5
7448,2.0,24
7448,0.0,5
7456,1.0,16
7464,0.0,3
7464,0.0,5
7496,0.0,5
7504,0.0,5
7504,0.0,5
7536,0.0,5
7544,0.0,5
7544,0.0,5
7576,0.0,5
7576,1.0,16
7584,1.0,17
7584,0.0,5
7600,4.0,39
7608,2.0,23
7624,0.0,5
7648,0.0,5
7656,1.0,14
7664,0.0,5
7688,0.0,5
7688,1.0,14
7696,1.0,12
7696,1.0,14
7720,0.0,3
7728,0.0,5
7728,0.0,5
7736,0.0,5
7744,0.0,3
7752,4.0,39
7760,2.0,23
7768,0.0,5
7776,0.0,5
7784,1.0,15
7784,0.0,5
7792,0.0,5
7792,0.0,3
7792,1.0,17
7824,1.0,12
7824,0.0,5
7824,0.0,5
7832,0.0,5
7832,0.0,5
7832,0.0,5
7856,0.0,3
7864,0.0,5
7864,0.0,5
7872,0.0,5
7880,1.0,15
7888,1.0,14
7888,0.0,3
7896,0.0,5
7904,0.0,5
7912,0.0,3
7912,0.0,3
7920,0.0,5
7936,0.0,5
7936,1.0,14
7944,0.0,5
7952,1.0,15
7952,0.0,5
7952,0.0,5
7960,0.0,5
7976,0.0,5
7976,0.0,5
7984,0.0,5
7992,0.0,5
7992,0.0,5
7992,0.0,5
8000,0.0,5
8016,0.0,5
8016,0.0,5
8024,0.0,5
8032,0.0,5
8032,0.0,5
8040,2.0,21
8040,0.0,5
8056,0.0,5
8064,0.0,5
8072,0.0,5
8072,0.0,5
8080,0.0,5
8080,0.0,5
8096,0.0,5
8104,1.0,14
8104,0.0,5
8112,0.0,5
8120,0.0,5
8128,0.0,3
8136,0.0,3
8136,0.0,5
8144,1.0,16
8168,0.0,3
8176,0.0,5
8176,0.0,5
8192,0.0,3
8192,1.0,14
8200,0.0,3
8216,1.0,14
8216,1.0,12
8216,0.0,5
8232,0.0,5
8232,0.0,5
8240,0.0,3
8240,0.0,5
8256,1.0,16
8256,0.0,5
8256,0.0,5
8272,0.0,5
8272,0.0,5
8280,0.0,5
8280,0.0,5
8280,0.0,3
8296,0.0,5
8304,0.0,3
8312,0.0,5
8320,0.0,5
8336,0.0,5
8336,0.0,3
8344,0.0,5
8376,0.0,5
8376,0.0,5
8384,0.0,5
8384,1.0,14
8400,4.0,41
8416,1.0,17
8416,0.0,5
8424,0.0,3
8424,2.0,21
8424,0.0,5
8448,1.0,16
8456,0.0,5
8456,0.0,5
8464,0.0,5
8464,0.0,5
8472,0.0,3
8480,1.0,12
8496,0.0,5
8504,0.0,3
8504,0.0,5
8504,0.0,5
8512,0.0,5
8520,0.0,3
8544,0.0,5
8544,0.0,5
8560,2.0,23
8560,0.0,5
8560,1.0,17
8568,1.0,14
8584,0.0,5
8584,0.0,5
8592,0.0,3
8600,0.0,5
8600,0.0,5
8624,0.0,5
8624,1.0,15
8624,0.0,5
8640,0.0,5
8640,0.0,5
8664,0.0,5
8664,0.0,5
8680,0.0,5
8680,2.0,21
8704,0.0,5
8720,0.0,5
8720,1.0,16
8720,0.0,5
8720,1.0,12
8760,0.0,5
8800,0.0,5
8800,1.0,12
8832,2.0,21
8840,0.0,5
8840,0.0,5
8856,1.0,17
8864,2.0,28
8864,0.0,3
8872,0.0,5
8896,0.0,5
8904,0.0,5
8904,2.0,23
8904,0.0,5
8904,2.0,23
8912,0.0,5
8920,4.0,45
8936,0.0,5
8944,0.0,5
8944,0.0,5
8944,0.0,5
8944,0.0,5
8952,0.0,5
8960,0.0,5
8976,0.0,5
8984,0.0,5
8984,0.0,5
8992,0.0,5
9000,0.0,5
9008,2.0,21
9024,0.0,5
9032,0.0,5
9048,0.0,5
9056,1.0,14
9064,0.0,5
9072,0.0,5
9088,0.0,5
9096,0.0,5
9104,0.0,5
9112,2.0,21
9112,1.0,16
9112,0.0,5
9144,0.0,5
9144,2.0,21
9152,0.0,5
9152,0.0,5
9152,0.0,5
9184,0.0,5
9184,0.0,5
9192,0.0,5
9192,0.0,5
9200,1.0,14
9224,0.0,5
9232,1.0,17
9264,0.0,5
9272,3.0,34
9272,0.0,5
9304,0.0,5
9312,0.0,5
9312,1.0,15
9320,1.0,17
9336,1.0,17
9344,0.0,5
9352,0.0,5
9352,0.0,5
9360,0.0,5
9376,0.0,5
9384,0.0,5
9392,0.0,5
9392,0.0,5
9400,0.0,5
9400,1.0,16
9408,2.0,27
9416,0.0,5
9424,0.0,5
9440,0.0,5
9440,0.0,5
9448,0.0,5
9456,0.0,5
9464,4.0,39
9464,0.0,5
9480,0.0,5
9488,0.0,5
9496,0.0,5
9504,1.0,14
9504,0.0,5
9520,1.0,16
9520,0.0,5
9528,0.0,5
9528,0.0,3
9536,1.0,12
9544,0.0,5
9560,0.0,5
9576,0.0,5
9584,0.0,5
9608,1.0,14
9616,1.0,12
9624,0.0,5
9648,0.0,5
9648,2.0,23
9656,0.0,5
9664,0.0,5
9672,0.0,3
9680,1.0,15
9688,0.0,5
9696,2.0,21
9696,0.0,5
9704,1.0,16
9704,0.0,5
9712,0.0,5
9720,0.0,5
9720,0.0,3
9736,0.0,5
9744,0.0,5
9752,2.0,28
9760,0.0,5
9760,0.0,5
9784,0.0,5
9792,0.0,5
9800,1.0,12
9800,0.0,5
9800,0.0,5
9824,0.0,5
9832,0.0,5
9840,0.0,5
9840,0.0,5
9840,0.0,5
9848,1.0,17
9856,2.0,21
9864,0.0,5
9864,1.0,16
9872,0.0,5
9880,0.0,5
9880,0.0,5
9888,0.0,5
9888,0.0,3
9896,0.0,3
9896,0.0,5
9904,0.0,3
9920,0.0,5
9928,0.0,5
9928,0.0,5
9936,0.0,5
9944,0.0,5
9960,0.0,5
9968,0.0,5
9976,0.0,5
9992,1.0,12
10000,0.0,5
10008,2.0,21
10008,0.0,5
10016,0.0,5
10024,1.0,12
10032,0.0,5
10032,2.0,21
10040,0.0,5
10048,0.0,5
10048,0.0,5
10048,0.0,3
10056,0.0,3
10072,0.0,3
10088,0.0,5
10176,1.0,16
10184,1.0,16
10184,1.0,14
10200,0.0,3
10200,2.0,21
10208,2.0,21
10208,0.0,3
10224,0.0,3
10224,0.0,5
10248,0.0,5
10248,0.0,3
10256,2.0,21
10272,3.0,41
10280,0.0,3
10288,0.0,5
10296,0.0,3
10328,1.0,16
10336,1.0,16
10336,1.0,14
10344,4.0,41
10352,0.0,3
10360,0.0,3
10360,0.0,3
10368,0.0,3
10376,0.0,3
10384,0.0,3
10392,0.0,3
10416,1.0,15
10416,2.0,21
10416,0.0,5
10424,0.0,5
10440,0.0,3
10440,0.0,3
10440,0.0,3
10448,0.0,3
10472,2.0,23
10480,0.0,5
10480,0.0,5
10488,0.0,5
10488,1.0,16
10512,0.0,5
10528,0.0,5
10528,1.0,17
10552,0.0,5
10568,0.0,5
10568,0.0,5
10576,1.0,17
10576,3.0,37
10592,0.0,5
10608,0.0,5
10608,0.0,5
10616,0.0,5
10616,0.0,5
10624,1.0,17
10632,0.0,3
10632,0.0,3
10656,0.0,5
10656,0.0,5
10664,2.0,23
10664,2.0,23
10664,0.0,5
10672,0.0,5
10696,0.0,5
10704,0.0,5
10728,1.0,17
10736,0.0,5
10744,0.0,5
10768,0.0,5
10784,0.0,5
10800,1.0,17
10808,0.0,5
10816,2.0,23
10824,2.0,21
10824,0.0,5
10840,0.0,5
10848,0.0,5
10856,2.0,24
10856,2.0,23
10856,0.0,5
10864,0.0,5
10864,0.0,5
10880,0.0,5
10888,0.0,5
10896,0.0,5
10896,0.0,5
10896,0.0,5
10904,0.0,5
10904,0.0,5
10920,0.0,5
10920,2.0,23
10928,0.0,5
10936,0.0,5
10936,0.0,5
10936,0.0,5
10944,0.0,5
10944,0.0,5
10960,0.0,5
10960,0.0,5
10968,0.0,5
10976,0.0,5
10976,0.0,5
10976,0.0,5
10984,0.0,5
11000,0.0,3
11000,0.0,5
11024,0.0,3
11080,1.0,14
11112,1.0,14
11120,0.0,5
11128,2.0,23
11128,2.0,21
11136,0.0,3
11144,2.0,21
11144,2.0,21
11152,0.0,3
11168,0.0,3
11168,0.0,5
11168,0.0,3
11176,0.0,3
11176,0.0,5
11192,0.0,3
11200,2.0,22
11200,2.0,27
11208,0.0,5
11216,0.0,5
11232,0.0,5
11240,1.0,15
11240,0.0,5
11240,0.0,5
11248,0.0,5
11280,1.0,14
11280,0.0,5
11280,0.0,5
11296,1.0,15
11328,1.0,12
11336,1.0,15
11336,0.0,5
11344,1.0,12
11368,0.0,5
11376,0.0,5
11376,1.0,12
11376,1.0,12
11376,1.0,12
11408,0.0,5
11416,0.0,5
11416,0.0,5
11416,0.0,5
11432,0.0,3
11432,1.0,12
11440,1.0,12
11456,0.0,5
11472,1.0,12
11472,0.0,5
11496,0.0,5
11512,1.0,12
11512,0.0,5
11512,1.0,12
11528,1.0,12
11536,1.0,12
11536,0.0,5
11552,0.0,5
11552,0.0,5
11552,0.0,5
11552,4.0,39
11568,0.0,5
11568,1.0,12
11576,0.0,5
11592,0.0,5
11592,0.0,5
11608,0.0,5
11632,0.0,5
11632,0.0,5
11632,1.0,12
11648,1.0,12
11664,1.0,12
11672,0.0,5
11672,1.0,12
11672,0.0,5
11704,1.0,12
11728,1.0,12
11744,2.0,24
11744,1.0,12
11768,1.0,12
11768,0.0,5
11768,1.0,12
11768,1.0,12
11784,0.0,5
11800,1.0,12
11840,0.0,5
11840,1.0,12
11864,1.0,12
11864,1.0,12
11864,1.0,12
11864,1.0,12
11880,0.0,5
11880,0.0,5
11880,1.0,12
11904,0.0,5
11904,0.0,3
11904,0.0,5
11904,0.0,3
11904,0.0,5
11928,0.0,3
11944,0.0,5
11944,0.0,5
11944,0.0,5
11984,0.0,5
11984,3.0,40
12008,0.0,3
12032,0.0,3
12056,2.0,22
12072,2.0,21
12080,0.0,3
12096,0.0,3
12104,2.0,22
12112,2.0,21
12112,2.0,21
12120,0.0,3
12128,0.0,3
12136,0.0,3
12136,0.0,3
12152,2.0,21
12152,1.0,15
12176,0.0,3
12176,0.0,5
12176,0.0,3
12192,4.0,41
12216,1.0,17
12216,0.0,5
12216,0.0,5
12232,0.0,5
12240,0.0,3
12256,0.0,5
12256,0.0,3
12256,1.0,17
12272,1.0,17
12280,0.0,5
12280,0.0,3
12296,0.0,3
12296,1.0,15
12296,0.0,5
12320,2.0,24
12320,0.0,5
12336,0.0,5
12336,0.0,5
12344,0.0,3
12384,0.0,5
12384,2.0,21
12392,1.0,14
12408,0.0,3
12416,0.0,3
12424,2.0,21
12440,1.0,15
12448,0.0,3
12448,0.0,5
12456,0.0,5
12464,2.0,21
12480,0.0,5
12488,0.0,5
12488,0.0,3
12496,0.0,5
12504,2.0,21
12504,2.0,21
12504,1.0,15
12520,0.0,5
12528,0.0,3
12528,0.0,3
12528,0.0,3
12536,0.0,5
12568,0.0,5
12568,0.0,5
12568,1.0,15
12608,1.0,15
12608,0.0,5
12632,1.0,14
12648,1.0,14
12648,0.0,5
12664,1.0,17
12672,2.0,23
12672,0.0,5
12680,1.0,14
12688,0.0,5
12688,0.0,5
12688,1.0,15
12704,0.0,5
12712,0.0,5
12712,0.0,5
12720,0.0,5
12720,1.0,14
12728,0.0,5
12728,0.0,5
12728,0.0,5
12744,0.0,5
12752,0.0,5
12752,0.0,5
12760,0.0,5
12760,0.0,5
12768,0.0,5
12768,0.0,5
12792,0.0,5
12800,0.0,5
12824,1.0,12
12848,1.0,12
12856,1.0,14
12864,1.0,12
12864,1.0,12
12896,1.0,12
12904,0.0,5
12944,1.0,12
12952,1.0,12
12960,1.0,12
12992,0.0,5
13000,1.0,12
13024,1.0,16
13040,0.0,5
13040,1.0,12
13056,1.0,12
13064,0.0,5
13080,0.0,5
13088,1.0,12
13088,3.0,41
13096,0.0,5
13104,0.0,5
13136,1.0,12
13136,0.0,5
13152,4.0,45
13176,0.0,5
13176,0.0,5
13176,1.0,12
13184,4.0,45
13184,1.0,12
13200,1.0,12
13216,0.0,5
13216,0.0,5
13216,0.0,5
13224,0.0,5
13248,1.0,12
13256,0.0,5
13280,1.0,12
13288,0.0,5
13296,0.0,5
13296,1.0,12
13312,1.0,12
13312,1.0,12
13320,0.0,5
13320,1.0,12
13328,0.0,5
13336,0.0,5
13336,0.0,5
13352,0.0,5
13360,0.0,5
13368,0.0,5
13376,3.0,36
13376,0.0,5
13392,0.0,5
13400,0.0,5
13408,0.0,5
13416,0.0,5
13416,0.0,5
13432,0.0,5
13440,0.0,5
13440,1.0,16
13448,0.0,5
13456,0.0,5
13456,0.0,5
13464,1.0,16
13472,0.0,5
13480,0.0,5
13480,0.0,5
13488,0.0,5
13496,0.0,5
13496,0.0,5
13504,0.0,5
13512,0.0,5
13520,0.0,5
13520,0.0,5
13528,0.0,5
13536,0.0,5
13536,0.0,5
13544,0.0,5
13560,0.0,3
13568,0.0,5
13576,0.0,5
13584,0.0,5
13584,0.0,3
13640,1.0,15
13664,0.0,3
13680,2.0,21
13680,4.0,45
13688,2.0,21
13688,1.0,14
13696,1.0,14
13704,0.0,3
13704,0.0,3
13704,0.0,5
13712,0.0,3
13712,0.0,3
13720,0.0,3
13728,0.0,3
13728,0.0,3
13736,2.0,21
13744,0.0,5
13752,0.0,5
13752,0.0,3
13760,2.0,22
13760,0.0,3
13800,0.0,5
13800,0.0,5
13840,1.0,16
13840,0.0,5
13848,1.0,16
13856,1.0,16
13872,0.0,3
13880,0.0,3
13880,0.0,5
13912,2.0,21
13920,2.0,21
13920,0.0,5
13920,1.0,15
13928,2.0,22
13936,0.0,3
13944,0.0,3
13952,0.0,3
13960,0.0,5
13976,0.0,5
14016,1.0,17
14024,2.0,23
14040,0.0,3
14048,0.0,3
14056,2.0,23
14080,0.0,5
14088,0.0,5
14096,0.0,5
14096,1.0,15
14120,0.0,5
14136,0.0,5
14136,0.0,5
14136,2.0,23
14160,0.0,3
14160,0.0,3
14160,0.0,3
14200,0.0,5
14200,0.0,5
14200,0.0,5
14208,1.0,15
14232,4.0,39
14240,3.0,37
14240,0.0,5
14248,0.0,5
14256,0.0,3
14264,0.0,3
14272,4.0,39
14288,2.0,21
14296,0.0,5
14296,0.0,3
14304,0.0,5
14312,0.0,3
14320,1.0,15
14336,0.0,5
14336,0.0,5
14344,0.0,3
14376,1.0,16
14400,0.0,3
14408,1.0,12
14408,2.0,21
14416,1.0,14
14416,2.0,27
14424,1.0,11
14432,0.0,3
14440,0.0,3
14440,0.0,3
14440,0.0,5
14464,0.0,3
14464,0.0,5
14480,0.0,5
14488,1.0,10
14504,0.0,5
14528,1.0,12
14544,1.0,10
14560,1.0,10
14568,0.0,3
14584,1.0,10
14608,1.0,10
14608,0.0,3
14632,2.0,24
14648,0.0,5
14656,0.0,3
14664,1.0,12
14672,0.0,3
14672,3.0,41
14688,1.0,16
14688,0.0,3
14696,4.0,45
14696,0.0,5
14704,1.0,12
14712,0.0,3
14712,0.0,5
14720,0.0,3
14728,0.0,3
14728,0.0,5
14736,0.0,3
14752,0.0,5
14752,0.0,3
14760,0.0,5
14768,1.0,12
14768,0.0,5
14776,0.0,3
14776,0.0,5
14792,0.0,3
14792,0.0,3
14792,0.0,5
14800,0.0,5
14808,1.0,14
14816,0.0,5
14816,0.0,5
14816,0.0,3
14816,0.0,3
14840,0.0,3
14848,4.0,45
14848,0.0,5
14856,0.0,5
14872,0.0,3
14880,0.0,5
14888,0.0,5
14896,0.0,3
14912,1.0,14
14912,1.0,15
14920,0.0,3
14928,1.0,14
14928,1.0,14
14952,0.0,5
14952,0.0,3
14952,0.0,5
14968,1.0,14
14968,0.0,5
14992,0.0,3
14992,0.0,5
15008,0.0,5
15048,2.0,21
15056,2.0,21
15072,0.0,3
15080,1.0,16
15080,0.0,3
15096,2.0,22
15096,0.0,3
15104,0.0,3
15104,0.0,3
15120,1.0,16
15120,2.0,21
15136,0.0,5
15144,0.0,3
15144,0.0,3
15144,0.0,5
15160,2.0,21
15176,2.0,21
15176,0.0,5
15184,0.0,5
15184,0.0,5
15184,0.0,3
15200,0.0,3
15224,0.0,5
15240,1.0,17
15248,0.0,3
15256,1.0,14
15280,2.0,23
15280,0.0,3
15280,0.0,5
15288,0.0,5
15288,1.0,14
15296,1.0,14
15296,1.0,12
15304,0.0,3
15304,1.0,15
15304,0.0,3
15312,0.0,3
15312,0.0,3
15320,0.0,3
15320,0.0,5
15320,0.0,3
15344,0.0,5
15344,0.0,5
15344,0.0,3
15344,0.0,5
15352,0.0,5
15360,0.0,5
15360,0.0,5
15368,0.0,3
15368,0.0,3
15376,0.0,3
15384,0.0,3
15384,0.0,5
15408,0.0,5
15408,0.0,3
15408,0.0,5
15416,0.0,5
15424,0.0,5
15440,0.0,3
15448,0.0,3
15448,0.0,5
15448,0.0,5
15448,1.0,17
15472,1.0,16
15472,0.0,3
15480,1.0,15
15480,0.0,5
15488,0.0,5
15496,0.0,3
15504,0.0,3
15504,0.0,3
15512,0.0,3
15512,0.0,5
15528,1.0,15
15552,0.0,3
15552,0.0,5
15568,1.0,15
15568,1.0,15
15576,0.0,3
15592,0.0,5
15592,0.0,3
15592,0.0,3
15600,1.0,12
15608,1.0,12
15616,0.0,3
15616,0.0,5
15632,1.0,17
15640,0.0,3
15640,0.0,5
15656,0.0,3
15656,0.0,5
15664,0.0,3
15680,0.0,3
15680,0.0,3
15680,0.0,5
15688,1.0,12
15696,2.0,24
15704,0.0,5
15712,0.0,3
15720,0.0,5
15720,0.0,5
15720,0.0,5
15720,0.0,3
15728,1.0,17
15728,0.0,3
15736,1.0,16
15744,0.0,3
15752,0.0,3
15752,0.0,5
15760,0.0,3
15760,0.0,5
15760,0.0,5
15768,0.0,5
15784,0.0,5
15792,0.0,5
15800,0.0,5
15808,0.0,5
15816,0.0,3
15832,1.0,14
15856,0.0,5
15856,0.0,3
15864,1.0,14
15872,1.0,14
15872,1.0,14
15888,0.0,3
15896,1.0,14
15896,0.0,3
15896,0.0,5
15896,0.0,3
15920,1.0,15
15920,0.0,3
15920,0.0,3
15920,1.0,14
15936,0.0,5
15936,0.0,5
15944,0.0,3
15944,0.0,3
15960,0.0,5
15960,0.0,5
15960,0.0,3
15984,0.0,5
15984,0.0,5
16000,0.0,5
16008,0.0,3
16056,1.0,15
16080,1.0,15
16080,2.0,28
16096,1.0,14
16096,0.0,5
16104,0.0,3
16120,0.0,3
16120,0.0,5
16128,2.0,21
16144,0.0,5
16152,0.0,3
16160,0.0,5
16168,0.0,3
16168,2.0,21
16192,0.0,5
16192,0.0,3
16192,2.0,23
16216,0.0,3
16216,3.0,41
16216,0.0,3
16232,1.0,14
16232,0.0,5
16240,0.0,3
16256,0.0,3
16256,0.0,5
16256,0.0,3
16256,0.0,5
16264,2.0,21
16280,1.0,15
16280,0.0,5
16296,0.0,5
16296,0.0,5
16296,0.0,5
16304,0.0,5
16320,0.0,5
16392,1.0,17
16416,1.0,15
16416,0.0,3
16424,1.0,15
16448,2.0,21
16456,0.0,5
16456,0.0,5
16464,0.0,5
16464,2.0,21
16480,2.0,23
16488,2.0,21
16488,0.0,5
16496,0.0,5
16496,0.0,5
16504,0.0,5
16504,0.0,5
16528,0.0,5
16528,4.0,45
16536,0.0,5
16536,0.0,5
16544,0.0,5
16544,0.0,5
16568,0.0,5
16568,0.0,5
16576,0.0,5
16576,0.0,5
16584,0.0,5
16584,0.0,5
16616,0.0,5
16616,0.0,5
16624,1.0,17
16624,0.0,5
16624,0.0,5
16656,0.0,5
16656,0.0,5
16664,0.0,5
16664,2.0,23
16664,0.0,5
16696,0.0,5
16696,1.0,16
16696,0.0,5
16704,0.0,5
16704,0.0,5
16736,0.0,5
16744,0.0,5
16744,0.0,5
16752,2.0,23
16784,0.0,5
16784,0.0,5
16792,2.0,21
16792,0.0,5
16824,0.0,5
16824,0.0,5
16832,0.0,5
16832,0.0,5
16848,2.0,23
16864,0.0,5
16864,0.0,5
16872,0.0,5
16872,1.0,17
16880,2.0,23
16880,2.0,23
16888,0.0,5
16904,0.0,5
16904,0.0,5
16912,0.0,5
16912,0.0,5
16920,0.0,5
16928,0.0,5
16944,0.0,5
16952,0.0,5
16952,0.0,5
16960,0.0,5
16968,0.0,5
16992,0.0,5
16992,0.0,5
16992,0.0,3
17000,0.0,5
17016,1.0,17
17016,2.0,23
17016,0.0,3
17032,1.0,16
17032,0.0,5
17040,0.0,3
17040,0.0,3
17040,0.0,3
17056,0.0,3
17064,0.0,3
17080,0.0,5
17104,0.0,5
17128,2.0,23
17152,0.0,3
17160,2.0,21
17168,2.0,21
17184,1.0,16
17184,0.0,3
17192,0.0,3
17200,2.0,21
17208,0.0,3
17208,0.0,3
17216,2.0,22
17216,0.0,3
17224,0.0,3
17232,0.0,3
17248,2.0,21
17248,0.0,3
17248,0.0,5
17256,0.0,5
17256,0.0,5
17272,0.0,5
17272,2.0,21
17288,0.0,5
17288,0.0,5
17288,0.0,5
17296,0.0,3
17296,0.0,5
17320,0.0,3
17328,0.0,5
17336,2.0,23
17360,0.0,3
17360,0.0,5
17368,1.0,14
17392,0.0,3
17400,0.0,5
17400,0.0,5
17408,1.0,15
17424,0.0,3
17432,0.0,3
17432,0.0,5
17440,2.0,21
17456,2.0,21
17456,0.0,3
17464,0.0,3
17464,0.0,5
17464,2.0,21
17472,0.0,5
17480,0.0,3
17488,0.0,3
17496,2.0,21
17496,0.0,5
17504,0.0,5
17504,0.0,5
17512,1.0,14
17520,0.0,3
17520,0.0,5
17528,0.0,5
17536,0.0,3
17576,0.0,5
17624,1.0,15
17640,2.0,21
17640,1.0,15
17648,1.0,15
17656,1.0,17
17664,0.0,5
17664,2.0,21
17680,0.0,5
17680,2.0,22
17688,0.0,3
17688,0.0,5
17696,1.0,15
17704,0.0,3
17728,0.0,5
17736,0.0,5
17744,0.0,5
17792,1.0,17
17800,1.0,15
17824,0.0,3
17824,2.0,23
17832,2.0,21
17832,0.0,5
17848,0.0,3
17848,1.0,15
17856,0.0,3
17856,2.0,21
17864,0.0,5
17864,1.0,15
17880,0.0,3
17888,0.0,5
17888,0.0,5
17896,0.0,5
17904,0.0,5
17904,2.0,21
17928,0.0,3
17968,0.0,5
18000,2.0,21
18000,1.0,14
18008,1.0,15
18016,1.0,15
18016,1.0,14
18016,1.0,17
18024,0.0,3
18032,2.0,21
18032,0.0,3
18040,0.0,3
18056,0.0,3
18064,0.0,5
18072,0.0,5
18080,0.0,5
18088,1.0,15
18096,0.0,5
18112,1.0,12
18152,1.0,11
18152,1.0,10
18176,1.0,10
18184,1.0,12
18192,0.0,5
18200,1.0,15
18216,0.0,5
18232,1.0,15
18280,3.0,35
18296,1.0,12
18312,1.0,12
18328,1.0,12
18344,3.0,41
18376,2.0,24
18376,1.0,12
18392,1.0,12
18408,1.0,12
18424,1.0,12
18464,0.0,5
18472,1.0,12
18472,1.0,12
18488,1.0,12
18496,0.0,3
18504,0.0,5
18504,1.0,12
18512,4.0,45
18512,0.0,3
18512,0.0,5
18520,0.0,3
18528,0.0,3
18536,0.0,3
18536,0.0,3
18552,4.0,45
18560,0.0,3
18560,0.0,5
18568,0.0,5
18576,0.0,5
18576,0.0,3
18584,0.0,3
18672,2.0,21
18680,2.0,21
18696,0.0,3
18704,1.0,15
18704,0.0,3
18704,4.0,45
18720,0.0,3
18728,2.0,21
18728,0.0,3
18728,0.0,3
18736,2.0,21
18744,0.0,5
18744,2.0,21
18752,0.0,4
18752,0.0,3
18752,0.0,3
18760,0.0,3
18760,2.0,23
18768,0.0,3
18768,0.0,3
18776,0.0,3
18776,0.0,3
18784,0.0,3
18784,0.0,3
18792,0.0,5
18792,0.0,3
18808,0.0,3
18816,0.0,5
18824,0.0,5
18832,0.0,5
18848,0.0,5
18856,0.0,5
18864,0.0,5
18864,1.0,17
18872,0.0,5
18904,0.0,5
18944,2.0,22
18952,2.0,22
18960,2.0,21
18968,0.0,3
18968,1.0,15
18984,0.0,3
18992,0.0,5
19008,0.0,5
19024,0.0,5
19024,2.0,21
19032,2.0,21
19040,2.0,21
19048,0.0,5
19048,0.0,3
19056,0.0,3
19064,0.0,3
19072,2.0,21
19088,0.0,5
19096,0.0,5
19096,0.0,3
19104,1.0,17
19104,0.0,5
19104,1.0,14
19128,0.0,5
19136,0.0,5
19136,0.0,5
19144,1.0,15
19144,0.0,5
19144,0.0,5
19160,1.0,14
19176,0.0,5
19176,0.0,5
19184,0.0,5
19184,0.0,5
19184,0.0,5
19200,0.0,5
19216,0.0,5
19224,0.0,5
19224,0.0,5
19232,1.0,16
19240,0.0,5
19256,1.0,16
19256,0.0,5
19264,0.0,5
19264,0.0,5
19280,0.0,5
19296,0.0,5
19296,0.0,5
19304,0.0,5
19304,1.0,16
19320,0.0,5
19320,1.0,17
19336,0.0,5
19336,0.0,5
19344,0.0,5
19344,0.0,5
19360,0.0,5
19360,0.0,5
19368,1.0,17
19376,0.0,5
19376,0.0,5
19384,0.0,5
19384,0.0,5
19400,1.0,17
19400,0.0,5
19400,0.0,5
19408,0.0,5
19416,0.0,5
19416,0.0,5
19424,0.0,5
19440,0.0,5
19440,0.0,5
19456,0.0,5
19456,0.0,5
19480,0.0,5
19480,0.0,5
19496,0.0,5
19544,1.0,17
19568,2.0,23
19568,0.0,3
19584,2.0,23
19592,0.0,3
19608,2.0,23
19608,0.0,5
19608,0.0,3
19616,0.0,3
19632,0.0,3
19632,0.0,3
19640,2.0,23
19648,0.0,4
19648,2.0,21
19648,2.0,21
19656,0.0,3
19664,0.0,3
19664,2.0,21
19672,0.0,3
19672,0.0,3
19672,0.0,5
19688,0.0,5
19688,0.0,3
19688,0.0,3
19696,0.0,5
19696,0.0,3
19696,0.0,3
19720,0.0,3
19728,0.0,4
19728,0.0,5
19728,0.0,5
19736,0.0,5
19752,0.0,3
19760,0.0,5
19768,0.0,5
19768,0.0,5
19776,2.0,21
19776,0.0,5
19776,0.0,3
19784,0.0,3
19784,1.0,14
19800,1.0,14
19824,0.0,5
19840,0.0,5
19864,0.0,5
19872,1.0,12
19880,0.0,5
19880,1.0,12
19904,0.0,5
19912,0.0,5
19920,0.0,5
19920,0.0,5
19936,2.0,21
19936,2.0,21
19944,2.0,21
19952,0.0,5
19952,2.0,22
19960,0.0,5
19960,0.0,5
19976,0.0,5
19976,0.0,5
19984,0.0,5
19992,0.0,5
19992,0.0,5
20000,0.0,5
20000,0.0,5
20016,0.0,5
20016,0.0,5
20024,0.0,5
20032,0.0,5
20032,0.0,5
20056,0.0,5
20056,0.0,5
20064,0.0,5
20072,0.0,5
20072,0.0,5
20088,2.0,23
20096,0.0,5
20096,0.0,5
20104,0.0,5
20112,0.0,5
20112,0.0,5
20128,0.0,5
20136,0.0,5
20144,0.0,5
20152,0.0,5
20184,2.0,23
20184,2.0,23
20192,0.0,5
20208,0.0,3
20232,0.0,3
20240,1.0,16
20248,1.0,15
20256,1.0,14
20264,0.0,3
20272,0.0,3
20272,0.0,5
20280,2.0,23
20280,0.0,3
20304,0.0,3
20304,2.0,21
20304,0.0,5
20320,1.0,17
20328,0.0,3
20328,0.0,3
20344,0.0,3
20352,0.0,3
20360,2.0,21
20384,0.0,5
20384,0.0,3
20392,1.0,15
20408,0.0,3
20408,1.0,16
20432,0.0,5
20448,0.0,5
20448,0.0,5
20456,0.0,3
20456,2.0,23
20464,1.0,17
20472,2.0,21
20480,0.0,3
20480,0.0,3
20488,0.0,5
20496,0.0,3
20504,0.0,5
20504,0.0,3
20520,0.0,3
20528,0.0,3
20536,2.0,23
20536,0.0,4
20552,2.0,21
20552,0.0,3
20552,0.0,4
20560,0.0,3
20576,0.0,3
20584,0.0,3
20592,0.0,5
20600,0.0,3
20616,2.0,21
20616,0.0,4
20640,0.0,5
20640,0.0,3
20656,2.0,22
20656,2.0,21
20656,1.0,15
20664,0.0,3
20680,0.0,5
20680,0.0,3
20680,0.0,3
20696,0.0,5
20704,0.0,3
20704,0.0,3
20704,0.0,5
20720,0.0,5
20728,0.0,3
20728,2.0,22
20736,1.0,15
20744,0.0,5
20744,0.0,5
20752,0.0,3
20760,2.0,21
20768,0.0,5
20776,0.0,5
20784,0.0,3
20800,0.0,3
20824,0.0,5
20840,0.0,5
20864,2.0,21
20880,0.0,5
20888,2.0,21
20904,0.0,5
20912,2.0,21
20920,0.0,5
20928,0.0,5
20928,2.0,23
20936,2.0,21
20936,2.0,23
20944,0.0,5
20952,0.0,5
20960,1.0,17
20968,0.0,5
20976,0.0,5
20976,0.0,5
20992,0.0,5
21016,0.0,5
21016,1.0,12
21032,0.0,5
21064,1.0,12
21072,1.0,12
21072,0.0,5
21112,1.0,12
21112,1.0,12
21152,0.0,5
21168,1.0,12
21168,1.0,12
21208,0.0,5
21208,0.0,5
21208,1.0,12
21248,0.0,5
21248,0.0,5
21248,0.0,5
21256,2.0,24
21272,0.0,3
21280,1.0,16
21280,3.0,40
21288,0.0,5
21288,0.0,5
21296,0.0,5
21320,0.0,5
21320,0.0,5
21328,0.0,5
21328,0.0,5
21336,0.0,5
21336,5.0,51
21352,5.0,51
21360,0.0,3
21360,0.0,5
21384,0.0,3
21392,0.0,5
21400,1.0,16
21408,0.0,3
21424,0.0,3
21432,1.0,14
21440,1.0,14
21440,1.0,14
21448,1.0,14
21448,0.0,5
21456,0.0,3
21464,0.0,3
21464,0.0,3
21472,0.0,3
21480,1.0,15
21504,1.0,14
21512,0.0,5
21528,0.0,3
21552,1.0,16
21560,1.0,14
21576,0.0,3
21576,1.0,15
21584,0.0,3
21592,1.0,16
21592,1.0,16
21600,0.0,3
21616,1.0,17
21616,0.0,3
21616,0.0,5
21624,1.0,14
21640,0.0,5
21656,0.0,5
21656,0.0,5
21656,1.0,16
21664,0.0,5
21680,0.0,5
21696,0.0,5
21696,0.0,5
21696,0.0,5
21704,0.0,5
21712,1.0,16
21720,1.0,16
21720,0.0,5
21728,1.0,14
21736,0.0,5
21736,0.0,5
21736,0.0,5
21744,0.0,5
21752,0.0,5
21760,0.0,5
21760,0.0,5
21768,0.0,5
21776,0.0,5
21776,0.0,5
21776,0.0,5
21784,0.0,5
21792,0.0,5
21808,0.0,5
21816,0.0,5
21816,0.0,5
21856,1.0,12
21856,1.0,12
21880,1.0,12
21888,1.0,12
21896,0.0,5
21904,1.0,12
21904,1.0,16
21928,0.0,5
21952,0.0,3
21952,1.0,12
21976,1.0,12
21992,1.0,12
21992,0.0,5
21992,0.0,5
22000,1.0,12
22016,0.0,5
22032,0.0,5
22032,0.0,5
22032,0.0,5
22040,0.0,5
22056,0.0,5
22072,0.0,5
22072,0.0,5
22072,0.0,5
22080,0.0,5
22112,0.0,5
22112,0.0,5
22112,0.0,5
22120,0.0,5
22152,0.0,5
22152,0.0,5
22160,0.0,5
22176,4.0,45
22176,4.0,45
22184,1.0,16
22192,0.0,5
22200,0.0,5
22216,0.0,5
22216,0.0,5
22224,0.0,5
22232,0.0,5
22248,1.0,17
22248,1.0,12
22256,0.0,5
22256,0.0,5
22264,0.0,5
22264,4.0,45
22272,0.0,5
22288,0.0,5
22288,0.0,5
22296,0.0,5
22296,0.0,5
22304,0.0,5
22304,0.0,5
22312,0.0,5
22328,0.0,5
22328,0.0,5
22336,0.0,5
22336,0.0,5
22336,1.0,17
22344,0.0,5
22344,0.0,5
22368,0.0,5
22376,0.0,5
22376,0.0,5
22376,0.0,5
22384,0.0,5
22384,0.0,5
22408,0.0,5
22416,0.0,5
22416,0.0,5
22416,0.0,5
22424,0.0,5
22424,0.0,5
22448,1.0,17
22448,0.0,5
22456,1.0,16
22456,0.0,5
22456,0.0,5
22456,0.0,5
22464,0.0,5
22488,0.0,5
22488,0.0,5
22496,0.0,5
22496,0.0,5
22496,0.0,5
22504,0.0,5
22528,0.0,5
22536,0.0,5
22536,0.0,5
22536,0.0,5
22544,0.0,5
22552,1.0,16
22568,0.0,5
22576,0.0,5
22576,0.0,5
22584,0.0,5
22584,1.0,16
22592,0.0,5
22608,0.0,5
22616,1.0,16
22616,0.0,5
22624,0.0,5
22624,0.0,5
22632,0.0,5
22648,0.0,5
22656,0.0,5
22656,0.0,5
22664,0.0,5
22664,1.0,16
22664,0.0,5
22672,0.0,5
22688,0.0,5
22696,0.0,5
22696,0.0,5
22704,0.0,5
22704,1.0,16
22704,0.0,5
22704,0.0,5
22712,0.0,5
22728,0.0,5
22736,0.0,5
22736,0.0,5
22744,0.0,5
22744,0.0,5
22744,0.0,5
22744,0.0,5
22752,0.0,5
22768,0.0,5
22776,0.0,5
22776,0.0,5
22784,0.0,5
22784,0.0,5
22784,0.0,5
22792,0.0,5
22808,0.0,5
22816,0.0,5
22816,0.0,5
22824,0.0,5
22824,0.0,5
22824,0.0,5
22848,0.0,5
22856,0.0,5
22856,0.0,5
22864,0.0,5
22864,0.0,5
22864,0.0,5
22872,1.0,16
22888,0.0,5
22888,1.0,12
22896,0.0,5
22896,0.0,5
22904,0.0,5
22904,0.0,5
22904,0.0,5
22912,0.0,5
22928,0.0,5
22928,0.0,5
22936,0.0,5
22944,0.0,5
22944,0.0,5
22944,0.0,5
22952,0.0,5
22968,0.0,5
22968,0.0,5
22992,0.0,5
23008,0.0,5
23008,0.0,5
23032,1.0,17
23032,0.0,5
23040,1.0,12
23048,0.0,5
23064,1.0,16
23072,0.0,5
23072,0.0,5
23080,0.0,5
23088,0.0,5
23104,1.0,12
23104,0.0,5
23112,0.0,5
23112,0.0,5
23128,0.0,5
23136,2.0,24
23136,2.0,24
23144,0.0,5
23144,0.0,5
23152,0.0,5
23152,0.0,5
23168,0.0,5
23176,0.0,5
23176,0.0,5
23184,0.0,5
23184,0.0,5
23192,0.0,5
23192,0.0,5
23208,1.0,16
23208,0.0,5
23216,0.0,5
23216,0.0,5
23224,0.0,5
23224,0.0,5
23232,0.0,5
23232,0.0,5
23248,0.0,5
23248,0.0,5
23256,0.0,5
23264,0.0,5
23264,0.0,5
23272,0.0,5
23272,0.0,5
23288,0.0,5
23288,0.0,5
23296,0.0,5
23304,0.0,5
23304,0.0,5
23312,0.0,5
23328,0.0,5
23336,0.0,5
23344,1.0,16
23344,0.0,5
23344,0.0,5
23352,0.0,5
23368,0.0,5
23376,0.0,5
23384,0.0,5
23384,0.0,5
23384,0.0,5
23392,0.0,5
23400,1.0,16
23416,0.0,5
23424,1.0,17
23424,0.0,5
23432,0.0,5
23440,0.0,5
23456,0.0,5
23464,0.0,5
23464,0.0,5
23472,0.0,5
23496,0.0,5
23504,0.0,5
23504,0.0,5
23512,1.0,16
23520,1.0,17
23536,0.0,5
23544,0.0,5
23552,2.0,23
23552,0.0,5
23560,0.0,5
23576,1.0,17
23576,0.0,5
23584,1.0,14
23584,0.0,5
23592,0.0,5
23592,0.0,5
23600,0.0,5
23616,0.0,5
23616,0.0,5
23624,0.0,5
23624,0.0,5
23640,0.0,5
23656,0.0,5
23656,0.0,5
23664,0.0,5
23680,0.0,5
23688,2.0,23
23696,0.0,5
23696,0.0,5
23704,0.0,5
23720,0.0,5
23728,0.0,5
23728,1.0,17
23736,0.0,5
23736,0.0,5
23760,1.0,17
23760,0.0,5
23768,0.0,5
23768,0.0,5
23776,0.0,5
23776,0.0,5
23776,2.0,23
23800,0.0,5
23808,0.0,5
23816,0.0,5
23816,0.0,5
23816,0.0,5
23832,1.0,16
23840,0.0,5
23848,0.0,5
23856,0.0,5
23872,0.0,5
23880,0.0,5
23888,0.0,5
23896,1.0,17
23896,0.0,5
23904,1.0,17
23912,0.0,5
23920,0.0,5
23928,0.0,5
23936,0.0,5
23944,1.0,16
23944,0.0,5
23952,1.0,17
23952,0.0,5
23960,0.0,5
23968,0.0,5
23976,0.0,5
23984,0.0,5
23984,0.0,5
23992,0.0,5
23992,0.0,5
24008,0.0,5
24016,0.0,5
24024,0.0,5
24024,0.0,5
24032,0.0,5
24032,0.0,5
24056,0.0,5
24064,0.0,5
24072,0.0,5
24072,0.0,5
24080,2.0,23
24096,0.0,5
24104,0.0,5
24112,0.0,5
24120,0.0,5
24144,0.0,5
24144,2.0,23
24152,0.0,5
24160,0.0,5
24184,0.0,5
24192,2.0,23
24192,0.0,5
24208,2.0,23
24232,0.0,5
24264,2.0,24
24272,0.0,5
24280,2.0,23
24304,0.0,5
24320,0.0,5
24328,2.0,23
24328,1.0,17
24344,1.0,17
24344,2.0,23
24360,0.0,5
24368,2.0,23
24368,0.0,5
24384,0.0,5
24384,0.0,5
24400,0.0,5
24408,0.0,5
24408,0.0,5
24424,0.0,5
24424,0.0,5
24440,0.0,5
24448,0.0,5
24448,0.0,5
24456,2.0,23
24464,0.0,5
24464,1.0,17
24464,0.0,5
24480,0.0,5
24488,0.0,5
24488,0.0,5
24488,2.0,23
24496,0.0,5
24528,0.0,5
24560,1.0,12
24560,1.0,12
24560,1.0,12
24568,0.0,5
24576,1.0,12
24584,1.0,12
24592,1.0,12
24600,0.0,5
24608,0.0,5
24640,0.0,5
24648,0.0,5
24656,1.0,12
24656,1.0,12
24672,1.0,12
24680,1.0,12
24680,0.0,5
24688,1.0,12
24696,0.0,3
24696,0.0,5
24696,0.0,5
24712,2.0,28
24720,0.0,5
24720,0.0,5
24744,1.0,12
24752,0.0,5
24760,0.0,5
24792,1.0,12
24792,1.0,12
24816,1.0,16
24824,1.0,16
24832,0.0,5
24848,1.0,16
24856,0.0,5
24872,1.0,16
24888,1.0,16
24920,1.0,12
24944,2.0,24
24952,1.0,12
25016,1.0,12
25040,1.0,12
25040,2.0,24
25048,1.0,12
25056,0.0,5
25064,2.0,24
25080,0.0,5
25088,0.0,5
25120,0.0,5
25128,0.0,5
25152,4.0,45
25160,0.0,5
25160,1.0,12
25168,0.0,5
25192,0.0,5
25192,4.0,45
25200,0.0,5
25200,0.0,5
25208,0.0,5
25232,0.0,5
25232,0.0,5
25240,0.0,5
25240,0.0,5
25248,4.0,45
25248,0.0,5
25280,0.0,5
25280,0.0,5
25288,0.0,5
25288,0.0,5
25320,0.0,5
25320,0.0,5
25360,1.0,16
25360,0.0,5
25360,1.0,16
25400,1.0,14
25400,0.0,5
25400,4.0,45
25400,0.0,5
25416,4.0,45
25424,0.0,3
25424,0.0,3
25424,1.0,17
25432,1.0,14
25440,0.0,5
25440,0.0,3
25448,0.0,3
25448,0.0,3
25456,0.0,3
25464,0.0,3
25472,1.0,14
25472,0.0,3
25488,0.0,3
25488,0.0,5
25496,0.0,3
25520,1.0,15
25552,1.0,16
25560,0.0,5
25608,2.0,21
25624,1.0,16
25640,2.0,23
25648,0.0,5
25648,2.0,22
25656,2.0,21
25664,0.0,5
25664,2.0,22
25688,0.0,5
25704,0.0,5
25704,0.0,5
25728,0.0,5
25728,2.0,21
25736,2.0,23
25768,1.0,15
25768,0.0,5
25768,0.0,5
25776,0.0,5
25776,1.0,17
25792,1.0,17
25808,0.0,5
25808,0.0,5
25816,0.0,5
25816,0.0,5
25848,0.0,5
25856,0.0,5
25888,2.0,23
25888,2.0,23
25904,1.0,17
25944,1.0,16
25952,1.0,12
26048,1.0,12
26080,2.0,24
26120,0.0,5
26120,3.0,41
26136,2.0,24
26144,1.0,12
26168,4.0,45
26208,4.0,45
26216,1.0,12
26216,1.0,12
26240,1.0,12
26248,4.0,45
26248,0.0,5
26256,0.0,5
26256,0.0,5
26264,4.0,45
26264,1.0,16
26272,0.0,3
26280,0.0,5
26288,0.0,5
26296,0.0,5
26304,0.0,5
26304,0.0,5
26312,0.0,5
26320,0.0,5
26328,0.0,5
26344,0.0,5
26344,0.0,5
26352,0.0,5
26360,0.0,5
26368,0.0,5
26384,0.0,5
26384,0.0,5
26384,1.0,16
26392,2.0,28
26400,0.0,5
26408,0.0,5
26424,0.0,5
26424,1.0,16
26424,0.0,5
26432,0.0,5
26448,0.0,5
26464,0.0,5
26464,0.0,5
26488,0.0,5
26504,0.0,5
26504,0.0,5
26512,1.0,16
26528,0.0,5
26536,2.0,23
26544,0.0,5
26544,0.0,5
26552,0.0,5
26568,0.0,5
26576,0.0,5
26584,2.0,23
26584,0.0,5
26592,0.0,5
26608,2.0,23
26608,0.0,5
26616,0.0,5
26616,2.0,23
26624,0.0,5
26632,0.0,5
26648,0.0,5
26648,0.0,5
26656,0.0,5
26656,0.0,5
26664,0.0,5
26672,0.0,5
26688,0.0,5
26688,0.0,5
26696,0.0,5
26696,0.0,5
26704,0.0,5
26712,0.0,5
26728,0.0,5
26728,2.0,23
26736,0.0,5
26736,0.0,5
26744,0.0,5
26752,0.0,5
26768,0.0,5
26768,0.0,5
26768,2.0,23
26776,0.0,5
26776,0.0,5
26784,0.0,5
26808,0.0,5
26808,0.0,5
26808,0.0,5
26816,0.0,5
26816,0.0,5
26848,0.0,5
26848,0.0,5
26848,0.0,5
26856,0.0,5
26872,2.0,23
26888,0.0,5
26888,0.0,5
26888,0.0,5
26896,0.0,5
26912,0.0,5
26928,0.0,5
26928,0.0,5
26936,2.0,23
26952,0.0,5
26960,0.0,3
26968,2.0,23
26968,0.0,5
26968,0.0,5
26992,0.0,5
27000,2.0,23
27000,0.0,5
27008,0.0,5
27008,0.0,5
27032,0.0,5
27040,0.0,5
27040,0.0,5
27048,0.0,5
27048,0.0,5
27056,2.0,21
27080,0.0,5
27080,2.0,23
27080,0.0,5
27088,0.0,5
27088,0.0,5
27096,0.0,5
27104,1.0,17
27120,0.0,5
27120,0.0,5
27128,0.0,5
27128,0.0,5
27216,2.0,23
27216,1.0,15
27240,1.0,15
27240,1.0,15
27240,0.0,3
27248,2.0,21
27256,0.0,5
27272,0.0,3
27280,0.0,5
27280,0.0,5
27280,0.0,5
27288,2.0,23
27296,2.0,21
27296,2.0,21
27296,0.0,5
27312,0.0,3
27312,0.0,5
27320,0.0,3
27352,0.0,5
27360,0.0,5
27392,1.0,14
27392,1.0,14
27400,0.0,5
27400,1.0,15
27408,1.0,14
27424,1.0,16
27432,0.0,5
27432,0.0,5
27432,1.0,15
27440,0.0,5
27440,0.0,5
27472,1.0,15
27472,0.0,5
27480,0.0,5
27512,0.0,5
27520,1.0,12
27528,1.0,12
27536,1.0,12
27552,0.0,5
27568,1.0,12
27568,0.0,5
27576,1.0,12
27592,0.0,5
27616,1.0,12
27616,0.0,5
27616,1.0,10
27656,0.0,5
27664,1.0,12
27688,1.0,12
27712,1.0,12
27712,1.0,12
27736,3.0,41
27752,1.0,12
27752,0.0,5
27752,0.0,5
27760,1.0,12
27776,0.0,5
27784,1.0,12
27792,0.0,5
27792,0.0,5
27792,0.0,5
27792,4.0,45
27800,0.0,5
27816,0.0,5
27824,0.0,5
27832,0.0,5
27832,0.0,5
27864,0.0,5
27872,0.0,5
27872,0.0,5
27888,3.0,40
27896,1.0,12
27904,0.0,5
27912,0.0,5
27912,0.0,5
27928,0.0,5
27936,0.0,5
27944,0.0,5
27952,0.0,5
27952,0.0,5
27968,0.0,5
27976,2.0,23
27976,0.0,5
27976,2.0,23
27984,0.0,5
27992,0.0,5
28000,2.0,23
28008,0.0,5
28016,0.0,5
28016,0.0,5
28016,0.0,5
28024,0.0,5
28032,0.0,5
28032,0.0,3
28040,0.0,3
28040,0.0,5
28056,0.0,5
28072,0.0,5
28080,0.0,5
28120,0.0,5
28136,2.0,23
28152,1.0,17
28160,0.0,3
28160,1.0,15
28184,0.0,3
28184,1.0,14
28184,0.0,3
28200,2.0,21
28208,2.0,23
28208,0.0,3
28224,2.0,21
28224,0.0,5
28224,0.0,3
28232,0.0,3
28232,1.0,14
28248,0.0,3
28248,0.0,3
28256,0.0,3
28256,0.0,3
28288,0.0,5
28288,0.0,5
28288,1.0,17
28296,0.0,5
28304,1.0,15
28312,0.0,3
28328,0.0,5
28336,1.0,14
28336,1.0,16
28344,0.0,5
28360,0.0,3
28360,0.0,3
28384,1.0,16
28400,1.0,14
28400,0.0,5
28408,0.0,3
28416,1.0,15
28424,0.0,3
28424,1.0,14
28424,0.0,3
28440,1.0,14
28448,0.0,5
28456,0.0,5
28456,1.0,14
28464,0.0,5
28464,0.0,5
28464,0.0,5
28464,0.0,3
28488,1.0,16
28496,0.0,5
28504,0.0,5
28536,0.0,5
28552,1.0,12
28560,1.0,14
28584,0.0,3
28584,1.0,15
28584,1.0,15
28592,0.0,5
28600,1.0,14
28624,0.0,5
28624,0.0,5
28624,1.0,15
28632,2.0,21
28640,0.0,5
28664,0.0,5
28672,0.0,5
28704,2.0,21
28704,0.0,5
28712,0.0,5
28712,1.0,15
28720,1.0,17
28744,0.0,5
28744,0.0,5
28752,0.0,5
28752,0.0,5
28760,0.0,5
28784,0.0,5
28784,0.0,5
28792,2.0,21
28792,2.0,21
28792,0.0,5
28792,0.0,5
28800,0.0,5
28808,2.0,21
28824,0.0,5
28824,0.0,5
28832,0.0,5
28832,0.0,5
28832,0.0,5
28832,0.0,5
28840,0.0,5
28848,0.0,5
28864,0.0,5
28864,0.0,5
28872,0.0,5
28872,0.0,5
28872,0.0,5
28872,0.0,5
28880,0.0,5
28888,0.0,5
28904,0.0,5
28904,0.0,5
28912,0.0,5
28912,0.0,5
28912,0.0,5
28912,0.0,5
28920,0.0,5
28928,0.0,5
28944,0.0,5
28952,0.0,5
28968,0.0,5
28992,0.0,5
29008,1.0,12
29008,0.0,5
29008,1.0,12
29008,1.0,12
29040,1.0,12
29048,0.0,5
29104,1.0,12
29104,1.0,12
29104,1.0,12
29136,1.0,12
29144,1.0,12
29144,0.0,5
29144,0.0,5
29176,0.0,5
29184,0.0,5
29184,0.0,5
29184,2.0,24
29184,0.0,5
29200,1.0,12
29208,0.0,3
29216,0.0,5
29224,0.0,5
29224,0.0,5
29224,0.0,5
29240,0.0,5
29240,0.0,3
29248,0.0,3
29248,0.0,3
29248,0.0,5
29264,4.0,45
29264,0.0,5
29272,0.0,3
29280,4.0,45
29280,0.0,5
29280,0.0,5
29288,0.0,5
29288,0.0,5
29296,0.0,3
29304,0.0,5
29320,0.0,5
29320,0.0,3
29344,0.0,3
29376,1.0,14
29384,0.0,5
29392,1.0,14
29392,1.0,14
29400,0.0,3
29400,1.0,14
29400,1.0,14
29416,1.0,14
29416,0.0,3
29424,0.0,3
29424,0.0,3
29432,1.0,14
29440,0.0,3
29456,0.0,3
29464,0.0,5
29496,1.0,14
29520,1.0,16
29520,0.0,3
29528,1.0,16
29544,1.0,16
29544,0.0,3
29552,0.0,3
29552,1.0,16
29560,0.0,5
29568,1.0,16
29568,0.0,3
29576,0.0,3
29584,1.0,16
29584,1.0,15
29592,0.0,3
29592,0.0,5
29608,0.0,3
29608,0.0,5
29616,0.0,3
29616,0.0,5
29624,0.0,5
29632,0.0,5
29632,0.0,3
29648,0.0,5
29656,0.0,5
29672,0.0,5
29680,1.0,17
29704,0.0,3
29736,1.0,15
29736,1.0,14
29744,1.0,14
29744,0.0,5
29760,1.0,14
29760,0.0,3
29760,0.0,3
29768,0.0,3
29768,1.0,14
29768,2.0,26
29784,0.0,3
29784,1.0,14
29792,0.0,3
29800,0.0,5
29800,0.0,5
29808,0.0,3
29808,0.0,5
29824,0.0,5
29832,0.0,5
29872,1.0,16
29896,0.0,3
29904,1.0,17
29912,1.0,14
29920,1.0,15
29920,1.0,14
29928,0.0,3
29936,0.0,3
29936,0.0,5
29944,1.0,15
29944,1.0,14
29944,0.0,3
29968,0.0,5
29976,0.0,5
29984,0.0,5
29984,0.0,5
29984,0.0,5
29992,2.0,23
30016,0.0,3
30048,1.0,16
30056,0.0,5
30072,1.0,17
30080,1.0,14
30088,0.0,5
30096,1.0,14
30096,1.0,15
30104,1.0,15
30104,1.0,15
30112,0.0,5
30120,0.0,5
30120,0.0,3
30128,0.0,3
30128,0.0,5
30136,0.0,5
30144,0.0,5
30168,0.0,3
30176,1.0,15
30216,1.0,12
30248,1.0,14
30256,0.0,5
30264,1.0,12
30272,1.0,12
30304,0.0,5
30312,0.0,5
30336,2.0,27
30336,2.0,26
30344,1.0,12
30384,1.0,16
30384,0.0,5
30400,1.0,12
30424,0.0,5
30424,0.0,5
30432,1.0,12
30432,1.0,12
30432,3.0,40
30440,1.0,16
30448,3.0,40
30472,0.0,5
30472,0.0,5
30472,0.0,5
30480,0.0,5
30512,0.0,5
30512,0.0,5
30520,0.0,5
30552,0.0,5
30552,0.0,5
30560,0.0,5
30584,2.0,23
30592,0.0,5
30592,2.0,21
30600,0.0,5
30608,2.0,23
30624,0.0,5
30632,0.0,5
30632,0.0,5
30632,2.0,23
30648,0.0,5
30656,2.0,23
30664,0.0,5
30672,0.0,5
30696,0.0,5
30720,0.0,3
30736,2.0,23
30760,0.0,3
30768,1.0,17
30768,1.0,15
30784,2.0,23
30784,1.0,15
30792,1.0,15
30792,0.0,3
30800,0.0,5
30808,0.0,3
30808,0.0,3
30816,2.0,23
30816,0.0,3
30816,1.0,12
30824,0.0,3
30832,0.0,5
30840,0.0,3
30848,0.0,5
30864,1.0,12
30896,1.0,10
30912,1.0,12
30920,1.0,12
30928,1.0,12
30928,1.0,10
30936,1.0,12
30944,1.0,10
30984,0.0,5
30992,1.0,12
31000,2.0,24
31008,1.0,12
31016,1.0,12
31024,1.0,12
31024,1.0,12
31032,1.0,12
31032,0.0,5
31040,0.0,5
31080,1.0,12
31080,0.0,5
31104,1.0,12
31112,1.0,12
31120,0.0,5
31120,1.0,12
31120,0.0,5
31120,1.0,12
31128,1.0,12
31152,0.0,5
31160,0.0,5
31168,0.0,5
31200,1.0,12
31216,1.0,12
31216,1.0,12
31248,1.0,12
31256,1.0,12
31256,0.0,5
31256,0.0,5
31264,2.0,29
31288,0.0,5
31296,0.0,5
31296,0.0,5
31304,1.0,13
31304,0.0,5
31336,0.0,5
31344,0.0,5
31352,1.0,12
31352,2.0,29
31360,2.0,24
31384,1.0,12
31392,0.0,5
31392,1.0,12
31392,0.0,5
31400,0.0,5
31424,0.0,5
31432,0.0,5
31432,0.0,5
31432,0.0,5
31440,0.0,5
31440,1.0,17
31472,0.0,5
31472,0.0,5
31472,0.0,5
31480,0.0,5
31480,0.0,5
31496,2.0,20
31504,2.0,20
31512,0.0,5
31512,0.0,5
31512,0.0,5
31520,0.0,5
31520,0.0,5
31536,0.0,5
31544,0.0,5
31552,0.0,5
31552,0.0,5
31552,0.0,5
31560,0.0,5
31576,0.0,5
31584,0.0,5
31592,0.0,5
31592,0.0,5
31592,0.0,5
31600,0.0,5
31616,0.0,5
31632,0.0,5
31632,0.0,5
31632,0.0,5
31656,0.0,5
31672,0.0,5
31672,0.0,5
31712,2.0,24
31712,0.0,5
31712,0.0,5
31752,0.0,5
31752,0.0,5
31752,3.0,41
31752,0.0,5
31768,2.0,23
31784,2.0,23
31792,0.0,5
31792,0.0,5
31808,0.0,5
31808,0.0,3
31816,2.0,23
31832,0.0,5
31832,0.0,5
31840,2.0,23
31848,0.0,5
31848,0.0,5
31856,0.0,5
31872,0.0,5
31872,0.0,5
31880,0.0,5
31888,0.0,5
31888,1.0,17
31888,0.0,5
31896,0.0,5
31912,0.0,5
31912,0.0,5
31920,0.0,5
31928,0.0,5
31928,0.0,5
31928,0.0,5
31936,0.0,5
31936,2.0,23
31952,0.0,5
31960,0.0,5
31968,0.0,5
31968,0.0,5
31968,0.0,5
31976,0.0,5
31992,0.0,5
32000,0.0,5
32008,0.0,5
32008,0.0,5
32016,0.0,5
32032,0.0,5
32040,0.0,5
32048,0.0,5
32048,0.0,5
32056,0.0,5
32072,1.0,17
32072,0.0,5
32080,0.0,5
32088,0.0,5
32088,0.0,5
32096,2.0,23
32096,0.0,5
32112,0.0,5
32112,0.0,5
32120,0.0,5
32128,0.0,5
32128,0.0,5
32136,0.0,5
32136,0.0,5
32152,0.0,5
32152,0.0,5
32160,0.0,5
32168,0.0,5
32168,0.0,5
32176,0.0,5
32176,0.0,5
32192,0.0,5
32192,0.0,3
32200,0.0,5
32208,0.0,5
32216,0.0,5
32216,0.0,5
32232,0.0,5
32232,0.0,5
32240,0.0,5
32248,0.0,5
32256,0.0,5
32256,0.0,5
32272,0.0,5
32272,0.0,5
32280,0.0,5
32288,1.0,17
32288,0.0,5
32296,0.0,5
32296,4.0,41
32296,0.0,3
32296,0.0,3
32296,0.0,5
32320,0.0,3
32320,0.0,5
32328,0.0,5
32328,0.0,5
32336,0.0,5
32336,0.0,5
32336,0.0,5
32336,0.0,5
32352,0.0,3
32360,0.0,5
32360,0.0,3
32360,0.0,5
32360,0.0,3
32376,0.0,5
32392,0.0,5
32400,0.0,5
32400,0.0,5
32400,0.0,5
32400,0.0,5
32416,0.0,5
32416,0.0,3
32424,0.0,3
32424,0.0,3
32424,0.0,3
32440,1.0,14
32440,0.0,5
32448,0.0,3
32456,1.0,15
32456,0.0,5
32464,0.0,5
32464,0.0,5
32480,0.0,5
32480,0.0,3
32488,0.0,5
32496,0.0,5
32504,0.0,3
32504,0.0,5
32504,0.0,5
32528,1.0,14
32544,0.0,5
32552,0.0,3
32592,0.0,5
32600,1.0,15
32640,0.0,5
32656,1.0,14
32664,0.0,3
32680,0.0,3
32704,0.0,5
32712,1.0,15
32720,0.0,5
32744,0.0,3
32752,0.0,5
32752,4.0,39
32776,0.0,3
32800,4.0,39
32800,1.0,12
32808,4.0,39
32816,4.0,39
32816,4.0,39
32824,0.0,3
32832,0.0,3
32840,0.0,5
32840,1.0,12
32840,0.0,3
32848,1.0,12
32864,0.0,3
32864,0.0,5
32872,1.0,12
32872,0.0,3
32872,0.0,5
32880,0.0,5
32888,0.0,3
32896,0.0,3
32904,0.0,5
32912,0.0,5
32928,0.0,5
32936,0.0,5
32936,1.0,15
32944,0.0,5
32952,1.0,14
32960,0.0,3
32976,0.0,3
32976,0.0,5
32992,1.0,15
33000,1.0,15
33016,0.0,5
33024,1.0,14
33032,0.0,5
33040,0.0,3
33040,1.0,14
33040,0.0,5
33048,0.0,3
33056,1.0,14
33064,0.0,3
33064,0.0,3
33080,0.0,5
33080,0.0,3
33080,1.0,15
33088,1.0,14
33088,0.0,5
33104,0.0,5
33104,0.0,5
33120,0.0,5
33120,0.0,5
33128,0.0,5
33128,0.0,5
33168,0.0,5
33192,1.0,14
33200,2.0,21
33216,1.0,14
33216,1.0,14
33224,0.0,3
33232,0.0,5
33232,1.0,14
33240,1.0,15
33240,0.0,3
33240,0.0,3
33248,1.0,15
33256,0.0,3
33264,0.0,5
33280,0.0,5
33280,0.0,5
33280,1.0,14
33288,0.0,5
33296,0.0,5
33304,0.0,3
33328,0.0,5
33344,0.0,5
33352,1.0,15
33376,1.0,17
33384,1.0,15
33392,0.0,5
33416,0.0,5
33416,1.0,15
33424,0.0,5
33432,0.0,5
33448,2.0,21
33448,2.0,21
33448,0.0,3
33456,0.0,5
33456,0.0,5
33464,1.0,15
33472,0.0,3
33472,0.0,3
33480,0.0,3
33488,0.0,5
33496,2.0,21
33504,0.0,5
33512,0.0,5
33512,0.0,5
33520,0.0,3
33520,0.0,5
33544,0.0,3
33560,0.0,5
33584,0.0,5
33600,2.0,21
33624,0.0,3
33624,2.0,21
33624,0.0,5
33632,1.0,15
33632,1.0,15
33648,0.0,3
33656,2.0,21
33664,0.0,5
33672,0.0,5
33672,0.0,5
33672,2.0,21
33680,1.0,15
33680,0.0,3
33688,0.0,5
33696,0.0,3
33720,0.0,5
33736,0.0,5
33784,1.0,15
33792,2.0,21
33808,1.0,15
33816,0.0,3
33824,0.0,5
33840,2.0,21
33840,2.0,21
33856,1.0,15
33864,0.0,3
33864,0.0,3
33864,2.0,23
33888,0.0,3
33888,2.0,21
33904,0.0,5
33904,0.0,5
33912,0.0,3
33952,0.0,5
33952,1.0,17
33976,0.0,3
33992,2.0,21
33992,2.0,23
34016,0.0,3
34016,0.0,3
34016,0.0,5
34024,1.0,15
34024,1.0,15
34024,1.0,17
34040,2.0,23
34048,0.0,3
34056,0.0,5
34056,0.0,5
34064,0.0,5
34064,0.0,5
34064,0.0,3
34072,1.0,15
34080,0.0,3
34104,0.0,5
34112,0.0,5
34128,0.0,3
34128,1.0,14
34136,0.0,3
34144,1.0,10
34152,0.0,3
34168,0.0,3
34168,1.0,15
34168,0.0,5
34176,1.0,15
34176,1.0,12
34176,1.0,14
34208,0.0,5
34208,0.0,5
34216,0.0,5
34248,1.0,12
34264,1.0,12
34304,0.0,5
34304,1.0,12
34312,1.0,12
34328,1.0,15
34344,0.0,5
34344,0.0,5
34344,1.0,12
34360,2.0,23
34368,0.0,5
34408,1.0,12
34408,0.0,5
34440,1.0,12
34440,1.0,12
34448,0.0,5
34448,0.0,5
34456,1.0,12
34488,0.0,5
34496,4.0,45
34528,0.0,5
34536,4.0,45
34536,1.0,12
34536,1.0,12
34544,1.0,12
34552,1.0,12
34576,0.0,5
34592,1.0,12
34624,1.0,12
34632,1.0,12
34640,1.0,12
34664,0.0,5
34672,0.0,5
34672,1.0,12
34688,1.0,12
34704,4.0,45
34712,0.0,5
34728,0.0,5
34736,1.0,12
34752,0.0,5
34760,1.0,12
34768,1.0,12
34792,0.0,5
34800,0.0,5
34800,1.0,12
34808,0.0,5
34824,1.0,12
34832,0.0,5
34832,1.0,12
34840,0.0,5
34840,0.0,5
34848,0.0,5
34864,0.0,5
34872,0.0,5
34896,4.0,45
34904,0.0,5
34912,4.0,45
34912,0.0,5
34936,0.0,5
34944,1.0,14
34952,1.0,14
34952,0.0,5
34952,1.0,14
34960,1.0,14
34984,0.0,5
34992,0.0,5
34992,0.0,5
35000,0.0,5
35008,0.0,3
35016,1.0,14
35024,1.0,14
35048,0.0,5
35048,1.0,14
35056,0.0,5
35064,1.0,14
35064,0.0,5
35088,0.0,5
35104,0.0,5
35112,1.0,15
35120,1.0,16
35136,1.0,17
35144,0.0,3
35152,0.0,5
35160,1.0,14
35168,1.0,14
35184,1.0,15
35200,0.0,5
35208,1.0,15
35208,0.0,5
35224,1.0,15
35224,0.0,5
35240,0.0,5
35248,0.0,5
35272,1.0,17
35272,1.0,16
35280,0.0,5
35304,0.0,3
35312,0.0,5
35328,1.0,15
35336,2.0,23
35344,0.0,5
35368,0.0,5
35376,0.0,5
35408,2.0,23
35408,0.0,5
35416,0.0,5
35416,2.0,24
35416,2.0,21
35432,1.0,15
35448,0.0,5
35448,0.0,5
35456,2.0,23
35456,0.0,5
35456,0.0,5
35472,0.0,5
35488,0.0,5
35488,0.0,5
35496,0.0,5
35496,0.0,5
35496,0.0,5
35512,2.0,21
35512,0.0,5
35528,0.0,5
35536,0.0,5
35552,0.0,5
35552,1.0,17
35552,0.0,5
35568,0.0,5
35592,0.0,5
35592,0.0,5
35592,0.0,5
35608,0.0,5
35624,1.0,17
35632,1.0,17
35632,0.0,5
35632,0.0,5
35632,1.0,17
35648,0.0,5
35664,0.0,5
35672,0.0,5
35672,0.0,5
35672,1.0,17
35672,0.0,5
35688,0.0,5
35704,0.0,5
35712,0.0,5
35712,0.0,5
35728,0.0,5
35744,0.0,5
35752,0.0,5
35752,0.0,5
35776,2.0,23
35784,0.0,5
35792,0.0,5
35792,0.0,5
35816,2.0,23
35816,0.0,5
35832,0.0,5
35832,0.0,5
35856,0.0,5
35856,2.0,23
35856,2.0,23
35872,0.0,5
35872,0.0,5
35896,0.0,5
35896,0.0,5
35896,0.0,5
35912,0.0,5
35912,0.0,5
35912,2.0,23
35936,0.0,5
35936,0.0,5
35952,0.0,5
35952,0.0,5
35952,0.0,5
35968,2.0,23
35976,0.0,5
35976,0.0,5
35992,0.0,5
35992,0.0,5
35992,0.0,5
36000,2.0,23
36024,1.0,16
36088,1.0,12
36096,1.0,12
36128,0.0,5
36136,2.0,20
36136,2.0,20
36136,0.0,5
36152,2.0,20
36152,2.0,20
36160,2.0,24
36160,0.0,3
36168,0.0,5
36176,0.0,5
36176,0.0,5
36192,0.0,5
36192,0.0,5
36200,0.0,5
36200,0.0,5
36208,0.0,5
36216,0.0,5
36216,0.0,5
36232,0.0,5
36232,0.0,5
36240,0.0,5
36248,3.0,28
36248,0.0,5
36256,0.0,5
36256,0.0,5
36272,0.0,5
36272,0.0,5
36280,0.0,5
36288,0.0,5
36288,0.0,5
36296,0.0,5
36296,0.0,5
36296,1.0,12
36312,0.0,5
36312,0.0,5
36320,0.0,5
36328,0.0,5
36328,0.0,5
36336,0.0,5
36336,0.0,5
36336,0.0,5
36352,0.0,5
36352,0.0,5
36360,0.0,3
36360,0.0,5
36368,0.0,5
36368,0.0,5
36376,0.0,5
36384,0.0,3
36392,0.0,5
36392,0.0,3
36392,0.0,5
36400,0.0,5
36416,0.0,3
36416,0.0,3
36448,1.0,14
36456,0.0,5
36456,0.0,5
36472,0.0,3
36480,1.0,14
36488,1.0,14
36504,1.0,14
36512,1.0,16
36512,1.0,14
36520,0.0,5
36528,0.0,5
36536,0.0,3
36544,0.0,5
36552,0.0,5
36568,1.0,14
36576,0.0,5
36584,0.0,5
36600,0.0,3
36600,1.0,16
36608,0.0,5
36640,1.0,15
36640,0.0,5
36640,0.0,5
36648,1.0,15
36672,1.0,15
36680,0.0,5
36688,0.0,5
36696,1.0,14
36712,0.0,5
36728,1.0,15
36728,0.0,5
36736,0.0,5
36752,1.0,14
36752,0.0,5
36760,1.0,15
36768,0.0,5
36768,4.0,39
36792,0.0,5
36792,0.0,5
36800,0.0,5
36808,1.0,16
36808,0.0,5
36832,0.0,5
36840,1.0,14
36848,0.0,5
36856,1.0,15
36880,0.0,5
36896,1.0,16
36920,1.0,15
36920,1.0,16
36928,1.0,15
36936,0.0,5
36960,1.0,16
36960,0.0,5
36968,0.0,5
36984,1.0,16
36984,1.0,17
37000,1.0,15
37000,0.0,5
37000,0.0,5
37008,0.0,5
37024,0.0,5
37024,0.0,5
37040,0.0,5
37040,0.0,5
37048,1.0,16
37056,1.0,15
37088,0.0,5
37096,0.0,5
37120,1.0,14
37128,1.0,16
37144,1.0,15
37144,1.0,15
37160,1.0,15
37160,0.0,5
37168,1.0,16
37168,0.0,5
37184,0.0,5
37184,0.0,5
37184,0.0,3
37192,0.0,3
37200,0.0,5
37208,0.0,3
37208,0.0,5
37208,1.0,15
37216,1.0,15
37224,0.0,5
37224,0.0,3
37224,0.0,5
37232,0.0,5
37248,0.0,5
37248,0.0,5
37248,0.0,5
37256,0.0,5
37256,0.0,3
37264,0.0,5
37264,0.0,5
37264,0.0,5
37288,0.0,5
37288,0.0,3
37296,0.0,5
37368,1.0,15
37368,1.0,15
37408,0.0,5
37408,0.0,5
37424,2.0,21
37432,2.0,21
37432,2.0,21
37448,0.0,3
37448,0.0,5
37456,0.0,3
37456,2.0,21
37456,0.0,3
37472,2.0,22
37496,0.0,5
37496,0.0,5
37496,0.0,5
37496,0.0,3
37520,0.0,3
37520,2.0,29
37536,0.0,5
37544,0.0,3
37560,0.0,5
37576,2.0,21
37584,1.0,17
37584,0.0,5
37600,0.0,3
37608,0.0,3
37616,2.0,21
37624,0.0,5
37640,0.0,3
37640,0.0,5
37648,0.0,5
37656,1.0,15
37664,2.0,21
37664,2.0,21
37672,1.0,14
37672,0.0,3
37680,0.0,5
37688,0.0,3
37688,0.0,3
37696,0.0,3
37696,0.0,5
37712,0.0,5
37728,0.0,5
37728,0.0,5
37736,0.0,5
37736,0.0,5
37760,0.0,3
37760,1.0,15
37792,2.0,21
37800,0.0,5
37800,1.0,15
37800,0.0,5
37816,0.0,3
37824,0.0,3
37840,0.0,5
37848,1.0,15
37848,1.0,15
37856,0.0,5
37864,0.0,5
37880,2.0,21
37888,0.0,3
37888,0.0,5
37888,0.0,5
37904,0.0,3
37904,2.0,21
37912,0.0,3
37912,0.0,3
37928,0.0,5
37928,0.0,3
37944,0.0,5
37952,0.0,5
37952,0.0,3
37968,0.0,5
37968,0.0,3
37968,2.0,21
37976,0.0,3
37976,1.0,15
37992,0.0,3
37992,0.0,3
37992,0.0,5
38008,1.0,12
38008,2.0,21
38016,0.0,5
38016,0.0,3
38032,0.0,3
38032,0.0,5
38040,0.0,3
38048,0.0,5
38064,1.0,12
38072,0.0,3
38072,0.0,5
38072,1.0,12
38088,1.0,12
38096,0.0,3
38112,0.0,5
38112,1.0,12
38128,0.0,5
38136,0.0,3
38136,0.0,5
38152,0.0,3
38152,1.0,15
38160,1.0,12
38160,0.0,3
38176,0.0,5
38192,0.0,5
38192,0.0,5
38200,0.0,5
38216,0.0,5
38216,0.0,3
38224,0.0,3
38240,0.0,3
38240,1.0,16
38256,2.0,23
38264,0.0,5
38280,0.0,3
38280,0.0,5
38304,1.0,14
38304,0.0,5
38312,1.0,12
38320,0.0,5
38328,0.0,3
38344,0.0,5
38344,0.0,3
38368,1.0,16
38368,0.0,5
38376,1.0,12
38384,2.0,28
38384,0.0,5
38400,4.0,45
38408,1.0,12
38424,0.0,5
38440,0.0,5
38464,1.0,12
38464,1.0,12
38464,0.0,5
38504,0.0,5
38504,1.0,12
38504,0.0,5
38536,1.0,12
38560,1.0,12
38576,2.0,29
38600,1.0,12
38600,1.0,12
38600,1.0,12
38616,0.0,5
38656,1.0,12
38664,1.0,16
38696,1.0,12
38696,3.0,40
38696,1.0,12
38696,1.0,12
38704,3.0,40
38712,1.0,12
38720,0.0,3
38720,0.0,3
38736,0.0,3
38736,0.0,5
38736,0.0,5
38744,0.0,5
38760,0.0,5
38760,0.0,5
38760,1.0,12
38776,0.0,5
38776,0.0,5
38784,0.0,3
38792,1.0,17
38816,0.0,5
38824,0.0,5
38832,0.0,5
38904,2.0,21
38912,2.0,21
38928,2.0,21
38928,2.0,21
38936,0.0,3
38944,2.0,21
38944,0.0,5
38968,0.0,5
38968,0.0,3
38968,0.0,5
38976,0.0,5
38984,2.0,21
38992,2.0,21
39000,2.0,21
39008,0.0,5
39016,0.0,5
39024,0.0,3
39032,0.0,5
39064,0.0,5
39112,2.0,21
39128,1.0,15
39136,2.0,21
39136,2.0,21
39136,0.0,3
39160,0.0,3
39160,0.0,3
39168,2.0,23
39168,0.0,5
39184,1.0,15
39184,2.0,21
39192,0.0,3
39200,0.0,5
39200,0.0,5
39200,2.0,21
39208,0.0,3
39224,0.0,5
39224,0.0,3
39232,0.0,5
39264,0.0,5
39272,1.0,17
39296,0.0,3
39320,1.0,15
39320,1.0,15
39336,2.0,21
39336,0.0,5
39344,1.0,17
39352,1.0,15
39360,0.0,5
39360,0.0,3
39360,0.0,5
39384,0.0,3
39384,0.0,3
39384,1.0,15
39392,2.0,21
39416,0.0,3
39456,0.0,5
39480,1.0,16
39480,1.0,17
39480,1.0,12
39488,1.0,16
39504,2.0,21
39512,1.0,16
39512,1.0,16
39552,0.0,5
39552,0.0,5
39576,1.0,12
39584,1.0,16
39584,1.0,12
39592,0.0,5
39600,1.0,12
39608,1.0,16
39608,1.0,16
39624,0.0,5
39632,0.0,5
39648,0.0,5
39648,1.0,12
39672,1.0,12
39680,1.0,12
39688,0.0,5
39688,0.0,5
39720,1.0,12
39728,0.0,5
39728,1.0,12
39728,1.0,16
39744,0.0,3
39744,1.0,17
39776,1.0,12
39784,0.0,5
39784,1.0,12
39800,1.0,16
39808,0.0,3
39808,0.0,3
39816,0.0,5
39824,1.0,12
39824,0.0,3
39840,0.0,3
39848,0.0,5
39864,0.0,5
39864,1.0,17
39872,0.0,3
39872,1.0,16
39880,0.0,5
39904,0.0,5
39904,0.0,5
39912,0.0,5
39920,0.0,5
39928,2.0,25
39944,0.0,5
39960,0.0,5
39968,0.0,5
39992,2.0,23
40000,0.0,5
40016,0.0,3
40056,0.0,5
40056,2.0,23
40072,2.0,21
40080,2.0,21
40096,0.0,5
40112,3.0,36
40112,2.0,21
40120,0.0,5
40136,0.0,5
40136,2.0,21
40152,0.0,5
40152,0.0,5
40160,0.0,5
40168,1.0,12
40176,0.0,5
40176,0.0,5
40184,2.0,23
40192,0.0,5
40192,0.0,5
40200,1.0,18
40216,0.0,5
40224,0.0,5
40232,0.0,5
40232,0.0,5
40240,0.0,5
40256,0.0,5
40256,1.0,12
40272,0.0,5
40272,0.0,5
40280,0.0,5
40296,0.0,5
40296,0.0,5
40304,1.0,17
40312,0.0,5
40312,1.0,17
40312,0.0,5
40320,0.0,5
40336,0.0,5
40344,0.0,5
40352,0.0,5
40408,2.0,23
40464,2.0,21
40480,2.0,21
40480,2.0,21
40488,2.0,21
40504,2.0,21
40520,0.0,5
40520,2.0,21
40520,0.0,5
40528,2.0,23
40528,0.0,5
40544,0.0,5
40544,1.0,17
40560,0.0,5
40560,0.0,5
40568,0.0,5
40584,0.0,5
40584,0.0,5
40600,0.0,5
40600,0.0,5
40608,0.0,5
40624,0.0,5
40624,0.0,5
40640,0.0,5
40648,2.0,23
40648,0.0,5
40656,1.0,17
40664,1.0,17
40664,0.0,5
40680,0.0,5
40688,0.0,5
40688,0.0,5
40696,0.0,5
40704,0.0,5
40704,0.0,5
40720,0.0,5
40728,0.0,5
40728,1.0,16
40736,0.0,5
40744,0.0,5
40752,1.0,16
40760,0.0,5
40776,0.0,5
40792,0.0,5
40800,0.0,5
40816,0.0,5
40832,0.0,5
40840,0.0,5
40840,1.0,17
40856,0.0,5
40864,1.0,17
40864,1.0,17
40872,0.0,5
40872,1.0,16
40872,2.0,23
40880,0.0,5
40880,0.0,5
40896,0.0,5
40904,0.0,5
40912,0.0,5
40912,0.0,5
40912,0.0,5
40920,0.0,5
40920,0.0,5
40944,0.0,5
40952,0.0,5
40952,0.0,5
40960,0.0,5
40960,0.0,5
40984,0.0,5
40992,0.0,5
40992,0.0,5
41000,0.0,5
41000,0.0,5
41000,1.0,17
41024,1.0,16
41040,0.0,5
41040,0.0,5
41048,1.0,17
41064,0.0,5
41064,0.0,3
41088,0.0,5
41088,0.0,3
41096,1.0,14
41104,1.0,14
41104,1.0,14
41112,1.0,14
41120,0.0,3
41144,0.0,3
41144,0.0,5
41144,0.0,5
41152,1.0,14
41152,0.0,5
41176,1.0,14
41184,0.0,5
41192,0.0,5
41200,1.0,14
41200,1.0,14
41216,0.0,5
41264,1.0,15
41272,1.0,16
41296,1.0,14
41296,1.0,12
41296,1.0,12
41304,1.0,14
41336,0.0,5
41336,1.0,15
41336,0.0,5
41360,1.0,12
41360,0.0,3
41368,1.0,12
41376,0.0,5
41376,1.0,10
41400,1.0,12
41400,0.0,5
41400,0.0,5
41416,0.0,5
41432,1.0,12
41448,1.0,10
41472,0.0,3
41472,0.0,5
41480,1.0,10
41496,1.0,15
41504,0.0,3
41512,0.0,5
41512,1.0,14
41520,4.0,46
41536,0.0,5
41536,0.0,3
41544,0.0,3
41544,0.0,5
41552,0.0,5
41568,2.0,21
41576,0.0,5
41584,0.0,5
41592,0.0,3
41600,2.0,23
41624,0.0,3
41640,2.0,21
41664,0.0,3
41680,1.0,12
41704,2.0,21
41712,2.0,21
41720,2.0,21
41720,1.0,16
41728,0.0,3
41736,0.0,3
41744,0.0,3
41744,0.0,3
41744,2.0,21
41752,0.0,3
41752,1.0,16
41760,1.0,10
41768,0.0,3
41768,0.0,3
41776,0.0,3
41784,0.0,3
41784,0.0,5
41792,0.0,3
41800,0.0,3
41800,1.0,17
41808,0.0,3
41808,0.0,3
41824,0.0,3
41832,0.0,5
41840,0.0,5
41848,0.0,5
41848,0.0,5
41864,1.0,12
41872,1.0,17
41880,1.0,16
41896,0.0,3
41920,1.0,12
41944,1.0,12
41952,1.0,14
41960,1.0,14
41992,1.0,12
42000,1.0,10
42008,1.0,16
42024,1.0,10
42040,0.0,5
42048,1.0,12
42056,1.0,12
42072,1.0,10
42104,1.0,12
42120,1.0,12
42128,1.0,10
42136,1.0,12
42144,0.0,3
42152,1.0,12
42160,0.0,3
42168,1.0,12
42184,1.0,10
42192,0.0,3
42192,4.0,45
42200,0.0,5
42208,0.0,3
42216,0.0,3
42224,4.0,45
42224,1.0,12
42232,0.0,3
42232,1.0,10
42256,0.0,5
42288,1.0,12
42296,1.0,12
42320,1.0,12
42320,1.0,12
42320,0.0,3
42328,2.0,23
42328,1.0,12
42328,0.0,5
42352,1.0,12
42368,0.0,5
42416,1.0,12
42416,1.0,12
42416,1.0,12
42424,1.0,12
42440,0.0,3
42448,1.0,12
42464,1.0,12
42472,0.0,3
42512,0.0,5
42512,1.0,12
42512,1.0,12
42520,1.0,12
42536,0.0,3
42536,1.0,12
42552,0.0,5
42592,4.0,45
42592,1.0,16
42600,1.0,11
42616,0.0,3
42616,1.0,10
42624,0.0,3
42632,0.0,5
42648,3.0,40
42648,1.0,16
42656,0.0,3
42656,0.0,5
42664,1.0,16
42664,0.0,5
42680,0.0,3
42680,0.0,3
42688,0.0,5
42688,0.0,3
42688,0.0,5
42704,0.0,3
42720,0.0,5
42728,0.0,5
42736,1.0,15
42744,2.0,24
42744,0.0,5
42760,0.0,5
42760,0.0,3
42784,0.0,5
42800,0.0,5
42832,2.0,21
42840,0.0,5
42856,2.0,21
42856,2.0,21
42872,1.0,14
42872,0.0,5
42880,0.0,3
42880,0.0,3
42896,2.0,21
42904,0.0,3
42904,0.0,3
42912,0.0,5
42912,2.0,21
42920,0.0,3
42936,0.0,3
42944,0.0,5
42944,0.0,5
42952,2.0,21
42960,0.0,5
42968,0.0,3
42976,0.0,3
42976,0.0,5
42992,1.0,15
42992,0.0,3
43016,0.0,5
43016,0.0,3
43032,1.0,15
43032,0.0,5
43056,1.0,14
43056,0.0,3
43056,0.0,5
43080,0.0,3
43096,0.0,5
43096,1.0,15
43112,3.0,34
43120,0.0,5
43128,2.0,21
43136,0.0,3
43136,0.0,5
43152,0.0,3
43200,2.0,23
43200,2.0,21
43208,1.0,14
43224,2.0,21
43224,0.0,3
43232,0.0,3
43232,1.0,12
43240,1.0,15
43248,1.0,14
43264,0.0,5
43272,0.0,5
43288,0.0,3
43296,1.0,12
43312,1.0,10
43320,1.0,12
43336,2.0,23
43352,0.0,5
43360,1.0,11
43360,0.0,3
43376,1.0,10
43384,1.0,12
43400,1.0,10
43416,0.0,5
43424,0.0,5
43432,2.0,23
43440,0.0,5
43448,1.0,12
43464,0.0,5
43472,0.0,3
43504,0.0,5
43512,0.0,5
43552,1.0,15
43560,3.0,40
43584,2.0,21
43592,2.0,29
43592,2.0,29
43600,0.0,5
43608,2.0,21
43608,0.0,3
43632,0.0,5
43640,0.0,5
43680,0.0,5
43680,2.0,21
43680,1.0,16
43704,1.0,12
43720,0.0,5
43720,0.0,5
43728,1.0,12
43728,0.0,3
43728,1.0,17
43736,1.0,16
43752,0.0,3
43768,0.0,5
43776,1.0,12
43776,3.0,34
43776,0.0,5
43800,1.0,10
43816,0.0,5
43840,1.0,15
43848,1.0,12
43856,1.0,16
43856,0.0,5
43880,0.0,5
43888,0.0,5
43896,0.0,5
43896,0.0,5
43904,1.0,16
43912,1.0,18
43912,1.0,17
43920,0.0,5
43928,0.0,5
43936,0.0,5
43936,1.0,17
43936,0.0,5
43944,0.0,5
43952,0.0,5
43952,0.0,5
43960,0.0,5
43968,0.0,5
43976,0.0,5
43976,0.0,5
43976,0.0,5
43984,0.0,5
43992,0.0,5
44008,0.0,5
44016,0.0,5
44016,0.0,5
44080,1.0,12
44080,1.0,16
44088,1.0,16
44104,1.0,12
44104,1.0,16
44120,1.0,16
44144,1.0,16
44144,1.0,16
44168,0.0,3
44224,1.0,17
44232,1.0,16
44240,1.0,17
44240,1.0,12
44248,0.0,3
44256,1.0,17
44264,0.0,3
44272,2.0,24
44272,0.0,5
44280,0.0,5
44288,0.0,5
44304,0.0,5
44312,0.0,5
44312,2.0,29
44352,0.0,5
44352,0.0,5
44376,0.0,3
44384,1.0,14
44384,1.0,16
44392,0.0,5
44392,1.0,14
44408,0.0,3
44416,0.0,5
44416,1.0,16
44432,0.0,5
44448,0.0,5
44456,0.0,5
44456,0.0,5
44472,2.0,21
44480,0.0,3
44504,1.0,14
44512,1.0,16
44512,0.0,5
44520,0.0,5
44528,4.0,45
44544,0.0,5
44552,0.0,5
44560,0.0,5
44568,1.0,17
44568,0.0,5
44584,0.0,5
44592,0.0,5
44600,0.0,5
44608,0.0,5
44608,0.0,5
44624,0.0,5
44624,2.0,21
44632,2.0,23
44632,0.0,5
44640,0.0,5
44648,0.0,5
44648,0.0,3
44648,0.0,5
44656,0.0,3
44664,0.0,5
44672,0.0,5
44680,0.0,5
44688,0.0,5
44688,0.0,5
44688,0.0,5
44696,0.0,5
44704,0.0,5
44712,0.0,5
44720,0.0,5
44728,0.0,5
44728,0.0,5
44736,0.0,5
44744,0.0,5
44760,0.0,5
44768,0.0,5
44768,0.0,5
44776,0.0,5
44784,0.0,5
44800,0.0,5
44808,0.0,5
44808,0.0,5
44816,0.0,5
44824,0.0,5
44840,0.0,5
44840,4.0,41
44848,0.0,5
44848,0.0,5
44856,0.0,5
44864,0.0,5
44872,0.0,3
44880,0.0,3
44880,0.0,5
44880,0.0,5
44888,0.0,3
44912,0.0,5
44920,0.0,5
44928,0.0,5
44944,0.0,3
44952,0.0,5
44960,1.0,14
44984,0.0,5
44992,1.0,14
45000,1.0,15
45000,0.0,5
45016,4.0,41
45016,0.0,3
45024,0.0,3
45056,1.0,16
45056,0.0,5
45064,1.0,14
45064,0.0,5
45072,4.0,45
45080,0.0,3
45088,0.0,3
45096,1.0,14
45096,0.0,5
45112,0.0,5
45112,1.0,14
45120,0.0,5
45120,0.0,3
45128,0.0,5
45136,0.0,3
45144,0.0,3
45152,1.0,17
45152,0.0,3
45160,0.0,5
45176,0.0,3
45176,1.0,14
45184,0.0,5
45192,0.0,5
45200,0.0,3
45216,0.0,5
45216,1.0,15
45224,0.0,5
45232,1.0,15
45232,1.0,12
45240,0.0,3
45240,0.0,3
45240,0.0,5
45248,0.0,3
45256,0.0,3
45280,1.0,15
45280,0.0,5
45296,0.0,5
45304,0.0,3
45304,1.0,14
45312,1.0,10
45320,0.0,5
45320,0.0,3
45328,0.0,3
45344,0.0,5
45352,0.0,5
45368,0.0,5
45368,1.0,16
45376,1.0,16
45376,1.0,17
45376,0.0,3
45384,0.0,5
45400,0.0,3
45408,0.0,3
45408,0.0,5
45416,0.0,5
45416,0.0,5
45432,0.0,3
45440,0.0,5
45440,1.0,15
45448,1.0,16
45448,0.0,5
45456,0.0,5
45456,0.0,5
45472,0.0,5
45480,0.0,5
45480,0.0,5
45480,0.0,3
45480,0.0,3
45488,1.0,15
45488,0.0,5
45488,0.0,5
45496,0.0,3
45520,0.0,5
45520,0.0,5
45528,0.0,5
45536,0.0,5
45560,0.0,5
45568,0.0,5
45576,0.0,5
45600,1.0,15
45608,1.0,16
45608,1.0,15
45616,0.0,5
45616,1.0,16
45640,0.0,5
45648,0.0,5
45648,1.0,16
45656,1.0,12
45664,1.0,12
45688,0.0,5
45696,0.0,5
45712,1.0,12
45712,1.0,12
45736,1.0,12
45744,1.0,12
45760,1.0,12
45784,1.0,12
45792,1.0,10
45800,2.0,24
45808,1.0,12
45808,0.0,3
45832,1.0,17
45832,1.0,12
45832,0.0,5
45840,1.0,12
45840,0.0,5
45856,1.0,12
45872,0.0,5
45896,0.0,5
45904,1.0,12
45912,1.0,10
45936,1.0,16
45936,1.0,12
45952,1.0,15
45968,1.0,12
45968,1.0,16
46024,1.0,16
46032,1.0,12
46032,1.0,16
46040,1.0,16
46048,1.0,12
46064,1.0,12
46064,1.0,16
46080,0.0,5
46104,1.0,17
46112,1.0,10
46120,1.0,12
46128,1.0,12
46144,1.0,12
46152,0.0,5
46152,0.0,3
46192,1.0,16
46200,1.0,17
46200,1.0,12
46224,1.0,10
46248,1.0,12
46248,1.0,12
46264,0.0,5
46288,1.0,12
46288,0.0,5
46312,2.0,24
46328,0.0,5
46344,1.0,12
46360,1.0,12
46368,0.0,5
46384,1.0,12
46440,4.0,45
46440,1.0,12
46440,2.0,30
46448,1.0,17
46464,1.0,12
46480,1.0,12
46536,1.0,12
46536,1.0,12
46560,4.0,45
46560,1.0,12
46576,1.0,12
46576,0.0,5
46584,1.0,17
46600,0.0,3
46600,0.0,3
46600,0.0,5
46616,1.0,10
46624,0.0,5
46656,0.0,5
46656,1.0,12
46664,0.0,5
46680,0.0,3
46680,3.0,40
46680,0.0,3
46696,1.0,12
46704,0.0,3
46704,0.0,5
46720,0.0,5
46720,0.0,3
46736,1.0,17
46760,3.0,40
46760,0.0,5
46776,0.0,5
46784,0.0,3
46784,0.0,3
46800,0.0,3
46800,1.0,12
46800,1.0,12
46816,1.0,12
46816,1.0,17
46824,0.0,3
46824,0.0,3
46840,0.0,5
46840,0.0,3
46856,0.0,5
46864,0.0,3
46864,0.0,5
46864,0.0,5
46880,0.0,5
46904,0.0,5
46904,0.0,5
46912,1.0,16
46912,1.0,16
46936,0.0,3
46936,0.0,3
46960,4.0,45
46968,1.0,14
46976,0.0,5
46976,0.0,5
46992,0.0,3
46992,1.0,16
46992,1.0,14
47000,0.0,3
47016,1.0,14
47016,0.0,3
47016,0.0,5
47016,0.0,3
47016,1.0,14
47032,0.0,5
47040,0.0,3
47040,0.0,3
47040,0.0,3
47040,0.0,5
47056,1.0,12
47056,0.0,5
47080,0.0,3
47080,0.0,5
47080,0.0,3
47080,0.0,5
47080,0.0,5
47104,0.0,3
47104,0.0,3
47104,0.0,3
47120,0.0,5
47128,1.0,12
47136,1.0,12
47144,0.0,5
47144,0.0,3
47144,0.0,5
47152,0.0,3
47200,1.0,12
47232,1.0,12
47240,1.0,12
47240,1.0,12
47240,0.0,5
47312,1.0,10
47320,2.0,30
47320,1.0,10
47336,1.0,12
47344,0.0,3
47344,3.0,41
47352,0.0,5
47384,0.0,5
47392,0.0,5
47424,0.0,5
47424,2.0,23
47432,0.0,5
47448,0.0,3
47456,1.0,17
47464,3.0,40
47464,0.0,5
47472,1.0,16
47472,3.0,40
47472,0.0,5
47488,0.0,5
47496,0.0,5
47504,0.0,5
47512,0.0,5
47512,0.0,5
47528,0.0,5
47536,0.0,5
47544,0.0,5
47552,0.0,5
47552,0.0,5
47560,2.0,28
47568,0.0,5
47576,0.0,5
47584,0.0,5
47592,0.0,5
47592,0.0,5
47600,0.0,5
47608,0.0,5
47616,0.0,5
47624,0.0,5
47632,0.0,5
47648,2.0,23
47656,2.0,23
47688,0.0,5
47696,0.0,5
47728,0.0,5
47744,1.0,16
47752,1.0,16
47760,1.0,16
47768,0.0,5
47784,0.0,5
47792,0.0,5
47792,2.0,24
47808,0.0,5
47824,0.0,5
47832,0.0,5
47848,0.0,5
47872,0.0,5
47896,1.0,17
47896,2.0,25
47912,0.0,5
47920,1.0,16
47920,4.0,41
47920,1.0,12
47936,0.0,5
47936,4.0,41
47944,1.0,12
47952,0.0,5
47960,0.0,5
47960,0.0,5
47960,0.0,5
47976,0.0,5
48000,0.0,5
48000,0.0,5
48000,0.0,5
48016,0.0,5
48032,1.0,17
48040,0.0,5
48040,0.0,5
48040,0.0,5
48056,0.0,5
48072,1.0,17
48152,1.0,12
48168,1.0,17
48176,2.0,28
48232,3.0,36
48264,2.0,28
48296,1.0,16
48312,1.0,17
48328,3.0,36
48360,3.0,36
48368,1.0,17
48376,4.0,42
48392,1.0,10
48400,1.0,17
48424,1.0,16
48424,1.0,12
48432,0.0,5
48456,1.0,12
48464,1.0,12
48464,0.0,5
48472,0.0,5
48480,4.0,41
48496,1.0,12
48504,0.0,5
48520,1.0,12
48552,1.0,12
48568,1.0,12
48576,1.0,12
48576,0.0,3
48600,1.0,10
48600,1.0,12
48600,1.0,17
48608,2.0,29
48616,0.0,5
48616,0.0,5
48624,0.0,3
48640,0.0,5
48640,0.0,5
48648,0.0,5
48648,1.0,10
48656,0.0,5
48656,0.0,5
48664,0.0,5
48688,0.0,5
48704,0.0,5
48720,2.0,28
48728,0.0,5
48760,0.0,5
48808,2.0,21
48808,2.0,21
48816,2.0,21
48824,2.0,21
48824,2.0,21
48832,0.0,3
48848,0.0,5
48848,0.0,3
48848,0.0,3
48856,0.0,5
48872,0.0,3
48872,2.0,21
48872,0.0,5
48888,0.0,5
48888,0.0,5
48896,0.0,3
48896,0.0,5
48896,2.0,21
48912,0.0,5
48920,0.0,3
48928,0.0,5
48928,2.0,21
48928,0.0,5
48936,0.0,5
48936,0.0,5
48952,0.0,5
48960,0.0,5
48968,0.0,5
48968,0.0,5
48968,0.0,5
48976,0.0,5
48976,0.0,5
48992,0.0,5
49000,0.0,5
49008,0.0,5
49008,0.0,5
49016,0.0,5
49016,0.0,5
49032,0.0,5
49056,2.0,23
49056,0.0,5
49056,0.0,5
49080,0.0,3
49104,0.0,3
49136,2.0,21
49160,0.0,3
49176,2.0,21
49184,2.0,23
49192,2.0,23
49200,2.0,21
49200,0.0,5
49216,0.0,5
49224,2.0,21
49224,2.0,21
49224,0.0,5
49232,0.0,5
49240,0.0,5
49240,0.0,5
49256,0.0,5
49264,0.0,5
49264,0.0,5
49264,0.0,5
49272,0.0,5
49280,0.0,5
49280,0.0,5
49288,2.0,23
49296,0.0,5
49304,0.0,5
49304,0.0,5
49304,0.0,5
49312,0.0,5
49320,0.0,5
49320,0.0,5
49328,0.0,5
49336,0.0,5
49344,0.0,5
49344,0.0,5
49344,0.0,5
49352,0.0,5
49360,0.0,5
49360,0.0,5
49368,0.0,5
49376,0.0,5
49384,0.0,5
49384,0.0,5
49392,0.0,5
49400,0.0,5
49416,0.0,5
49424,0.0,5
49424,0.0,5
49440,0.0,5
49456,1.0,12
49464,0.0,5
49464,0.0,5
49480,0.0,5
49496,0.0,5
49504,1.0,17
49504,0.0,5
49504,0.0,5
49520,0.0,5
49528,2.0,23
49544,0.0,5
49544,0.0,5
49544,0.0,5
49560,0.0,5
49568,0.0,5
49576,2.0,23
49584,0.0,5
49584,0.0,5
49584,0.0,5
49600,2.0,23
49608,0.0,5
49616,0.0,5
49624,0.0,5
49712,1.0,16
49720,1.0,12
49752,1.0,17
49752,0.0,5
49792,0.0,5
49792,0.0,5
49816,1.0,12
49824,4.0,41
49832,0.0,5
49912,1.0,12
49912,4.0,41
49928,1.0,12
49936,5.0,47
49944,1.0,15
49960,4.0,45
49968,4.0,45
50008,0.0,5
50016,2.0,28
50024,1.0,12
50032,1.0,12
50040,1.0,12
50048,0.0,3
50056,1.0,12
50104,2.0,24
50104,1.0,12
50112,1.0,12
50120,1.0,10
50128,1.0,12
50136,0.0,3
50144,1.0,12
50144,0.0,5
50152,1.0,12
50160,0.0,5
50168,0.0,5
50176,0.0,3
50176,0.0,5
50184,0.0,5
50200,3.0,36
50200,0.0,5
50200,1.0,12
50208,0.0,5
50216,0.0,5
50216,0.0,5
50224,0.0,5
50224,0.0,3
50240,0.0,5
50240,0.0,5
50248,0.0,5
50256,0.0,5
50256,0.0,5
50264,0.0,5
50264,1.0,15
50264,0.0,5
50280,0.0,5
50288,0.0,5
50304,0.0,5
50344,0.0,5
50384,0.0,5
50408,2.0,21
50424,0.0,5
50432,2.0,21
50440,2.0,23
50440,2.0,23
50448,0.0,5
50448,2.0,23
50464,0.0,3
50464,0.0,3
50464,0.0,5
50464,2.0,23
50472,0.0,3
50472,2.0,23
50472,0.0,5
50488,0.0,5
50488,0.0,3
50496,0.0,3
50504,0.0,5
50504,0.0,5
50512,0.0,5
50512,0.0,5
50528,0.0,5
50528,0.0,5
50536,0.0,5
50544,0.0,5
50544,0.0,5
50552,0.0,5
50552,0.0,5
50568,0.0,5
50568,0.0,5
50584,0.0,5
50584,0.0,5
50592,0.0,5
50592,0.0,5
50608,0.0,5
50624,0.0,5
50632,0.0,5
50632,0.0,5
50648,2.0,23
50648,0.0,5
50664,0.0,5
50672,0.0,5
50672,0.0,3
50672,1.0,17
50704,0.0,5
50712,0.0,5
50712,0.0,5
50712,0.0,5
50752,2.0,23
50752,0.0,5
50752,0.0,5
50768,2.0,23
50792,0.0,5
50792,0.0,5
50816,2.0,23
50832,0.0,5
50832,0.0,5
50856,0.0,5
50872,0.0,5
50872,0.0,5
50896,0.0,5
50912,0.0,5
50912,0.0,5
50936,0.0,5
50952,0.0,5
50960,2.0,24
50976,4.0,41
50976,0.0,5
50992,0.0,5
51000,0.0,5
51016,0.0,5
51016,0.0,5
51032,4.0,41
51032,0.0,5
51040,4.0,41
51040,0.0,5
51040,1.0,16
51072,0.0,5
51080,0.0,5
51080,0.0,5
51088,4.0,42
51112,1.0,12
51112,1.0,12
51120,0.0,5
51160,1.0,16
51176,1.0,17
51184,1.0,12
51208,1.0,12
51208,1.0,12
51216,1.0,12
51248,0.0,5
51272,1.0,12
51296,1.0,17
51304,1.0,12
51312,1.0,16
51312,0.0,5
51344,1.0,12
51368,3.0,36
51384,0.0,5
51392,1.0,12
51408,1.0,12
51408,0.0,5
51416,0.0,3
51424,0.0,5
51432,4.0,45
51448,0.0,5
51472,0.0,5
51512,0.0,5
51536,1.0,16
51552,1.0,17
51576,1.0,16
51576,4.0,45
51592,0.0,5
51608,1.0,12
51616,0.0,5
51664,4.0,45
51672,1.0,12
51672,4.0,45
51688,1.0,12
51704,1.0,12
51704,0.0,5
51712,1.0,12
51728,2.0,24
51744,0.0,5
51752,0.0,5
51768,0.0,5
51768,1.0,12
51784,4.0,45
51784,0.0,5
51792,0.0,5
51800,1.0,16
51808,0.0,5
51808,0.0,5
51824,0.0,5
51832,0.0,5
51840,0.0,5
51848,0.0,5
51856,0.0,3
51864,0.0,3
51864,0.0,5
51880,1.0,12
51888,0.0,3
51904,0.0,3
51904,0.0,5
51920,1.0,14
51928,0.0,5
51928,2.0,28
51944,0.0,5
51944,0.0,5
51960,0.0,5
51960,1.0,14
51968,0.0,5
51968,0.0,5
51984,1.0,16
51984,0.0,5
51984,0.0,5
52000,0.0,5
52008,0.0,5
52008,0.0,3
52008,0.0,5
52024,0.0,5
52048,4.0,45
52048,0.0,5
52048,0.0,5
52048,0.0,5
52064,0.0,5
52088,0.0,5
52088,0.0,5
52088,0.0,5
52088,0.0,5
52096,1.0,17
52104,0.0,5
52120,1.0,17
52120,1.0,15
52128,0.0,5
52128,0.0,5
52128,0.0,5
52136,0.0,5
52144,0.0,5
52160,0.0,5
52160,0.0,5
52168,0.0,5
52168,0.0,5
52168,0.0,5
52176,0.0,5
52200,1.0,14
52200,0.0,5
52200,0.0,5
52208,0.0,5
52208,0.0,5
52208,0.0,5
52240,0.0,5
52240,0.0,5
52248,0.0,5
52248,0.0,5
52248,0.0,5
52272,1.0,16
52280,0.0,5
52280,0.0,5
52288,0.0,5
52304,1.0,16
52312,0.0,5
52320,0.0,5
52328,0.0,5
52328,1.0,16
52344,0.0,5
52368,0.0,3
52368,0.0,5
52376,1.0,12
52376,1.0,16
52376,1.0,16
52392,0.0,3
52400,0.0,3
52416,1.0,12
52416,0.0,5
52432,1.0,15
52440,0.0,3
52440,0.0,5
52456,1.0,16
52480,0.0,5
52480,0.0,3
52504,1.0,16
52504,0.0,3
52520,1.0,16
52528,0.0,3
52536,1.0,12
52544,0.0,3
52560,0.0,3
52560,1.0,16
52584,0.0,3
52600,0.0,5
52624,0.0,3
52632,1.0,16
52656,1.0,16
52656,0.0,3
52664,0.0,5
52672,1.0,16
52680,0.0,3
52696,0.0,3
52704,0.0,3
52712,1.0,16
52728,4.0,45
52736,0.0,5
52736,0.0,3
52744,0.0,5
52760,0.0,3
52776,4.0,45
52776,1.0,14
52784,0.0,5
52784,1.0,16
52800,0.0,3
52800,0.0,5
52808,0.0,3
52808,0.0,3
52816,0.0,5
52824,1.0,12
52832,0.0,3
52840,4.0,45
52840,0.0,5
52848,0.0,5
52848,0.0,3
52864,1.0,16
52872,0.0,3
52872,0.0,5
52888,0.0,3
52912,0.0,5
52912,1.0,12
52936,1.0,12
52936,1.0,17
52936,1.0,12
52944,1.0,12
52952,0.0,5
52960,0.0,3
52976,0.0,3
52984,0.0,5
52984,1.0,14
53000,0.0,3
53000,0.0,5
53008,0.0,3
53008,0.0,3
53008,1.0,12
53016,1.0,16
53016,1.0,10
53016,1.0,10
53024,0.0,3
53032,0.0,3
53040,0.0,3
53040,0.0,3
53040,0.0,3
53048,0.0,5
53056,0.0,3
53064,0.0,3
53064,0.0,5
53072,0.0,3
53080,0.0,5
53080,0.0,3
53080,0.0,5
53088,0.0,3
53104,0.0,3
53112,1.0,14
53120,0.0,5
53120,0.0,5
53128,0.0,5
53136,1.0,16
53136,0.0,3
53144,0.0,3
53144,0.0,5
53160,0.0,3
53168,0.0,3
53176,0.0,5
53184,0.0,5
53200,0.0,5
53232,1.0,14
53256,1.0,16
53272,0.0,5
53280,1.0,12
53296,0.0,5
53296,1.0,12
53296,1.0,15
53296,1.0,16
53312,0.0,5
53320,0.0,5
53320,3.0,31
53336,0.0,5
53336,0.0,5
53336,0.0,5
53352,0.0,5
53360,0.0,5
53376,0.0,5
53376,0.0,5
53392,4.0,41
53392,0.0,5
53400,0.0,5
53416,1.0,12
53416,0.0,5
53416,0.0,5
53432,0.0,5
53432,1.0,12
53440,0.0,5
53456,0.0,5
53456,0.0,5
53456,0.0,3
53472,0.0,5
53488,1.0,12
53496,0.0,5
53496,0.0,5
53512,0.0,5
53512,1.0,12
53536,1.0,12
53536,0.0,5
53552,1.0,12
53576,0.0,5
53584,1.0,12
53592,1.0,12
53592,0.0,5
53632,0.0,5
53632,0.0,5
53632,1.0,12
53648,1.0,17
53656,4.0,45
53672,0.0,5
53672,1.0,12
53680,1.0,12
53688,0.0,5
53696,0.0,5
53728,1.0,12
53728,1.0,12
53768,1.0,12
53768,1.0,12
53784,1.0,12
53784,1.0,13
53792,1.0,12
53808,0.0,5
53808,0.0,5
53824,1.0,12
53832,0.0,5
53848,0.0,5
53848,0.0,5
53872,4.0,45
53888,0.0,5
53912,1.0,16
53912,0.0,5
53920,1.0,12
53928,1.0,12
53928,0.0,5
53944,0.0,3
53952,0.0,5
53952,0.0,3
53952,0.0,5
53968,0.0,5
53984,0.0,5
53992,0.0,5
54016,0.0,3
54048,1.0,12
54056,0.0,5
54064,1.0,12
54072,0.0,3
54080,1.0,12
54088,4.0,45
54088,0.0,3
54096,0.0,5
54112,0.0,5
54120,0.0,5
54128,0.0,5
54128,0.0,5
54144,4.0,45
54144,0.0,3
54152,0.0,5
54152,0.0,3
54184,0.0,5
54192,0.0,5
54208,4.0,45
54224,1.0,16
54248,0.0,5
54264,1.0,14
54264,0.0,5
54272,1.0,16
54272,3.0,40
54296,0.0,3
54296,0.0,3
54304,0.0,5
54304,1.0,14
54304,2.0,22
54312,1.0,16
54320,0.0,3
54328,0.0,3
54328,0.0,3
54336,0.0,3
54352,0.0,3
54360,0.0,5
54368,0.0,5
54376,0.0,3
54384,1.0,15
54392,0.0,3
54416,2.0,21
54416,0.0,3
54424,1.0,15
54440,0.0,3
54448,0.0,3
54464,1.0,16
54480,2.0,23
54480,0.0,5
54488,0.0,3
54488,0.0,5
54504,0.0,3
54512,0.0,3
54528,0.0,3
54528,1.0,14
54528,2.0,21
54552,0.0,5
54552,0.0,3
54560,0.0,4
54560,2.0,23
54568,2.0,23
54568,0.0,5
54576,0.0,3
54584,0.0,3
54592,0.0,3
54608,0.0,5
54608,0.0,3
54616,0.0,3
54616,0.0,5
54640,0.0,4
54648,2.0,21
54648,0.0,4
54656,2.0,21
54672,0.0,3
54680,1.0,15
54680,0.0,3
54680,0.0,5
54688,0.0,5
54696,0.0,3
54704,0.0,3
54720,0.0,5
54720,2.0,21
54720,0.0,5
54728,0.0,5
54736,0.0,5
54744,0.0,3
54744,0.0,5
54744,1.0,16
54768,0.0,3
54768,0.0,5
54776,0.0,5
54776,2.0,21
54784,0.0,5
54792,0.0,3
54800,0.0,3
54808,0.0,5
54816,0.0,5
54824,0.0,5
54824,0.0,3
54848,0.0,5
54856,0.0,5
54864,0.0,5
54864,0.0,5
54880,1.0,17
54888,2.0,21
54888,2.0,21
54896,0.0,5
54904,0.0,5
54912,0.0,3
54912,0.0,3
54920,0.0,5
54952,0.0,5
54952,0.0,5
54960,0.0,5
54992,1.0,12
54992,1.0,16
55000,0.0,5
55032,0.0,5
55032,1.0,16
55072,0.0,5
55080,3.0,36
55088,1.0,17
55088,1.0,17
55120,0.0,5
55128,0.0,5
55128,1.0,16
55168,0.0,5
55176,4.0,41
55208,1.0,17
55216,1.0,16
55216,0.0,5
55224,1.0,12
55248,1.0,16
55256,0.0,5
55256,0.0,5
55264,1.0,12
55288,0.0,3
55296,0.0,5
55320,3.0,41
55320,1.0,12
55336,0.0,5
55344,1.0,12
55352,1.0,12
55352,3.0,40
55360,0.0,5
55360,0.0,5
55376,0.0,5
55384,0.0,5
55392,0.0,5
55400,2.0,24
55416,1.0,16
55448,1.0,12
55456,1.0,12
55456,0.0,5
55472,0.0,3
55480,1.0,15
55480,0.0,3
55488,1.0,12
55496,1.0,12
55496,0.0,5
55504,1.0,16
55504,1.0,15
55504,0.0,3
55512,0.0,5
55520,0.0,3
55520,0.0,3
55520,0.0,5
55528,0.0,5
55528,0.0,3
55544,0.0,5
55544,0.0,5
55544,0.0,3
55552,0.0,3
55560,0.0,5
55560,0.0,5
55568,0.0,5
55584,0.0,3
55584,0.0,5
55592,0.0,5
55624,0.0,5
55624,0.0,5
55632,0.0,5
55664,1.0,15
55664,0.0,5
55688,0.0,3
55696,2.0,23
55712,0.0,3
55720,0.0,3
55720,2.0,22
55736,2.0,22
55736,2.0,21
55744,0.0,3
55744,0.0,3
55752,0.0,5
55768,0.0,3
55776,0.0,5
55776,0.0,5
55784,0.0,5
55792,2.0,21
55800,2.0,21
55824,0.0,3
55832,2.0,21
55832,0.0,5
55848,0.0,3
55856,0.0,3
55880,0.0,3
55888,0.0,5
55896,1.0,15
55896,1.0,15
55904,1.0,15
55904,1.0,17
55920,2.0,21
55920,0.0,3
55920,0.0,3
55920,0.0,5
55928,0.0,5
55944,0.0,3
55944,0.0,5
55952,1.0,15
55960,0.0,5
55960,0.0,5
55968,0.0,3
55976,0.0,3
56008,0.0,5
56016,0.0,5
56048,0.0,5
56088,2.0,23
56096,2.0,21
56104,2.0,23
56112,2.0,21
56112,0.0,3
56120,0.0,3
56128,2.0,21
56128,0.0,3
56136,0.0,3
56136,0.0,3
56144,0.0,3
56152,0.0,3
56152,0.0,3
56160,0.0,3
56176,0.0,3
56176,0.0,5
56184,0.0,5
56184,2.0,21
56192,0.0,5
56208,0.0,3
56216,2.0,21
56216,0.0,5
56224,0.0,5
56232,0.0,3
56240,0.0,3
56248,0.0,3
56264,0.0,4
56272,3.0,39
56288,0.0,5
56296,1.0,17
56296,0.0,3
56296,1.0,15
56304,0.0,5
56312,1.0,15
56336,1.0,12
56360,0.0,3
56392,1.0,12
56400,1.0,12
56416,0.0,3
56424,1.0,16
56440,1.0,16
56440,0.0,5
56480,0.0,5
56512,1.0,12
56520,0.0,5
56536,1.0,12
56544,4.0,41
56608,1.0,12
56616,4.0,41
56616,1.0,12
56624,4.0,41
56632,1.0,12
56640,0.0,3
56664,1.0,15
56680,0.0,5
56688,0.0,3
56704,1.0,12
56720,4.0,45
56752,1.0,17
56752,3.0,41
56776,1.0,12
56800,0.0,3
56808,1.0,15
56816,1.0,12
56816,2.0,24
56832,1.0,16
56840,0.0,3
56840,0.0,5
56848,1.0,12
56856,0.0,3
56864,0.0,3
56872,0.0,3
56880,0.0,5
56896,0.0,5
56904,0.0,5
56912,0.0,5
56936,2.0,23
56944,1.0,17
56952,0.0,5
56952,1.0,17
56960,0.0,3
56976,0.0,3
56984,0.0,5
56992,0.0,5
56992,4.0,45
57000,0.0,5
57016,0.0,5
57040,0.0,5
57056,2.0,22
57056,0.0,5
57064,2.0,21
57080,0.0,5
57080,2.0,22
57104,0.0,5
57112,1.0,16
57120,0.0,5
57120,0.0,5
57144,0.0,5
57152,0.0,5
57160,0.0,5
57160,0.0,5
57176,2.0,23
57176,2.0,23
57184,0.0,5
57200,0.0,5
57200,0.0,5
57200,0.0,3
57216,0.0,5
57224,2.0,21
57240,2.0,23
57240,0.0,5
57240,0.0,5
57240,0.0,5
57256,0.0,5
57264,0.0,5
57280,0.0,5
57280,0.0,5
57280,0.0,5
57280,0.0,5
57288,1.0,17
57296,0.0,5
57304,0.0,5
57320,0.0,5
57320,0.0,5
57320,0.0,5
57320,0.0,5
57328,0.0,5
57344,0.0,5
57344,0.0,3
57360,0.0,5
57368,2.0,23
57368,0.0,5
57384,0.0,5
57392,1.0,12
57392,0.0,3
57400,0.0,5
57408,0.0,5
57416,0.0,3
57416,1.0,12
57424,0.0,5
57432,0.0,5
57440,0.0,5
57448,0.0,3
57456,0.0,5
57480,0.0,3
57488,0.0,5
57504,1.0,12
57512,1.0,12
57520,0.0,5
57528,2.0,23
57552,0.0,3
57560,0.0,5
57576,0.0,3
57600,0.0,5
57608,2.0,22
57608,1.0,12
57616,0.0,5
57632,0.0,3
57632,0.0,3
57640,0.0,5
57640,1.0,17
57656,2.0,27
57656,0.0,5
57664,2.0,22
57672,0.0,5
57680,0.0,3
57680,4.0,45
57688,0.0,3
57696,0.0,5
57728,0.0,5
57736,1.0,12
57768,0.0,5
57776,1.0,12
57776,0.0,5
57776,1.0,17
57808,0.0,5
57816,1.0,17
57816,0.0,5
57816,2.0,23
57840,0.0,3
57840,0.0,3
57872,1.0,12
57880,0.0,5
57888,2.0,24
57904,1.0,12
57912,1.0,12
57920,0.0,5
57928,0.0,3
57952,0.0,5
57960,0.0,5
57984,1.0,12
58000,0.0,5
58024,1.0,12
58032,4.0,45
58048,1.0,12
58080,1.0,12
58096,1.0,12
58112,2.0,30
58120,0.0,5
58128,1.0,12
58136,4.0,45
58144,1.0,12
58152,0.0,5
58152,1.0,16
58200,4.0,45
58224,1.0,16
58224,1.0,12
58232,1.0,12
58248,1.0,12
58264,0.0,5
58272,0.0,3
58280,1.0,16
58296,1.0,12
58304,0.0,3
58312,0.0,5
58320,0.0,3
58328,1.0,12
58336,0.0,3
58344,0.0,5
58352,0.0,3
58360,1.0,17
58360,0.0,5
58376,0.0,5
58384,0.0,3
58384,0.0,5
58392,0.0,5
58400,0.0,5
58408,0.0,3
58416,0.0,5
58424,0.0,5
58432,0.0,5
58440,0.0,5
58448,0.0,5
58448,2.0,23
58456,0.0,5
58464,0.0,5
58472,0.0,5
58472,0.0,3
58480,0.0,3
58480,4.0,45
58480,0.0,5
58488,0.0,5
58488,0.0,3
58496,0.0,3
58504,4.0,45
58504,0.0,3
58520,0.0,5
58520,0.0,5
58528,0.0,5
58536,0.0,5
58544,0.0,5
58544,0.0,3
58544,0.0,5
58568,0.0,3
58568,0.0,5
58576,0.0,5
58584,0.0,5
58584,0.0,5
58592,0.0,3
58600,0.0,3
58608,0.0,5
58608,1.0,17
58608,0.0,3
58624,0.0,5
58632,0.0,3
58632,0.0,3
58632,0.0,5
58640,0.0,5
58656,0.0,3
58672,2.0,23
58672,0.0,5
58696,0.0,3
58696,0.0,5
58704,2.0,23
58720,0.0,3
58728,0.0,3
58736,0.0,5
58752,0.0,3
58752,1.0,15
58760,0.0,5
58760,0.0,3
58792,2.0,23
58800,0.0,5
58808,2.0,23
58816,2.0,22
58816,0.0,3
58832,0.0,3
58840,0.0,3
58840,2.0,21
58856,0.0,3
58856,0.0,5
58880,0.0,5
58880,0.0,5
58888,1.0,16
58888,1.0,17
58896,0.0,5
58904,0.0,3
58912,0.0,3
58928,0.0,5
58936,2.0,23
58952,0.0,5
58960,0.0,3
58976,2.0,22
58992,0.0,5
59000,1.0,15
59000,0.0,5
59000,0.0,3
59016,1.0,15
59032,0.0,5
59032,2.0,22
59040,0.0,5
59048,1.0,15
59056,0.0,5
59056,0.0,3
59072,0.0,5
59080,0.0,5
59088,0.0,5
59088,2.0,23
59096,0.0,5
59112,0.0,3
59120,0.0,5
59128,0.0,5
59136,0.0,5
59152,0.0,5
59160,0.0,5
59168,0.0,5
59176,0.0,5
59184,2.0,23
59192,0.0,5
59208,0.0,5
59208,0.0,3
59216,0.0,5
59248,0.0,5
59248,0.0,5
59256,2.0,23
59256,0.0,5
59280,3.0,35
59280,2.0,28
59288,1.0,16
59288,0.0,5
59296,0.0,5
59296,0.0,5
59320,0.0,5
59328,0.0,5
59328,0.0,5
59336,0.0,5
59336,0.0,5
59344,1.0,12
59360,0.0,3
59360,0.0,5
59368,0.0,3
59368,0.0,5
59368,0.0,5
59376,2.0,23
59376,0.0,5
59392,0.0,3
59392,0.0,3
59400,0.0,5
59408,0.0,5
59416,0.0,5
59432,0.0,5
59448,0.0,5
59456,2.0,22
59472,0.0,5
59480,0.0,3
59488,1.0,16
59496,1.0,12
59512,1.0,12
59520,0.0,3
59520,0.0,5
59528,0.0,5
59536,0.0,3
59544,1.0,12
59560,0.0,5
59560,0.0,5
59560,2.0,23
59568,0.0,3
59568,0.0,5
59576,0.0,5
59584,0.0,3
59584,0.0,3
59592,0.0,3
59600,0.0,3
59600,0.0,5
59608,0.0,3
59616,2.0,28
59624,0.0,5
59632,0.0,5
59640,0.0,5
59640,0.0,4
59648,0.0,3
59656,0.0,3
59664,0.0,3
59680,0.0,5
59688,2.0,27
59688,0.0,5
59696,1.0,12
59704,0.0,5
59728,0.0,5
59744,0.0,5
59752,2.0,23
59752,0.0,3
59776,1.0,10
59792,0.0,5
59792,0.0,5
59792,2.0,22
59800,0.0,3
59816,0.0,3
59824,0.0,3
59840,2.0,23
59848,2.0,21
59856,0.0,5
59864,0.0,5
59872,2.0,23
59872,0.0,3
59880,0.0,5
59896,0.0,3
59896,0.0,3
59912,2.0,21
59920,0.0,3
59936,0.0,3
59936,0.0,5
59960,2.0,21
59960,0.0,5
59960,2.0,21
59976,0.0,5
59984,0.0,3
59984,0.0,3
59992,1.0,14
60000,0.0,5
60024,0.0,5
60024,0.0,5
60024,2.0,21
60032,0.0,5
60032,2.0,21
60040,0.0,5
60064,0.0,5
60064,0.0,5
60064,0.0,5
60072,1.0,17
60072,0.0,5
60080,0.0,5
60104,0.0,5
60104,0.0,5
60104,0.0,5
60112,0.0,5
60112,0.0,5
60120,0.0,5
60144,0.0,5
60144,0.0,5
60144,2.0,21
60152,1.0,15
60152,0.0,5
60160,0.0,5
60184,0.0,5
60184,0.0,5
60192,0.0,5
60192,0.0,5
60200,0.0,5
60224,0.0,5
60224,0.0,5
60232,1.0,16
60232,0.0,5
60232,0.0,5
60240,0.0,5
60248,1.0,17
60264,0.0,5
60264,0.0,5
60272,0.0,5
60272,0.0,5
60280,0.0,5
60288,0.0,5
60304,0.0,5
60304,0.0,5
60328,0.0,5
60328,2.0,23
60344,0.0,5
60344,0.0,5
60368,1.0,17
60368,0.0,5
60384,0.0,5
60384,0.0,5
60408,0.0,5
60408,0.0,5
60424,0.0,5
60424,0.0,5
60448,0.0,5
60448,0.0,5
60456,2.0,23
60456,2.0,23
60464,2.0,23
60464,0.0,5
60464,0.0,5
60488,0.0,5
60496,0.0,5
60496,0.0,5
60504,0.0,5
60512,2.0,23
60528,0.0,5
60528,0.0,3
60536,0.0,5
60552,0.0,5
60568,0.0,5
60568,0.0,5
60576,0.0,5
60576,1.0,14
60592,0.0,5
60600,1.0,17
60608,0.0,5
60608,0.0,5
60616,0.0,5
60616,0.0,5
60632,0.0,3
60632,2.0,23
60632,0.0,3
60640,0.0,3
60640,0.0,5
60680,0.0,5
60680,2.0,23
60712,1.0,12
60728,1.0,12
60728,1.0,12
60776,1.0,12
60776,1.0,12
60808,1.0,12
60816,0.0,5
60816,0.0,5
60824,1.0,12
60832,0.0,3
60840,0.0,3
60856,0.0,5
60856,2.0,28
60864,0.0,5
60880,0.0,5
60880,3.0,36
60896,0.0,5
60896,0.0,5
60904,0.0,3
60920,0.0,3
60920,0.0,3
60960,0.0,5
60960,0.0,5
60960,1.0,16
60984,1.0,15
60984,0.0,3
60984,0.0,3
61000,0.0,5
61000,4.0,45
61008,0.0,3
61008,1.0,16
61024,0.0,5
61032,0.0,3
61040,0.0,5
61040,1.0,17
61048,0.0,5
61056,4.0,41
61064,0.0,3
61064,0.0,3
61064,0.0,5
61072,0.0,5
61080,0.0,3
61088,0.0,3
61096,0.0,3
61104,0.0,5
61104,0.0,5
61120,0.0,5
61128,0.0,3
61136,0.0,5
61144,0.0,5
61160,0.0,5
61168,0.0,5
61168,2.0,23
61184,2.0,23
61184,0.0,5
61184,1.0,12
61192,0.0,3
61208,0.0,3
61208,0.0,3
61208,0.0,5
61208,0.0,3
61232,2.0,23
61232,0.0,5
61248,0.0,5
61248,0.0,5
61248,0.0,5
61256,0.0,3
61256,0.0,3
61272,0.0,3
61296,0.0,5
61304,2.0,21
61312,0.0,5
61328,0.0,3
61336,0.0,5
61344,2.0,23
61352,1.0,12
61368,0.0,3
61424,2.0,22
61424,2.0,22
61448,1.0,12
61448,0.0,3
61464,0.0,5
61464,1.0,12
61488,2.0,20
61488,0.0,5
61504,0.0,5
61520,3.0,39
61528,2.0,27
61544,1.0,12
61544,0.0,5
61560,1.0,12
61584,1.0,12
61584,0.0,5
61600,0.0,5
61616,1.0,12
61640,1.0,12
61648,3.0,39
61656,0.0,5
61680,1.0,12
61680,1.0,12
61696,1.0,12
61736,1.0,12
61736,0.0,5
61744,1.0,12
61752,1.0,12
61776,0.0,5
61776,1.0,12
61776,1.0,12
61792,0.0,5
61832,1.0,12
61840,1.0,12
61848,4.0,45
61872,0.0,5
61872,1.0,12
61872,1.0,12
61880,0.0,5
61888,0.0,5
61888,4.0,45
61912,0.0,5
61920,0.0,5
61968,1.0,12
61968,1.0,12
61984,1.0,12
62000,2.0,28
62008,1.0,12
62008,0.0,3
62008,0.0,5
62008,0.0,5
62016,1.0,12
62024,1.0,17
62032,0.0,3
62040,0.0,3
62048,0.0,3
62072,0.0,5
62080,0.0,5
62088,0.0,5
62096,0.0,3
62104,1.0,12
62104,1.0,12
62128,0.0,5
62136,1.0,16
62144,0.0,5
62152,0.0,3
62152,4.0,45
62176,1.0,12
62176,2.0,22
62192,0.0,5
62200,1.0,12
62216,0.0,5
62216,0.0,3
62216,0.0,5
62224,1.0,16
62232,1.0,12
62240,0.0,5
62248,1.0,12
62256,0.0,5
62256,0.0,5
62264,0.0,3
62264,0.0,5
62288,0.0,5
62296,0.0,5
62304,0.0,5
62328,1.0,12
62328,0.0,5
62368,0.0,5
62368,2.0,28
62384,2.0,21
62384,1.0,16
62408,0.0,3
62408,0.0,5
62432,0.0,3
62432,2.0,21
62448,0.0,5
62456,0.0,3
62464,2.0,21
62472,2.0,21
62472,0.0,5
62488,0.0,3
62496,0.0,3
62496,2.0,21
62512,0.0,5
62520,0.0,3
62528,0.0,5
62536,2.0,21
62536,0.0,5
62536,0.0,3
62560,0.0,3
62560,0.0,3
62560,0.0,5
62568,1.0,15
62568,2.0,23
62584,0.0,3
62592,0.0,3
62600,0.0,5
62600,1.0,18
62608,0.0,5
62624,0.0,3
62624,0.0,5
62632,1.0,12
62632,0.0,5
62640,0.0,5
62648,1.0,15
62664,0.0,5
62672,0.0,5
62680,0.0,5
62688,0.0,5
62704,1.0,12
62728,0.0,3
62728,1.0,12
62728,0.0,5
62752,0.0,3
62752,0.0,3
62760,1.0,12
62768,0.0,5
62776,1.0,12
62784,0.0,3
62792,0.0,5
62800,0.0,3
62864,1.0,12
62880,1.0,12
62896,1.0,12
62920,4.0,45
62960,1.0,12
62960,0.0,5
62976,1.0,12
62984,4.0,45
62992,1.0,12
63032,4.0,45
63056,1.0,12
63056,1.0,12
63072,1.0,12
63080,1.0,12
63088,1.0,12
63096,0.0,5
63112,4.0,45
63128,1.0,12
63136,0.0,5
63152,4.0,45
63152,0.0,5
63168,1.0,12
63176,1.0,12
63184,1.0,12
63208,0.0,5
63216,0.0,5
63224,1.0,12
63224,0.0,5
63232,1.0,12
63248,1.0,12
63264,0.0,5
63264,0.0,5
63272,0.0,3
63280,1.0,16
63304,1.0,12
63304,0.0,3
63304,0.0,5
63312,0.0,5
63328,1.0,12
63352,0.0,3
63384,4.0,41
63392,1.0,16
63400,1.0,12
63408,0.0,3
63408,1.0,12
63416,0.0,3
63424,1.0,15
63424,0.0,3
63432,1.0,16
63448,1.0,12
63464,0.0,5
63464,0.0,5
63472,0.0,3
63488,0.0,3
63504,1.0,12
63504,1.0,12
63504,0.0,5
63512,0.0,5
63512,1.0,12
63528,0.0,3
63528,0.0,3
63528,0.0,3
63536,0.0,3
63568,0.0,5
63568,1.0,17
63576,4.0,45
63584,1.0,12
63592,0.0,3
63600,0.0,3
63608,0.0,3
63624,1.0,12
63624,1.0,12
63632,1.0,12
63640,0.0,5
63648,0.0,5
63648,0.0,3
63648,0.0,3
63664,0.0,3
63688,0.0,5
63688,0.0,5
63696,2.0,23
63712,0.0,3
63720,0.0,3
63728,1.0,17
63752,0.0,3
63760,1.0,12
63792,0.0,5
63800,0.0,5
63808,1.0,12
63816,1.0,12
63824,0.0,3
63832,0.0,3
63840,0.0,3
63864,0.0,5
63872,2.0,23
63928,1.0,12
63928,4.0,45
63968,0.0,5
63968,0.0,5
63976,1.0,17
63992,4.0,45
64008,0.0,5
64008,4.0,45
64008,1.0,17
64008,2.0,27
64032,0.0,3
64048,0.0,5
64072,0.0,5
64080,2.0,27
64088,0.0,5
64104,0.0,3
64128,0.0,5
64144,2.0,22
64144,0.0,5
64144,1.0,17
64160,2.0,23
64168,0.0,3
64176,2.0,23
64192,2.0,23
64192,1.0,15
64208,0.0,5
64224,1.0,12
64232,0.0,5
64256,0.0,3
64264,0.0,5
64272,1.0,12
64280,1.0,17
64288,1.0,12
64296,1.0,17
64296,0.0,3
64296,0.0,5
64304,0.0,5
64304,0.0,3
64320,0.0,3
64328,0.0,5
64328,0.0,3
64336,0.0,5
64344,1.0,17
64344,0.0,5
64360,0.0,5
64360,2.0,27
64368,0.0,5
64384,0.0,5
64384,0.0,3
64392,1.0,12
64424,0.0,5
64432,0.0,5
64440,1.0,12
64448,0.0,3
64456,1.0,12
64464,1.0,12
64464,0.0,3
64480,1.0,12
64504,0.0,3
64504,0.0,5
64528,1.0,12
64544,1.0,12
64552,0.0,3
64560,1.0,12
64568,0.0,3
64600,1.0,12
64608,0.0,5
64624,0.0,3
64640,4.0,39
64648,0.0,5
64648,1.0,12
64656,1.0,12
64664,0.0,3
64672,0.0,3
64688,0.0,5
64696,0.0,5
64696,4.0,45
64704,0.0,5
64712,0.0,5
64720,1.0,12
64728,0.0,3
64728,0.0,5
64736,0.0,5
64736,0.0,5
64768,0.0,5
64784,4.0,41
64808,1.0,12
64808,0.0,3
64816,1.0,12
64824,1.0,12
64832,4.0,41
64832,1.0,12
64832,1.0,12
64848,0.0,3
64856,0.0,3
64856,0.0,5
64856,0.0,3
64864,1.0,12
64888,0.0,3
64904,1.0,12
64944,1.0,12
64952,1.0,12
64952,1.0,12
64952,1.0,12
64952,1.0,15
64976,0.0,3
64984,1.0,12
64992,2.0,23
64992,0.0,5
65000,1.0,12
65024,0.0,5
65032,0.0,5
65032,0.0,5
65040,0.0,5
65040,1.0,12
65048,1.0,12
65048,1.0,12
65056,0.0,3
65056,0.0,3
65064,0.0,5
65072,1.0,12
65080,0.0,5
65080,0.0,5
65096,0.0,5
65112,0.0,5
65136,0.0,3
65144,1.0,12
65144,1.0,12
65152,1.0,12
65160,1.0,12
65176,0.0,3
65176,1.0,12
65176,1.0,12
65184,0.0,3
65184,0.0,5
65192,1.0,12
65200,0.0,3
65200,0.0,3
65216,0.0,5
65224,0.0,5
65232,1.0,12
65232,0.0,5
65248,0.0,3
65256,0.0,5
65256,0.0,3
65272,1.0,16
65280,1.0,12
65288,0.0,5
65296,1.0,12
65296,1.0,12
65312,0.0,5
65320,0.0,3
65328,1.0,12
65336,0.0,5
65352,1.0,12
65352,1.0,12
65360,1.0,10
65384,1.0,12
65384,0.0,3
65408,1.0,12
65408,1.0,10
65432,1.0,10
65432,0.0,3
65448,1.0,16
65480,1.0,12
65488,0.0,5
65488,1.0,10
65504,1.0,15
65512,0.0,3
65528,1.0,12
65528,0.0,5
65528,1.0,12
65600,1.0,12
65608,1.0,12
65624,1.0,12
65624,1.0,12
65648,0.0,5
65696,1.0,12
65696,4.0,45
65704,1.0,10
65704,1.0,10
65712,4.0,45
65728,0.0,3
65736,0.0,5
65736,0.0,5
65744,0.0,5
65744,1.0,12
65768,0.0,3
65776,0.0,5
65808,1.0,12
65824,1.0,12
65832,0.0,3
65832,1.0,12
65840,1.0,12
65840,4.0,45
65848,0.0,3
65856,0.0,3
65864,0.0,3
65864,1.0,12
65872,1.0,12
65888,4.0,45
65888,0.0,5
65896,0.0,3
65928,1.0,12
65936,1.0,12
65952,0.0,3
65952,1.0,12
65960,1.0,12
65960,0.0,3
65984,1.0,12
65984,1.0,12
65992,1.0,16
65992,0.0,5
66008,0.0,3
66008,0.0,3
66032,0.0,5
66048,0.0,5
66056,1.0,12
66056,1.0,12
66088,1.0,12
66096,0.0,5
66096,0.0,5
66120,2.0,28
66128,1.0,10
66128,1.0,12
66136,0.0,5
66136,2.0,23
66136,0.0,5
66160,0.0,5
66168,0.0,5
66168,0.0,5
66184,1.0,12
66192,0.0,3
66200,2.0,24
66224,0.0,3
66232,1.0,12
66232,1.0,12
66232,1.0,12
66256,0.0,3
66256,1.0,12
66256,0.0,3
66256,0.0,3
66264,1.0,12
66264,0.0,5
66280,0.0,3
66288,0.0,3
66304,1.0,15
66328,0.0,5
66328,0.0,3
66352,1.0,12
66352,1.0,12
66376,2.0,23
66376,1.0,12
66376,0.0,3
66392,0.0,5
66392,1.0,17
66400,0.0,3
66416,0.0,3
66432,0.0,5
66440,0.0,5
66448,2.0,23
66464,0.0,3
66472,1.0,12
66472,0.0,5
66496,0.0,3
66496,0.0,3
66504,0.0,5
66512,2.0,23
66512,2.0,23
66536,0.0,5
66536,0.0,5
66560,2.0,23
66584,1.0,17
66600,2.0,23
66600,1.0,12
66608,1.0,12
66624,0.0,3
66624,0.0,5
66632,1.0,12
66632,0.0,3
66648,1.0,17
66656,0.0,3
66656,1.0,12
66664,0.0,5
66680,0.0,3
66688,0.0,5
66704,0.0,5
66720,0.0,5
66728,0.0,5
66736,1.0,17
66768,0.0,5
66768,1.0,17
66776,0.0,5
66800,1.0,12
66808,2.0,23
66808,0.0,5
66816,0.0,5
66824,0.0,3
66840,2.0,23
66848,0.0,5
66856,1.0,17
66864,1.0,12
66888,0.0,3
66896,4.0,45
66896,0.0,5
66920,1.0,12
66936,1.0,12
66944,1.0,17
66944,1.0,12
66960,0.0,3
66960,0.0,5
66968,0.0,3
66984,0.0,5
66992,1.0,12
67000,2.0,23
67000,0.0,5
67056,1.0,12
67064,1.0,12
67072,1.0,10
67072,2.0,23
67080,1.0,12
67080,0.0,3
67088,0.0,3
67096,0.0,3
67096,1.0,12
67096,1.0,12
67112,2.0,27
67120,0.0,5
67136,0.0,5
67136,0.0,3
67160,0.0,3
67168,1.0,11
67168,1.0,12
67176,1.0,10
67176,1.0,10
67176,0.0,5
67200,0.0,3
67200,0.0,3
67208,0.0,5
67208,0.0,5
67216,1.0,12
67232,0.0,3
67240,0.0,5
67256,1.0,12
67256,0.0,3
67272,1.0,12
67296,1.0,10
67296,1.0,12
67312,0.0,5
67320,1.0,14
67320,0.0,3
67336,1.0,10
67336,0.0,3
67336,0.0,5
67352,1.0,12
67360,0.0,3
67376,0.0,5
67408,2.0,21
67416,1.0,12
67416,1.0,12
67416,4.0,41
67432,1.0,10
67440,0.0,3
67448,0.0,5
67456,1.0,10
67456,0.0,5
67456,1.0,12
67472,0.0,5
67480,0.0,3
67480,0.0,3
67488,0.0,5
67496,1.0,10
67496,0.0,3
67512,2.0,22
67520,0.0,5
67536,0.0,5
67536,1.0,10
67536,1.0,12
67544,0.0,3
67552,0.0,5
67576,0.0,3
67576,0.0,5
67576,1.0,12
67592,1.0,12
67608,1.0,15
67616,0.0,5
67616,0.0,3
67616,1.0,10
67632,1.0,12
67640,1.0,12
67648,0.0,5
67672,1.0,12
67672,0.0,5
67680,0.0,5
67696,1.0,15
67712,1.0,12
67712,1.0,12
67712,1.0,12
67744,1.0,12
67752,1.0,10
67752,0.0,5
67752,0.0,5
67768,1.0,12
67776,1.0,12
67792,1.0,12
67808,1.0,12
67824,1.0,10
67832,1.0,10
67848,1.0,12
67848,1.0,10
67848,1.0,12
67856,0.0,3
67896,0.0,5
67920,1.0,12
67928,1.0,10
67944,1.0,12
67952,0.0,3
67992,1.0,12
68008,2.0,20
68016,1.0,12
68032,0.0,5
68040,1.0,12
68048,1.0,12
68128,1.0,12
68136,4.0,45
68136,1.0,12
68144,1.0,12
68152,4.0,45
68168,4.0,45
68192,2.0,23
68224,1.0,12
68232,1.0,12
68232,1.0,12
68232,0.0,5
68240,1.0,12
68248,1.0,12
68264,1.0,12
68272,0.0,5
68320,1.0,12
68328,1.0,12
68328,1.0,12
68336,1.0,12
68336,3.0,40
68344,1.0,12
68344,0.0,3
68360,1.0,12
68368,1.0,12
68384,0.0,5
68424,1.0,12
68424,0.0,5
68432,1.0,13
68432,1.0,12
68432,1.0,12
68440,1.0,12
68448,1.0,10
68456,1.0,12
68456,0.0,3
68472,0.0,5
68520,1.0,12
68544,0.0,3
68544,1.0,12
68552,1.0,16
68568,1.0,12
68568,1.0,16
68584,1.0,16
68592,0.0,5
68592,0.0,3
68592,2.0,20
68608,0.0,5
68624,0.0,5
68632,0.0,5
68640,2.0,23
68680,0.0,5
68688,1.0,12
68688,1.0,12
68712,0.0,3
68720,1.0,12
68720,0.0,5
68728,0.0,5
68728,2.0,23
68728,2.0,23
68728,1.0,12
68744,0.0,3
68752,0.0,3
68768,0.0,5
68792,0.0,3
68792,2.0,23
68816,1.0,12
68832,0.0,5
68840,1.0,12
68864,1.0,17
68880,0.0,5
68896,2.0,23
68904,0.0,5
68920,0.0,5
68928,1.0,12
68928,1.0,17
68936,2.0,23
68944,0.0,5
68968,0.0,5
68992,1.0,12
69000,2.0,23
69016,1.0,12
69032,0.0,5
69032,1.0,12
69040,1.0,12
69056,4.0,41
69064,1.0,12
69072,0.0,5
69080,2.0,19
69080,0.0,3
69080,0.0,5
69096,1.0,12
69104,0.0,5
69112,1.0,12
69120,0.0,5
69120,0.0,5
69120,0.0,5
69120,0.0,3
69128,1.0,12
69152,0.0,5
69168,0.0,5
69168,1.0,12
69200,1.0,12
69216,1.0,12
69216,1.0,12
69216,1.0,12
69248,1.0,12
69264,1.0,12
69264,1.0,12
69296,1.0,10
69296,1.0,12
69304,0.0,5
69312,1.0,12
69312,1.0,12
69352,0.0,5
69360,1.0,12
69376,1.0,16
69392,1.0,12
69392,1.0,12
69400,0.0,5
69400,1.0,12
69408,1.0,12
69432,0.0,5
69472,1.0,12
69472,0.0,5
69480,4.0,45
69496,1.0,12
69496,1.0,13
69504,1.0,12
69552,1.0,10
69552,1.0,10
69576,1.0,10
69576,1.0,12
69592,1.0,12
69600,1.0,12
69616,0.0,5
69624,0.0,3
69632,0.0,5
69648,1.0,12
69648,1.0,12
69656,1.0,10
69664,0.0,5
69680,0.0,3
69704,1.0,11
69704,0.0,5
69712,1.0,10
69712,4.0,45
69736,0.0,3
69744,1.0,12
69744,0.0,5
69760,4.0,45
69768,1.0,15
69776,1.0,12
69784,0.0,5
69784,0.0,5
69792,0.0,3
69800,1.0,12
69808,0.0,3
69808,1.0,12
69816,0.0,5
69832,0.0,5
69832,1.0,12
69856,1.0,12
69856,0.0,5
69872,0.0,5
69880,1.0,12
69880,1.0,10
69896,0.0,5
69928,1.0,12
69928,1.0,15
69936,1.0,10
69968,1.0,12
69968,0.0,5
69976,1.0,12
69992,1.0,12
70000,1.0,15
70008,1.0,10
70008,0.0,5
70016,0.0,5
70032,1.0,12
70048,0.0,5
70056,0.0,5
70064,1.0,12
70072,0.0,5
70088,1.0,12
70096,1.0,12
70104,1.0,12
70104,0.0,5
70112,0.0,5
70128,0.0,5
70136,0.0,5
70144,0.0,5
70144,1.0,12
70152,1.0,12
70152,0.0,5
70168,4.0,45
70168,0.0,5
70176,0.0,5
70184,0.0,5
70184,0.0,5
70192,0.0,5
70192,0.0,5
70216,0.0,5
70224,0.0,5
70224,0.0,5
70232,0.0,5
70232,0.0,5
70256,0.0,5
70264,0.0,5
70272,0.0,5
70272,0.0,5
70288,2.0,23
70296,0.0,5
70304,0.0,5
70312,0.0,5
70312,0.0,5
70328,0.0,5
70336,0.0,5
70344,0.0,5
70352,0.0,5
70352,2.0,23
70384,0.0,5
70408,1.0,12
70424,1.0,12
70424,0.0,5
70432,1.0,12
70448,1.0,12
70448,1.0,12
70456,3.0,36
70464,0.0,5
70472,0.0,5
70504,1.0,12
70512,0.0,5
70520,1.0,12
70544,1.0,12
70552,4.0,41
70560,1.0,12
70576,0.0,3
70592,1.0,17
70600,1.0,12
70608,1.0,12
70616,0.0,5
70616,1.0,12
70656,1.0,12
70688,1.0,10
70688,1.0,11
70696,1.0,10
70712,1.0,15
70752,1.0,12
70792,1.0,12
70808,4.0,45
70816,0.0,3
70832,1.0,10
70840,1.0,16
70856,0.0,3
70864,0.0,3
70880,2.0,24
70880,2.0,24
70896,0.0,5
70904,0.0,3
70904,1.0,12
70904,4.0,45
70912,1.0,12
70944,0.0,5
70960,1.0,10
70960,1.0,12
70976,4.0,45
70976,1.0,10
71000,1.0,12
71024,1.0,10
71024,1.0,15
71056,1.0,12
71064,0.0,5
71072,1.0,12
71080,1.0,10
71104,2.0,24
71120,1.0,12
71120,0.0,5
71136,1.0,10
71152,1.0,10
71160,1.0,12
71176,0.0,5
71200,1.0,12
71216,0.0,5
71216,1.0,12
71240,0.0,3
71240,1.0,10
71248,1.0,12
71280,1.0,10
71280,0.0,5
71280,0.0,5
71304,0.0,3
71312,1.0,12
71320,4.0,45
71320,0.0,5
71336,4.0,45
71344,1.0,12
71376,1.0,12
71384,0.0,5
71392,1.0,10
71400,0.0,3
71400,1.0,12
71416,1.0,12
71416,1.0,12
71424,0.0,5
71432,1.0,12
71448,4.0,41
71472,0.0,3
71480,1.0,10
71488,1.0,12
71496,1.0,10
71496,1.0,12
71512,0.0,3
71512,1.0,10
71520,1.0,12
71520,0.0,3
71536,0.0,5
71560,0.0,5
71568,1.0,12
71600,1.0,10
71600,1.0,15
71608,1.0,12
71608,1.0,12
71624,0.0,3
71632,1.0,12
71632,0.0,3
71648,1.0,10
71656,1.0,12
71664,0.0,5
71672,0.0,5
71672,0.0,3
71688,1.0,10
71696,0.0,3
71696,1.0,12
71712,0.0,3
71736,1.0,10
71760,1.0,12
71760,0.0,3
71776,4.0,45
71776,1.0,10
71792,1.0,12
71800,0.0,5
71800,0.0,3
71808,1.0,12
71832,0.0,3
71840,1.0,10
71840,0.0,5
71864,0.0,3
71872,0.0,5
71872,1.0,10
71872,1.0,12
71896,1.0,12
71920,0.0,3
71936,1.0,12
71952,1.0,10
71960,1.0,12
71968,1.0,12
71968,1.0,12
71992,4.0,45
72032,4.0,45
72048,1.0,12
72056,1.0,15
72064,1.0,12
72072,0.0,3
72088,0.0,3
72088,1.0,12
72128,1.0,12
72152,1.0,12
72168,1.0,10
72168,1.0,12
72184,1.0,12
72200,2.0,29
72208,0.0,5
72208,1.0,10
72224,0.0,3
72248,1.0,10
72248,1.0,12
72272,0.0,3
72280,4.0,45
72288,1.0,10
72304,1.0,12
72320,1.0,12
72320,4.0,45
72328,0.0,5
72328,0.0,3
72368,2.0,23
72368,1.0,12
72376,1.0,12
72400,1.0,10
72416,1.0,12
72424,1.0,12
72440,2.0,24
72456,1.0,10
72464,1.0,12
72464,1.0,12
72464,0.0,3
72496,1.0,10
72504,1.0,10
72504,0.0,5
72512,2.0,23
72544,1.0,10
72552,1.0,12
72560,1.0,12
72576,0.0,3
72584,0.0,5
72592,1.0,12
72600,2.0,25
72600,1.0,12
72600,1.0,12
72608,1.0,12
72616,0.0,5
72624,0.0,5
72624,0.0,3
72640,0.0,5
72656,1.0,12
72664,0.0,5
72664,0.0,5
72680,1.0,10
72680,0.0,3
72704,1.0,12
72712,1.0,12
72720,1.0,16
72736,1.0,12
72760,1.0,12
72760,0.0,5
72760,1.0,12
72776,1.0,12
72784,0.0,3
72800,1.0,12
72800,0.0,3
72816,1.0,10
72824,0.0,3
72832,1.0,15
72840,1.0,10
72840,1.0,10
72856,0.0,3
72864,0.0,5
72880,1.0,12
72912,1.0,12
72920,1.0,10
72936,0.0,3
72936,1.0,12
72944,0.0,3
72952,1.0,12
72960,1.0,10
72960,0.0,3
72960,1.0,12
72984,0.0,5
72984,0.0,3
72992,0.0,5
73000,0.0,5
73008,0.0,3
73024,0.0,3
73040,1.0,10
73040,4.0,45
73088,1.0,12
73104,1.0,12
73120,1.0,12
73160,4.0,45
73160,1.0,15
73168,1.0,10
73184,1.0,10
73184,0.0,3
73208,0.0,3
73216,1.0,12
73216,2.0,22
73224,0.0,5
73240,0.0,3
73256,0.0,5
73256,1.0,12
73264,1.0,12
73296,4.0,45
73312,4.0,41
73320,1.0,12
73336,0.0,3
73336,1.0,10
73360,1.0,12
73392,1.0,12
73416,1.0,12
73432,1.0,12
73432,1.0,12
73456,0.0,3
73472,1.0,10
73472,2.0,29
73496,0.0,3
73512,1.0,12
73536,0.0,5
73568,4.0,45
73568,1.0,12
73568,1.0,17
73592,0.0,3
73616,1.0,10
73616,4.0,45
73640,0.0,3
73640,2.0,23
73664,1.0,12
73688,3.0,41
73704,1.0,17
73712,1.0,12
73712,0.0,3
73736,2.0,28
73744,1.0,10
73744,0.0,5
73752,0.0,5
73768,0.0,3
73776,1.0,17
73808,1.0,12
73816,0.0,5
73824,2.0,23
73832,1.0,12
73848,1.0,12
73856,0.0,5
73864,1.0,12
73864,0.0,5
73872,0.0,3
73872,0.0,5
73896,0.0,5
73904,0.0,5
73904,0.0,5
73904,1.0,12
73912,0.0,5
73912,0.0,5
73928,2.0,23
73944,0.0,5
73952,4.0,45
73968,0.0,5
73976,0.0,3
74000,1.0,12
74008,0.0,5
74008,1.0,12
74008,1.0,12
74040,1.0,12
74048,0.0,5
74048,0.0,5
74072,1.0,12
74080,0.0,5
74088,0.0,5
74088,0.0,5
74088,2.0,23
74096,0.0,3
74120,0.0,5
74128,0.0,5
74128,0.0,5
74168,0.0,5
74184,2.0,23
74184,1.0,12
74192,1.0,12
74192,2.0,23
74216,1.0,12
74224,0.0,5
74224,0.0,5
74224,1.0,12
74232,0.0,5
74232,0.0,5
74256,4.0,45
74264,0.0,5
74264,0.0,5
74264,1.0,12
74264,0.0,5
74272,0.0,5
74304,0.0,5
74312,1.0,12
74312,0.0,5
74328,1.0,12
74352,1.0,12
74352,0.0,5
74360,1.0,12
74360,1.0,12
74400,0.0,5
74408,1.0,12
74448,1.0,12
74448,1.0,12
74488,2.0,23
74496,1.0,12
74544,1.0,12
74544,1.0,12
74552,3.0,36
74584,1.0,12
74592,1.0,12
74632,0.0,5
74640,1.0,12
74648,1.0,13
74688,4.0,45
74696,3.0,36
74720,4.0,45
74728,1.0,12
74736,0.0,5
74736,1.0,12
74744,2.0,24
74760,0.0,5
74768,0.0,3
74784,1.0,12
74800,0.0,5
74832,1.0,12
74832,1.0,12
74832,1.0,13
74864,1.0,12
74880,1.0,12
74896,1.0,12
74928,1.0,12
74928,1.0,12
74928,1.0,12
74936,0.0,5
74944,4.0,45
74960,1.0,12
74976,1.0,12
74984,0.0,5
75008,4.0,45
75024,1.0,12
75024,1.0,12
75024,1.0,12
75064,1.0,16
75072,1.0,12
75080,1.0,12
75104,1.0,12
75112,0.0,5
75120,1.0,12
75128,0.0,3
75128,1.0,13
75160,1.0,12
75200,1.0,15
75208,1.0,12
75224,1.0,12
75224,1.0,12
75224,1.0,13
75232,0.0,3
75240,1.0,10
75248,0.0,3
75272,0.0,5
75288,0.0,5
75296,0.0,3
75296,1.0,12
75304,1.0,10
75304,1.0,10
75312,0.0,3
75320,4.0,45
75344,0.0,5
75352,4.0,41
75368,0.0,3
75376,0.0,3
75392,1.0,12
75400,1.0,12
75408,1.0,12
75408,0.0,5
75416,1.0,12
75416,0.0,3
75424,0.0,3
75456,0.0,5
75456,1.0,10
75480,0.0,3
75480,2.0,23
75488,1.0,10
75496,1.0,10
75496,0.0,5
75512,0.0,3
75520,0.0,3
75520,0.0,3
75520,3.0,35
75520,0.0,5
75520,1.0,14
75544,0.0,3
75544,0.0,3
75568,1.0,11
75608,2.0,23
75608,1.0,12
75616,1.0,12
75616,1.0,12
75616,1.0,12
75656,0.0,5
75688,1.0,10
75712,1.0,12
75712,1.0,12
75752,1.0,12
75752,0.0,5
75784,1.0,12
75808,1.0,12
75848,1.0,12
75848,1.0,12
75872,4.0,41
75880,1.0,12
75896,4.0,41
75904,1.0,12
75904,4.0,45
75912,0.0,5
75920,0.0,5
75928,3.0,40
75944,1.0,12
75944,1.0,12
75952,0.0,5
75960,0.0,5
75992,1.0,12
76000,1.0,12
76024,1.0,12
76040,1.0,12
76040,1.0,12
76040,0.0,5
76048,1.0,12
76080,0.0,5
76088,1.0,12
76104,1.0,10
76120,0.0,5
76128,0.0,5
76136,1.0,12
76136,1.0,12
76144,1.0,12
76144,0.0,5
76168,0.0,5
76176,0.0,5
76184,0.0,5
76208,0.0,5
76216,1.0,12
76216,0.0,5
76232,1.0,12
76240,1.0,12
76264,4.0,45
76272,0.0,5
76280,1.0,12
76304,0.0,3
76304,1.0,12
76312,1.0,12
76320,4.0,45
76328,0.0,3
76344,0.0,5
76352,0.0,5
76360,1.0,12
76368,1.0,12
76384,0.0,3
76384,0.0,5
76400,2.0,23
76408,0.0,5
76416,1.0,12
76424,2.0,23
76448,1.0,12
76448,0.0,5
76464,0.0,5
76488,0.0,5
76496,1.0,10
76512,2.0,23
76528,0.0,5
76536,1.0,17
76552,0.0,5
76568,2.0,23
76568,2.0,23
76568,0.0,5
76576,0.0,5
76592,1.0,12
76600,1.0,17
76632,2.0,23
76632,0.0,5
76664,1.0,12
76672,1.0,12
76696,0.0,3
76704,1.0,17
76728,1.0,12
76736,0.0,5
76736,2.0,23
76736,1.0,17
76744,0.0,5
76744,1.0,10
76760,0.0,3
76800,0.0,5
76808,1.0,10
76824,0.0,3
76840,1.0,12
76840,1.0,12
76848,0.0,5
76864,0.0,3
76872,1.0,17
76920,1.0,12
76928,4.0,45
76936,1.0,12
76944,1.0,12
76992,4.0,45
77000,1.0,10
77024,0.0,3
77024,1.0,12
77032,0.0,5
77032,1.0,12
77056,2.0,24
77056,0.0,3
77096,4.0,45
77104,1.0,10
77120,1.0,12
77128,1.0,12
77128,2.0,23
77152,1.0,12
77152,1.0,12
77192,1.0,12
77200,1.0,12
77200,3.0,41
77208,1.0,10
77216,1.0,12
77224,0.0,3
77224,1.0,12
77232,0.0,5
77240,0.0,3
77248,1.0,12
77248,0.0,3
77256,1.0,13
77272,0.0,5
77288,0.0,5
77296,1.0,12
77304,1.0,12
77336,1.0,12
77344,1.0,12
77344,0.0,5
77368,0.0,3
77368,1.0,12
77384,1.0,11
77384,1.0,12
77408,0.0,5
77424,0.0,5
77424,0.0,5
77440,1.0,13
77440,1.0,12
77448,2.0,24
77464,0.0,5
77464,1.0,12
77480,0.0,5
77504,1.0,12
77520,1.0,10
77520,1.0,12
77544,1.0,12
77576,1.0,12
77584,4.0,45
77584,1.0,10
77584,1.0,15
77600,1.0,10
77608,0.0,3
77608,0.0,3
77616,1.0,12
77624,0.0,5
77624,1.0,10
77640,0.0,3
77648,2.0,23
77656,1.0,10
77680,0.0,3
77688,0.0,5
77696,1.0,12
77704,1.0,10
77704,1.0,12
77704,1.0,12
77720,1.0,12
77728,0.0,3
77744,0.0,3
77776,1.0,12
77784,0.0,5
77784,1.0,12
77792,1.0,12
77808,0.0,3
77816,0.0,5
77824,1.0,12
77832,0.0,5
77840,0.0,3
77856,0.0,3
77864,1.0,10
77872,2.0,29
77888,2.0,23
77896,0.0,3
77904,1.0,12
77928,0.0,5
77936,1.0,12
77952,1.0,12
77984,1.0,10
77992,1.0,12
78008,2.0,23
78016,1.0,10
78024,1.0,12
78024,0.0,5
78032,1.0,10
78040,0.0,3
78056,0.0,3
78064,4.0,45
78064,2.0,25
78072,1.0,10
78080,0.0,5
78096,0.0,3
78104,0.0,3
78104,1.0,10
78104,0.0,5
78104,0.0,5
78128,0.0,3
78136,0.0,5
78168,0.0,5
78176,0.0,5
78200,1.0,12
78200,2.0,24
78200,1.0,12
78224,1.0,15
78240,0.0,5
78248,0.0,3
78272,1.0,12
78280,1.0,10
78336,1.0,12
78344,1.0,12
78352,4.0,41
78360,0.0,3
78368,1.0,12
78376,1.0,12
78384,2.0,23
78384,4.0,41
78392,0.0,3
78408,0.0,3
78448,1.0,12
78456,1.0,12
78480,0.0,3
78488,1.0,12
78496,4.0,41
78504,1.0,12
78544,1.0,12
78560,2.0,23
78584,2.0,25
78584,1.0,12
78584,1.0,10
78592,1.0,12
78640,1.0,12
78656,1.0,12
78664,1.0,10
78680,0.0,3
78680,1.0,12
78680,1.0,12
78704,4.0,45
78704,0.0,5
78736,1.0,12
78776,1.0,12
78776,1.0,12
78776,2.0,23
78776,1.0,12
78800,1.0,12
78800,1.0,12
78816,0.0,5
78816,0.0,5
78840,4.0,45
78856,1.0,10
78872,1.0,12
78880,0.0,3
78880,1.0,10
78896,1.0,12
78896,0.0,3
78912,1.0,12
78912,1.0,12
78920,2.0,23
78936,1.0,12
78976,1.0,12
78976,1.0,12
78976,1.0,10
78992,1.0,10
78992,1.0,12
78992,1.0,10
79000,0.0,3
79000,0.0,3
79016,1.0,10
79016,1.0,12
79016,0.0,3
79040,0.0,5
79040,0.0,5
79040,0.0,3
79056,0.0,5
79072,1.0,12
79080,0.0,5
79080,0.0,3
79088,1.0,12
79088,1.0,12
79096,0.0,3
79112,0.0,3
79112,1.0,12
79120,0.0,5
79128,0.0,5
79136,1.0,12
79136,0.0,3
79136,1.0,12
79144,0.0,3
79152,0.0,5
79176,0.0,5
79176,1.0,12
79216,1.0,10
79216,1.0,10
79216,0.0,5
79224,1.0,12
79240,1.0,12
79256,0.0,5
79272,1.0,12
79280,2.0,23
79280,0.0,5
79304,1.0,10
79312,1.0,12
79320,0.0,5
79352,1.0,12
79392,0.0,5
79400,1.0,12
79408,1.0,12
79416,1.0,12
79440,0.0,3
79440,0.0,5
79480,4.0,41
79488,1.0,12
79504,1.0,12
79536,1.0,12
79544,4.0,41
79544,0.0,5
79576,1.0,12
79584,1.0,12
79600,4.0,41
79608,4.0,41
79616,0.0,5
79640,1.0,12
79648,0.0,5
79696,1.0,12
79712,1.0,12
79736,1.0,12
79744,1.0,12
79752,0.0,5
79792,1.0,12
79800,4.0,45
79832,1.0,12
79840,1.0,12
79856,3.0,40
79888,1.0,12
79896,1.0,12
79904,4.0,45
79912,1.0,10
79936,1.0,12
79944,2.0,24
79944,4.0,45
79952,0.0,5
79976,1.0,10
79984,1.0,12
80000,1.0,12
80016,0.0,5
80032,1.0,12
80040,1.0,12
80040,1.0,12
80048,1.0,12
80056,0.0,5
80064,1.0,10
80080,1.0,10
80096,0.0,5
80112,1.0,10
80120,0.0,3
80136,1.0,12
80160,1.0,12
80160,0.0,5
80176,1.0,12
80200,0.0,5
80208,1.0,12
80216,4.0,45
80232,1.0,12
80232,2.0,24
80240,0.0,5
80240,2.0,24
80248,0.0,5
80256,0.0,5
80256,1.0,12
80272,1.0,12
80328,1.0,12
80336,1.0,13
80336,1.0,12
80336,1.0,12
80344,1.0,12
80352,1.0,12
80352,1.0,12
80368,0.0,5
80376,0.0,5
80384,0.0,5
80416,0.0,5
80424,0.0,5
80432,1.0,12
80432,1.0,12
80448,1.0,12
80448,1.0,12
80464,1.0,12
80472,0.0,5
80512,1.0,12
80520,1.0,12
80528,1.0,12
80544,1.0,12
80544,1.0,12
80560,1.0,12
80568,1.0,12
80608,1.0,12
80632,0.0,3
80632,1.0,13
80632,4.0,45
80640,1.0,12
80672,0.0,5
80736,1.0,12
80768,1.0,12
80784,2.0,28
80824,0.0,5
80864,1.0,12
80880,4.0,45
80904,1.0,10
80904,4.0,45
80928,0.0,3
80928,4.0,45
80936,2.0,25
80960,4.0,41
80960,1.0,12
80968,0.0,5
80976,0.0,5
80992,4.0,45
81000,1.0,12
81024,1.0,12
81056,1.0,12
81072,1.0,12
81080,1.0,10
81088,1.0,12
81104,1.0,10
81120,0.0,5
81144,0.0,5
81152,1.0,12
81152,1.0,10
81184,1.0,12
81208,4.0,41
81216,1.0,12
81240,1.0,12
81248,1.0,12
81248,0.0,5
81248,1.0,12
81256,0.0,5
81280,1.0,12
81288,0.0,5
81288,0.0,5
81304,0.0,3
81320,4.0,45
81328,4.0,45
81344,1.0,12
81352,1.0,12
81392,0.0,5
81416,1.0,12
81424,1.0,12
81440,1.0,12
81488,1.0,12
81512,0.0,3
81512,1.0,12
81520,1.0,12
81528,2.0,28
81536,1.0,12
81552,0.0,5
81552,0.0,5
81568,4.0,41
81616,1.0,12
81624,1.0,12
81632,1.0,12
81648,4.0,45
81648,1.0,12
81648,1.0,12
81648,4.0,45
81664,1.0,12
81688,0.0,5
81720,1.0,12
81720,1.0,13
81728,1.0,12
81744,1.0,12
81744,1.0,12
81744,1.0,12
81760,0.0,5
81760,1.0,12
81784,1.0,12
81784,0.0,5
81824,0.0,5
81824,0.0,5
81824,1.0,12
81840,1.0,12
81840,1.0,12
81856,1.0,12
81856,1.0,12
81880,0.0,5
81920,1.0,12
81920,1.0,12
81928,1.0,13
81944,1.0,13
81960,1.0,13
81976,1.0,12
82000,1.0,10
82008,1.0,10
82048,4.0,41
82056,1.0,12
82088,0.0,5
82096,0.0,5
82136,0.0,5
82136,1.0,16
82144,3.0,36
82160,2.0,23
82184,1.0,12
82216,1.0,10
82232,1.0,12
82264,1.0,15
82264,1.0,10
82280,4.0,45
82288,0.0,3
82296,1.0,17
82304,4.0,45
82312,1.0,12
82312,1.0,10
82320,0.0,5
82320,0.0,3
82328,0.0,5
82328,4.0,41
82352,0.0,3
82360,1.0,12
82400,1.0,12
82408,1.0,12
82416,1.0,11
82416,1.0,12
82416,1.0,12
82448,1.0,12
82480,1.0,10
82496,1.0,10
82496,1.0,11
82504,0.0,3
82512,1.0,12
82528,1.0,10
82536,0.0,5
82544,0.0,5
82552,2.0,24
82568,0.0,5
82592,1.0,12
82632,1.0,10
82632,1.0,12
82664,1.0,12
82672,4.0,45
82728,1.0,12
82752,1.0,15
82760,1.0,12
82768,1.0,12
82776,4.0,45
82776,2.0,29
82784,0.0,3
82800,0.0,3
82808,0.0,5
82840,0.0,5
82872,1.0,12
82872,4.0,45
82880,0.0,5
82880,1.0,12
82904,1.0,12
82952,4.0,45
82960,2.0,29
82968,1.0,12
82968,1.0,12
82976,1.0,12
82976,1.0,12
82984,0.0,3
82992,2.0,30
83000,1.0,12
83008,0.0,5
83024,0.0,5
83032,0.0,5
83048,1.0,12
83048,0.0,5
83048,0.0,3
83064,1.0,12
83144,1.0,12
83144,1.0,12
83144,1.0,12
83160,1.0,12
83184,0.0,5
83184,0.0,5
83224,0.0,5
83264,1.0,13
83280,1.0,12
83336,4.0,45
83336,2.0,24
83336,4.0,45
83360,4.0,45
83376,0.0,5
83376,0.0,5
83376,1.0,12
83392,4.0,45
83416,0.0,5
83432,1.0,12
83456,0.0,5
83456,1.0,12
83456,1.0,10
83472,1.0,12
83488,1.0,12
83528,1.0,12
83536,1.0,10
83552,1.0,12
83552,1.0,10
83552,1.0,12
83576,0.0,5
83576,0.0,3
83584,1.0,12
83584,4.0,45
83608,0.0,3
83624,0.0,5
83624,4.0,45
83632,1.0,13
83648,1.0,12
83672,1.0,12
83680,1.0,16
83680,1.0,13
83704,1.0,12
83720,1.0,12
83720,1.0,12
83768,1.0,12
83776,1.0,12
83776,1.0,12
83800,1.0,10
83800,1.0,10
83840,2.0,24
83840,0.0,5
83848,1.0,10
83856,1.0,10
83872,1.0,12
83880,0.0,5
83888,0.0,5
83896,1.0,12
83920,1.0,10
83952,1.0,12
83976,1.0,11
83992,0.0,5
83992,4.0,45
83992,1.0,15
84000,1.0,15
84024,0.0,3
84048,0.0,3
84064,4.0,45
84088,1.0,12
84088,1.0,12
84088,0.0,5
84088,1.0,12
84104,1.0,16
84112,0.0,3
84112,2.0,24
84160,1.0,12
84168,1.0,10
84184,1.0,12
84184,1.0,12
84192,1.0,10
84232,0.0,5
84240,1.0,10
84256,4.0,45
84264,1.0,10
84264,1.0,12
84264,1.0,10
84288,0.0,3
84328,1.0,12
84336,1.0,12
84352,1.0,12
84360,1.0,12
84360,0.0,3
84360,1.0,12
84368,0.0,5
84384,0.0,3
84424,3.0,40
84432,1.0,10
84456,1.0,12
84472,4.0,45
84480,1.0,12
84496,0.0,5
84520,0.0,3
84520,1.0,12
84528,1.0,12
84568,1.0,12
84576,1.0,12
84608,0.0,5
84616,1.0,12
84616,1.0,12
84624,1.0,12
84640,0.0,3
84648,4.0,45
84672,1.0,12
84688,0.0,5
84696,1.0,10
84704,1.0,12
84720,4.0,45
84728,0.0,3
84728,4.0,45
84736,1.0,12
84784,1.0,12
84792,1.0,12
84816,1.0,12
84824,1.0,12
84856,0.0,5
84880,1.0,12
84888,1.0,12
84904,0.0,3
84920,1.0,12
84944,3.0,40
84952,1.0,12
84968,0.0,3
84976,0.0,3
84984,1.0,12
85016,1.0,12
85032,4.0,45
85040,0.0,3
85064,1.0,12
85072,1.0,12
85072,0.0,5
85080,1.0,12
85088,4.0,45
85096,0.0,3
85096,4.0,45
85104,0.0,3
85136,2.0,29
85144,1.0,10
85160,0.0,3
85168,0.0,3
85168,1.0,12
85184,1.0,12
85192,1.0,12
85192,1.0,12
85216,0.0,3
85264,1.0,12
85264,1.0,10
85272,1.0,10
85288,2.0,23
85288,0.0,3
85296,1.0,17
85312,0.0,5
85320,0.0,3
85336,0.0,3
85352,2.0,23
85360,1.0,12
85384,0.0,3
85400,2.0,23
85400,4.0,45
85416,1.0,12
85432,1.0,12
85472,2.0,23
85496,1.0,12
85520,1.0,15
85528,1.0,12
85568,0.0,5
85568,1.0,12
85592,1.0,12
85600,2.0,23
85608,3.0,40
85608,0.0,5
85616,1.0,12
85632,0.0,3
85632,0.0,5
85632,0.0,3
85672,0.0,5
85672,0.0,5
85696,1.0,12
85712,0.0,5
85712,4.0,45
85712,1.0,12
85744,4.0,45
85752,0.0,5
85768,1.0,12
85792,1.0,12
85808,1.0,12
85808,1.0,12
85840,1.0,12
85848,1.0,10
85848,1.0,12
85888,0.0,5
85888,1.0,12
85896,4.0,41
85904,1.0,12
85904,1.0,12
85920,3.0,36
85928,0.0,3
85928,0.0,5
85928,0.0,5
85936,1.0,12
85944,1.0,12
85960,0.0,3
85992,1.0,12
86000,1.0,12
86016,1.0,12
86024,1.0,12
86024,1.0,12
86032,0.0,5
86040,1.0,12
86056,0.0,5
86056,1.0,12
86064,0.0,5
86064,0.0,3
86104,1.0,10
86104,0.0,5
86128,1.0,12
86152,0.0,3
86184,2.0,23
86200,1.0,12
86280,1.0,12
86288,4.0,45
86296,1.0,12
86360,1.0,10
86384,1.0,12
86400,0.0,5
86400,1.0,13
86416,4.0,45
86416,4.0,45
86424,4.0,45
86440,0.0,5
86464,0.0,5
86464,1.0,10
86464,4.0,45
86504,0.0,5
86512,1.0,12
86512,4.0,45
86512,1.0,12
86528,0.0,3
86552,0.0,5
86560,1.0,12
86560,1.0,12
86592,1.0,10
86632,2.0,24
86648,1.0,12
86704,2.0,24
86728,4.0,41
86752,2.0,24
86760,1.0,14
86768,0.0,5
86784,2.0,24
86792,0.0,5
86800,1.0,12
86856,1.0,12
86856,4.0,37
86880,1.0,12
86888,3.0,32
86888,4.0,45
86904,1.0,13
86952,1.0,12
86960,2.0,24
86976,1.0,12
86984,1.0,12
86984,1.0,12
87056,1.0,12
87056,1.0,13
87080,1.0,12
87152,4.0,45
87152,1.0,12
87152,1.0,12
87176,1.0,12
87216,4.0,45
87232,4.0,41
87248,1.0,12
87248,1.0,12
87248,1.0,12
87256,0.0,5
87272,4.0,37
87280,1.0,13
87288,0.0,5
87312,3.0,41
87328,1.0,12
87336,0.0,3
87344,1.0,12
87344,1.0,12
87352,1.0,12
87368,1.0,12
87384,1.0,12
87424,1.0,12
87440,1.0,12
87440,1.0,12
87448,1.0,12
87472,1.0,13
87480,1.0,12
87496,0.0,3
87520,1.0,12
87544,1.0,13
87544,1.0,12
87544,1.0,13
87624,1.0,13
87640,4.0,45
87664,4.0,41
87736,1.0,12
87760,1.0,12
87800,0.0,5
87832,1.0,12
87840,4.0,45
87856,4.0,45
87872,4.0,41
87872,4.0,41
87896,1.0,12
87904,4.0,45
87928,1.0,12
87952,1.0,12
87952,4.0,41
87968,1.0,12
87968,1.0,12
87992,1.0,12
88000,1.0,12
88024,1.0,12
88048,1.0,12
88048,1.0,12
88064,1.0,12
88064,1.0,12
88088,1.0,12
88088,0.0,5
88096,1.0,12
88144,1.0,12
88160,1.0,12
88160,3.0,40
88160,1.0,12
88184,1.0,12
88184,1.0,12
88192,1.0,12
88200,0.0,5
88216,0.0,3
88224,0.0,5
88240,1.0,12
88264,1.0,13
88280,1.0,12
88320,1.0,12
88376,1.0,12
88384,4.0,45
88448,3.0,36
88472,2.0,29
88480,1.0,12
88488,0.0,5
88520,0.0,5
88528,4.0,41
88536,3.0,40
88544,0.0,3
88568,1.0,12
88584,1.0,12
88600,2.0,28
88624,1.0,12
88624,4.0,45
88632,1.0,12
88640,1.0,12
88656,0.0,3
88664,1.0,12
88664,0.0,5
88680,4.0,45
88696,1.0,12
88704,0.0,5
88720,0.0,3
88752,1.0,12
88760,1.0,12
88776,1.0,12
88776,2.0,24
88776,0.0,3
88816,2.0,24
88872,1.0,12
88872,1.0,12
88888,2.0,23
88904,2.0,23
88912,1.0,12
88952,0.0,5
89000,4.0,45
89040,0.0,5
89056,2.0,23
89056,4.0,37
89096,0.0,5
89120,2.0,29
89136,4.0,45
89136,1.0,12
89152,1.0,12
89176,0.0,5
89192,1.0,12
89216,1.0,12
89232,4.0,45
89232,1.0,12
89232,4.0,41
89256,0.0,3
89272,1.0,12
89312,1.0,12
89312,4.0,45
89312,0.0,5
89328,1.0,12
89328,1.0,12
89336,0.0,3
89384,1.0,16
89408,1.0,12
89408,1.0,12
89424,1.0,12
89424,0.0,5
89424,1.0,12
89432,1.0,12
89464,0.0,5
89504,1.0,12
89504,1.0,12
89512,4.0,45
89520,1.0,12
89552,4.0,45
89560,1.0,16
89560,1.0,17
89560,1.0,12
89600,1.0,12
89600,0.0,5
89608,1.0,12
89616,1.0,12
89640,0.0,5
89648,1.0,12
89656,1.0,12
89744,1.0,12
89840,2.0,30
89848,2.0,24
89848,1.0,13
89864,4.0,45
89872,0.0,3
89920,4.0,45
89944,4.0,41
89960,1.0,11
89960,1.0,12
89968,4.0,45
89968,4.0,41
90008,0.0,5
90016,1.0,12
90040,1.0,12
90056,1.0,12
90056,1.0,12
90064,1.0,12
90104,1.0,12
90112,1.0,12
90168,4.0,41
90168,1.0,13
90176,1.0,17
90176,4.0,41
90200,1.0,12
90208,0.0,5
90216,0.0,5
90272,1.0,12
90296,1.0,12
90304,1.0,12
90304,2.0,24
90312,1.0,12
90336,0.0,5
90384,4.0,41
90400,1.0,12
90400,1.0,12
90408,1.0,12
90416,4.0,45
90424,0.0,5
90432,1.0,12
90440,0.0,5
90448,0.0,5
90496,1.0,12
90496,4.0,41
90512,1.0,12
90520,1.0,12
90536,0.0,5
90536,1.0,12
90536,0.0,5
90632,4.0,45
90632,1.0,12
90672,0.0,5
90704,2.0,24
90720,2.0,25
90752,1.0,10
90792,4.0,45
90800,1.0,12
90808,4.0,45
90824,0.0,3
90824,2.0,24
90848,1.0,12
90848,0.0,3
90896,4.0,45
90896,4.0,45
90904,2.0,23
90912,1.0,15
90920,0.0,3
90928,1.0,10
90928,1.0,15
90944,0.0,3
90944,1.0,12
90968,0.0,3
90968,0.0,3
91000,1.0,12
91008,1.0,12
91016,1.0,15
91024,0.0,3
91024,1.0,12
91056,0.0,5
91064,1.0,12
91064,1.0,12
91088,0.0,3
91104,1.0,10
91120,1.0,12
91144,0.0,3
91176,1.0,15
91184,4.0,45
91184,1.0,12
91200,1.0,12
91208,0.0,3
91232,0.0,3
91256,0.0,3
91256,2.0,24
91280,0.0,3
91288,4.0,45
91328,2.0,23
91336,1.0,10
91368,4.0,45
91384,1.0,12
91384,2.0,23
91424,1.0,12
91424,0.0,5
91432,1.0,12
91456,0.0,3
91464,3.0,36
91464,2.0,23
91464,1.0,10
91480,0.0,3
91544,4.0,45
91560,1.0,17
91560,1.0,12
91560,1.0,12
91576,1.0,12
91584,0.0,5
91608,2.0,30
91608,0.0,3
91616,0.0,5
91656,1.0,12
91656,2.0,24
91704,1.0,12
91704,1.0,12
91712,1.0,12
91728,0.0,3
91728,0.0,3
91752,0.0,3
91784,4.0,45
91800,1.0,18
91880,1.0,12
91888,3.0,41
91912,3.0,32
91920,4.0,45
91928,0.0,5
91928,1.0,16
92000,3.0,36
92008,1.0,12
92016,1.0,12
92024,1.0,12
92048,0.0,3
92056,0.0,5
92072,0.0,3
92072,2.0,24
92088,4.0,45
92096,0.0,5
92104,1.0,12
92112,4.0,45
92120,2.0,24
92128,0.0,5
92152,0.0,3
92192,1.0,12
92192,2.0,24
92208,1.0,12
92216,1.0,12
92232,0.0,3
92248,1.0,12
92256,2.0,23
92272,0.0,3
92328,3.0,32
92328,1.0,12
92352,0.0,3
92352,1.0,12
92368,1.0,12
92376,2.0,23
92392,0.0,3
92416,0.0,5
92416,0.0,3
92448,1.0,12
92464,4.0,45
92504,0.0,5
92512,1.0,12
92520,4.0,38
92536,0.0,3
92552,4.0,45
92600,1.0,12
92616,1.0,12
92648,1.0,12
92688,4.0,45
92696,1.0,12
92712,4.0,45
92728,0.0,5
92744,1.0,12
92776,4.0,45
92792,1.0,12
92808,1.0,10
92808,1.0,12
92808,4.0,45
92816,0.0,5
92864,4.0,41
92888,1.0,10
92904,1.0,12
92912,1.0,15
92912,1.0,12
92928,0.0,5
92944,3.0,41
92952,0.0,5
92960,1.0,12
92968,0.0,5
92992,0.0,5
93000,1.0,12
93000,0.0,5
93000,2.0,24
93008,0.0,5
93032,0.0,3
93072,0.0,5
93088,1.0,12
93096,1.0,12
93104,4.0,45
93128,1.0,16
93136,0.0,5
93144,0.0,5
93184,1.0,12
93200,3.0,36
93240,1.0,12
93256,2.0,23
93296,0.0,5
93304,4.0,45
93312,1.0,16
93352,0.0,5
93360,4.0,45
93392,2.0,24
93400,1.0,12
93400,0.0,5
93432,0.0,5
93456,3.0,41
93456,0.0,3
93464,4.0,41
93480,2.0,30
93480,0.0,3
93576,1.0,12
93576,1.0,12
93640,2.0,30
93648,2.0,24
93656,4.0,45
93672,1.0,12
93680,4.0,41
93680,0.0,5
93688,3.0,36
93688,0.0,5
93696,0.0,5
93728,0.0,5
93776,1.0,12
93792,1.0,12
93792,3.0,41
93840,2.0,21
93872,2.0,24
93880,0.0,5
93888,2.0,25
93888,1.0,12
93888,1.0,12
93912,0.0,3
93920,0.0,5
93928,0.0,5
93936,4.0,45
94008,1.0,12
94024,1.0,12
94032,1.0,12
94032,0.0,3
94056,2.0,23
94056,0.0,3
94064,0.0,5
94080,0.0,3
94088,4.0,45
94104,2.0,23
94112,0.0,3
94120,0.0,5
94128,2.0,30
94136,4.0,45
94152,1.0,12
94152,0.0,5
94160,1.0,12
94176,0.0,3
94200,1.0,12
94232,1.0,12
94240,0.0,5
94272,1.0,12
94304,2.0,23
94312,0.0,5
94400,1.0,12
94440,5.0,51
94480,0.0,5
94488,4.0,45
94504,0.0,3
94512,4.0,45
94528,4.0,37
94568,5.0,51
94584,1.0,12
94600,4.0,45
94600,1.0,12
94624,1.0,12
94664,1.0,10
94664,1.0,12
94664,0.0,5
94672,4.0,45
94704,2.0,24
94704,0.0,5
94744,0.0,5
94760,1.0,12
94760,4.0,45
94760,1.0,12
94768,1.0,12
94768,0.0,3
94800,0.0,5
94800,0.0,5
94800,2.0,25
94840,1.0,17
94848,1.0,10
94864,1.0,12
94880,0.0,5
94888,0.0,3
94896,1.0,12
94904,0.0,3
94944,1.0,12
95000,1.0,12
95008,5.0,51
95040,2.0,30
95040,1.0,12
95096,1.0,12
95120,4.0,45
95160,4.0,45
95160,0.0,5
95216,4.0,41
95248,2.0,30
95256,1.0,12
95256,4.0,45
95256,1.0,12
95272,0.0,3
95296,0.0,3
95312,1.0,12
95352,1.0,12
95352,1.0,12
95368,4.0,41
95392,1.0,12
95400,4.0,45
95432,1.0,10
95456,4.0,45
95464,1.0,12
95472,1.0,15
95480,1.0,10
95488,1.0,12
95496,2.0,30
95520,0.0,3
95568,3.0,32
95568,1.0,12
95584,1.0,12
95632,2.0,25
95704,2.0,23
95720,3.0,32
95728,2.0,20
95768,3.0,36
95776,3.0,40
95800,0.0,3
95800,1.0,12
95816,2.0,23
95816,1.0,12
95824,0.0,3
95832,1.0,13
95848,0.0,3
95872,0.0,3
95928,4.0,45
95944,4.0,45
95960,1.0,18
95968,1.0,12
95968,0.0,5
96040,1.0,12
96056,1.0,12
96056,2.0,30
96064,1.0,12
96104,3.0,42
96144,1.0,10
96144,2.0,22
96152,1.0,12
96152,1.0,12
96160,4.0,45
96176,0.0,3
96192,4.0,45
96200,0.0,5
96224,2.0,23
96224,0.0,3
96240,1.0,12
96264,0.0,3
96272,1.0,15
96280,1.0,17
96288,1.0,12
96304,0.0,5
96312,0.0,3
96320,1.0,12
96328,0.0,3
96336,0.0,3
96352,0.0,3
96360,0.0,3
96368,2.0,24
96368,1.0,12
96400,1.0,10
96408,2.0,23
96448,1.0,12
96464,1.0,12
96464,4.0,45
96488,0.0,3
96504,1.0,12
96520,2.0,19
96528,1.0,10
96544,0.0,3
96544,2.0,23
96560,1.0,12
96568,0.0,5
96568,0.0,3
96584,1.0,12
96584,1.0,10
96592,0.0,3
96592,2.0,24
96608,0.0,5
96608,0.0,3
96616,3.0,42
96632,0.0,5
96640,1.0,12
96640,1.0,10
96656,0.0,5
96664,0.0,3
96680,1.0,12
96704,1.0,12
96720,0.0,5
96728,1.0,15
96728,1.0,17
96752,1.0,12
96776,0.0,3
96824,1.0,12
96832,2.0,24
96872,1.0,12
96872,0.0,5
96912,0.0,5
96928,2.0,28
96936,0.0,3
96944,1.0,15
96992,4.0,45
97024,4.0,45
97032,1.0,12
97056,4.0,41
97080,4.0,45
97152,1.0,12
97216,3.0,36
97232,4.0,45
97240,2.0,27
97272,3.0,41
97312,2.0,29
97336,1.0,12
97352,4.0,45
97368,1.0,12
97392,4.0,45
97408,1.0,12
97448,1.0,12
97472,0.0,3
97496,0.0,3
97512,4.0,45
97528,2.0,24
97536,0.0,5
97544,1.0,17
97560,2.0,24
97576,4.0,45
97592,4.0,45
97608,1.0,12
97632,0.0,3
97672,1.0,12
97688,4.0,37
97728,2.0,25
97752,1.0,10
97824,2.0,29
97848,0.0,3
97872,2.0,30
97880,3.0,42
97896,0.0,3
97896,4.0,45
97920,4.0,45
97944,2.0,24
97944,1.0,12
97984,0.0,5
97992,1.0,12
98016,1.0,12
98048,4.0,45
98080,1.0,17
98088,4.0,45
98096,1.0,10
98112,1.0,15
98144,1.0,12
98152,0.0,5
98176,1.0,12
98184,1.0,12
98216,0.0,5
98224,4.0,41
98240,4.0,45
98240,1.0,12
98248,1.0,12
98288,2.0,24
98312,4.0,41
98312,1.0,12
98320,1.0,12
98336,1.0,12
98384,1.0,12
98408,1.0,12
98416,1.0,10
98424,2.0,30
98480,2.0,30
98512,1.0,12
98520,1.0,12
98544,0.0,3
98552,0.0,5
98576,3.0,32
98640,1.0,12
98656,5.0,51
98680,0.0,3
98680,2.0,25
98704,3.0,37
98704,0.0,3
98712,4.0,41
98720,5.0,51
98736,2.0,23
98744,0.0,3
98768,1.0,16
98776,1.0,12
98792,0.0,3
98800,0.0,3
98808,1.0,12
98816,0.0,3
98816,2.0,30
98824,0.0,3
98832,1.0,12
98840,0.0,3
98840,1.0,17
98840,1.0,12
98864,0.0,3
98896,1.0,10
98920,2.0,27
98920,1.0,12
98936,1.0,12
98944,0.0,3
98944,0.0,3
98960,0.0,3
98976,1.0,17
99024,1.0,16
99024,2.0,27
99040,1.0,12
99040,2.0,22
99048,0.0,3
99056,1.0,12
99072,0.0,3
99136,1.0,12
99136,2.0,24
99168,1.0,12
99176,0.0,5
99192,4.0,45
99200,0.0,3
99216,2.0,24
99232,2.0,24
99232,0.0,5
99296,1.0,12
99312,1.0,12
99336,4.0,45
99360,2.0,24
99376,0.0,5
99384,4.0,41
99456,1.0,10
99464,4.0,41
99472,2.0,30
99480,0.0,3
99488,2.0,24
99560,3.0,41
99576,2.0,24
99576,1.0,12
99616,0.0,5
99640,0.0,3
99656,3.0,37
99664,2.0,25
99672,4.0,45
99736,1.0,12
99760,1.0,12
99768,1.0,12
99816,1.0,10
99832,4.0,45
99848,2.0,24
99848,1.0,10
99848,4.0,45
99856,0.0,3
99904,4.0,41
99920,4.0,45
99936,1.0,10
99944,1.0,12
99968,1.0,15
99976,2.0,20
100000,1.0,12
