timesteps,reward,episode_length
40,0.0,5
40,0.0,5
40,0.0,5
40,0.0,5
40,0.0,5
40,0.0,5
40,0.0,5
80,0.0,5
80,0.0,5
80,0.0,5
80,0.0,5
120,0.0,5
120,0.0,5
120,0.0,5
120,0.0,5
128,1.0,16
152,1.0,14
152,1.0,14
152,0.0,3
152,1.0,14
160,0.0,5
160,0.0,5
176,0.0,3
192,0.0,5
192,0.0,5
200,0.0,5
200,0.0,5
216,0.0,3
216,0.0,5
216,0.0,3
216,1.0,12
232,1.0,14
240,0.0,5
240,0.0,5
256,0.0,5
256,0.0,5
272,0.0,5
280,0.0,5
280,0.0,5
288,1.0,17
296,0.0,5
296,0.0,5
312,0.0,5
320,0.0,5
328,0.0,5
336,0.0,5
352,1.0,17
352,0.0,5
368,0.0,5
392,0.0,5
392,1.0,14
392,2.0,22
408,1.0,14
432,0.0,5
432,0.0,5
432,0.0,5
432,1.0,12
432,0.0,3
448,1.0,16
464,1.0,14
472,0.0,5
472,0.0,5
472,0.0,5
472,0.0,5
488,0.0,5
496,1.0,16
504,0.0,5
512,0.0,5
512,0.0,5
512,0.0,5
528,0.0,5
536,0.0,5
536,0.0,3
536,0.0,3
544,0.0,5
552,0.0,5
576,0.0,5
576,0.0,5
584,0.0,5
592,0.0,5
600,2.0,21
600,0.0,3
616,0.0,5
624,0.0,5
632,0.0,5
640,0.0,5
640,1.0,14
656,0.0,5
656,0.0,3
664,0.0,5
680,0.0,5
680,0.0,5
680,2.0,26
696,0.0,5
696,0.0,5
720,0.0,5
720,0.0,5
720,0.0,5
728,1.0,16
736,0.0,5
736,0.0,5
744,2.0,26
760,0.0,5
760,0.0,5
768,0.0,5
776,0.0,5
784,0.0,5
792,1.0,16
800,0.0,5
808,0.0,3
808,0.0,5
816,0.0,5
840,0.0,5
848,0.0,5
848,0.0,5
856,1.0,17
856,0.0,5
872,0.0,3
880,0.0,5
888,0.0,5
888,1.0,12
896,0.0,5
896,0.0,5
904,2.0,21
912,0.0,5
920,0.0,5
928,0.0,5
928,2.0,21
928,0.0,5
936,0.0,5
936,0.0,5
944,0.0,5
952,0.0,5
968,0.0,5
968,0.0,5
976,0.0,5
992,0.0,5
1008,0.0,5
1048,0.0,5
1056,1.0,16
1064,1.0,16
1064,1.0,15
1072,0.0,3
1088,1.0,15
1088,0.0,3
1096,0.0,5
1104,0.0,5
1112,0.0,5
1128,0.0,5
1128,0.0,5
1136,0.0,5
1136,0.0,3
1136,2.0,27
1144,2.0,21
1144,0.0,5
1160,2.0,21
1168,0.0,5
1168,0.0,3
1168,0.0,5
1176,0.0,5
1176,0.0,5
1176,0.0,5
1184,0.0,5
1208,0.0,5
1208,0.0,5
1208,0.0,5
1216,0.0,5
1216,0.0,5
1216,0.0,5
1224,0.0,5
1248,0.0,5
1248,0.0,5
1248,0.0,3
1248,0.0,5
1256,0.0,5
1256,0.0,5
1256,0.0,5
1280,0.0,3
1288,0.0,5
1296,0.0,5
1296,1.0,17
1296,0.0,5
1320,0.0,5
1320,0.0,3
1328,0.0,5
1336,0.0,5
1360,0.0,5
1360,1.0,14
1360,0.0,5
1368,0.0,5
1376,1.0,16
1400,0.0,5
1400,0.0,5
1400,0.0,3
1408,0.0,5
1440,0.0,5
1440,0.0,5
1448,0.0,5
1456,1.0,12
1464,2.0,21
1480,0.0,5
1504,0.0,3
1520,3.0,34
1520,2.0,23
1528,1.0,16
1552,1.0,12
1560,0.0,5
1568,0.0,5
1576,0.0,3
1576,1.0,16
1584,0.0,3
1600,1.0,17
1608,2.0,21
1616,0.0,5
1640,1.0,17
1640,0.0,5
1648,1.0,16
1656,0.0,5
1672,1.0,12
1680,0.0,5
1688,1.0,15
1688,0.0,5
1696,0.0,5
1712,0.0,5
1712,1.0,16
1720,0.0,5
1728,0.0,5
1728,0.0,5
1736,0.0,5
1744,1.0,17
1752,0.0,5
1760,0.0,5
1768,0.0,5
1776,0.0,5
1776,1.0,17
1776,0.0,3
1784,0.0,5
1800,0.0,5
1800,0.0,3
1816,0.0,5
1840,0.0,5
1840,1.0,16
1840,0.0,5
1856,0.0,5
1856,1.0,16
1880,0.0,3
1880,0.0,5
1896,0.0,5
1904,1.0,16
1920,0.0,5
1928,0.0,3
1936,0.0,5
1952,2.0,23
1968,0.0,5
1968,1.0,16
1976,1.0,12
1992,0.0,5
2008,0.0,5
2008,2.0,21
2008,0.0,5
2016,0.0,5
2048,0.0,5
2048,0.0,5
2048,0.0,5
2056,0.0,5
2056,3.0,34
2056,1.0,17
2072,0.0,3
2088,0.0,5
2088,0.0,5
2096,0.0,5
2096,0.0,5
2104,2.0,21
2112,0.0,5
2112,1.0,15
2128,0.0,5
2128,0.0,5
2144,0.0,5
2152,0.0,5
2152,0.0,5
2168,0.0,5
2168,0.0,5
2192,0.0,5
2192,1.0,17
2232,0.0,5
2232,0.0,5
2264,2.0,21
2264,1.0,14
2264,1.0,15
2272,0.0,5
2272,0.0,5
2280,1.0,14
2288,0.0,3
2296,1.0,16
2304,0.0,5
2312,0.0,5
2312,0.0,5
2328,0.0,5
2328,0.0,3
2336,0.0,5
2352,0.0,5
2352,0.0,3
2376,0.0,5
2384,3.0,36
2392,0.0,5
2392,0.0,5
2400,1.0,17
2424,1.0,12
2424,0.0,5
2432,0.0,5
2440,0.0,5
2464,0.0,3
2480,2.0,21
2488,0.0,3
2488,1.0,14
2504,2.0,28
2504,0.0,3
2520,1.0,12
2520,1.0,12
2520,1.0,16
2528,0.0,5
2528,0.0,5
2544,0.0,3
2544,0.0,5
2544,0.0,5
2560,0.0,5
2568,0.0,5
2584,0.0,5
2584,0.0,5
2600,0.0,5
2608,0.0,5
2624,0.0,5
2624,0.0,5
2632,0.0,3
2640,0.0,5
2640,1.0,14
2648,1.0,16
2656,0.0,3
2664,0.0,5
2664,0.0,5
2680,0.0,5
2680,0.0,5
2688,0.0,5
2696,0.0,5
2704,0.0,5
2704,0.0,5
2720,3.0,36
2728,2.0,23
2728,0.0,5
2736,0.0,5
2744,0.0,5
2744,0.0,5
2760,0.0,5
2768,0.0,5
2776,0.0,5
2784,0.0,5
2792,1.0,14
2800,0.0,5
2800,1.0,15
2808,0.0,5
2816,0.0,3
2816,0.0,5
2840,0.0,5
2840,0.0,3
2856,0.0,5
2880,0.0,5
2880,0.0,5
2912,1.0,16
2912,2.0,23
2920,0.0,5
2920,0.0,5
2936,0.0,3
2936,1.0,17
2944,0.0,3
2952,0.0,5
2976,0.0,5
2976,1.0,15
2976,0.0,5
3016,0.0,5
3016,1.0,12
3024,2.0,27
3040,1.0,12
3040,0.0,3
3064,0.0,3
3072,1.0,15
3080,0.0,5
3088,1.0,14
3096,0.0,3
3104,0.0,5
3112,1.0,17
3112,1.0,12
3120,0.0,5
3120,0.0,3
3152,0.0,5
3152,0.0,5
3160,1.0,17
3160,0.0,5
3160,5.0,52
3160,0.0,5
3184,0.0,3
3184,0.0,3
3192,0.0,5
3192,0.0,5
3200,0.0,5
3200,0.0,5
3216,1.0,14
3224,0.0,5
3224,0.0,5
3224,1.0,17
3256,0.0,5
3264,0.0,5
3264,0.0,5
3264,0.0,5
3296,0.0,5
3304,0.0,5
3304,0.0,5
3312,1.0,14
3336,0.0,3
3336,0.0,5
3344,0.0,5
3344,0.0,5
3360,0.0,3
3376,2.0,23
3376,0.0,5
3384,2.0,23
3384,0.0,5
3384,0.0,5
3400,0.0,5
3416,0.0,5
3416,0.0,5
3424,0.0,5
3424,0.0,5
3440,0.0,5
3448,2.0,23
3456,0.0,5
3456,0.0,5
3464,0.0,5
3480,3.0,36
3488,0.0,5
3496,0.0,5
3504,0.0,5
3512,0.0,3
3512,1.0,16
3544,0.0,5
3552,0.0,5
3568,1.0,16
3584,0.0,5
3592,2.0,21
3608,0.0,5
3608,1.0,14
3624,0.0,5
3624,2.0,21
3632,0.0,5
3648,1.0,17
3648,0.0,5
3648,0.0,5
3664,0.0,5
3664,0.0,5
3672,0.0,5
3680,1.0,16
3688,0.0,5
3688,0.0,5
3688,0.0,5
3704,0.0,5
3704,0.0,5
3712,0.0,3
3720,0.0,5
3728,0.0,5
3728,0.0,5
3744,0.0,5
3744,0.0,5
3752,0.0,5
3760,0.0,5
3768,0.0,5
3768,0.0,5
3768,3.0,36
3784,0.0,5
3784,1.0,14
3792,0.0,3
3800,0.0,5
3808,0.0,5
3808,0.0,3
3824,0.0,5
3832,0.0,5
3840,0.0,5
3848,0.0,5
3864,0.0,5
3872,1.0,16
3872,0.0,5
3880,1.0,14
3888,0.0,5
3912,0.0,5
3912,0.0,5
3920,0.0,5
3928,0.0,5
3952,0.0,5
3960,1.0,12
3960,0.0,5
4000,0.0,5
4000,2.0,24
4008,2.0,21
4024,3.0,34
4040,0.0,5
4040,1.0,16
4040,1.0,14
4048,0.0,3
4048,0.0,5
4048,1.0,12
4072,0.0,3
4080,0.0,5
4080,0.0,5
4088,0.0,5
4088,0.0,5
4112,1.0,14
4112,0.0,5
4120,0.0,5
4120,0.0,5
4136,0.0,3
4144,2.0,23
4152,0.0,5
4160,0.0,5
4160,0.0,5
4168,0.0,3
4176,0.0,5
4176,1.0,17
4192,0.0,3
4192,0.0,5
4200,0.0,5
4216,0.0,5
4216,0.0,5
4224,1.0,17
4232,0.0,5
4232,0.0,5
4240,0.0,5
4248,1.0,11
4256,0.0,5
4256,0.0,5
4264,0.0,5
4272,0.0,5
4272,0.0,5
4280,0.0,5
4288,0.0,5
4296,0.0,5
4296,0.0,5
4304,2.0,27
4312,0.0,5
4312,0.0,5
4312,0.0,3
4320,0.0,5
4328,0.0,3
4336,0.0,5
4336,0.0,3
4336,0.0,5
4344,0.0,3
4352,0.0,5
4360,0.0,3
4368,0.0,5
4376,0.0,5
4376,0.0,5
4384,0.0,5
4392,0.0,5
4400,0.0,5
4416,0.0,3
4416,0.0,5
4424,0.0,5
4424,1.0,14
4440,0.0,5
4464,0.0,5
4480,0.0,5
4488,1.0,14
4512,0.0,3
4512,1.0,12
4520,1.0,12
4544,1.0,16
4552,0.0,5
4552,0.0,5
4560,0.0,5
4576,3.0,39
4584,0.0,5
4584,1.0,15
4592,0.0,5
4600,0.0,5
4608,1.0,16
4616,0.0,5
4624,0.0,5
4624,0.0,5
4632,0.0,5
4632,0.0,3
4640,0.0,5
4656,0.0,5
4664,0.0,5
4664,0.0,5
4664,1.0,14
4672,0.0,5
4672,0.0,5
4680,0.0,5
4688,4.0,40
4704,0.0,5
4704,0.0,5
4712,0.0,5
4720,0.0,5
4728,0.0,5
4744,0.0,5
4744,0.0,5
4752,0.0,3
4752,0.0,5
4760,0.0,5
4784,1.0,14
4784,0.0,3
4784,0.0,5
4784,0.0,5
4792,0.0,5
4792,1.0,17
4792,0.0,5
4800,1.0,17
4824,0.0,5
4824,0.0,5
4840,0.0,5
4848,0.0,3
4864,0.0,5
4880,0.0,5
4880,1.0,12
4888,0.0,5
4904,1.0,14
4904,0.0,5
4904,1.0,14
4912,1.0,16
4920,1.0,16
4928,0.0,3
4928,0.0,3
4928,0.0,5
4960,0.0,5
4968,0.0,5
4976,1.0,12
5008,0.0,5
5016,0.0,5
5032,1.0,15
5040,1.0,14
5048,0.0,5
5056,1.0,16
5056,0.0,5
5064,2.0,23
5072,0.0,5
5072,2.0,21
5080,0.0,3
5080,1.0,15
5080,0.0,5
5112,0.0,5
5120,0.0,5
5120,0.0,5
5120,0.0,5
5152,0.0,5
5160,0.0,5
5160,1.0,14
5160,0.0,5
5200,0.0,5
5200,1.0,16
5200,1.0,17
5200,0.0,5
5240,0.0,5
5240,1.0,15
5240,2.0,23
5240,0.0,5
5280,0.0,5
5280,0.0,5
5280,0.0,5
5280,0.0,5
5320,0.0,5
5320,0.0,5
5320,0.0,5
5328,1.0,16
5336,1.0,17
5336,2.0,23
5344,0.0,3
5344,0.0,3
5360,0.0,3
5368,0.0,5
5376,1.0,12
5384,0.0,3
5384,0.0,5
5408,0.0,5
5416,0.0,5
5424,0.0,5
5424,0.0,5
5432,0.0,3
5440,1.0,15
5448,3.0,36
5456,1.0,14
5456,0.0,5
5464,0.0,5
5464,0.0,5
5472,1.0,17
5472,0.0,5
5480,0.0,5
5488,0.0,5
5496,0.0,5
5496,0.0,5
5496,0.0,3
5504,0.0,5
5504,0.0,5
5520,0.0,5
5536,0.0,5
5536,0.0,5
5536,0.0,5
5544,0.0,3
5544,0.0,5
5544,0.0,5
5560,0.0,3
5584,0.0,3
5584,0.0,5
5584,0.0,5
5600,1.0,14
5624,0.0,5
5624,0.0,5
5640,2.0,21
5640,0.0,5
5664,1.0,16
5664,0.0,5
5664,0.0,5
5680,0.0,5
5704,0.0,5
5704,0.0,5
5712,2.0,21
5720,2.0,23
5720,0.0,5
5744,0.0,5
5744,0.0,5
5752,0.0,5
5760,0.0,5
5760,0.0,5
5768,2.0,23
5768,1.0,16
5784,0.0,5
5792,0.0,5
5800,0.0,5
5800,0.0,5
5808,0.0,5
5808,0.0,5
5824,0.0,5
5832,0.0,3
5832,0.0,5
5840,0.0,5
5840,1.0,12
5840,0.0,5
5848,0.0,5
5864,0.0,5
5872,0.0,5
5872,0.0,5
5880,0.0,5
5880,0.0,5
5880,0.0,5
5888,0.0,5
5896,2.0,29
5904,0.0,5
5912,0.0,3
5912,0.0,5
5920,0.0,5
5920,0.0,5
5944,0.0,3
5944,0.0,5
5952,0.0,5
5952,0.0,5
5960,0.0,5
5984,0.0,5
5992,0.0,5
5992,0.0,5
5992,1.0,12
6000,0.0,5
6016,0.0,3
6024,0.0,5
6032,0.0,5
6032,0.0,5
6048,2.0,21
6056,0.0,5
6064,0.0,5
6072,0.0,5
6088,0.0,5
6096,0.0,5
6104,0.0,5
6112,1.0,14
6112,0.0,5
6128,0.0,5
6144,3.0,34
6152,0.0,5
6152,0.0,5
6160,1.0,16
6184,0.0,5
6192,0.0,5
6200,0.0,5
6224,0.0,3
6224,0.0,5
6232,1.0,16
6232,0.0,5
6256,4.0,39
6256,1.0,16
6264,2.0,21
6264,0.0,5
6272,0.0,5
6280,1.0,16
6288,0.0,3
6296,0.0,5
6296,0.0,5
6304,0.0,5
6320,0.0,3
6328,0.0,5
6344,0.0,5
6352,1.0,16
6360,1.0,16
6360,0.0,5
6368,0.0,5
6376,1.0,12
6400,0.0,5
6408,0.0,5
6408,1.0,14
6440,2.0,21
6440,0.0,5
6448,1.0,12
6448,0.0,5
6448,0.0,5
6472,1.0,14
6480,0.0,5
6488,0.0,5
6488,0.0,5
6512,1.0,17
6520,0.0,5
6528,0.0,5
6528,0.0,5
6536,0.0,3
6560,0.0,5
6568,0.0,5
6568,1.0,16
6568,0.0,5
6576,0.0,5
6600,0.0,5
6608,0.0,5
6608,1.0,17
6608,0.0,5
6616,0.0,5
6616,3.0,34
6632,2.0,23
6640,0.0,5
6648,0.0,5
6648,0.0,5
6648,0.0,5
6656,0.0,5
6656,0.0,3
6656,0.0,5
6664,1.0,12
6680,0.0,5
6688,0.0,5
6696,0.0,5
6696,0.0,5
6696,0.0,5
6720,0.0,5
6728,0.0,5
6736,0.0,5
6736,0.0,5
6760,1.0,12
6768,1.0,15
6776,0.0,5
6776,1.0,16
6792,1.0,12
6800,0.0,5
6808,0.0,5
6816,0.0,5
6840,0.0,5
6848,0.0,5
6856,1.0,16
6856,0.0,5
6880,0.0,5
6888,2.0,21
6888,0.0,5
6896,0.0,5
6896,0.0,5
6904,2.0,21
6920,1.0,16
6928,0.0,5
6936,0.0,5
6944,2.0,21
6944,0.0,5
6960,0.0,5
6968,0.0,5
6968,0.0,3
6984,0.0,5
6992,1.0,14
7000,0.0,5
7008,1.0,14
7008,0.0,5
7024,0.0,5
7040,0.0,5
7048,0.0,5
7048,0.0,5
7048,1.0,14
7064,1.0,12
7064,0.0,5
7064,0.0,3
7072,0.0,3
7104,0.0,5
7104,0.0,5
7112,0.0,5
7128,1.0,17
7128,0.0,3
7144,0.0,5
7152,0.0,5
7160,1.0,14
7160,1.0,12
7160,3.0,34
7168,0.0,5
7168,0.0,5
7184,0.0,5
7184,0.0,3
7184,0.0,3
7192,0.0,5
7200,0.0,5
7208,0.0,5
7208,0.0,3
7208,0.0,5
7224,0.0,5
7224,0.0,5
7232,0.0,3
7248,0.0,5
7248,0.0,5
7256,2.0,26
7264,0.0,5
7272,0.0,5
7288,0.0,5
7296,0.0,5
7304,0.0,5
7312,0.0,5
7328,0.0,5
7336,0.0,5
7336,1.0,17
7344,0.0,5
7352,0.0,3
7352,0.0,5
7376,0.0,5
7376,0.0,5
7376,1.0,16
7384,0.0,5
7392,0.0,5
7416,0.0,5
7416,0.0,5
7424,0.0,5
7432,0.0,5
7440,2.0,27
7456,0.0,5
7456,0.0,5
7480,1.0,16
7488,1.0,14
7496,0.0,5
7504,3.0,39
7520,0.0,5
7528,0.0,5
7536,0.0,5
7560,0.0,3
7560,1.0,16
7568,1.0,14
7568,0.0,5
7576,1.0,17
7600,0.0,5
7600,1.0,12
7608,0.0,5
7608,0.0,5
7616,0.0,5
7640,0.0,5
7640,2.0,27
7640,0.0,5
7648,0.0,5
7664,0.0,3
7680,0.0,5
7688,0.0,5
7696,1.0,17
7704,0.0,5
7720,0.0,5
7728,0.0,5
7728,1.0,14
7736,0.0,5
7744,1.0,17
7768,0.0,3
7768,0.0,5
7776,0.0,5
7784,1.0,18
7808,0.0,5
7808,0.0,5
7816,0.0,5
7824,1.0,12
7824,0.0,5
7832,3.0,39
7840,1.0,17
7848,0.0,5
7848,0.0,5
7856,0.0,5
7864,0.0,5
7872,0.0,5
7896,0.0,5
7904,2.0,23
7904,0.0,5
7912,0.0,5
7928,0.0,3
7936,0.0,3
7944,1.0,12
7944,0.0,5
7952,0.0,3
7960,1.0,17
7968,0.0,3
7976,0.0,5
7984,0.0,3
7984,0.0,5
7992,0.0,5
8008,0.0,5
8008,1.0,14
8016,0.0,5
8024,0.0,5
8024,0.0,5
8032,0.0,5
8040,0.0,3
8048,0.0,5
8048,0.0,5
8064,0.0,5
8064,0.0,5
8072,2.0,28
8080,0.0,5
8088,0.0,5
8088,0.0,5
8104,0.0,5
8104,0.0,5
8112,0.0,5
8120,0.0,5
8128,0.0,5
8128,0.0,5
8144,0.0,5
8144,1.0,14
8144,0.0,5
8160,0.0,5
8168,0.0,3
8168,0.0,5
8168,3.0,41
8184,0.0,5
8200,0.0,5
8208,0.0,5
8224,1.0,14
8224,0.0,5
8240,0.0,5
8248,0.0,5
8256,1.0,16
8264,0.0,5
8264,1.0,12
8264,1.0,12
8264,0.0,5
8280,0.0,3
8280,1.0,17
8280,0.0,5
8288,0.0,5
8304,0.0,5
8304,0.0,5
8304,0.0,5
8320,0.0,5
8328,0.0,5
8344,0.0,5
8344,0.0,5
8344,0.0,5
8360,0.0,5
8368,0.0,5
8384,0.0,5
8400,1.0,17
8400,0.0,5
8408,1.0,16
8408,0.0,5
8424,0.0,5
8432,0.0,3
8440,0.0,5
8440,0.0,5
8448,0.0,5
8456,0.0,3
8464,1.0,15
8480,0.0,5
8496,0.0,5
8504,0.0,3
8504,0.0,5
8520,1.0,12
8528,2.0,23
8536,0.0,5
8544,0.0,5
8544,0.0,5
8568,0.0,5
8568,1.0,16
8576,0.0,5
8576,3.0,37
8584,0.0,5
8608,0.0,5
8608,0.0,5
8624,0.0,5
8648,0.0,5
8648,0.0,5
8656,1.0,14
8664,0.0,5
8680,2.0,29
8680,0.0,3
8688,0.0,5
8688,0.0,5
8704,1.0,16
8704,0.0,5
8704,0.0,3
8712,2.0,24
8720,0.0,5
8728,0.0,5
8744,0.0,5
8744,0.0,5
8744,0.0,5
8752,0.0,5
8760,0.0,5
8768,0.0,5
8784,0.0,3
8784,0.0,5
8784,0.0,5
8792,0.0,5
8824,0.0,5
8864,0.0,5
8872,2.0,23
8880,1.0,12
8880,1.0,14
8904,0.0,5
8904,3.0,41
8912,0.0,5
8920,1.0,17
8920,0.0,5
8928,0.0,3
8928,0.0,3
8944,0.0,3
8952,0.0,3
8952,0.0,5
8960,0.0,5
8960,2.0,27
8968,0.0,5
8984,0.0,5
8992,0.0,5
8992,0.0,5
9000,0.0,5
9000,0.0,5
9008,0.0,5
9008,1.0,16
9024,0.0,5
9032,0.0,5
9040,0.0,5
9048,0.0,5
9048,0.0,5
9064,0.0,5
9080,3.0,36
9080,0.0,5
9088,1.0,12
9088,0.0,5
9088,0.0,3
9128,0.0,5
9128,0.0,5
9128,0.0,5
9168,0.0,5
9184,2.0,23
9184,1.0,17
9192,1.0,14
9208,1.0,16
9208,0.0,5
9224,0.0,5
9224,0.0,5
9232,0.0,3
9232,0.0,5
9248,0.0,5
9248,2.0,27
9248,0.0,3
9256,1.0,16
9272,0.0,5
9272,0.0,5
9280,0.0,3
9288,0.0,5
9288,0.0,5
9296,2.0,21
9304,0.0,3
9312,0.0,5
9320,0.0,3
9328,0.0,5
9344,0.0,5
9360,1.0,17
9368,0.0,5
9376,1.0,16
9384,0.0,5
9400,0.0,5
9408,0.0,5
9416,0.0,5
9440,2.0,21
9440,0.0,5
9440,0.0,3
9448,0.0,5
9464,0.0,3
9464,0.0,3
9488,0.0,5
9496,1.0,14
9520,0.0,3
9528,0.0,5
9536,2.0,28
9552,2.0,29
9576,1.0,17
9592,1.0,16
9592,1.0,16
9616,4.0,41
9616,0.0,5
9632,0.0,5
9632,0.0,5
9640,1.0,14
9648,1.0,16
9656,1.0,15
9656,0.0,5
9656,0.0,5
9672,0.0,5
9672,0.0,5
9680,0.0,5
9696,0.0,5
9696,0.0,5
9696,0.0,5
9712,0.0,5
9712,0.0,5
9728,2.0,22
9736,0.0,5
9736,0.0,5
9752,0.0,5
9768,0.0,5
9776,1.0,16
9776,0.0,5
9808,0.0,5
9808,1.0,16
9816,0.0,5
9816,0.0,5
9848,0.0,5
9848,1.0,14
9848,0.0,5
9864,2.0,21
9888,0.0,5
9888,0.0,5
9888,0.0,5
9912,1.0,12
9928,2.0,27
9928,0.0,5
9928,0.0,5
9936,2.0,23
9952,0.0,3
9952,0.0,5
9976,0.0,5
9992,0.0,5
9992,0.0,5
10016,0.0,5
10024,1.0,17
10032,0.0,5
10032,0.0,5
10040,0.0,3
10040,2.0,28
10040,1.0,14
10056,1.0,16
10056,2.0,24
10064,0.0,3
10064,0.0,3
10064,0.0,5
10072,0.0,5
10080,0.0,3
10080,0.0,5
10080,0.0,3
10088,0.0,3
10104,0.0,3
10104,0.0,3
10120,0.0,5
10144,0.0,5
10144,0.0,5
10176,1.0,14
10184,0.0,5
10192,1.0,16
10200,1.0,14
10200,2.0,21
10216,0.0,5
10224,0.0,5
10232,1.0,14
10240,0.0,5
10256,0.0,5
10288,1.0,12
10296,0.0,5
10320,1.0,12
10328,1.0,12
10328,0.0,5
10336,1.0,12
10336,0.0,5
10368,0.0,5
10376,0.0,5
10384,4.0,39
10408,0.0,5
10416,1.0,12
10424,2.0,28
10424,1.0,12
10432,0.0,3
10464,0.0,5
10472,0.0,5
10472,1.0,12
10480,1.0,12
10504,4.0,45
10504,0.0,5
10512,0.0,5
10520,0.0,5
10528,2.0,24
10544,0.0,5
10544,0.0,5
10560,0.0,5
10568,0.0,5
10584,0.0,5
10584,0.0,5
10600,0.0,5
10600,2.0,23
10608,2.0,23
10608,0.0,5
10624,0.0,5
10624,0.0,5
10640,0.0,5
10640,0.0,5
10648,0.0,5
10648,0.0,5
10656,2.0,23
10664,0.0,5
10664,0.0,5
10680,0.0,5
10680,0.0,5
10688,0.0,5
10688,0.0,5
10696,0.0,5
10696,2.0,23
10704,0.0,5
10720,0.0,5
10720,0.0,5
10728,0.0,5
10728,0.0,5
10736,0.0,5
10744,0.0,5
10760,0.0,5
10760,0.0,5
10768,0.0,5
10768,0.0,5
10776,0.0,5
10784,0.0,5
10800,0.0,5
10800,0.0,5
10808,0.0,5
10808,0.0,5
10816,1.0,15
10816,0.0,5
10824,0.0,5
10840,0.0,5
10848,0.0,5
10848,0.0,5
10848,2.0,23
10856,0.0,5
10864,0.0,5
10880,0.0,5
10896,0.0,5
10904,0.0,5
10920,0.0,5
10936,0.0,5
10944,0.0,5
10952,1.0,17
10976,0.0,5
10984,2.0,23
10984,0.0,5
10984,1.0,17
10992,0.0,5
11016,0.0,5
11024,0.0,5
11032,2.0,23
11032,2.0,23
11032,0.0,5
11064,0.0,5
11072,0.0,5
11072,0.0,5
11104,0.0,5
11104,2.0,23
11112,0.0,5
11112,0.0,5
11120,1.0,17
11144,0.0,5
11144,0.0,5
11144,0.0,3
11168,2.0,23
11184,0.0,5
11200,2.0,21
11200,2.0,23
11208,0.0,5
11224,0.0,3
11224,0.0,3
11248,0.0,5
11248,0.0,3
11256,1.0,14
11264,0.0,5
11280,0.0,3
11280,2.0,21
11280,2.0,21
11280,1.0,17
11280,0.0,4
11296,1.0,14
11304,0.0,3
11304,0.0,3
11320,0.0,3
11320,0.0,5
11320,0.0,5
11328,0.0,3
11328,0.0,3
11360,1.0,14
11360,0.0,4
11368,0.0,5
11408,1.0,16
11432,2.0,21
11448,0.0,5
11448,1.0,16
11456,0.0,3
11472,0.0,3
11488,1.0,16
11488,0.0,5
11496,1.0,17
11496,1.0,16
11528,0.0,5
11536,0.0,5
11536,2.0,27
11552,1.0,12
11568,1.0,12
11568,0.0,5
11576,0.0,5
11584,1.0,12
11592,1.0,12
11592,0.0,5
11608,0.0,5
11608,0.0,5
11616,0.0,5
11624,0.0,5
11632,0.0,5
11632,4.0,39
11632,0.0,5
11648,0.0,5
11656,0.0,5
11672,0.0,5
11672,0.0,5
11672,1.0,17
11672,0.0,5
11688,0.0,5
11696,0.0,5
11712,0.0,5
11712,0.0,5
11712,0.0,5
11728,0.0,5
11736,1.0,16
11736,0.0,5
11752,0.0,5
11752,0.0,5
11752,0.0,5
11768,0.0,5
11776,0.0,5
11776,0.0,5
11792,0.0,5
11808,1.0,17
11816,0.0,5
11816,0.0,5
11832,0.0,5
11848,0.0,5
11856,0.0,5
11856,0.0,5
11856,2.0,29
11864,1.0,12
11864,1.0,14
11872,0.0,5
11888,0.0,5
11896,0.0,5
11896,0.0,5
11896,0.0,5
11904,0.0,5
11904,0.0,5
11912,0.0,5
11928,0.0,5
11936,0.0,5
11936,0.0,5
11936,0.0,5
11936,2.0,23
11944,0.0,5
11944,0.0,5
11952,0.0,5
11976,0.0,5
11976,0.0,5
11976,0.0,5
11976,0.0,5
11984,0.0,5
11992,0.0,5
12016,0.0,5
12016,0.0,5
12024,0.0,5
12032,0.0,5
12056,0.0,5
12056,0.0,5
12064,0.0,5
12080,1.0,17
12096,0.0,5
12096,0.0,5
12104,0.0,5
12112,2.0,23
12120,0.0,5
12144,0.0,5
12144,2.0,21
12152,0.0,5
12160,2.0,23
12160,0.0,5
12184,0.0,3
12184,0.0,5
12192,0.0,5
12216,2.0,23
12224,0.0,5
12232,0.0,5
12256,0.0,5
12264,0.0,5
12272,0.0,5
12280,2.0,23
12280,2.0,23
12296,0.0,5
12312,0.0,5
12320,0.0,5
12320,1.0,17
12328,2.0,23
12336,0.0,5
12344,2.0,23
12352,0.0,5
12360,0.0,5
12360,0.0,5
12368,0.0,5
12376,0.0,5
12384,0.0,5
12392,0.0,5
12400,0.0,5
12400,0.0,5
12408,0.0,5
12416,0.0,5
12424,0.0,5
12432,0.0,5
12440,0.0,5
12448,2.0,23
12448,0.0,5
12456,0.0,5
12464,2.0,23
12464,0.0,5
12472,0.0,5
12488,0.0,5
12488,0.0,5
12496,0.0,5
12504,0.0,5
12504,0.0,5
12512,0.0,5
12528,0.0,5
12528,0.0,5
12536,0.0,5
12544,0.0,5
12544,0.0,5
12552,0.0,5
12568,0.0,5
12568,0.0,5
12576,0.0,5
12584,2.0,23
12592,0.0,5
12608,0.0,5
12616,0.0,5
12624,2.0,23
12624,0.0,5
12632,0.0,5
12648,0.0,5
12664,0.0,5
12664,0.0,5
12672,0.0,5
12680,1.0,17
12688,0.0,5
12704,0.0,5
12712,2.0,21
12712,0.0,5
12720,0.0,5
12744,0.0,5
12752,2.0,23
12752,0.0,5
12752,0.0,5
12760,0.0,5
12776,0.0,3
12784,2.0,21
12792,0.0,5
12800,0.0,5
12800,1.0,17
12808,0.0,3
12816,0.0,5
12824,0.0,3
12848,0.0,5
12872,2.0,23
12896,0.0,3
12912,2.0,21
12920,0.0,3
12928,1.0,14
12936,0.0,3
12944,1.0,15
12952,0.0,3
12960,0.0,5
12960,2.0,21
12960,1.0,14
12968,2.0,21
12976,0.0,5
12984,0.0,5
12984,0.0,3
12984,0.0,3
12992,0.0,3
13008,0.0,3
13024,3.0,34
13032,0.0,5
13048,0.0,5
13064,0.0,5
13072,0.0,5
13072,1.0,14
13080,1.0,16
13088,0.0,5
13096,0.0,3
13096,0.0,3
13096,1.0,14
13096,1.0,15
13104,0.0,3
13112,1.0,16
13120,0.0,3
13120,0.0,3
13136,0.0,5
13144,0.0,5
13152,0.0,5
13160,0.0,3
13176,1.0,14
13184,0.0,3
13192,0.0,5
13200,0.0,3
13224,1.0,16
13232,1.0,14
13240,0.0,5
13248,0.0,3
13248,1.0,16
13256,1.0,14
13272,0.0,3
13272,2.0,23
13280,0.0,3
13288,0.0,5
13296,0.0,3
13296,1.0,14
13304,1.0,14
13312,0.0,5
13320,0.0,5
13328,0.0,3
13336,0.0,5
13336,0.0,5
13360,1.0,15
13368,1.0,17
13368,0.0,5
13392,0.0,3
13400,0.0,5
13440,1.0,15
13456,2.0,21
13456,1.0,15
13480,2.0,21
13496,1.0,16
13496,0.0,5
13496,0.0,5
13520,0.0,3
13520,0.0,5
13520,2.0,23
13560,0.0,5
13568,1.0,16
13568,2.0,21
13576,2.0,23
13592,0.0,3
13592,0.0,3
13600,0.0,3
13616,1.0,15
13632,0.0,5
13632,0.0,5
13640,0.0,3
13640,1.0,15
13640,0.0,5
13656,1.0,17
13664,2.0,21
13680,0.0,3
13680,0.0,5
13680,1.0,15
13688,0.0,3
13704,0.0,3
13720,0.0,5
13744,0.0,5
13752,1.0,15
13752,1.0,15
13760,1.0,15
13776,1.0,17
13792,0.0,5
13792,0.0,5
13800,0.0,5
13816,0.0,5
13824,1.0,17
13832,0.0,5
13832,0.0,5
13840,0.0,5
13848,2.0,21
13856,0.0,5
13864,0.0,5
13872,0.0,5
13872,0.0,5
13880,0.0,5
13888,0.0,5
13896,0.0,5
13904,2.0,23
13904,0.0,5
13912,0.0,5
13912,0.0,5
13920,0.0,5
13928,0.0,5
13928,2.0,23
13936,0.0,5
13944,0.0,5
13944,0.0,5
13952,0.0,5
13952,0.0,5
13960,0.0,5
13968,0.0,5
13968,0.0,5
13976,0.0,5
13984,0.0,5
13984,0.0,5
13992,0.0,5
14000,0.0,5
14016,0.0,5
14032,0.0,5
14040,0.0,5
14104,1.0,17
14112,1.0,16
14112,1.0,16
14120,2.0,21
14128,1.0,12
14128,0.0,3
14136,0.0,3
14136,0.0,3
14144,1.0,16
14152,2.0,23
14152,0.0,3
14168,0.0,3
14176,0.0,5
14176,0.0,3
14176,0.0,5
14176,0.0,3
14192,0.0,3
14200,0.0,3
14216,0.0,5
14232,0.0,4
14248,1.0,15
14288,0.0,5
14304,2.0,23
14344,2.0,21
14344,0.0,5
14344,2.0,21
14352,1.0,15
14368,2.0,22
14368,0.0,3
14384,0.0,5
14384,2.0,21
14392,0.0,5
14392,0.0,3
14400,4.0,45
14408,0.0,5
14408,0.0,3
14424,0.0,4
14424,0.0,3
14432,0.0,3
14448,0.0,3
14456,2.0,21
14464,0.0,5
14464,0.0,4
14472,0.0,3
14480,1.0,17
14480,0.0,3
14504,1.0,15
14504,1.0,14
14504,0.0,3
14504,0.0,5
14504,0.0,3
14520,1.0,14
14528,0.0,3
14528,0.0,3
14544,0.0,5
14544,0.0,3
14544,0.0,5
14568,0.0,5
14568,0.0,5
14576,1.0,14
14584,0.0,5
14584,0.0,5
14584,0.0,5
14600,0.0,3
14608,0.0,3
14640,0.0,5
14648,0.0,5
14680,1.0,14
14680,0.0,5
14688,1.0,15
14688,0.0,5
14696,1.0,14
14704,1.0,15
14720,0.0,5
14720,0.0,5
14720,2.0,27
14728,0.0,5
14728,0.0,5
14736,0.0,5
14760,0.0,5
14760,0.0,5
14760,0.0,5
14768,0.0,5
14776,0.0,5
14800,0.0,5
14800,4.0,41
14800,0.0,3
14808,0.0,5
14832,1.0,16
14840,0.0,5
14840,0.0,5
14840,0.0,5
14848,0.0,5
14856,1.0,16
14856,1.0,12
14856,1.0,12
14872,0.0,5
14880,0.0,5
14880,0.0,5
14880,0.0,5
14888,0.0,5
14896,0.0,5
14896,0.0,5
14896,0.0,5
14912,0.0,5
14920,0.0,5
14920,0.0,5
14920,0.0,5
14928,0.0,5
14936,0.0,5
14936,0.0,5
14952,0.0,5
14960,0.0,5
14960,0.0,5
14960,0.0,5
14968,0.0,5
14976,0.0,5
14976,0.0,5
14992,0.0,5
15000,0.0,5
15000,0.0,5
15000,0.0,5
15008,0.0,5
15016,0.0,5
15016,0.0,5
15024,1.0,16
15032,0.0,5
15040,0.0,5
15040,0.0,5
15040,0.0,5
15048,0.0,5
15056,0.0,5
15064,0.0,5
15072,0.0,3
15072,0.0,5
15080,0.0,5
15080,0.0,3
15080,0.0,5
15080,0.0,5
15104,0.0,3
15104,0.0,3
15112,0.0,5
15128,0.0,3
15152,0.0,3
15184,1.0,14
15184,1.0,15
15192,0.0,5
15200,2.0,23
15208,0.0,3
15208,0.0,3
15224,0.0,3
15232,1.0,16
15248,2.0,21
15248,2.0,21
15256,0.0,3
15272,0.0,3
15272,0.0,3
15280,2.0,21
15296,0.0,5
15296,0.0,3
15304,1.0,14
15304,0.0,3
15320,1.0,12
15320,0.0,3
15336,1.0,16
15400,1.0,12
15400,1.0,10
15416,1.0,12
15432,1.0,12
15440,0.0,5
15456,0.0,5
15472,0.0,5
15480,0.0,5
15496,1.0,12
15504,2.0,29
15520,0.0,5
15536,0.0,5
15552,1.0,12
15560,0.0,5
15568,1.0,12
15568,4.0,45
15576,0.0,5
15584,3.0,35
15584,0.0,3
15592,0.0,5
15600,1.0,12
15608,0.0,5
15608,0.0,5
15616,0.0,5
15624,0.0,5
15624,0.0,5
15632,0.0,5
15640,0.0,5
15648,0.0,5
15648,0.0,5
15656,0.0,5
15656,4.0,45
15664,0.0,5
15664,0.0,5
15672,0.0,5
15680,0.0,5
15688,0.0,5
15688,0.0,5
15696,0.0,5
15696,0.0,5
15704,0.0,5
15704,0.0,5
15720,0.0,5
15728,0.0,5
15728,0.0,5
15736,0.0,5
15744,0.0,5
15744,0.0,5
15760,0.0,5
15768,0.0,5
15768,0.0,5
15776,0.0,5
15784,0.0,5
15784,0.0,5
15800,1.0,16
15800,0.0,5
15808,0.0,5
15824,0.0,5
15824,1.0,16
15840,0.0,5
15848,0.0,5
15864,0.0,5
15880,0.0,5
15888,0.0,5
15896,1.0,16
15904,0.0,5
15904,1.0,16
15912,1.0,16
15920,0.0,5
15928,1.0,16
15936,0.0,5
15944,0.0,5
15952,1.0,16
15952,0.0,5
15968,0.0,5
15976,0.0,5
15992,0.0,5
15992,0.0,3
16016,1.0,16
16032,0.0,5
16032,1.0,16
16040,1.0,15
16056,0.0,5
16056,0.0,3
16064,1.0,15
16080,0.0,5
16088,1.0,14
16096,0.0,5
16104,1.0,14
16104,0.0,5
16112,0.0,3
16120,2.0,21
16128,0.0,3
16152,0.0,3
16160,0.0,5
16176,0.0,3
16184,1.0,16
16192,1.0,14
16200,2.0,21
16216,0.0,5
16216,1.0,14
16224,0.0,3
16224,0.0,5
16232,0.0,5
16240,0.0,3
16240,1.0,16
16248,0.0,3
16264,0.0,3
16264,2.0,21
16280,1.0,15
16288,0.0,5
16304,0.0,3
16304,0.0,5
16328,0.0,5
16344,0.0,5
16344,1.0,15
16352,1.0,15
16368,1.0,16
16368,0.0,5
16384,2.0,21
16384,0.0,5
16400,1.0,17
16408,0.0,5
16408,0.0,5
16424,0.0,5
16424,0.0,5
16448,0.0,5
16448,0.0,5
16464,0.0,5
16472,2.0,21
16472,1.0,16
16488,0.0,5
16488,1.0,17
16504,0.0,5
16512,0.0,5
16528,0.0,5
16528,0.0,5
16544,0.0,5
16552,0.0,5
16560,1.0,17
16568,0.0,5
16568,0.0,5
16592,0.0,5
16608,0.0,5
16608,0.0,5
16608,1.0,17
16632,0.0,5
16632,2.0,23
16648,0.0,5
16648,0.0,5
16672,1.0,16
16672,0.0,5
16672,0.0,5
16688,0.0,5
16688,0.0,5
16696,1.0,17
16712,0.0,5
16712,0.0,5
16712,0.0,5
16728,3.0,41
16728,0.0,5
16736,0.0,5
16736,1.0,16
16736,0.0,3
16752,0.0,5
16752,0.0,5
16760,0.0,3
16768,0.0,5
16768,0.0,5
16776,0.0,5
16776,0.0,5
16792,0.0,3
16808,0.0,5
16816,0.0,3
16872,1.0,15
16872,2.0,23
16896,1.0,15
16896,0.0,3
16912,0.0,5
16920,0.0,3
16920,2.0,21
16936,0.0,5
16936,2.0,22
16944,2.0,21
16960,0.0,5
16960,0.0,5
16960,0.0,3
16968,0.0,3
16976,0.0,5
16976,2.0,21
16992,2.0,22
17000,0.0,5
17000,0.0,5
17000,0.0,3
17008,0.0,5
17016,0.0,3
17040,0.0,5
17040,0.0,5
17048,0.0,5
17056,0.0,5
17064,0.0,3
17080,2.0,21
17104,0.0,3
17128,2.0,21
17144,0.0,5
17144,2.0,21
17152,0.0,3
17168,2.0,21
17168,0.0,3
17192,0.0,3
17192,0.0,5
17208,2.0,21
17208,0.0,5
17216,2.0,21
17216,0.0,3
17224,2.0,21
17232,0.0,5
17240,0.0,3
17248,0.0,5
17248,0.0,5
17248,2.0,23
17248,0.0,3
17256,0.0,5
17264,1.0,15
17280,0.0,5
17288,0.0,5
17288,0.0,5
17288,0.0,5
17288,0.0,5
17304,0.0,5
17352,1.0,15
17400,1.0,15
17408,1.0,15
17408,1.0,15
17408,1.0,15
17424,2.0,21
17432,0.0,3
17440,0.0,5
17448,0.0,3
17448,0.0,5
17456,2.0,21
17472,2.0,21
17472,0.0,3
17480,0.0,3
17496,0.0,3
17504,0.0,4
17504,0.0,3
17520,0.0,3
17536,2.0,23
17544,0.0,5
17552,1.0,15
17560,0.0,3
17592,2.0,23
17592,0.0,5
17600,0.0,5
17608,2.0,21
17616,0.0,3
17616,2.0,21
17632,0.0,3
17640,1.0,17
17640,0.0,3
17656,1.0,17
17656,0.0,5
17672,0.0,5
17680,0.0,5
17680,0.0,5
17712,2.0,21
17720,1.0,15
17736,0.0,3
17744,0.0,3
17760,2.0,21
17776,1.0,15
17784,1.0,16
17784,0.0,3
17792,1.0,15
17792,1.0,14
17800,0.0,3
17800,1.0,15
17808,0.0,3
17816,0.0,3
17840,0.0,5
17856,0.0,5
17880,1.0,12
17888,1.0,12
17904,1.0,12
17904,0.0,3
17920,1.0,10
17928,0.0,3
17944,0.0,3
17960,2.0,28
17968,1.0,14
17984,0.0,3
18008,1.0,15
18008,0.0,5
18024,1.0,12
18040,1.0,12
18040,1.0,17
18064,0.0,3
18088,1.0,10
18088,3.0,36
18104,4.0,45
18112,0.0,3
18112,0.0,3
18120,1.0,14
18120,1.0,10
18128,0.0,3
18152,1.0,16
18152,0.0,5
18160,0.0,5
18160,0.0,5
18160,1.0,12
18168,0.0,5
18192,0.0,5
18200,0.0,5
18200,0.0,5
18200,0.0,5
18208,0.0,5
18232,0.0,5
18240,0.0,5
18240,0.0,5
18240,0.0,5
18248,0.0,5
18272,3.0,36
18280,0.0,5
18280,0.0,5
18288,0.0,5
18296,2.0,23
18312,0.0,5
18320,0.0,5
18320,0.0,5
18328,0.0,5
18336,2.0,23
18336,0.0,5
18352,0.0,5
18360,0.0,5
18360,0.0,5
18368,0.0,5
18376,0.0,5
18376,0.0,5
18400,0.0,5
18400,0.0,5
18408,0.0,5
18416,2.0,23
18424,2.0,23
18424,0.0,3
18440,0.0,3
18448,0.0,3
18464,0.0,5
18464,0.0,3
18472,0.0,3
18488,1.0,17
18496,1.0,15
18512,0.0,5
18512,0.0,3
18520,0.0,3
18544,2.0,21
18552,0.0,5
18560,0.0,5
18568,2.0,21
18568,0.0,3
18576,0.0,3
18576,2.0,21
18592,0.0,3
18600,1.0,17
18608,0.0,5
18616,0.0,5
18616,0.0,5
18624,0.0,3
18632,0.0,5
18632,2.0,21
18656,0.0,3
18664,0.0,5
18672,0.0,5
18696,2.0,23
18720,0.0,3
18728,2.0,21
18728,1.0,15
18744,0.0,3
18752,0.0,3
18768,0.0,5
18776,0.0,3
18784,2.0,21
18784,2.0,21
18784,0.0,5
18792,1.0,17
18808,0.0,3
18808,0.0,3
18808,0.0,3
18816,0.0,5
18832,0.0,3
18832,0.0,5
18832,2.0,21
18840,2.0,21
18848,0.0,5
18856,0.0,5
18856,0.0,3
18864,0.0,3
18880,1.0,14
18880,0.0,3
18888,0.0,3
18904,0.0,3
18920,0.0,5
18928,0.0,5
18944,0.0,5
18968,1.0,17
18968,0.0,5
18992,2.0,23
19008,0.0,5
19016,0.0,3
19016,2.0,21
19016,2.0,23
19024,2.0,21
19040,0.0,3
19040,0.0,3
19048,0.0,3
19064,1.0,15
19072,0.0,3
19080,0.0,5
19080,0.0,5
19104,0.0,3
19104,0.0,5
19104,2.0,23
19112,1.0,12
19120,1.0,14
19128,0.0,3
19136,2.0,21
19144,0.0,3
19160,0.0,3
19168,1.0,12
19184,0.0,5
19184,1.0,10
19192,1.0,10
19200,1.0,15
19208,0.0,3
19208,0.0,3
19216,0.0,3
19224,0.0,3
19224,1.0,12
19248,0.0,5
19256,1.0,12
19264,1.0,12
19264,0.0,5
19272,0.0,3
19280,0.0,3
19288,0.0,3
19288,0.0,3
19296,2.0,24
19304,1.0,12
19304,1.0,10
19312,1.0,12
19312,0.0,5
19320,0.0,3
19320,0.0,5
19328,0.0,5
19328,0.0,3
19328,0.0,5
19336,0.0,3
19360,0.0,5
19368,0.0,5
19376,0.0,5
19384,1.0,10
19408,0.0,5
19424,1.0,14
19424,0.0,5
19432,1.0,14
19448,0.0,3
19456,0.0,3
19472,1.0,14
19488,1.0,14
19488,0.0,5
19496,2.0,21
19496,0.0,3
19496,2.0,21
19512,0.0,3
19520,0.0,3
19520,1.0,14
19520,0.0,3
19536,0.0,5
19544,0.0,3
19552,0.0,5
19560,0.0,5
19560,0.0,5
19592,1.0,17
19592,2.0,21
19616,0.0,3
19616,0.0,3
19656,2.0,21
19656,0.0,5
19656,0.0,5
19680,0.0,3
19680,1.0,17
19704,2.0,21
19720,2.0,21
19720,0.0,5
19720,0.0,5
19728,2.0,21
19728,0.0,3
19728,2.0,21
19744,0.0,3
19752,0.0,3
19752,0.0,3
19768,0.0,5
19776,1.0,15
19784,0.0,5
19792,0.0,5
19816,0.0,5
19824,2.0,21
19840,1.0,15
19848,0.0,3
19880,0.0,5
19888,1.0,15
19888,0.0,5
19888,2.0,21
19888,1.0,17
19904,1.0,15
19912,1.0,15
19912,0.0,3
19912,0.0,3
19912,0.0,3
19952,0.0,5
19984,2.0,21
19992,1.0,14
20000,1.0,12
20008,0.0,3
20016,0.0,3
20040,1.0,16
20040,1.0,11
20064,0.0,3
20080,0.0,5
20096,1.0,12
20104,0.0,3
20112,1.0,12
20112,2.0,28
20120,0.0,3
20136,0.0,3
20136,2.0,28
20160,0.0,5
20160,1.0,12
20160,0.0,3
20184,0.0,3
20192,1.0,10
20200,1.0,12
20224,0.0,5
20224,0.0,3
20232,0.0,5
20232,1.0,12
20232,2.0,28
20240,1.0,10
20248,0.0,3
20256,0.0,3
20256,1.0,12
20264,0.0,3
20272,4.0,45
20280,0.0,3
20280,0.0,3
20288,0.0,5
20296,0.0,3
20304,0.0,3
20320,0.0,5
20320,0.0,3
20344,0.0,3
20344,0.0,5
20360,1.0,16
20392,2.0,21
20400,2.0,21
20400,0.0,5
20416,0.0,3
20424,0.0,3
20448,2.0,23
20456,2.0,21
20472,0.0,3
20480,0.0,3
20488,2.0,21
20496,0.0,3
20504,0.0,3
20512,2.0,21
20520,2.0,22
20528,0.0,5
20536,0.0,3
20544,1.0,16
20552,1.0,16
20560,0.0,3
20568,0.0,3
20568,2.0,21
20576,0.0,3
20592,1.0,12
20592,0.0,3
20600,1.0,12
20608,1.0,10
20616,0.0,3
20632,0.0,3
20656,1.0,12
20672,1.0,10
20672,0.0,5
20696,1.0,16
20696,0.0,3
20696,1.0,12
20696,0.0,5
20712,0.0,5
20712,1.0,12
20720,0.0,3
20720,0.0,3
20720,0.0,3
20744,0.0,3
20744,0.0,3
20744,0.0,3
20752,0.0,5
20840,3.0,40
20864,1.0,15
20864,0.0,3
20864,2.0,21
20880,2.0,21
20888,0.0,3
20896,3.0,40
20904,0.0,5
20904,0.0,3
20904,0.0,5
20920,0.0,3
20920,2.0,22
20920,2.0,22
20920,2.0,21
20928,0.0,3
20944,0.0,5
20944,0.0,3
20944,0.0,3
20944,0.0,3
20960,0.0,5
20968,0.0,5
20968,0.0,3
20984,0.0,3
20984,0.0,5
21000,0.0,4
21008,0.0,5
21008,0.0,3
21024,1.0,15
21032,0.0,3
21048,0.0,3
21064,2.0,22
21088,0.0,3
21088,0.0,5
21112,2.0,21
21120,2.0,22
21136,0.0,3
21144,0.0,3
21152,2.0,21
21176,0.0,5
21176,2.0,21
21176,0.0,3
21184,0.0,5
21184,2.0,23
21208,2.0,22
21216,0.0,5
21216,0.0,5
21216,0.0,5
21224,0.0,5
21248,0.0,5
21256,0.0,5
21256,0.0,5
21256,0.0,5
21256,2.0,21
21264,0.0,5
21272,2.0,23
21296,0.0,5
21296,0.0,5
21312,0.0,5
21336,0.0,5
21352,0.0,5
21368,2.0,23
21376,0.0,5
21384,1.0,15
21392,0.0,5
21392,1.0,17
21408,0.0,5
21416,0.0,5
21424,0.0,5
21432,2.0,23
21432,0.0,5
21440,2.0,23
21448,0.0,5
21456,0.0,5
21464,0.0,5
21472,0.0,5
21472,0.0,5
21480,0.0,5
21480,2.0,23
21488,0.0,5
21496,0.0,5
21512,0.0,5
21520,0.0,5
21520,0.0,5
21528,1.0,17
21536,0.0,5
21552,0.0,5
21560,0.0,5
21560,0.0,5
21568,0.0,5
21576,0.0,5
21592,0.0,5
21600,0.0,5
21608,1.0,17
21616,0.0,5
21632,0.0,5
21640,0.0,5
21648,0.0,5
21648,2.0,23
21656,0.0,5
21672,0.0,5
21680,0.0,5
21688,0.0,5
21696,0.0,5
21736,0.0,5
21744,2.0,23
21752,2.0,23
21768,0.0,3
21776,0.0,3
21808,1.0,15
21816,3.0,41
21816,0.0,5
21832,2.0,23
21832,0.0,3
21840,0.0,3
21848,2.0,21
21856,2.0,23
21872,0.0,5
21880,0.0,5
21896,0.0,5
21904,1.0,17
21904,2.0,21
21912,0.0,5
21920,0.0,5
21936,1.0,15
21936,0.0,5
21944,0.0,5
21944,0.0,5
21952,0.0,5
21960,0.0,5
21968,1.0,17
21976,0.0,5
21984,0.0,5
21984,0.0,5
21984,1.0,17
21992,0.0,5
22000,0.0,5
22016,0.0,5
22024,0.0,5
22024,0.0,5
22032,0.0,5
22040,0.0,5
22056,0.0,5
22064,0.0,5
22064,0.0,5
22072,1.0,17
22072,0.0,5
22080,0.0,5
22104,0.0,5
22104,1.0,17
22104,0.0,5
22112,0.0,5
22112,0.0,5
22120,1.0,17
22120,0.0,5
22144,0.0,5
22152,0.0,5
22152,0.0,5
22160,0.0,5
22160,0.0,5
22184,0.0,5
22192,0.0,5
22192,0.0,5
22200,0.0,5
22200,0.0,5
22224,0.0,5
22232,0.0,5
22240,0.0,5
22240,1.0,17
22240,2.0,23
22264,0.0,5
22280,0.0,5
22288,2.0,23
22288,0.0,3
22320,0.0,5
22328,0.0,5
22328,0.0,5
22328,1.0,12
22336,1.0,12
22352,0.0,3
22352,0.0,3
22360,0.0,3
22368,0.0,5
22376,0.0,3
22392,0.0,5
22400,0.0,5
22432,1.0,14
22456,0.0,3
22472,3.0,35
22504,1.0,14
22512,0.0,5
22520,3.0,40
22528,0.0,3
22536,2.0,21
22544,0.0,3
22560,0.0,3
22560,2.0,23
22568,2.0,21
22568,0.0,3
22584,0.0,3
22584,1.0,16
22584,0.0,3
22592,0.0,3
22600,4.0,45
22608,0.0,3
22608,0.0,3
22616,0.0,3
22624,0.0,5
22640,0.0,5
22640,1.0,16
22648,0.0,5
22648,0.0,5
22656,0.0,5
22656,1.0,16
22664,0.0,5
22680,0.0,5
22680,0.0,5
22688,0.0,5
22696,0.0,5
22696,0.0,5
22704,0.0,5
22720,0.0,5
22736,0.0,5
22736,0.0,5
22744,0.0,5
22744,2.0,22
22760,0.0,5
22776,0.0,5
22776,0.0,5
22784,0.0,5
22784,0.0,5
22784,1.0,17
22800,0.0,5
22816,0.0,5
22816,0.0,5
22824,0.0,5
22824,0.0,5
22824,0.0,5
22840,0.0,5
22856,0.0,5
22856,0.0,5
22864,0.0,5
22864,0.0,5
22864,2.0,23
22864,0.0,5
22872,2.0,23
22880,0.0,5
22896,0.0,5
22896,0.0,5
22904,0.0,5
22904,0.0,5
22904,0.0,5
22920,0.0,5
22936,0.0,5
22936,0.0,5
22944,0.0,5
22944,0.0,5
22944,0.0,5
22960,0.0,5
22976,0.0,5
22984,0.0,5
22984,0.0,5
22984,0.0,5
23000,0.0,5
23008,1.0,17
23016,0.0,5
23024,0.0,5
23024,0.0,5
23024,0.0,5
23048,2.0,23
23048,0.0,5
23056,0.0,5
23064,0.0,5
23064,0.0,5
23064,0.0,5
23088,0.0,5
23088,0.0,5
23104,0.0,5
23104,0.0,5
23104,0.0,5
23120,2.0,23
23128,0.0,5
23128,0.0,5
23144,0.0,5
23144,0.0,5
23160,0.0,5
23168,0.0,5
23184,0.0,5
23200,0.0,5
23208,0.0,5
23224,0.0,5
23240,0.0,5
23240,2.0,23
23264,0.0,5
23280,0.0,5
23280,0.0,5
23304,0.0,5
23312,2.0,23
23320,0.0,5
23320,0.0,5
23328,2.0,23
23328,3.0,41
23344,0.0,5
23352,0.0,5
23360,0.0,5
23368,0.0,5
23368,0.0,5
23384,0.0,5
23392,2.0,23
23392,0.0,5
23400,0.0,5
23416,0.0,3
23416,3.0,39
23432,0.0,5
23456,0.0,5
23456,0.0,5
23472,0.0,5
23488,1.0,15
23496,1.0,14
23504,2.0,23
23512,0.0,3
23520,0.0,3
23528,0.0,3
23536,2.0,21
23560,0.0,3
23568,0.0,5
23568,2.0,21
23576,1.0,15
23584,0.0,3
23592,0.0,3
23608,0.0,5
23616,0.0,5
23624,2.0,21
23624,0.0,5
23632,0.0,5
23640,2.0,21
23648,1.0,16
23664,0.0,3
23664,0.0,5
23672,0.0,3
23704,0.0,5
23712,0.0,5
23736,0.0,3
23744,1.0,14
23744,2.0,29
23752,1.0,16
23784,1.0,15
23784,0.0,5
23800,1.0,12
23824,0.0,5
23832,1.0,12
23840,1.0,12
23848,1.0,12
23864,1.0,10
23872,0.0,5
23896,1.0,12
23904,0.0,5
23920,1.0,12
23920,4.0,39
23928,4.0,39
23936,1.0,12
23944,1.0,12
23960,0.0,5
23968,1.0,12
23992,1.0,12
24000,1.0,12
24016,1.0,12
24024,1.0,12
24032,1.0,12
24040,1.0,12
24040,0.0,5
24056,1.0,12
24064,0.0,5
24064,1.0,12
24072,0.0,5
24080,0.0,5
24080,0.0,5
24088,1.0,12
24096,0.0,5
24104,0.0,5
24112,0.0,3
24112,1.0,12
24120,0.0,5
24120,0.0,5
24128,0.0,3
24136,0.0,3
24136,0.0,5
24144,0.0,3
24152,0.0,5
24160,1.0,12
24168,1.0,12
24176,0.0,5
24184,0.0,5
24192,0.0,3
24200,0.0,5
24216,0.0,5
24224,1.0,12
24224,0.0,5
24232,0.0,5
24240,0.0,3
24248,0.0,3
24280,0.0,5
24288,0.0,5
24288,2.0,21
24304,2.0,21
24312,1.0,14
24312,0.0,3
24312,0.0,3
24320,2.0,21
24328,0.0,3
24344,0.0,4
24344,0.0,3
24352,0.0,5
24352,0.0,5
24368,0.0,5
24384,0.0,5
24392,2.0,21
24400,2.0,21
24424,0.0,5
24432,0.0,5
24440,0.0,5
24448,2.0,21
24464,0.0,5
24472,1.0,15
24472,0.0,5
24480,0.0,5
24480,1.0,17
24488,0.0,5
24504,0.0,5
24504,1.0,17
24512,0.0,5
24512,0.0,5
24520,0.0,5
24520,0.0,5
24528,0.0,5
24544,0.0,5
24552,0.0,5
24552,0.0,5
24560,0.0,5
24560,0.0,5
24568,0.0,5
24584,0.0,5
24592,0.0,5
24600,0.0,5
24600,0.0,5
24608,0.0,5
24624,0.0,5
24632,0.0,5
24640,0.0,5
24640,0.0,5
24648,0.0,5
24664,0.0,5
24672,2.0,21
24672,0.0,5
24680,0.0,5
24680,3.0,41
24680,0.0,5
24688,0.0,5
24704,0.0,5
24712,0.0,5
24712,0.0,5
24720,0.0,5
24720,0.0,5
24728,0.0,5
24736,2.0,23
24752,0.0,5
24752,0.0,5
24768,0.0,5
24776,0.0,5
24792,0.0,5
24792,0.0,5
24808,0.0,5
24816,0.0,5
24832,0.0,5
24832,0.0,5
24848,0.0,5
24856,0.0,5
24872,0.0,5
24872,2.0,24
24872,0.0,5
24888,0.0,5
24888,2.0,23
24896,0.0,5
24904,2.0,23
24904,2.0,23
24912,0.0,5
24912,0.0,5
24912,0.0,5
24928,0.0,5
24928,0.0,5
24936,0.0,5
24944,0.0,5
24944,0.0,5
24952,0.0,5
24952,0.0,5
24952,0.0,5
24976,0.0,5
24984,0.0,5
24984,0.0,5
24992,0.0,5
24992,0.0,5
24992,0.0,5
25016,0.0,5
25024,0.0,5
25024,0.0,5
25032,0.0,5
25032,0.0,5
25032,0.0,5
25056,1.0,16
25064,0.0,5
25064,0.0,5
25064,1.0,17
25072,0.0,5
25072,0.0,5
25072,0.0,5
25096,0.0,5
25104,0.0,5
25104,0.0,5
25104,0.0,5
25112,0.0,5
25112,0.0,5
25136,0.0,5
25144,0.0,5
25144,0.0,5
25144,1.0,16
25144,0.0,5
25152,0.0,5
25176,0.0,5
25184,0.0,5
25184,0.0,5
25184,0.0,5
25192,0.0,5
25216,0.0,5
25224,0.0,5
25224,0.0,5
25224,0.0,5
25232,0.0,5
25256,2.0,23
25256,0.0,5
25264,0.0,5
25264,0.0,5
25264,0.0,5
25272,0.0,5
25296,0.0,5
25296,0.0,5
25296,2.0,23
25304,0.0,5
25304,0.0,5
25304,0.0,5
25344,0.0,5
25344,0.0,5
25368,1.0,12
25384,0.0,5
25384,0.0,5
25400,1.0,12
25408,0.0,5
25424,1.0,16
25424,0.0,5
25424,0.0,5
25432,1.0,17
25432,1.0,17
25440,0.0,5
25448,0.0,5
25448,0.0,3
25464,0.0,5
25464,0.0,5
25472,4.0,41
25472,0.0,5
25480,0.0,5
25488,0.0,5
25488,0.0,5
25504,0.0,5
25520,0.0,5
25528,0.0,5
25560,0.0,5
25568,1.0,12
25568,1.0,12
25568,0.0,5
25568,1.0,17
25584,1.0,12
25600,1.0,17
25656,1.0,12
25664,1.0,12
25664,1.0,12
25664,1.0,12
25680,1.0,12
25696,0.0,5
25696,1.0,12
25704,0.0,5
25736,0.0,5
25736,2.0,29
25736,0.0,5
25744,0.0,5
25760,2.0,24
25760,1.0,12
25776,1.0,12
25776,0.0,5
25776,0.0,5
25776,0.0,5
25784,0.0,5
25792,1.0,16
25800,0.0,5
25800,0.0,5
25816,0.0,5
25816,0.0,5
25816,0.0,5
25824,0.0,5
25832,0.0,5
25840,0.0,5
25840,0.0,5
25856,0.0,5
25856,0.0,5
25856,0.0,5
25864,0.0,5
25872,0.0,5
25880,0.0,5
25880,0.0,5
25896,0.0,5
25896,0.0,5
25896,0.0,5
25904,0.0,5
25912,0.0,5
25912,1.0,17
25920,0.0,5
25936,0.0,5
25936,0.0,5
25944,0.0,5
25952,0.0,5
25952,0.0,5
25960,0.0,5
25976,0.0,5
25976,0.0,5
25984,0.0,5
25992,0.0,5
25992,0.0,5
26008,1.0,16
26016,0.0,5
26024,1.0,16
26024,0.0,5
26032,0.0,5
26032,0.0,3
26032,0.0,5
26048,0.0,3
26056,0.0,5
26064,0.0,5
26088,1.0,16
26088,0.0,3
26112,0.0,3
26128,0.0,5
26152,0.0,5
26152,0.0,3
26160,2.0,23
26168,1.0,17
26184,0.0,3
26184,1.0,16
26192,0.0,5
26192,0.0,5
26200,2.0,21
26200,2.0,21
26224,0.0,5
26224,0.0,3
26224,0.0,3
26232,2.0,23
26256,0.0,3
26264,0.0,5
26264,1.0,12
26288,0.0,3
26304,1.0,14
26320,1.0,12
26328,0.0,5
26344,1.0,15
26352,1.0,12
26352,0.0,3
26360,0.0,5
26376,0.0,3
26376,0.0,3
26400,0.0,5
26416,0.0,5
26416,2.0,28
26416,0.0,5
26424,0.0,3
26424,1.0,15
26440,0.0,3
26456,0.0,5
26464,3.0,35
26464,0.0,5
26472,1.0,16
26480,0.0,3
26480,0.0,5
26488,0.0,3
26496,1.0,10
26512,0.0,5
26520,0.0,5
26520,0.0,5
26520,1.0,12
26528,0.0,5
26552,0.0,5
26560,0.0,5
26560,0.0,5
26568,0.0,5
26592,1.0,16
26608,0.0,5
26624,4.0,45
26632,0.0,5
26648,0.0,5
26664,0.0,5
26672,0.0,5
26680,2.0,23
26688,0.0,5
26704,0.0,5
26704,2.0,23
26720,0.0,5
26728,0.0,5
26736,2.0,23
26744,2.0,23
26744,0.0,5
26744,2.0,23
26760,0.0,5
26768,0.0,5
26776,0.0,5
26784,0.0,5
26784,0.0,5
26800,0.0,5
26808,0.0,5
26816,0.0,5
26824,0.0,5
26840,0.0,5
26848,0.0,5
26856,0.0,5
26856,2.0,23
26864,0.0,5
26872,1.0,16
26880,0.0,5
26888,2.0,23
26888,0.0,5
26904,0.0,5
26912,0.0,5
26920,0.0,5
26944,0.0,5
26952,1.0,12
26952,0.0,5
26960,0.0,5
26984,1.0,12
26984,1.0,12
26992,0.0,5
27032,0.0,5
27048,1.0,12
27056,1.0,12
27072,0.0,5
27080,1.0,12
27080,1.0,12
27088,0.0,5
27120,0.0,5
27128,0.0,5
27144,4.0,45
27152,1.0,12
27168,1.0,12
27176,1.0,12
27208,0.0,5
27216,4.0,45
27216,1.0,12
27240,1.0,12
27248,1.0,12
27280,0.0,5
27288,0.0,5
27304,4.0,45
27304,1.0,12
27312,1.0,12
27312,1.0,12
27328,0.0,3
27344,0.0,5
27352,0.0,5
27352,0.0,5
27368,0.0,3
27368,0.0,5
27376,1.0,12
27376,0.0,3
27384,1.0,12
27392,0.0,5
27400,0.0,3
27408,0.0,5
27416,0.0,5
27424,0.0,5
27432,0.0,5
27440,0.0,5
27480,1.0,14
27488,4.0,45
27504,0.0,3
27512,0.0,3
27520,1.0,14
27528,1.0,14
27536,4.0,45
27552,0.0,5
27560,0.0,5
27560,0.0,3
27568,0.0,5
27592,2.0,21
27600,2.0,21
27600,0.0,5
27608,2.0,21
27616,0.0,3
27624,0.0,3
27632,0.0,3
27640,1.0,17
27664,0.0,5
27664,0.0,3
27704,0.0,5
27720,2.0,21
27728,2.0,21
27736,2.0,21
27744,0.0,3
27752,0.0,3
27752,1.0,17
27760,0.0,3
27768,1.0,17
27768,2.0,21
27784,0.0,5
27784,1.0,15
27792,0.0,5
27792,0.0,5
27800,0.0,5
27808,0.0,5
27808,0.0,5
27824,0.0,5
27824,0.0,5
27832,0.0,5
27832,0.0,5
27840,0.0,5
27848,0.0,5
27864,0.0,5
27864,0.0,5
27872,0.0,5
27872,0.0,5
27872,2.0,21
27880,0.0,5
27888,0.0,5
27904,0.0,5
27904,0.0,5
27912,0.0,5
27912,0.0,5
27944,0.0,5
27944,0.0,5
27952,0.0,5
27952,0.0,5
27984,0.0,5
27992,2.0,23
28016,0.0,3
28024,0.0,5
28056,2.0,23
28072,2.0,23
28072,1.0,16
28080,1.0,16
28080,1.0,16
28112,0.0,5
28112,0.0,5
28112,1.0,12
28120,0.0,5
28152,1.0,16
28152,0.0,5
28152,0.0,5
28184,1.0,16
28192,0.0,5
28192,0.0,5
28192,0.0,5
28208,3.0,41
28208,1.0,16
28224,0.0,5
28232,0.0,5
28232,0.0,5
28248,1.0,16
28248,0.0,5
28248,0.0,5
28264,0.0,5
28272,0.0,5
28272,0.0,5
28280,2.0,21
28288,0.0,5
28288,0.0,5
28304,0.0,5
28312,0.0,5
28312,0.0,5
28328,0.0,5
28344,0.0,5
28352,0.0,5
28376,2.0,23
28384,1.0,17
28392,0.0,5
28416,0.0,5
28416,1.0,17
28424,0.0,5
28456,0.0,5
28456,0.0,5
28472,2.0,23
28496,0.0,5
28496,0.0,5
28496,0.0,3
28496,2.0,23
28512,2.0,23
28528,2.0,23
28536,0.0,5
28536,0.0,5
28536,0.0,5
28536,0.0,5
28552,0.0,3
28576,2.0,23
28576,0.0,5
28576,0.0,5
28576,0.0,5
28576,0.0,5
28592,0.0,5
28608,2.0,23
28616,0.0,5
28616,0.0,5
28616,0.0,5
28632,0.0,5
28632,0.0,3
28656,1.0,18
28656,0.0,5
28656,0.0,5
28672,0.0,5
28672,0.0,5
28696,0.0,5
28696,0.0,5
28696,0.0,5
28712,0.0,5
28736,0.0,5
28736,0.0,5
28736,0.0,5
28752,0.0,5
28760,2.0,23
28760,2.0,23
28776,0.0,5
28776,0.0,5
28792,0.0,5
28800,2.0,23
28800,0.0,5
28800,0.0,5
28808,1.0,17
28816,0.0,5
28840,0.0,5
28848,0.0,5
28904,1.0,16
28920,1.0,16
28936,1.0,17
28936,1.0,17
28944,1.0,16
28944,0.0,5
28960,0.0,5
28968,0.0,3
28976,1.0,17
28976,0.0,5
28976,1.0,16
28976,0.0,5
28984,0.0,5
29000,0.0,3
29000,0.0,3
29008,0.0,5
29024,0.0,5
29040,0.0,5
29040,0.0,5
29064,4.0,41
29064,0.0,3
29080,1.0,15
29088,0.0,3
29088,1.0,14
29104,0.0,3
29104,0.0,5
29112,0.0,3
29144,0.0,5
29144,0.0,5
29144,2.0,21
29152,0.0,5
29168,0.0,3
29192,2.0,21
29192,2.0,23
29208,2.0,21
29208,0.0,5
29216,0.0,3
29216,0.0,3
29224,1.0,17
29232,0.0,3
29256,0.0,3
29256,0.0,5
29264,0.0,5
29272,1.0,15
29296,0.0,5
29312,2.0,21
29312,0.0,5
29312,2.0,21
29328,1.0,15
29336,0.0,5
29352,1.0,17
29352,0.0,5
29352,0.0,5
29360,0.0,3
29368,0.0,5
29376,1.0,14
29376,0.0,3
29376,1.0,15
29384,0.0,3
29400,0.0,3
29400,0.0,3
29408,0.0,3
29416,0.0,5
29440,0.0,3
29440,0.0,5
29448,1.0,17
29464,0.0,3
29472,0.0,3
29472,1.0,15
29512,0.0,5
29520,1.0,14
29520,2.0,21
29528,1.0,16
29536,2.0,21
29544,0.0,3
29552,0.0,3
29552,0.0,5
29560,0.0,5
29560,0.0,3
29600,0.0,5
29608,1.0,17
29608,2.0,21
29632,0.0,3
29640,2.0,22
29648,0.0,5
29664,0.0,3
29672,0.0,5
29680,1.0,17
29704,0.0,5
29720,2.0,21
29720,0.0,5
29720,1.0,15
29728,2.0,21
29736,2.0,23
29744,0.0,3
29752,0.0,3
29760,0.0,3
29760,0.0,5
29784,0.0,5
29792,0.0,5
29792,1.0,15
29800,0.0,5
29816,2.0,21
29824,0.0,5
29832,0.0,5
29832,0.0,5
29840,0.0,5
29856,0.0,5
29864,0.0,5
29872,0.0,5
29872,2.0,21
29880,0.0,5
29888,2.0,21
29896,0.0,5
29904,0.0,5
29912,0.0,5
29912,0.0,5
29920,0.0,5
29928,2.0,21
29944,0.0,5
29952,0.0,5
29952,0.0,5
29960,0.0,5
29968,0.0,5
29984,0.0,5
30000,0.0,5
30016,2.0,23
30024,0.0,5
30024,1.0,17
30032,1.0,17
30040,0.0,5
30056,0.0,5
30064,0.0,5
30064,0.0,5
30072,0.0,5
30080,0.0,5
30088,1.0,17
30104,0.0,5
30104,0.0,5
30104,1.0,17
30112,0.0,5
30120,0.0,5
30128,0.0,5
30136,2.0,23
30144,0.0,5
30144,0.0,5
30144,0.0,5
30160,0.0,5
30168,0.0,5
30176,0.0,5
30184,0.0,5
30184,0.0,5
30184,0.0,5
30192,1.0,17
30208,0.0,5
30216,0.0,5
30224,0.0,5
30224,0.0,5
30224,0.0,5
30232,0.0,5
30248,0.0,5
30256,0.0,5
30264,0.0,5
30264,0.0,5
30272,0.0,5
30296,0.0,5
30296,2.0,23
30304,0.0,5
30312,0.0,5
30336,0.0,5
30336,0.0,5
30344,2.0,23
30344,0.0,5
30376,0.0,5
30384,0.0,5
30384,0.0,5
30408,2.0,23
30416,0.0,5
30424,0.0,5
30424,1.0,14
30432,2.0,23
30432,0.0,3
30432,2.0,21
30464,0.0,5
30472,0.0,5
30472,0.0,5
30472,0.0,5
30504,1.0,15
30504,0.0,5
30512,0.0,5
30520,2.0,23
30544,0.0,5
30544,0.0,5
30560,0.0,5
30584,0.0,5
30584,2.0,21
30584,0.0,5
30592,1.0,15
30592,2.0,21
30624,0.0,5
30632,0.0,5
30640,2.0,21
30680,2.0,21
30688,1.0,16
30712,1.0,16
30712,1.0,16
30720,1.0,16
30728,1.0,12
30752,1.0,16
30752,0.0,3
30752,0.0,5
30768,1.0,16
30784,1.0,12
30792,0.0,5
30808,0.0,3
30808,1.0,16
30808,1.0,12
30816,1.0,12
30832,0.0,3
30840,1.0,11
30848,0.0,5
30856,0.0,5
30864,1.0,12
30872,1.0,15
30872,0.0,5
30872,1.0,10
30888,0.0,5
30888,0.0,3
30888,1.0,10
30896,0.0,3
30896,0.0,3
30912,0.0,3
30928,0.0,5
30928,0.0,5
30936,0.0,5
30936,0.0,5
30952,0.0,5
30952,0.0,3
30952,0.0,3
30960,0.0,3
30960,0.0,3
30968,1.0,16
30992,0.0,5
31000,1.0,16
31000,0.0,5
31008,0.0,5
31024,2.0,21
31032,0.0,5
31040,0.0,5
31040,0.0,5
31064,0.0,5
31072,0.0,5
31088,0.0,3
31112,0.0,5
31120,2.0,21
31136,0.0,3
31144,0.0,3
31176,0.0,5
31192,2.0,23
31200,0.0,3
31208,2.0,21
31208,2.0,21
31216,0.0,3
31224,1.0,17
31232,0.0,3
31240,0.0,5
31240,3.0,36
31248,3.0,36
31248,0.0,5
31256,0.0,5
31264,0.0,5
31264,0.0,3
31272,0.0,3
31280,0.0,5
31296,0.0,5
31304,0.0,5
31312,0.0,5
31328,2.0,23
31336,0.0,3
31344,0.0,5
31352,0.0,3
31368,1.0,17
31376,1.0,16
31376,0.0,5
31392,1.0,14
31400,0.0,3
31408,0.0,5
31408,1.0,14
31416,0.0,5
31416,0.0,3
31432,0.0,3
31432,2.0,21
31456,0.0,3
31456,1.0,14
31480,0.0,3
31480,0.0,3
31488,1.0,17
31512,0.0,3
31520,1.0,14
31520,0.0,5
31528,1.0,16
31528,1.0,14
31544,0.0,3
31544,1.0,16
31552,0.0,3
31552,0.0,3
31560,1.0,16
31568,0.0,3
31576,0.0,3
31584,0.0,5
31584,0.0,3
31608,1.0,16
31616,0.0,5
31624,0.0,5
31632,1.0,15
31632,0.0,3
31648,1.0,16
31672,0.0,5
31672,0.0,3
31672,0.0,5
31688,1.0,17
31696,1.0,16
31712,0.0,5
31712,0.0,3
31712,0.0,5
31720,0.0,3
31736,1.0,14
31752,0.0,5
31760,2.0,22
31760,0.0,5
31760,0.0,3
31784,2.0,21
31800,0.0,5
31800,1.0,16
31808,0.0,3
31824,0.0,3
31824,1.0,14
31824,0.0,3
31824,1.0,14
31832,0.0,3
31848,0.0,3
31848,0.0,3
31848,0.0,3
31848,0.0,3
31864,0.0,4
31880,1.0,15
31888,1.0,16
31888,0.0,5
31904,0.0,5
31904,0.0,3
31912,0.0,3
31920,2.0,21
31944,0.0,3
31944,0.0,5
31968,0.0,3
31976,1.0,16
31976,1.0,16
32016,0.0,5
32016,0.0,5
32024,2.0,22
32040,1.0,16
32048,0.0,3
32056,1.0,14
32056,2.0,21
32064,0.0,3
32072,2.0,21
32080,0.0,3
32080,0.0,3
32088,0.0,5
32096,0.0,3
32104,1.0,17
32104,0.0,3
32120,0.0,3
32144,0.0,5
32160,0.0,5
32184,2.0,21
32184,0.0,5
32184,2.0,21
32192,1.0,16
32200,0.0,5
32208,0.0,3
32208,1.0,16
32208,0.0,3
32232,0.0,5
32240,0.0,5
32248,0.0,5
32248,0.0,5
32248,0.0,5
32256,2.0,21
32272,0.0,5
32280,0.0,5
32288,0.0,5
32288,2.0,23
32288,0.0,5
32288,0.0,5
32312,0.0,5
32320,0.0,5
32328,0.0,5
32328,0.0,5
32328,0.0,5
32328,0.0,5
32344,0.0,3
32352,0.0,5
32352,2.0,21
32368,0.0,5
32368,0.0,5
32368,0.0,5
32368,0.0,5
32384,0.0,5
32392,1.0,17
32392,0.0,5
32408,0.0,5
32408,0.0,5
32424,0.0,5
32432,0.0,5
32448,0.0,5
32472,0.0,5
32488,0.0,5
32512,0.0,5
32528,0.0,5
32528,1.0,17
32536,2.0,23
32552,0.0,5
32552,2.0,23
32552,2.0,23
32568,0.0,5
32568,0.0,5
32576,0.0,5
32592,0.0,5
32592,0.0,5
32592,2.0,23
32608,2.0,23
32664,1.0,12
32672,1.0,12
32688,1.0,12
32688,1.0,12
32688,1.0,12
32704,1.0,12
32712,0.0,5
32760,1.0,12
32768,1.0,10
32784,1.0,12
32784,1.0,12
32800,1.0,12
32808,0.0,5
32808,1.0,12
32840,0.0,5
32848,0.0,5
32856,1.0,12
32880,1.0,12
32880,1.0,12
32904,1.0,12
32912,4.0,45
32920,0.0,5
32920,0.0,5
32928,4.0,45
32928,0.0,3
32936,1.0,12
32944,1.0,12
32960,0.0,5
32960,0.0,5
32960,1.0,13
32976,0.0,5
32984,0.0,5
33000,0.0,5
33008,1.0,12
33024,1.0,12
33024,1.0,12
33040,1.0,10
33048,0.0,5
33064,1.0,10
33072,1.0,12
33080,0.0,5
33104,0.0,5
33120,1.0,12
33144,1.0,12
33168,1.0,12
33176,1.0,12
33200,1.0,12
33216,1.0,12
33240,1.0,12
33256,0.0,5
33264,1.0,12
33280,3.0,40
33296,1.0,12
33296,0.0,5
33336,0.0,5
33336,1.0,12
33360,4.0,45
33360,1.0,12
33376,0.0,5
33376,1.0,12
33376,0.0,5
33384,4.0,45
33392,1.0,12
33400,0.0,5
33416,0.0,5
33416,0.0,5
33456,1.0,12
33472,1.0,12
33480,1.0,12
33496,1.0,12
33512,1.0,12
33512,1.0,12
33528,1.0,17
33536,0.0,5
33536,4.0,45
33552,0.0,5
33552,1.0,12
33568,1.0,12
33576,0.0,5
33576,1.0,12
33576,0.0,5
33592,0.0,5
33592,0.0,5
33608,0.0,5
33608,1.0,12
33616,0.0,5
33616,0.0,5
33624,1.0,12
33632,0.0,5
33632,0.0,5
33648,0.0,5
33648,0.0,5
33656,0.0,5
33656,0.0,5
33664,0.0,5
33672,0.0,5
33672,0.0,5
33688,0.0,5
33688,0.0,5
33696,0.0,3
33696,0.0,5
33696,0.0,3
33696,0.0,5
33704,0.0,5
33704,1.0,16
33712,0.0,3
33720,0.0,3
33720,0.0,3
33728,0.0,3
33728,0.0,5
33736,0.0,5
33744,0.0,5
33760,0.0,5
33768,0.0,5
33840,1.0,14
33848,1.0,14
33848,1.0,16
33864,0.0,3
33872,0.0,3
33888,0.0,5
33904,0.0,5
33912,0.0,5
33912,2.0,21
33928,2.0,21
33936,2.0,21
33952,0.0,5
33976,0.0,5
34016,3.0,40
34016,0.0,5
34024,1.0,12
34024,1.0,15
34040,4.0,41
34056,2.0,21
34056,0.0,5
34056,0.0,5
34064,0.0,5
34072,1.0,15
34080,2.0,21
34080,0.0,5
34096,0.0,5
34096,0.0,5
34096,0.0,5
34112,0.0,5
34120,0.0,5
34120,0.0,5
34136,0.0,5
34152,0.0,5
34160,0.0,5
34176,0.0,5
34192,0.0,5
34200,0.0,5
34216,0.0,5
34224,1.0,16
34232,1.0,17
34232,0.0,5
34240,0.0,5
34248,2.0,23
34256,0.0,5
34264,0.0,5
34272,0.0,5
34280,0.0,5
34288,0.0,5
34304,0.0,5
34304,2.0,23
34312,0.0,5
34312,3.0,36
34320,0.0,5
34328,0.0,5
34344,0.0,5
34352,0.0,5
34352,0.0,5
34360,0.0,5
34368,1.0,17
34368,0.0,5
34384,0.0,5
34384,1.0,16
34392,0.0,5
34400,0.0,5
34408,0.0,5
34408,0.0,5
34424,0.0,5
34424,0.0,5
34432,0.0,5
34440,0.0,5
34440,1.0,17
34448,0.0,5
34448,0.0,5
34464,0.0,5
34464,0.0,5
34472,0.0,5
34480,0.0,5
34480,0.0,5
34480,1.0,16
34488,0.0,5
34504,0.0,5
34504,0.0,5
34520,0.0,5
34520,0.0,5
34528,0.0,5
34544,0.0,5
34544,0.0,5
34560,0.0,5
34560,0.0,5
34568,0.0,5
34576,1.0,16
34584,0.0,5
34584,0.0,5
34600,0.0,5
34600,0.0,5
34600,1.0,16
34608,1.0,16
34608,0.0,5
34616,0.0,5
34624,0.0,5
34624,0.0,5
34640,0.0,5
34640,0.0,5
34648,0.0,5
34648,0.0,5
34656,0.0,5
34664,0.0,5
34680,0.0,5
34688,0.0,5
34688,0.0,5
34696,0.0,5
34704,0.0,5
34720,0.0,5
34728,0.0,5
34728,1.0,16
34744,0.0,5
34752,1.0,16
34760,0.0,5
34768,0.0,5
34768,1.0,16
34768,0.0,5
34784,0.0,5
34792,0.0,5
34800,0.0,5
34808,0.0,5
34816,1.0,16
34824,1.0,16
34848,0.0,5
34856,0.0,5
34864,1.0,12
34880,1.0,12
34888,1.0,12
34888,0.0,5
34896,1.0,16
34896,0.0,5
34896,1.0,12
34904,0.0,5
34920,1.0,12
34920,0.0,5
34928,0.0,5
34928,0.0,5
34928,0.0,3
34936,0.0,5
34936,0.0,5
34960,0.0,5
34968,0.0,5
34968,0.0,5
34976,0.0,5
34976,0.0,5
34984,0.0,3
35008,0.0,5
35008,0.0,5
35016,0.0,5
35016,0.0,5
35024,1.0,16
35024,0.0,5
35024,1.0,12
35048,0.0,5
35048,1.0,16
35048,0.0,5
35056,0.0,5
35064,0.0,5
35064,0.0,5
35064,0.0,5
35088,0.0,5
35088,0.0,5
35096,0.0,5
35104,0.0,5
35104,0.0,5
35104,0.0,5
35128,0.0,5
35128,0.0,5
35136,0.0,5
35144,0.0,5
35144,0.0,5
35168,0.0,5
35168,0.0,5
35176,0.0,5
35184,0.0,5
35184,1.0,17
35200,1.0,12
35208,0.0,5
35216,0.0,5
35224,0.0,5
35240,0.0,3
35240,0.0,5
35248,0.0,5
35264,0.0,5
35280,0.0,5
35280,0.0,5
35288,0.0,5
35304,0.0,5
35320,0.0,5
35320,1.0,17
35320,0.0,5
35328,0.0,5
35344,0.0,5
35352,4.0,42
35360,0.0,5
35360,0.0,5
35360,0.0,5
35368,0.0,5
35384,0.0,5
35400,0.0,5
35400,0.0,5
35400,0.0,5
35408,0.0,5
35424,0.0,5
35440,0.0,5
35440,0.0,5
35448,0.0,5
35464,0.0,5
35472,4.0,41
35480,0.0,5
35480,0.0,5
35488,0.0,5
35488,1.0,17
35496,4.0,41
35520,0.0,5
35520,0.0,5
35536,1.0,17
35560,0.0,5
35560,1.0,12
35568,1.0,12
35576,0.0,5
35592,1.0,12
35600,0.0,5
35600,0.0,5
35608,0.0,5
35624,1.0,17
35632,0.0,5
35664,0.0,5
35672,0.0,5
35672,1.0,12
35680,2.0,24
35696,1.0,12
35696,1.0,12
35704,1.0,12
35704,0.0,5
35712,0.0,5
35712,0.0,5
35720,0.0,5
35736,0.0,5
35744,0.0,5
35752,0.0,5
35752,0.0,5
35760,0.0,5
35776,0.0,5
35784,0.0,5
35792,0.0,5
35792,0.0,5
35800,0.0,5
35816,0.0,5
35824,0.0,5
35832,0.0,5
35840,1.0,17
35840,0.0,5
35856,3.0,42
35856,0.0,5
35856,0.0,3
35864,0.0,5
35880,0.0,5
35888,2.0,24
35896,0.0,5
35896,0.0,5
35896,0.0,5
35936,0.0,5
35936,1.0,12
35960,2.0,21
35976,0.0,5
35992,1.0,12
36000,0.0,5
36008,1.0,16
36016,0.0,3
36024,1.0,16
36024,1.0,17
36032,0.0,3
36040,0.0,3
36048,0.0,3
36048,0.0,3
36048,2.0,23
36056,0.0,3
36072,0.0,3
36096,0.0,5
36120,2.0,23
36136,0.0,5
36144,2.0,21
36168,2.0,21
36168,1.0,15
36184,0.0,5
36192,0.0,3
36208,0.0,5
36216,1.0,12
36216,2.0,22
36224,0.0,5
36232,1.0,12
36232,0.0,5
36240,0.0,3
36248,2.0,22
36256,0.0,3
36256,0.0,5
36264,0.0,5
36272,0.0,5
36280,0.0,5
36296,0.0,5
36304,1.0,12
36320,0.0,3
36344,0.0,5
36368,1.0,12
36376,1.0,16
36376,3.0,41
36392,0.0,3
36392,1.0,16
36416,0.0,5
36416,1.0,12
36448,2.0,24
36456,2.0,22
36472,1.0,16
36472,1.0,12
36488,1.0,12
36488,1.0,12
36512,1.0,12
36512,0.0,5
36512,0.0,5
36528,0.0,5
36544,1.0,12
36544,1.0,16
36552,0.0,5
36552,0.0,5
36552,1.0,12
36584,0.0,5
36592,0.0,5
36616,1.0,16
36624,1.0,12
36648,1.0,12
36680,1.0,12
36704,2.0,24
36712,1.0,12
36720,1.0,12
36744,1.0,12
36752,0.0,5
36776,1.0,12
36800,1.0,12
36816,1.0,12
36840,1.0,12
36840,0.0,5
36872,1.0,12
36880,0.0,5
36880,0.0,5
36904,4.0,45
36912,4.0,45
36920,0.0,5
36920,1.0,13
36920,0.0,5
36944,0.0,5
36952,4.0,45
36960,0.0,5
36976,1.0,13
37008,1.0,12
37016,0.0,5
37016,1.0,12
37016,1.0,12
37040,1.0,12
37048,1.0,12
37048,0.0,5
37056,0.0,5
37056,1.0,12
37056,0.0,5
37088,0.0,5
37096,0.0,5
37112,1.0,12
37112,4.0,45
37128,0.0,5
37144,1.0,12
37152,1.0,12
37152,0.0,5
37152,1.0,12
37152,0.0,5
37168,0.0,5
37192,1.0,12
37232,0.0,5
37240,1.0,12
37248,1.0,12
37248,1.0,12
37248,1.0,12
37248,1.0,12
37264,1.0,12
37280,2.0,30
37288,0.0,5
37304,0.0,5
37328,0.0,5
37328,1.0,12
37344,1.0,13
37344,1.0,12
37344,0.0,5
37352,1.0,13
37376,1.0,12
37384,0.0,5
37384,0.0,5
37384,1.0,17
37392,0.0,5
37416,0.0,5
37424,1.0,12
37424,0.0,5
37424,0.0,5
37424,1.0,12
37432,0.0,5
37464,0.0,5
37464,0.0,5
37464,0.0,5
37472,1.0,16
37472,0.0,5
37480,1.0,12
37504,0.0,5
37504,0.0,5
37504,0.0,5
37512,0.0,5
37512,1.0,12
37512,0.0,5
37520,0.0,5
37544,0.0,5
37544,0.0,5
37544,0.0,5
37552,0.0,5
37552,1.0,16
37552,0.0,5
37560,0.0,5
37584,0.0,5
37584,0.0,5
37584,0.0,5
37592,0.0,5
37592,0.0,5
37592,0.0,5
37600,0.0,5
37608,1.0,12
37624,0.0,5
37624,0.0,5
37624,0.0,5
37632,0.0,5
37632,0.0,5
37632,0.0,5
37640,0.0,5
37664,0.0,5
37672,0.0,5
37672,0.0,5
37680,0.0,5
37704,0.0,5
37712,0.0,5
37712,0.0,5
37720,0.0,5
37736,1.0,16
37744,0.0,5
37752,0.0,5
37752,1.0,16
37752,0.0,5
37752,1.0,16
37760,1.0,16
37760,0.0,5
37760,0.0,3
37776,0.0,3
37784,0.0,3
37784,0.0,4
37784,0.0,5
37792,0.0,5
37792,0.0,5
37800,0.0,5
37824,0.0,5
37824,0.0,5
37832,0.0,5
37832,0.0,5
37840,0.0,5
37864,0.0,5
37864,0.0,3
37864,0.0,5
37872,0.0,5
37888,0.0,3
37888,1.0,16
37904,0.0,5
37904,1.0,16
37912,1.0,16
37912,0.0,3
37928,0.0,3
37936,0.0,3
37944,0.0,5
37952,0.0,5
37952,0.0,3
37960,1.0,16
37976,0.0,5
37976,1.0,14
37984,0.0,3
37984,0.0,5
37984,1.0,14
37992,0.0,5
38000,1.0,14
38008,0.0,3
38016,0.0,5
38016,0.0,5
38024,0.0,5
38024,0.0,5
38032,0.0,5
38040,0.0,5
38048,0.0,5
38056,0.0,5
38056,0.0,5
38064,0.0,5
38064,0.0,5
38072,0.0,5
38080,0.0,5
38080,1.0,16
38088,0.0,5
38096,0.0,3
38104,0.0,5
38104,0.0,5
38120,0.0,5
38120,0.0,5
38128,0.0,5
38136,0.0,5
38144,0.0,5
38144,0.0,3
38160,1.0,13
38160,0.0,5
38168,0.0,5
38176,0.0,5
38184,1.0,16
38184,0.0,5
38184,0.0,5
38200,0.0,5
38200,0.0,5
38208,0.0,3
38208,0.0,5
38224,0.0,5
38224,0.0,5
38232,1.0,16
38240,0.0,5
38240,0.0,5
38248,0.0,5
38248,0.0,5
38264,0.0,5
38264,0.0,5
38272,0.0,5
38272,1.0,12
38280,0.0,5
38280,0.0,5
38288,0.0,5
38288,0.0,5
38304,0.0,5
38304,0.0,5
38312,0.0,5
38312,0.0,5
38320,0.0,5
38320,0.0,5
38328,0.0,5
38344,0.0,5
38344,0.0,5
38352,0.0,5
38352,0.0,5
38360,0.0,5
38360,0.0,5
38368,0.0,5
38384,0.0,5
38384,0.0,5
38392,0.0,5
38392,0.0,5
38400,0.0,5
38400,0.0,5
38408,0.0,5
38416,1.0,16
38424,0.0,5
38424,0.0,5
38432,0.0,5
38432,0.0,5
38440,0.0,3
38440,0.0,5
38440,0.0,5
38448,0.0,5
38464,0.0,5
38464,0.0,5
38464,0.0,3
38472,0.0,5
38472,0.0,5
38480,0.0,5
38480,0.0,5
38488,0.0,5
38504,0.0,5
38504,0.0,5
38512,0.0,5
38520,0.0,5
38544,0.0,5
38544,0.0,5
38552,0.0,5
38560,0.0,5
38568,1.0,12
38576,1.0,12
38584,0.0,5
38592,0.0,5
38624,0.0,5
38632,0.0,5
38648,2.0,23
38656,0.0,3
38656,1.0,12
38664,0.0,5
38688,0.0,5
38696,0.0,5
38696,0.0,5
38704,0.0,5
38712,1.0,17
38728,0.0,5
38736,0.0,5
38736,0.0,5
38744,0.0,5
38752,0.0,5
38768,0.0,5
38776,0.0,5
38776,0.0,5
38784,0.0,5
38792,0.0,5
38808,0.0,5
38816,0.0,5
38816,4.0,41
38816,0.0,5
38824,0.0,5
38832,0.0,5
38848,0.0,5
38856,0.0,5
38856,0.0,5
38856,0.0,5
38864,0.0,5
38872,4.0,41
38888,0.0,5
38896,0.0,5
38896,0.0,5
38896,4.0,41
38896,0.0,5
38904,0.0,5
38912,0.0,5
38928,0.0,5
38928,1.0,12
38936,0.0,5
38936,0.0,5
38936,0.0,5
38936,0.0,5
38944,0.0,5
38952,0.0,3
38952,0.0,5
38968,0.0,5
38976,0.0,5
38976,0.0,5
38976,0.0,5
38976,0.0,5
38984,0.0,5
38992,0.0,5
38992,0.0,5
39016,0.0,5
39016,0.0,5
39016,0.0,5
39016,0.0,5
39024,0.0,5
39056,0.0,5
39056,0.0,5
39056,0.0,5
39056,0.0,5
39064,0.0,5
39096,1.0,16
39096,0.0,5
39096,0.0,5
39096,0.0,5
39096,0.0,5
39104,0.0,5
39120,1.0,16
39128,1.0,17
39136,0.0,5
39136,0.0,5
39136,0.0,5
39136,0.0,5
39144,0.0,5
39160,0.0,5
39168,0.0,5
39176,0.0,5
39176,0.0,5
39184,0.0,5
39200,0.0,5
39208,0.0,5
39216,0.0,5
39216,0.0,5
39224,1.0,16
39224,0.0,5
39240,0.0,5
39248,0.0,5
39256,0.0,5
39256,0.0,5
39264,0.0,5
39264,1.0,16
39264,0.0,5
39264,1.0,16
39280,0.0,5
39288,0.0,5
39288,0.0,3
39296,0.0,5
39296,0.0,5
39304,0.0,5
39304,0.0,5
39304,0.0,5
39320,0.0,5
39328,0.0,5
39336,0.0,5
39336,0.0,5
39344,0.0,5
39344,0.0,5
39344,0.0,5
39360,0.0,5
39368,0.0,5
39376,0.0,5
39384,0.0,5
39400,0.0,5
39408,0.0,5
39416,0.0,5
39424,0.0,5
39424,1.0,17
39432,1.0,12
39440,1.0,12
39440,0.0,5
39440,1.0,12
39448,0.0,5
39456,0.0,5
39464,0.0,5
39464,0.0,5
39472,0.0,5
39480,0.0,5
39480,0.0,5
39480,0.0,5
39496,0.0,5
39504,0.0,5
39504,0.0,5
39512,0.0,5
39520,0.0,5
39520,0.0,5
39520,0.0,5
39536,0.0,5
39544,0.0,5
39544,0.0,5
39552,0.0,5
39560,0.0,5
39560,0.0,5
39560,0.0,5
39560,1.0,14
39576,0.0,5
39584,0.0,3
39592,0.0,5
39600,0.0,5
39600,0.0,5
39600,0.0,5
39616,0.0,5
39624,0.0,5
39632,0.0,5
39656,0.0,5
39672,0.0,5
39712,0.0,5
39728,2.0,23
39728,2.0,23
39752,0.0,3
39768,2.0,21
39768,2.0,21
39768,0.0,5
39784,2.0,23
39792,2.0,21
39792,0.0,5
39808,0.0,5
39808,0.0,5
39824,2.0,21
39824,0.0,5
39832,0.0,3
39832,0.0,5
39864,0.0,5
39872,0.0,5
39880,2.0,21
39888,1.0,15
39904,0.0,5
39920,0.0,5
39928,0.0,5
39944,1.0,15
39960,2.0,21
39960,0.0,5
39976,2.0,21
39984,0.0,5
40000,0.0,5
40000,0.0,5
40016,2.0,23
40016,0.0,5
40040,2.0,21
40040,0.0,5
40056,0.0,5
40056,0.0,5
40072,2.0,21
40080,0.0,5
40096,0.0,5
40096,2.0,21
40112,0.0,5
40120,0.0,5
40120,1.0,17
40136,0.0,5
40136,1.0,12
40136,0.0,5
40152,1.0,12
40160,0.0,5
40176,0.0,5
40184,2.0,23
40208,1.0,12
40216,1.0,12
40232,1.0,12
40248,0.0,5
40264,1.0,16
40280,1.0,12
40288,1.0,17
40288,1.0,16
40288,0.0,5
40304,1.0,16
40320,0.0,5
40328,0.0,5
40328,0.0,5
40344,1.0,16
40344,0.0,5
40360,1.0,16
40368,0.0,5
40368,0.0,5
40384,1.0,12
40384,0.0,5
40384,0.0,5
40400,1.0,17
40416,1.0,12
40424,0.0,5
40440,0.0,5
40456,0.0,5
40464,1.0,12
40480,1.0,12
40480,1.0,12
40496,0.0,5
40504,1.0,17
40520,1.0,12
40520,0.0,5
40536,1.0,12
40544,0.0,3
40552,2.0,24
40560,1.0,12
40560,0.0,5
40576,0.0,5
40576,1.0,12
40584,0.0,5
40592,0.0,5
40592,1.0,12
40600,1.0,12
40600,0.0,3
40616,0.0,5
40624,0.0,5
40632,0.0,5
40632,0.0,5
40640,0.0,5
40640,0.0,5
40656,0.0,5
40664,0.0,5
40672,0.0,5
40672,0.0,5
40680,0.0,5
40680,0.0,5
40688,1.0,16
40696,0.0,5
40704,0.0,5
40712,0.0,5
40712,0.0,5
40720,0.0,5
40720,0.0,5
40728,0.0,5
40736,0.0,5
40744,0.0,5
40752,0.0,5
40752,0.0,5
40760,0.0,5
40760,0.0,5
40768,0.0,5
40776,0.0,5
40784,0.0,5
40792,0.0,5
40792,0.0,5
40800,0.0,5
40808,0.0,5
40816,0.0,5
40824,0.0,5
40832,0.0,5
40832,0.0,5
40840,0.0,5
40848,0.0,5
40856,1.0,12
40888,4.0,41
40888,0.0,5
40896,0.0,5
40912,1.0,12
40920,1.0,12
40928,0.0,5
40928,1.0,12
40928,1.0,12
40936,1.0,12
40944,0.0,3
40984,0.0,5
40984,1.0,12
40992,1.0,12
41008,1.0,10
41024,1.0,12
41032,0.0,3
41032,1.0,15
41048,1.0,15
41048,0.0,3
41056,1.0,15
41064,1.0,10
41072,0.0,3
41072,0.0,5
41072,1.0,10
41080,0.0,3
41088,0.0,3
41096,0.0,3
41120,0.0,5
41128,1.0,12
41128,0.0,5
41136,0.0,5
41144,1.0,12
41152,1.0,10
41160,0.0,5
41168,1.0,12
41168,0.0,5
41168,0.0,3
41176,2.0,24
41176,0.0,5
41184,0.0,3
41192,0.0,5
41200,0.0,3
41208,0.0,5
41208,0.0,3
41216,0.0,5
41224,0.0,3
41232,0.0,3
41256,0.0,5
41264,1.0,12
41264,0.0,5
41280,1.0,14
41296,0.0,5
41304,1.0,14
41304,0.0,5
41320,1.0,14
41320,0.0,5
41328,0.0,3
41344,1.0,14
41360,0.0,5
41360,0.0,5
41376,1.0,14
41384,0.0,5
41400,0.0,5
41400,0.0,5
41416,0.0,5
41424,1.0,16
41432,1.0,16
41440,0.0,5
41440,0.0,5
41456,1.0,16
41464,0.0,5
41472,0.0,5
41480,0.0,5
41480,0.0,5
41488,4.0,45
41504,0.0,5
41512,1.0,16
41512,0.0,5
41520,0.0,5
41528,0.0,5
41528,1.0,14
41544,0.0,5
41552,0.0,5
41552,0.0,5
41568,0.0,5
41568,0.0,5
41576,0.0,3
41584,0.0,5
41592,1.0,14
41592,1.0,17
41592,0.0,5
41608,0.0,5
41608,0.0,5
41616,0.0,5
41624,0.0,5
41632,0.0,5
41632,0.0,5
41648,1.0,16
41648,0.0,5
41648,0.0,5
41656,0.0,5
41664,0.0,5
41672,0.0,5
41672,0.0,5
41680,0.0,3
41688,0.0,5
41688,0.0,3
41688,0.0,5
41704,1.0,14
41712,0.0,5
41720,0.0,5
41744,0.0,5
41752,0.0,5
41760,0.0,5
41776,1.0,16
41800,0.0,5
41800,1.0,16
41824,1.0,17
41840,1.0,12
41848,1.0,12
41872,1.0,12
41880,2.0,24
41888,2.0,25
41896,1.0,12
41920,0.0,5
41936,1.0,12
41944,1.0,12
41968,1.0,12
41984,1.0,12
41992,1.0,12
42008,0.0,5
42016,1.0,12
42032,0.0,5
42040,1.0,12
42048,0.0,5
42056,0.0,5
42072,0.0,5
42080,0.0,5
42080,1.0,12
42088,0.0,5
42096,0.0,5
42112,0.0,5
42120,0.0,5
42120,0.0,5
42128,0.0,5
42136,0.0,5
42152,0.0,5
42160,0.0,5
42160,4.0,45
42168,0.0,5
42176,0.0,5
42184,4.0,45
42192,0.0,5
42200,0.0,5
42200,0.0,5
42208,0.0,5
42216,1.0,12
42216,0.0,5
42224,0.0,5
42232,0.0,5
42240,0.0,5
42240,0.0,5
42248,0.0,5
42256,0.0,5
42256,0.0,5
42264,0.0,5
42280,0.0,5
42280,0.0,5
42288,0.0,5
42296,4.0,45
42296,0.0,5
42296,0.0,5
42304,0.0,5
42328,0.0,5
42336,0.0,5
42336,0.0,5
42336,0.0,5
42376,1.0,12
42376,0.0,5
42400,1.0,12
42408,1.0,16
42416,0.0,5
42424,1.0,12
42432,1.0,12
42432,1.0,12
42440,0.0,5
42472,1.0,12
42480,0.0,5
42488,3.0,32
42504,1.0,12
42512,1.0,12
42520,1.0,12
42528,0.0,5
42528,1.0,12
42528,1.0,12
42552,0.0,5
42568,0.0,5
42568,1.0,12
42568,0.0,5
42576,1.0,12
42600,0.0,3
42608,0.0,5
42616,1.0,12
42624,1.0,12
42632,1.0,16
42648,1.0,12
42656,0.0,5
42664,0.0,5
42664,1.0,12
42664,1.0,12
42672,0.0,5
42688,0.0,5
42688,0.0,3
42696,0.0,5
42704,0.0,5
42704,1.0,12
42728,1.0,16
42728,0.0,5
42736,0.0,5
42768,0.0,5
42776,0.0,5
42808,0.0,5
42816,1.0,14
42816,0.0,5
42824,1.0,12
42856,0.0,5
42856,0.0,5
42864,0.0,5
42872,2.0,23
42888,0.0,3
42896,0.0,5
42896,0.0,5
42912,0.0,5
42912,0.0,3
42936,0.0,3
42960,0.0,3
42984,0.0,3
42992,4.0,41
43000,4.0,41
43008,1.0,14
43016,1.0,15
43024,0.0,5
43024,1.0,14
43032,4.0,41
43040,0.0,5
43048,0.0,5
43056,0.0,5
43056,0.0,3
43064,0.0,3
43088,0.0,3
43096,0.0,5
43112,0.0,3
43120,4.0,39
43120,1.0,16
43120,1.0,12
43136,1.0,14
43136,0.0,5
43152,0.0,5
43160,0.0,3
43160,0.0,5
43168,1.0,14
43168,1.0,15
43200,0.0,5
43200,0.0,5
43208,0.0,5
43208,0.0,5
43240,0.0,5
43240,0.0,5
43248,0.0,5
43248,1.0,16
43256,1.0,17
43264,1.0,14
43264,1.0,16
43320,1.0,14
43344,1.0,12
43344,1.0,12
43352,1.0,12
43360,1.0,12
43416,1.0,12
43440,1.0,12
43456,1.0,12
43472,1.0,16
43480,1.0,16
43480,0.0,5
43496,0.0,5
43512,0.0,5
43512,1.0,12
43520,0.0,5
43520,0.0,5
43536,0.0,5
43552,0.0,5
43552,0.0,5
43560,0.0,5
43560,0.0,5
43568,3.0,41
43576,0.0,5
43592,3.0,41
43592,0.0,5
43600,0.0,5
43600,4.0,45
43600,0.0,5
43632,0.0,5
43640,0.0,5
43640,0.0,5
43640,0.0,5
43664,0.0,3
43672,0.0,5
43680,0.0,5
43680,0.0,5
43688,1.0,17
43696,1.0,16
43704,1.0,16
43704,0.0,5
43704,1.0,14
43712,0.0,5
43720,0.0,5
43728,0.0,5
43736,0.0,5
43744,0.0,5
43744,0.0,5
43752,0.0,5
43760,0.0,5
43768,0.0,5
43776,0.0,5
43784,0.0,5
43784,0.0,5
43800,0.0,5
43808,0.0,5
43808,1.0,16
43816,0.0,5
43824,0.0,5
43840,0.0,5
43848,0.0,5
43864,0.0,5
43880,0.0,5
43888,0.0,5
43888,2.0,23
43904,0.0,5
43912,0.0,3
43920,0.0,5
43936,2.0,23
43936,1.0,16
43952,1.0,17
43968,2.0,23
44000,1.0,14
44008,1.0,12
44040,0.0,5
44072,1.0,17
44080,0.0,5
44080,1.0,16
44096,1.0,16
44104,1.0,12
44112,0.0,5
44120,0.0,5
44120,0.0,5
44136,0.0,5
44136,2.0,29
44144,0.0,5
44152,0.0,5
44160,0.0,5
44176,0.0,5
44176,0.0,5
44192,0.0,5
44200,0.0,5
44216,0.0,5
44232,0.0,5
44256,0.0,5
44264,3.0,41
44272,1.0,16
44280,4.0,45
44296,0.0,5
44304,2.0,23
44304,0.0,5
44312,0.0,5
44312,1.0,17
44328,0.0,3
44344,1.0,14
44368,0.0,5
44376,1.0,12
44408,1.0,14
44424,1.0,15
44432,2.0,29
44440,1.0,12
44448,0.0,3
44456,1.0,10
44472,0.0,5
44480,1.0,14
44496,0.0,5
44496,0.0,3
44504,2.0,24
44520,0.0,3
44528,1.0,15
44528,0.0,3
44536,1.0,12
44560,0.0,3
44568,0.0,5
44568,1.0,11
44576,1.0,10
44584,0.0,3
44592,0.0,3
44592,0.0,3
44600,0.0,3
44608,0.0,3
44608,1.0,10
44616,0.0,3
44624,0.0,3
44632,0.0,3
44640,1.0,15
44656,0.0,3
44664,0.0,3
44672,4.0,45
44672,2.0,28
44688,0.0,3
44712,1.0,15
44728,1.0,15
44752,1.0,16
44768,0.0,5
44776,0.0,3
44784,1.0,16
44792,1.0,15
44792,1.0,15
44808,0.0,5
44808,0.0,3
44816,1.0,16
44816,0.0,3
44816,0.0,3
44832,1.0,15
44832,0.0,3
44840,0.0,3
44840,2.0,28
44856,0.0,5
44856,0.0,5
44904,1.0,16
44920,1.0,14
44944,0.0,3
44944,1.0,14
44952,1.0,15
44968,1.0,16
44976,1.0,15
44976,0.0,3
44984,0.0,5
44992,0.0,3
44992,1.0,11
45016,0.0,3
45016,2.0,22
45016,0.0,3
45016,0.0,5
45016,0.0,5
45056,0.0,5
45056,0.0,5
45056,0.0,5
45104,3.0,31
45144,0.0,5
45152,2.0,21
45176,1.0,15
45192,0.0,5
45200,2.0,23
45216,0.0,5
45240,0.0,5
45256,3.0,39
45256,0.0,5
45280,0.0,5
45288,3.0,29
45288,3.0,34
45312,1.0,15
45312,0.0,3
45320,0.0,5
45328,0.0,5
45328,3.0,34
45344,0.0,3
45352,0.0,5
45352,0.0,3
45368,0.0,5
45376,0.0,3
45384,0.0,5
45392,0.0,5
45408,0.0,5
45408,1.0,12
45416,3.0,34
45416,0.0,5
45424,2.0,21
45432,0.0,5
45440,2.0,23
45448,0.0,5
45456,0.0,5
45456,0.0,5
45464,0.0,5
45472,0.0,3
45480,0.0,5
45480,0.0,3
45496,0.0,5
45496,0.0,3
45504,0.0,5
45504,0.0,3
45520,0.0,5
45528,0.0,3
45536,0.0,5
45544,1.0,17
45560,0.0,5
45568,2.0,23
45568,0.0,5
45576,0.0,5
45584,0.0,3
45584,0.0,5
45608,0.0,5
45608,0.0,5
45616,2.0,23
45624,0.0,5
45624,1.0,15
45656,0.0,5
45664,0.0,5
45672,2.0,22
45696,0.0,5
45712,0.0,5
45728,1.0,15
45736,0.0,5
45744,2.0,21
45752,0.0,5
45760,0.0,3
45776,2.0,21
45800,0.0,5
45824,0.0,3
45840,1.0,12
45848,1.0,12
45856,3.0,34
45864,1.0,17
45872,1.0,12
45904,0.0,5
45920,1.0,12
45936,4.0,39
45944,1.0,12
45968,1.0,12
45976,4.0,39
45976,1.0,17
46000,1.0,12
46016,1.0,12
46016,0.0,5
46032,1.0,12
46040,0.0,5
46040,1.0,12
46048,2.0,24
46072,0.0,5
46080,0.0,5
46088,0.0,5
46112,0.0,5
46112,1.0,12
46112,1.0,12
46112,0.0,3
46136,1.0,12
46152,0.0,5
46152,0.0,5
46152,0.0,5
46176,1.0,12
46192,0.0,5
46192,0.0,5
46192,0.0,5
46232,0.0,5
46240,1.0,16
46280,0.0,5
46288,1.0,12
46288,1.0,12
46296,4.0,41
46304,3.0,41
46376,1.0,12
46384,1.0,12
46424,0.0,5
46424,3.0,36
46424,2.0,24
46464,0.0,5
46464,0.0,5
46480,2.0,24
46488,2.0,24
46504,1.0,16
46520,1.0,12
46536,4.0,45
46560,0.0,5
46560,1.0,12
46576,1.0,12
46584,1.0,12
46592,1.0,16
46600,1.0,12
46600,0.0,5
46600,0.0,5
46616,0.0,5
46616,0.0,3
46624,0.0,3
46624,0.0,5
46632,1.0,12
46640,0.0,5
46640,0.0,5
46656,0.0,3
46656,0.0,5
46664,0.0,5
46664,0.0,3
46664,4.0,45
46664,0.0,5
46680,0.0,3
46680,0.0,5
46696,0.0,5
46704,0.0,5
46704,0.0,5
46704,0.0,5
46712,1.0,12
46720,0.0,5
46720,0.0,5
46736,0.0,5
46744,0.0,5
46744,0.0,5
46752,0.0,5
46760,0.0,5
46760,0.0,3
46760,0.0,5
46768,0.0,3
46768,0.0,3
46792,0.0,3
46792,0.0,3
46792,1.0,16
46792,0.0,5
46800,0.0,5
46800,0.0,5
46800,0.0,5
46816,0.0,3
46832,1.0,16
46832,0.0,5
46840,0.0,5
46840,0.0,5
46856,0.0,3
46864,0.0,3
46880,0.0,5
46888,0.0,3
46912,1.0,14
46928,0.0,5
46936,0.0,3
46944,1.0,16
46968,2.0,22
46968,0.0,3
46984,1.0,16
46992,0.0,3
46992,0.0,3
47008,0.0,3
47032,0.0,5
47032,0.0,3
47032,0.0,5
47064,1.0,16
47072,0.0,5
47088,0.0,3
47096,0.0,3
47120,0.0,3
47120,4.0,41
47128,0.0,5
47144,0.0,3
47144,0.0,3
47144,4.0,39
47168,0.0,3
47168,0.0,3
47192,0.0,3
47192,4.0,39
47192,0.0,3
47216,0.0,3
47216,0.0,3
47216,0.0,3
47240,4.0,39
47256,0.0,5
47256,0.0,5
47256,0.0,5
47264,0.0,3
47296,0.0,5
47336,0.0,5
47344,4.0,39
47352,1.0,12
47352,1.0,12
47360,4.0,41
47368,0.0,3
47376,0.0,3
47376,0.0,5
47376,0.0,3
47384,0.0,3
47400,1.0,17
47408,0.0,5
47416,0.0,5
47416,0.0,5
47416,0.0,5
47424,0.0,3
47424,0.0,5
47448,0.0,5
47456,4.0,41
47456,4.0,39
47456,0.0,5
47456,0.0,5
47464,0.0,5
47480,0.0,3
47488,0.0,5
47496,0.0,5
47496,0.0,5
47496,0.0,5
47504,0.0,5
47520,0.0,5
47528,0.0,5
47528,0.0,3
47536,0.0,5
47536,0.0,5
47536,0.0,5
47560,0.0,5
47560,0.0,3
47568,0.0,5
47576,0.0,5
47576,0.0,5
47592,0.0,3
47600,0.0,5
47600,0.0,5
47608,2.0,23
47616,0.0,5
47616,0.0,5
47640,0.0,5
47648,0.0,5
47704,3.0,36
47712,2.0,23
47744,1.0,16
47744,0.0,5
47752,0.0,5
47784,1.0,17
47784,0.0,5
47784,0.0,5
47792,0.0,5
47800,2.0,23
47824,0.0,5
47832,0.0,5
47840,0.0,5
47864,0.0,5
47880,3.0,36
47880,0.0,5
47888,3.0,36
47896,1.0,14
47904,0.0,5
47920,1.0,17
47920,0.0,5
47920,0.0,5
47928,3.0,36
47928,0.0,5
47936,0.0,5
47944,0.0,5
47960,0.0,5
47960,0.0,5
47968,0.0,5
47968,0.0,5
47976,0.0,5
47984,0.0,5
48000,0.0,5
48000,0.0,5
48008,0.0,5
48008,0.0,5
48016,2.0,23
48016,0.0,5
48016,1.0,12
48024,0.0,5
48040,0.0,5
48040,0.0,5
48048,0.0,5
48048,0.0,5
48056,0.0,5
48056,0.0,5
48056,0.0,5
48064,0.0,5
48080,0.0,5
48080,0.0,5
48088,0.0,5
48096,0.0,5
48096,0.0,5
48096,0.0,5
48104,0.0,5
48120,0.0,5
48128,0.0,3
48128,0.0,5
48136,0.0,5
48136,0.0,5
48136,0.0,5
48160,0.0,5
48168,0.0,5
48168,0.0,5
48176,0.0,5
48176,0.0,5
48176,0.0,5
48184,0.0,3
48192,0.0,3
48208,0.0,5
48216,1.0,17
48216,0.0,5
48216,0.0,3
48224,0.0,5
48240,0.0,3
48240,0.0,3
48248,0.0,5
48264,0.0,5
48272,0.0,3
48272,1.0,12
48280,0.0,5
48280,0.0,5
48296,0.0,3
48304,1.0,16
48304,0.0,5
48312,0.0,5
48320,0.0,5
48320,0.0,5
48336,1.0,15
48336,0.0,5
48344,0.0,5
48344,0.0,5
48360,0.0,5
48368,0.0,3
48376,4.0,41
48376,0.0,5
48384,0.0,5
48392,0.0,3
48400,0.0,5
48416,0.0,5
48416,0.0,5
48440,0.0,5
48440,1.0,16
48456,0.0,5
48464,1.0,16
48464,0.0,3
48480,0.0,5
48488,0.0,3
48496,0.0,5
48504,0.0,3
48536,0.0,5
48552,1.0,17
48576,0.0,3
48576,0.0,5
48592,1.0,16
48616,0.0,5
48616,0.0,3
48624,1.0,17
48632,4.0,39
48640,0.0,3
48640,0.0,3
48648,0.0,3
48664,0.0,3
48672,0.0,3
48672,0.0,5
48680,0.0,5
48696,4.0,39
48704,4.0,39
48712,0.0,5
48712,0.0,5
48736,0.0,5
48744,0.0,5
48752,0.0,5
48776,0.0,5
48792,2.0,27
48816,0.0,5
48816,0.0,3
48832,4.0,41
48840,2.0,22
48840,0.0,3
48856,0.0,3
48864,0.0,3
48864,0.0,3
48896,0.0,5
48936,1.0,15
48976,0.0,5
48984,3.0,34
48992,4.0,39
49008,0.0,3
49016,1.0,15
49032,0.0,3
49040,0.0,3
49040,2.0,22
49056,0.0,3
49056,4.0,39
49064,4.0,39
49064,0.0,3
49080,0.0,5
49080,0.0,3
49088,0.0,3
49096,0.0,5
49104,0.0,5
49104,0.0,3
49112,1.0,15
49112,0.0,3
49136,0.0,5
49136,0.0,3
49136,0.0,3
49144,0.0,5
49176,0.0,5
49176,0.0,5
49184,0.0,5
49192,4.0,41
49224,0.0,5
49232,0.0,5
49256,1.0,15
49272,1.0,12
49288,4.0,39
49296,0.0,5
49312,0.0,5
49336,0.0,5
49352,0.0,5
49368,1.0,17
49376,0.0,5
49392,0.0,5
49408,0.0,5
49408,4.0,41
49416,0.0,5
49416,2.0,30
49416,4.0,39
49424,1.0,17
49448,0.0,5
49448,0.0,5
49456,0.0,5
49456,0.0,5
49456,0.0,5
49464,0.0,5
49488,0.0,5
49496,0.0,5
49496,0.0,5
49504,0.0,5
49536,0.0,5
49536,4.0,39
49544,0.0,5
49576,0.0,5
49624,1.0,17
49632,1.0,17
49640,1.0,12
49672,1.0,12
49672,0.0,5
49680,0.0,5
49704,4.0,39
49712,0.0,5
49712,0.0,5
49728,0.0,3
49728,2.0,24
49776,4.0,41
49776,1.0,12
49784,4.0,41
49824,1.0,12
49824,1.0,12
49864,0.0,5
49864,0.0,5
49872,1.0,12
49872,1.0,12
49880,1.0,12
49896,0.0,3
49896,2.0,23
49904,0.0,5
49904,0.0,3
49904,2.0,24
49904,0.0,5
49912,0.0,5
49920,0.0,3
49928,0.0,3
49936,0.0,5
49952,4.0,41
49952,0.0,5
49960,0.0,3
49984,1.0,10
49992,0.0,5
49992,0.0,5
50016,0.0,3
50016,1.0,14
50024,0.0,5
50032,0.0,5
50040,1.0,15
50040,0.0,3
50040,0.0,3
50048,1.0,15
50056,0.0,3
50064,0.0,3
50080,0.0,5
50080,0.0,5
50096,0.0,5
50104,0.0,5
50120,0.0,5
50192,2.0,21
50232,4.0,41
50232,2.0,23
50232,0.0,5
50256,0.0,3
50272,0.0,5
50280,0.0,3
50288,4.0,41
50312,3.0,29
50312,0.0,3
50320,0.0,5
50336,0.0,3
50336,0.0,3
50352,1.0,15
50360,0.0,3
50360,0.0,3
50376,0.0,3
50384,0.0,3
50384,0.0,3
50392,1.0,15
50408,4.0,39
50416,4.0,39
50416,0.0,3
50416,0.0,5
50424,0.0,5
50432,4.0,39
50440,0.0,3
50440,0.0,3
50464,0.0,3
50464,0.0,3
50488,0.0,3
50528,0.0,5
50528,1.0,15
50536,1.0,15
50552,1.0,15
50568,2.0,23
50568,0.0,5
50592,3.0,34
50592,0.0,5
50608,0.0,5
50616,0.0,3
50632,0.0,5
50640,1.0,14
50640,2.0,22
50656,0.0,5
50680,0.0,5
50680,0.0,5
50688,1.0,15
50696,3.0,34
50720,0.0,5
50720,0.0,5
50728,0.0,5
50736,0.0,5
50744,1.0,17
50760,0.0,5
50768,1.0,17
50768,0.0,5
50776,0.0,5
50784,0.0,5
50808,0.0,5
50808,0.0,5
50816,0.0,5
50824,3.0,36
50848,0.0,5
50848,0.0,5
50856,1.0,17
50856,0.0,5
50864,0.0,5
50880,0.0,3
50888,0.0,5
50888,0.0,5
50896,0.0,5
50904,0.0,5
50904,0.0,3
50928,0.0,5
50928,0.0,5
50944,0.0,5
50968,0.0,5
50984,0.0,5
50984,4.0,41
51008,0.0,5
51016,2.0,29
51024,0.0,5
51024,0.0,5
51048,0.0,5
51064,0.0,5
51064,0.0,5
51088,0.0,5
51088,4.0,41
51088,0.0,3
51104,0.0,5
51128,0.0,5
51128,0.0,5
51128,0.0,5
51144,0.0,5
51168,0.0,5
51168,0.0,5
51168,0.0,5
51184,0.0,5
51208,0.0,5
51208,4.0,39
51208,0.0,5
51216,4.0,39
51224,0.0,5
51248,0.0,5
51248,0.0,5
51248,0.0,5
51256,4.0,41
51288,0.0,5
51288,0.0,5
51296,0.0,5
51328,0.0,5
51328,0.0,5
51336,0.0,5
51344,4.0,41
51352,1.0,17
51368,0.0,5
51368,0.0,5
51376,1.0,16
51376,0.0,5
51392,0.0,5
51408,0.0,5
51408,0.0,5
51416,0.0,5
51416,0.0,5
51448,0.0,5
51456,0.0,5
51456,0.0,5
51480,1.0,17
51488,0.0,5
51496,4.0,41
51496,0.0,5
51520,0.0,5
51536,0.0,5
51536,0.0,5
51552,4.0,41
51560,0.0,5
51576,0.0,3
51576,0.0,5
51576,0.0,5
51600,0.0,5
51616,0.0,5
51616,0.0,5
51616,0.0,5
51640,0.0,5
51720,4.0,41
51736,4.0,41
51736,1.0,12
51744,0.0,3
51760,0.0,3
51760,0.0,3
51768,0.0,3
51784,0.0,3
51784,0.0,3
51784,4.0,41
51792,0.0,3
51808,0.0,3
51808,2.0,24
51816,4.0,41
51824,0.0,5
51832,0.0,3
51832,0.0,5
51856,0.0,5
51864,0.0,5
51872,0.0,5
51872,0.0,5
51896,0.0,5
51904,0.0,5
51912,0.0,5
51912,0.0,5
51936,0.0,5
51936,3.0,40
51936,3.0,40
51944,0.0,5
51952,0.0,5
51976,0.0,5
51976,0.0,5
51976,0.0,5
51984,0.0,5
51992,2.0,23
51992,0.0,5
52016,0.0,3
52016,0.0,5
52016,0.0,5
52032,0.0,5
52040,0.0,3
52080,0.0,5
52096,4.0,39
52096,1.0,14
52120,0.0,3
52128,1.0,14
52136,0.0,5
52168,0.0,5
52184,2.0,21
52192,0.0,3
52200,1.0,15
52216,0.0,3
52224,0.0,5
52240,4.0,41
52240,0.0,5
52248,1.0,16
52280,0.0,5
52288,4.0,39
52288,0.0,5
52320,0.0,5
52328,0.0,5
52328,0.0,5
52328,1.0,14
52336,1.0,14
52344,4.0,39
52360,0.0,5
52368,0.0,5
52368,0.0,5
52376,0.0,5
52400,0.0,5
52408,0.0,5
52408,0.0,5
52440,1.0,12
52448,4.0,39
52448,0.0,5
52448,0.0,5
52464,1.0,17
52488,0.0,5
52488,0.0,5
52488,0.0,5
52504,0.0,5
52512,1.0,17
52528,1.0,16
52528,0.0,5
52528,0.0,5
52528,0.0,5
52552,4.0,39
52552,0.0,5
52568,0.0,5
52568,0.0,5
52568,0.0,5
52576,1.0,17
52592,0.0,5
52592,0.0,5
52608,0.0,5
52608,0.0,5
52608,0.0,5
52616,0.0,5
52632,0.0,3
52632,0.0,5
52632,0.0,5
52648,0.0,5
52648,0.0,5
52656,1.0,16
52656,0.0,5
52672,0.0,5
52672,0.0,5
52672,0.0,5
52688,0.0,5
52688,0.0,5
52688,2.0,23
52696,0.0,5
52696,0.0,5
52728,0.0,5
52728,0.0,5
52736,0.0,5
52768,0.0,5
52768,1.0,12
52776,0.0,5
52792,1.0,12
52808,0.0,5
52808,0.0,5
52816,1.0,16
52832,0.0,5
52848,0.0,5
52848,0.0,5
52856,1.0,16
52856,0.0,5
52872,0.0,5
53000,4.0,41
53000,4.0,41
53040,2.0,24
53096,1.0,12
53096,1.0,12
53136,4.0,45
53136,1.0,12
53176,0.0,5
53184,3.0,41
53184,3.0,41
53192,1.0,12
53208,4.0,45
53216,0.0,3
53224,0.0,5
53232,1.0,12
53232,4.0,45
53256,0.0,5
53272,0.0,5
53272,1.0,12
53280,1.0,12
53304,1.0,12
53312,1.0,10
53344,1.0,15
53352,1.0,10
53360,1.0,10
53368,0.0,3
53376,0.0,3
53384,1.0,10
53392,0.0,3
53408,0.0,3
53416,3.0,40
53432,0.0,5
53472,0.0,5
53472,1.0,12
53496,0.0,3
53504,2.0,24
53512,0.0,5
53520,0.0,3
53528,0.0,3
53552,2.0,24
53560,0.0,5
53568,0.0,5
53576,0.0,3
53584,0.0,3
53592,0.0,3
53600,2.0,23
53600,0.0,3
53608,1.0,12
53616,0.0,3
53616,4.0,45
53624,0.0,5
53624,0.0,3
53624,0.0,3
53632,0.0,3
53632,4.0,45
53640,0.0,3
53648,0.0,3
53656,0.0,3
53656,0.0,3
53664,0.0,5
53664,0.0,3
53680,0.0,3
53688,0.0,3
53688,0.0,5
53688,0.0,3
53696,1.0,10
53704,0.0,3
53712,0.0,3
53728,0.0,5
53736,0.0,3
53752,1.0,16
53768,0.0,5
53768,4.0,45
53776,0.0,5
53792,0.0,5
53808,0.0,5
53824,1.0,16
53848,0.0,5
53864,0.0,5
53864,1.0,12
53888,0.0,5
53888,1.0,12
53888,0.0,3
53928,0.0,5
53960,1.0,12
53968,3.0,35
53968,4.0,39
53984,3.0,35
53984,1.0,12
54008,0.0,5
54008,0.0,5
54104,1.0,12
54104,1.0,12
54120,1.0,17
54128,0.0,3
54136,4.0,45
54152,2.0,24
54160,0.0,3
54160,0.0,5
54176,0.0,3
54184,0.0,3
54200,0.0,3
54200,1.0,12
54208,0.0,3
54216,4.0,41
54224,1.0,12
54240,0.0,3
54248,0.0,5
54248,0.0,3
54256,1.0,12
54264,0.0,3
54280,0.0,3
54288,0.0,3
54288,4.0,45
54296,1.0,12
54304,0.0,3
54312,0.0,3
54312,0.0,3
54312,4.0,41
54320,0.0,3
54328,1.0,16
54328,0.0,3
54336,0.0,3
54344,1.0,12
54352,0.0,5
54352,0.0,3
54360,0.0,5
54360,0.0,3
54368,0.0,3
54368,0.0,5
54392,0.0,3
54400,0.0,5
54464,1.0,14
54472,1.0,14
54480,1.0,16
54488,0.0,3
54496,0.0,3
54504,0.0,3
54520,1.0,15
54528,0.0,5
54528,0.0,3
54560,0.0,5
54576,4.0,41
54600,0.0,3
54624,0.0,3
54624,1.0,16
54640,4.0,41
54648,1.0,15
54648,0.0,3
54648,0.0,3
54664,3.0,34
54680,4.0,39
54688,0.0,5
54688,0.0,5
54688,0.0,5
54704,0.0,5
54712,2.0,23
54712,0.0,3
54728,0.0,5
54736,0.0,3
54752,0.0,3
54760,1.0,15
54760,0.0,3
54784,0.0,3
54784,0.0,3
54800,1.0,12
54800,1.0,15
54808,1.0,12
54808,0.0,3
54824,0.0,3
54824,0.0,5
54824,0.0,3
54832,1.0,10
54832,0.0,3
54832,0.0,3
54848,0.0,3
54848,0.0,3
54848,0.0,3
54856,0.0,3
54856,0.0,3
54872,0.0,3
54872,0.0,5
54872,4.0,39
54896,0.0,5
54896,0.0,3
54920,0.0,3
54928,1.0,10
54944,0.0,3
54952,1.0,12
54976,1.0,10
54984,0.0,5
54992,1.0,15
55000,1.0,16
55008,0.0,3
55016,4.0,41
55016,0.0,3
55024,0.0,3
55040,0.0,3
55048,0.0,5
55064,1.0,17
55072,1.0,12
55088,0.0,3
55096,0.0,3
55120,1.0,12
55136,1.0,15
55160,1.0,14
55160,0.0,3
55184,0.0,3
55184,0.0,3
55192,1.0,12
55208,4.0,45
55216,0.0,3
55232,0.0,3
55240,0.0,3
55256,0.0,3
55264,0.0,3
55272,2.0,23
55280,1.0,12
55280,4.0,41
55280,1.0,12
55280,0.0,3
55288,0.0,3
55296,0.0,3
55304,0.0,3
55312,2.0,24
55320,0.0,5
55320,0.0,3
55320,0.0,5
55328,0.0,5
55344,0.0,3
55360,0.0,5
55368,0.0,3
55384,0.0,3
55400,1.0,15
55400,4.0,45
55408,0.0,3
55424,1.0,14
55424,0.0,3
55432,1.0,16
55440,0.0,5
55448,1.0,16
55448,0.0,5
55456,0.0,3
55464,0.0,5
55464,1.0,12
55464,0.0,5
55472,0.0,3
55488,0.0,3
55488,0.0,3
55528,0.0,5
55536,1.0,12
55552,1.0,12
55552,0.0,3
55560,1.0,12
55576,0.0,3
55584,0.0,3
55584,1.0,12
55600,1.0,16
55624,0.0,3
55624,0.0,5
55640,4.0,39
55664,0.0,3
55664,0.0,5
55672,1.0,12
55680,1.0,12
55688,0.0,3
55704,0.0,5
55712,0.0,5
55720,1.0,12
55728,2.0,24
55744,0.0,3
55768,0.0,5
55776,1.0,12
55784,1.0,12
55800,1.0,12
55808,4.0,45
55816,0.0,5
55824,0.0,5
55840,0.0,5
55840,1.0,12
55848,0.0,5
55856,0.0,5
55864,1.0,12
55864,0.0,5
55880,0.0,3
55880,0.0,5
55904,0.0,5
55912,4.0,45
55920,0.0,5
55936,1.0,12
55944,1.0,12
55952,0.0,5
55960,0.0,5
56000,0.0,5
56000,1.0,12
56040,0.0,5
56040,1.0,12
56048,1.0,12
56064,0.0,3
56072,4.0,45
56080,0.0,5
56096,0.0,3
56104,0.0,3
56144,0.0,5
56160,1.0,12
56168,0.0,3
56184,0.0,3
56192,1.0,12
56192,0.0,3
56208,4.0,41
56216,0.0,3
56216,0.0,3
56224,0.0,5
56224,4.0,45
56232,0.0,3
56240,0.0,3
56248,0.0,3
56248,0.0,3
56256,0.0,5
56256,0.0,3
56280,0.0,3
56280,0.0,5
56296,4.0,45
56304,0.0,3
56320,0.0,3
56344,0.0,5
56360,4.0,45
56376,4.0,41
56400,0.0,5
56400,0.0,3
56416,1.0,12
56424,0.0,3
56456,0.0,5
56464,0.0,5
56480,0.0,3
56488,0.0,3
56488,2.0,30
56504,0.0,3
56520,1.0,15
56528,3.0,34
56544,0.0,3
56568,0.0,5
56568,1.0,10
56576,4.0,41
56592,0.0,3
56592,4.0,39
56600,0.0,3
56600,1.0,12
56616,0.0,3
56616,1.0,16
56616,0.0,3
56640,0.0,3
56640,0.0,3
56656,0.0,5
56656,4.0,39
56664,1.0,12
56680,1.0,17
56680,1.0,10
56680,0.0,3
56680,0.0,5
56696,1.0,12
56696,0.0,5
56704,0.0,5
56720,0.0,5
56720,0.0,5
56720,0.0,5
56736,0.0,5
56744,0.0,5
56760,0.0,5
56760,0.0,5
56760,0.0,5
56776,0.0,5
56776,1.0,17
56784,0.0,5
56800,0.0,5
56800,0.0,3
56800,0.0,5
56800,0.0,5
56808,1.0,16
56816,0.0,5
56824,1.0,16
56824,0.0,5
56832,0.0,3
56840,0.0,5
56840,0.0,5
56848,0.0,3
56856,0.0,5
56864,0.0,5
56872,0.0,5
56880,0.0,5
56880,0.0,5
56888,0.0,5
56896,0.0,5
56904,0.0,5
56920,0.0,5
56928,0.0,5
56928,1.0,16
56936,1.0,17
56944,0.0,5
56952,0.0,3
56960,0.0,5
56968,0.0,5
56976,0.0,5
56984,0.0,5
57000,0.0,5
57008,0.0,5
57008,1.0,16
57008,1.0,17
57016,0.0,5
57024,1.0,16
57024,0.0,5
57032,0.0,3
57040,0.0,5
57056,0.0,5
57064,0.0,5
57088,1.0,17
57096,0.0,5
57128,1.0,12
57128,1.0,15
57136,1.0,16
57136,1.0,12
57160,0.0,3
57160,1.0,12
57168,0.0,5
57168,1.0,10
57176,0.0,5
57192,1.0,12
57208,2.0,23
57208,1.0,10
57208,0.0,5
57208,0.0,5
57232,0.0,5
57248,0.0,5
57248,0.0,5
57248,0.0,5
57256,1.0,12
57272,1.0,12
57288,1.0,16
57288,0.0,5
57304,1.0,12
57328,1.0,12
57344,1.0,12
57344,0.0,5
57352,1.0,12
57368,1.0,12
57376,1.0,11
57376,1.0,16
57384,0.0,5
57384,1.0,12
57400,0.0,3
57424,0.0,5
57424,0.0,5
57424,1.0,12
57440,0.0,5
57440,1.0,12
57456,1.0,13
57464,0.0,5
57472,1.0,12
57480,0.0,5
57496,0.0,3
57496,0.0,5
57496,1.0,16
57504,0.0,5
57520,1.0,12
57520,1.0,12
57520,0.0,5
57536,0.0,5
57544,0.0,5
57544,0.0,3
57560,0.0,5
57576,0.0,5
57584,0.0,5
57592,1.0,12
57616,0.0,5
57616,1.0,12
57624,0.0,5
57632,2.0,24
57640,1.0,12
57656,0.0,3
57656,0.0,5
57656,1.0,12
57664,0.0,5
57680,0.0,5
57680,0.0,3
57688,1.0,12
57696,0.0,5
57712,1.0,12
57712,0.0,3
57720,0.0,5
57760,0.0,5
57776,1.0,12
57792,1.0,12
57808,1.0,12
57816,0.0,3
57824,3.0,41
57832,1.0,15
57848,0.0,5
57856,0.0,3
57856,0.0,5
57856,1.0,12
57896,1.0,15
57896,0.0,5
57896,0.0,5
57896,0.0,5
57936,0.0,5
57936,0.0,5
57936,0.0,5
57944,1.0,12
57976,0.0,5
57984,4.0,41
57992,1.0,12
58024,4.0,45
58032,1.0,12
58040,1.0,12
58064,0.0,5
58080,1.0,12
58088,1.0,12
58136,1.0,12
58152,4.0,41
58160,1.0,12
58176,0.0,5
58176,1.0,12
58184,1.0,12
58208,2.0,29
58232,3.0,37
58248,1.0,12
58272,1.0,12
58280,1.0,12
58304,1.0,12
58312,1.0,17
58344,1.0,12
58368,1.0,12
58392,4.0,45
58408,0.0,5
58408,1.0,12
58432,0.0,5
58440,1.0,12
58448,0.0,5
58448,3.0,36
58528,1.0,12
58544,1.0,12
58544,1.0,12
58592,4.0,45
58600,2.0,24
58608,4.0,41
58624,1.0,12
58632,4.0,41
58632,0.0,5
58640,1.0,12
58640,1.0,12
58672,0.0,5
58712,3.0,34
58760,1.0,17
58768,1.0,12
58800,2.0,24
58824,2.0,24
58864,0.0,5
58864,1.0,12
58904,0.0,5
58928,4.0,41
58960,1.0,12
58968,4.0,41
58992,0.0,3
59000,1.0,12
59000,4.0,45
59000,0.0,5
59032,0.0,5
59040,0.0,5
59040,0.0,5
59040,2.0,30
59040,4.0,41
59080,0.0,5
59096,1.0,12
59120,4.0,45
59136,1.0,12
59136,1.0,12
59136,0.0,5
59136,1.0,12
59176,1.0,12
59176,0.0,5
59216,1.0,12
59232,1.0,12
59232,1.0,12
59232,1.0,12
59272,0.0,5
59272,1.0,12
59272,1.0,12
59288,4.0,45
59312,1.0,12
59328,1.0,12
59352,0.0,5
59352,3.0,40
59368,1.0,12
59368,1.0,12
59368,1.0,12
59384,1.0,12
59392,0.0,5
59448,1.0,12
59456,1.0,11
59480,1.0,12
59488,0.0,5
59488,1.0,12
59496,0.0,5
59528,0.0,5
59576,1.0,12
59584,1.0,12
59592,1.0,12
59592,4.0,45
59624,0.0,5
59632,0.0,5
59632,0.0,5
59664,0.0,5
59672,0.0,5
59672,0.0,5
59688,4.0,45
59696,4.0,41
59704,1.0,16
59704,0.0,5
59712,0.0,5
59712,0.0,5
59720,2.0,24
59728,4.0,45
59736,0.0,5
59744,0.0,5
59744,0.0,5
59752,0.0,5
59752,0.0,5
59760,0.0,5
59768,0.0,5
59776,0.0,5
59784,0.0,5
59784,1.0,12
59792,0.0,5
59792,0.0,5
59800,0.0,5
59808,0.0,5
59816,0.0,5
59824,0.0,5
59824,0.0,5
59832,0.0,5
59832,0.0,5
59840,0.0,5
59848,0.0,5
59856,0.0,5
59864,0.0,5
59864,0.0,5
59872,0.0,5
59880,0.0,5
59888,0.0,3
59888,0.0,5
59904,0.0,5
59912,0.0,5
59920,0.0,5
59928,0.0,5
59944,0.0,5
59952,0.0,5
59960,0.0,5
59984,0.0,5
60024,0.0,5
60032,3.0,36
60064,0.0,5
60072,0.0,5
60072,2.0,23
60104,0.0,5
60112,0.0,5
60112,2.0,23
60136,2.0,23
60144,2.0,23
60144,0.0,5
60152,0.0,5
60152,0.0,5
60160,4.0,41
60176,0.0,5
60184,0.0,5
60184,4.0,41
60192,0.0,5
60200,0.0,5
60208,1.0,17
60216,0.0,5
60224,0.0,5
60224,0.0,5
60240,0.0,5
60248,0.0,5
60264,0.0,5
60264,0.0,5
60280,0.0,5
60288,1.0,12
60320,0.0,5
60328,0.0,5
60328,2.0,23
60336,2.0,23
60352,1.0,17
60360,0.0,5
60368,0.0,5
60368,0.0,5
60384,1.0,17
60392,0.0,5
60400,1.0,17
60400,0.0,5
60408,0.0,5
60408,0.0,5
60424,0.0,5
60432,0.0,5
60440,0.0,5
60440,0.0,5
60448,2.0,23
60448,0.0,5
60448,0.0,5
60464,0.0,5
60472,1.0,17
60480,0.0,5
60480,0.0,5
60488,0.0,5
60488,0.0,3
60512,0.0,5
60512,0.0,3
60536,0.0,3
60552,0.0,5
60592,0.0,5
60600,2.0,21
60616,2.0,21
60616,2.0,21
60632,0.0,5
60640,0.0,5
60656,0.0,5
60656,0.0,5
60672,0.0,5
60680,0.0,5
60696,0.0,5
60696,0.0,5
60712,0.0,5
60712,2.0,22
60736,0.0,5
60736,0.0,5
60752,3.0,34
60752,0.0,5
60776,3.0,36
60776,1.0,12
60776,0.0,5
60792,4.0,39
60792,0.0,5
60792,0.0,5
60816,0.0,5
60816,0.0,5
60832,0.0,5
60832,0.0,5
60856,0.0,5
60912,1.0,17
60928,1.0,12
60952,0.0,5
60952,1.0,12
60968,1.0,17
60968,0.0,5
61000,2.0,23
61040,4.0,41
61048,1.0,12
61064,1.0,12
61064,1.0,12
61064,4.0,41
61096,1.0,12
61120,4.0,41
61136,1.0,12
61136,0.0,5
61144,1.0,12
61160,1.0,12
61160,1.0,12
61216,1.0,12
61256,1.0,12
61256,1.0,12
61256,0.0,5
61280,4.0,41
61320,2.0,23
61352,1.0,12
61352,1.0,12
61360,0.0,5
61360,1.0,13
61424,4.0,45
61448,1.0,12
61456,1.0,12
61456,1.0,12
61456,1.0,13
61464,0.0,5
61496,4.0,45
61496,0.0,5
61504,4.0,45
61528,1.0,10
61552,1.0,12
61560,1.0,12
61592,1.0,12
61592,1.0,12
61600,1.0,12
61600,0.0,5
61624,1.0,12
61632,0.0,5
61640,0.0,5
61640,4.0,45
61648,1.0,12
61664,0.0,5
61680,0.0,5
61680,0.0,5
61688,1.0,12
61696,1.0,12
61704,0.0,3
61704,0.0,5
61736,0.0,5
61776,1.0,12
61792,1.0,13
61800,0.0,3
61816,4.0,45
61832,1.0,12
61832,0.0,5
61856,0.0,3
61856,0.0,5
61864,2.0,20
61872,0.0,5
61872,2.0,30
61896,0.0,5
61896,0.0,5
61896,2.0,24
61904,0.0,5
61912,0.0,5
61912,0.0,5
61936,0.0,5
61936,0.0,5
61952,0.0,5
61952,0.0,5
61960,0.0,3
61976,4.0,41
61976,0.0,5
61992,0.0,5
61992,0.0,5
62000,0.0,5
62016,0.0,5
62016,0.0,5
62032,0.0,5
62032,0.0,5
62040,0.0,5
62056,0.0,5
62072,0.0,5
62072,0.0,5
62088,2.0,23
62096,0.0,5
62112,0.0,5
62112,0.0,5
62112,1.0,12
62128,0.0,5
62136,0.0,5
62152,0.0,5
62160,4.0,45
62168,0.0,5
62176,0.0,5
62192,0.0,3
62192,0.0,5
62216,0.0,5
62224,4.0,41
62256,1.0,12
62256,0.0,5
62264,0.0,5
62288,1.0,12
62296,0.0,5
62296,0.0,5
62304,0.0,5
62328,0.0,5
62336,0.0,5
62336,0.0,5
62368,4.0,41
62376,0.0,5
62408,0.0,5
62416,0.0,5
62440,4.0,41
62440,4.0,41
62448,0.0,5
62456,1.0,16
62480,0.0,5
62480,3.0,36
62480,0.0,5
62488,0.0,5
62488,2.0,23
62512,1.0,12
62520,0.0,5
62520,0.0,5
62528,0.0,5
62560,0.0,5
62560,0.0,5
62600,0.0,5
62600,0.0,5
62616,1.0,17
62624,1.0,17
62640,0.0,5
62640,0.0,5
62664,0.0,5
62680,0.0,5
62680,0.0,5
62704,5.0,46
62704,0.0,5
62712,2.0,23
62720,0.0,5
62720,0.0,5
62744,0.0,5
62744,0.0,5
62752,1.0,17
62760,0.0,5
62784,0.0,5
62792,4.0,42
62800,0.0,5
62832,0.0,5
62840,4.0,41
62840,0.0,5
62848,1.0,17
62856,0.0,3
62880,0.0,5
62888,1.0,17
62888,0.0,5
62896,0.0,5
62904,2.0,23
62920,0.0,5
62928,0.0,5
62928,0.0,5
62928,2.0,23
62944,0.0,5
62968,2.0,23
62968,0.0,5
62968,0.0,5
62976,1.0,17
63008,0.0,5
63008,0.0,5
63048,0.0,5
63048,0.0,5
63064,1.0,15
63080,2.0,23
63088,2.0,21
63088,0.0,5
63104,0.0,5
63104,1.0,17
63112,2.0,23
63120,0.0,5
63144,0.0,5
63152,0.0,5
63160,2.0,23
63160,0.0,5
63168,1.0,15
63184,0.0,5
63192,0.0,5
63200,0.0,5
63208,0.0,5
63224,0.0,5
63224,1.0,17
63232,0.0,5
63240,1.0,17
63240,0.0,5
63264,0.0,5
63272,0.0,5
63280,0.0,5
63296,1.0,17
63304,0.0,5
63312,0.0,5
63320,1.0,12
63320,0.0,5
63336,1.0,12
63336,0.0,5
63344,0.0,5
63344,1.0,17
63352,0.0,5
63360,0.0,5
63360,0.0,5
63376,0.0,5
63376,0.0,5
63384,0.0,5
63392,0.0,5
63400,0.0,5
63400,0.0,5
63416,0.0,5
63416,4.0,41
63416,0.0,5
63432,0.0,5
63440,0.0,5
63440,0.0,5
63456,0.0,5
63456,0.0,5
63456,0.0,5
63472,0.0,5
63480,0.0,5
63480,0.0,5
63496,0.0,5
63496,0.0,5
63496,0.0,5
63512,0.0,5
63520,0.0,5
63520,0.0,5
63528,2.0,23
63536,0.0,5
63536,0.0,5
63552,2.0,21
63552,0.0,5
63560,0.0,5
63560,0.0,5
63568,0.0,5
63576,0.0,5
63576,0.0,5
63592,0.0,5
63592,0.0,5
63600,0.0,5
63608,0.0,5
63616,0.0,5
63616,0.0,5
63632,0.0,5
63632,0.0,5
63640,0.0,5
63656,0.0,5
63656,0.0,5
63672,0.0,5
63712,0.0,5
63736,1.0,12
63752,1.0,12
63784,3.0,36
63832,1.0,12
63848,3.0,36
63848,1.0,12
63872,0.0,5
63880,1.0,12
63888,0.0,5
63904,2.0,24
63904,0.0,3
63936,4.0,41
63944,1.0,12
63960,4.0,41
63968,1.0,12
63976,0.0,5
63984,1.0,12
63984,4.0,41
63984,0.0,5
63992,0.0,3
64000,1.0,12
64000,1.0,12
64000,0.0,5
64024,0.0,5
64024,0.0,5
64048,0.0,3
64072,0.0,3
64072,1.0,12
64080,1.0,12
64088,1.0,12
64096,1.0,12
64096,1.0,12
64096,0.0,3
64104,0.0,3
64112,0.0,3
64120,1.0,12
64120,0.0,3
64136,0.0,5
64152,0.0,5
64160,0.0,5
64168,1.0,12
64192,1.0,12
64200,0.0,5
64208,0.0,5
64216,1.0,12
64224,0.0,3
64232,0.0,3
64232,1.0,12
64256,3.0,32
64256,0.0,5
64272,0.0,5
64296,0.0,5
64312,2.0,20
64376,2.0,23
64400,3.0,37
64400,0.0,3
64408,2.0,23
64416,2.0,23
64424,2.0,21
64424,0.0,3
64432,0.0,3
64440,0.0,5
64448,2.0,22
64448,0.0,3
64456,0.0,5
64464,2.0,21
64464,0.0,5
64472,0.0,5
64472,0.0,3
64472,0.0,3
64480,0.0,3
64488,2.0,22
64488,0.0,3
64512,0.0,3
64512,0.0,3
64512,0.0,5
64512,0.0,5
64520,0.0,5
64536,0.0,3
64552,0.0,5
64552,0.0,5
64576,0.0,5
64584,1.0,15
64608,2.0,21
64624,0.0,5
64632,0.0,3
64640,2.0,21
64656,0.0,3
64664,0.0,3
64680,2.0,21
64688,0.0,3
64688,2.0,21
64696,0.0,5
64704,0.0,3
64712,0.0,3
64720,0.0,4
64720,2.0,21
64728,0.0,3
64736,0.0,5
64736,2.0,23
64736,0.0,3
64744,2.0,21
64744,0.0,3
64760,0.0,3
64768,0.0,5
64776,0.0,5
64840,1.0,12
64848,1.0,11
64872,1.0,16
64888,0.0,5
64936,1.0,12
64936,4.0,39
64968,1.0,12
65032,1.0,12
65048,4.0,39
65048,4.0,41
65056,0.0,3
65064,1.0,12
65088,0.0,5
65088,0.0,5
65088,3.0,40
65096,0.0,5
65136,4.0,45
65160,1.0,12
65184,1.0,12
65192,1.0,12
65200,0.0,5
65208,0.0,3
65224,1.0,17
65224,1.0,17
65232,1.0,12
65232,4.0,37
65240,0.0,5
65248,0.0,3
65248,4.0,45
65256,0.0,3
65256,0.0,3
65304,1.0,12
65320,1.0,12
65352,1.0,12
65352,1.0,12
65360,0.0,5
65384,1.0,17
65392,1.0,11
65392,2.0,25
65424,0.0,5
65448,1.0,12
65456,1.0,12
65480,2.0,29
65496,0.0,5
65520,1.0,12
65520,0.0,5
65520,1.0,16
65536,0.0,5
65544,0.0,3
65560,3.0,40
65560,0.0,5
65576,0.0,5
65576,1.0,16
65576,2.0,23
65584,0.0,5
65600,0.0,3
65616,0.0,5
65624,0.0,5
65640,0.0,5
65656,1.0,17
65664,0.0,5
65680,0.0,5
65680,4.0,41
65696,0.0,5
65704,0.0,3
65712,1.0,17
65720,0.0,5
65736,2.0,22
65736,0.0,3
65736,0.0,5
65744,0.0,5
65760,0.0,5
65760,0.0,3
65776,0.0,5
65784,0.0,5
65800,2.0,23
65800,0.0,5
65800,0.0,5
65816,0.0,5
65824,0.0,5
65840,0.0,5
65840,0.0,3
65840,2.0,22
65840,3.0,35
65840,0.0,5
65840,0.0,5
65864,0.0,3
65864,0.0,3
65872,1.0,17
65880,0.0,5
65880,0.0,5
65880,0.0,5
65904,0.0,5
65904,0.0,5
65912,0.0,5
65920,0.0,5
65920,0.0,5
65928,0.0,3
65952,0.0,5
65960,0.0,5
65960,0.0,5
65968,0.0,5
65976,1.0,17
65992,0.0,5
66008,0.0,5
66008,2.0,23
66016,0.0,5
66032,0.0,5
66032,0.0,3
66048,0.0,5
66056,0.0,5
66056,0.0,3
66064,2.0,23
66088,2.0,23
66096,0.0,5
66128,0.0,5
66136,0.0,5
66144,2.0,23
66144,2.0,23
66144,1.0,12
66168,0.0,5
66184,0.0,5
66184,0.0,5
66184,0.0,5
66208,0.0,5
66240,2.0,23
66248,2.0,23
66256,2.0,28
66280,1.0,12
66280,0.0,5
66280,1.0,12
66296,0.0,5
66304,1.0,12
66320,1.0,17
66320,0.0,5
66320,0.0,5
66336,0.0,5
66344,0.0,5
66344,1.0,12
66360,0.0,5
66360,2.0,28
66360,0.0,5
66360,0.0,5
66376,0.0,5
66376,1.0,12
66384,0.0,5
66400,0.0,5
66400,0.0,5
66400,0.0,3
66424,0.0,5
66440,0.0,5
66448,0.0,3
66456,1.0,12
66472,1.0,12
66480,1.0,17
66480,0.0,3
66488,0.0,5
66488,1.0,16
66496,1.0,12
66496,0.0,3
66520,0.0,3
66520,0.0,5
66528,0.0,5
66536,0.0,5
66560,0.0,5
66560,0.0,5
66576,1.0,12
66576,0.0,5
66584,1.0,12
66600,0.0,3
66608,0.0,3
66624,2.0,23
66640,0.0,5
66656,1.0,12
66656,1.0,12
66664,0.0,5
66664,1.0,17
66672,1.0,12
66680,0.0,3
66688,0.0,3
66704,0.0,5
66720,0.0,5
66728,0.0,5
66752,0.0,3
66760,4.0,45
66768,1.0,12
66784,0.0,3
66792,0.0,5
66792,2.0,23
66832,0.0,5
66840,2.0,23
66904,1.0,17
66928,0.0,3
66936,1.0,12
66960,2.0,21
66960,1.0,16
66968,4.0,41
66968,0.0,5
66976,0.0,5
66992,0.0,3
67000,0.0,3
67000,0.0,5
67000,0.0,5
67008,0.0,5
67016,0.0,3
67024,0.0,3
67024,3.0,40
67032,0.0,3
67048,0.0,3
67056,0.0,5
67064,0.0,5
67072,0.0,5
67080,4.0,45
67088,0.0,3
67088,0.0,5
67096,1.0,12
67096,0.0,3
67112,4.0,41
67120,1.0,15
67120,0.0,5
67128,0.0,5
67136,0.0,5
67136,0.0,5
67136,0.0,3
67144,0.0,3
67152,1.0,12
67168,0.0,5
67176,0.0,5
67176,0.0,5
67184,0.0,5
67208,0.0,5
67216,0.0,5
67216,0.0,5
67224,1.0,17
67256,1.0,17
67256,0.0,5
67264,0.0,5
67296,0.0,5
67304,0.0,5
67312,1.0,12
67320,2.0,23
67336,1.0,16
67336,2.0,23
67352,0.0,5
67376,2.0,24
67392,0.0,5
67392,1.0,12
67400,1.0,12
67416,1.0,12
67432,1.0,12
67432,1.0,12
67440,0.0,3
67440,2.0,23
67472,1.0,12
67472,0.0,5
67480,0.0,5
67480,0.0,5
67488,1.0,12
67488,1.0,12
67496,1.0,12
67512,0.0,5
67512,1.0,10
67520,0.0,5
67536,0.0,5
67568,1.0,12
67576,1.0,12
67576,0.0,5
67584,1.0,12
67584,1.0,12
67608,1.0,12
67608,1.0,12
67616,1.0,12
67616,0.0,5
67624,0.0,5
67656,0.0,5
67664,1.0,12
67664,0.0,5
67672,1.0,12
67680,1.0,12
67696,0.0,5
67704,1.0,12
67704,1.0,12
67720,0.0,5
67744,0.0,5
67760,0.0,5
67760,1.0,12
67760,1.0,12
67768,1.0,12
67800,1.0,12
67856,1.0,12
67856,1.0,12
67856,1.0,12
67864,1.0,12
67872,1.0,16
67896,0.0,5
67904,1.0,13
67912,0.0,5
67944,0.0,5
67952,1.0,12
67952,1.0,12
67960,1.0,12
67976,4.0,45
67984,0.0,5
67992,1.0,12
67992,0.0,5
68016,0.0,5
68032,0.0,5
68032,0.0,5
68048,1.0,12
68056,0.0,5
68056,4.0,45
68072,0.0,5
68088,0.0,5
68112,0.0,5
68128,0.0,5
68152,0.0,5
68168,0.0,5
68208,0.0,5
68216,2.0,23
68240,4.0,41
68248,0.0,5
68256,0.0,5
68280,0.0,5
68288,0.0,5
68288,4.0,41
68296,2.0,30
68296,0.0,5
68312,4.0,41
68320,0.0,5
68328,0.0,5
68328,0.0,5
68336,0.0,5
68352,0.0,5
68360,0.0,5
68368,0.0,5
68368,0.0,5
68376,3.0,40
68392,0.0,5
68400,0.0,5
68408,0.0,5
68416,0.0,5
68440,0.0,5
68448,0.0,5
68456,0.0,5
68480,2.0,23
68480,4.0,41
68480,0.0,5
68488,0.0,5
68504,0.0,3
68504,1.0,17
68520,0.0,5
68520,0.0,5
68520,2.0,23
68528,0.0,5
68528,0.0,3
68544,0.0,5
68544,0.0,3
68560,0.0,5
68560,0.0,5
68576,2.0,23
68584,0.0,5
68584,0.0,5
68584,0.0,3
68600,0.0,5
68616,0.0,5
68624,0.0,5
68624,0.0,5
68640,2.0,23
68640,0.0,3
68640,0.0,5
68648,0.0,3
68664,0.0,3
68664,0.0,3
68664,0.0,5
68672,0.0,3
68680,0.0,5
68704,0.0,5
68704,0.0,5
68712,2.0,23
68712,2.0,23
68720,1.0,17
68744,0.0,5
68744,0.0,5
68752,0.0,5
68760,0.0,5
68784,0.0,5
68784,1.0,15
68800,1.0,16
68800,0.0,5
68808,1.0,12
68824,0.0,5
68824,0.0,5
68840,1.0,12
68848,0.0,3
68864,2.0,23
68872,1.0,15
68880,0.0,5
68888,1.0,10
68888,0.0,5
68896,1.0,12
68896,0.0,3
68920,1.0,12
68928,0.0,5
68936,0.0,5
68952,0.0,3
68960,1.0,12
68976,0.0,5
68984,1.0,12
69008,1.0,14
69016,1.0,12
69024,0.0,5
69032,0.0,3
69040,1.0,10
69072,1.0,12
69112,1.0,12
69120,1.0,12
69128,1.0,12
69136,0.0,3
69136,1.0,12
69160,4.0,45
69168,0.0,5
69168,1.0,12
69176,0.0,5
69176,0.0,5
69200,0.0,3
69200,3.0,40
69208,0.0,5
69216,1.0,12
69216,0.0,5
69240,3.0,36
69248,1.0,11
69248,0.0,5
69264,1.0,12
69272,0.0,3
69288,0.0,5
69296,1.0,12
69304,0.0,5
69312,1.0,12
69312,1.0,12
69320,1.0,15
69328,0.0,5
69336,0.0,3
69336,1.0,12
69336,0.0,5
69344,0.0,3
69368,1.0,12
69376,0.0,5
69376,0.0,5
69400,1.0,12
69408,0.0,5
69408,1.0,12
69408,1.0,10
69432,1.0,12
69432,0.0,3
69440,1.0,12
69448,0.0,5
69472,1.0,12
69472,1.0,12
69472,0.0,5
69480,0.0,5
69496,1.0,12
69504,1.0,12
69528,1.0,12
69536,0.0,5
69544,1.0,12
69568,1.0,12
69568,1.0,12
69568,0.0,5
69600,1.0,12
69616,1.0,17
69632,1.0,12
69656,0.0,5
69664,1.0,12
69664,1.0,12
69664,1.0,12
69672,1.0,16
69672,0.0,5
69680,0.0,3
69696,1.0,12
69696,0.0,3
69704,0.0,5
69704,0.0,5
69704,0.0,5
69720,0.0,3
69736,0.0,5
69744,0.0,5
69744,0.0,5
69760,0.0,5
69768,1.0,12
69776,1.0,12
69776,0.0,5
69792,3.0,40
69800,0.0,5
69816,0.0,5
69816,0.0,5
69856,0.0,5
69856,0.0,5
69880,0.0,3
69888,2.0,23
69896,0.0,5
69920,0.0,5
69928,0.0,5
69960,0.0,5
69968,0.0,5
69992,0.0,3
70000,0.0,5
70032,0.0,5
70040,0.0,5
70072,0.0,5
70080,3.0,36
70080,0.0,5
70096,4.0,41
70104,0.0,3
70104,4.0,45
70104,4.0,45
70112,0.0,5
70120,0.0,5
70128,4.0,41
70136,0.0,5
70144,0.0,5
70144,0.0,5
70152,0.0,5
70152,0.0,3
70160,0.0,5
70168,0.0,3
70176,0.0,5
70192,0.0,5
70208,0.0,5
70216,0.0,5
70224,4.0,41
70232,0.0,5
70248,0.0,5
70256,0.0,5
70264,0.0,5
70272,0.0,5
70280,1.0,16
70288,0.0,5
70296,0.0,5
70304,0.0,3
70304,0.0,5
70336,0.0,5
70344,0.0,5
70344,0.0,5
70376,0.0,5
70384,0.0,5
70384,0.0,5
70392,1.0,15
70416,0.0,3
70416,0.0,5
70424,0.0,5
70424,0.0,5
70456,0.0,5
70456,0.0,5
70464,0.0,5
70464,0.0,5
70464,4.0,45
70472,4.0,41
70488,4.0,41
70496,0.0,5
70496,0.0,5
70504,0.0,5
70504,0.0,5
70512,0.0,5
70528,0.0,5
70536,0.0,5
70536,0.0,5
70544,0.0,5
70552,0.0,5
70560,1.0,12
70568,0.0,5
70576,0.0,5
70576,0.0,5
70584,0.0,5
70592,0.0,5
70600,0.0,5
70600,0.0,3
70608,0.0,5
70616,0.0,5
70616,4.0,41
70624,0.0,5
70632,0.0,5
70632,1.0,16
70640,0.0,5
70640,0.0,5
70648,0.0,5
70656,0.0,5
70656,0.0,5
70664,0.0,5
70680,0.0,5
70680,0.0,5
70688,0.0,5
70696,0.0,5
70720,0.0,5
70728,1.0,12
70728,0.0,5
70728,1.0,12
70752,1.0,12
70760,1.0,12
70760,0.0,5
70792,1.0,12
70800,0.0,5
70824,1.0,12
70824,1.0,12
70832,0.0,5
70848,1.0,12
70856,1.0,12
70864,0.0,5
70888,0.0,5
70896,0.0,5
70920,1.0,12
70920,0.0,3
70928,1.0,12
70960,0.0,5
70960,0.0,5
70960,1.0,12
70968,0.0,5
70984,1.0,12
71000,0.0,5
71000,0.0,5
71008,4.0,41
71048,0.0,5
71080,1.0,12
71088,4.0,45
71144,1.0,12
71160,4.0,45
71176,1.0,12
71192,2.0,24
71224,1.0,17
71240,1.0,12
71256,1.0,12
71272,1.0,12
71280,0.0,5
71288,4.0,41
71288,1.0,12
71296,0.0,5
71296,4.0,41
71312,0.0,5
71320,1.0,12
71320,0.0,5
71336,0.0,5
71352,0.0,5
71360,0.0,5
71360,4.0,45
71384,1.0,12
71384,1.0,12
71392,1.0,12
71392,0.0,5
71400,0.0,5
71424,0.0,5
71440,0.0,5
71480,1.0,12
71480,0.0,5
71520,2.0,23
71520,0.0,5
71520,0.0,5
71544,2.0,23
71552,2.0,29
71560,0.0,5
71576,2.0,23
71576,0.0,3
71584,2.0,24
71616,0.0,5
71624,0.0,5
71656,2.0,29
71656,0.0,5
71664,0.0,5
71680,1.0,17
71696,1.0,17
71696,0.0,5
71696,0.0,5
71704,0.0,5
71704,2.0,23
71720,0.0,5
71736,0.0,5
71736,0.0,5
71736,0.0,5
71760,2.0,23
71776,0.0,5
71776,0.0,5
71800,1.0,12
71800,0.0,5
71832,1.0,12
71848,4.0,41
71856,1.0,17
71872,1.0,12
71888,0.0,5
71896,1.0,12
71928,0.0,5
71936,0.0,5
71968,0.0,5
71976,0.0,5
71984,2.0,23
71992,1.0,17
72008,0.0,5
72024,0.0,5
72032,4.0,41
72032,0.0,5
72048,0.0,5
72064,0.0,5
72072,0.0,5
72072,1.0,12
72072,0.0,5
72088,0.0,3
72088,0.0,5
72112,0.0,5
72112,0.0,5
72112,0.0,5
72128,0.0,5
72128,0.0,5
72136,4.0,45
72152,0.0,5
72160,4.0,41
72168,0.0,5
72176,0.0,5
72192,0.0,5
72200,3.0,41
72200,0.0,5
72208,1.0,12
72208,0.0,5
72216,0.0,5
72224,1.0,12
72232,0.0,5
72240,0.0,5
72240,0.0,5
72248,0.0,5
72256,0.0,5
72272,0.0,5
72280,0.0,5
72280,0.0,5
72288,0.0,5
72296,0.0,5
72304,1.0,12
72312,0.0,5
72320,1.0,12
72328,0.0,5
72336,0.0,5
72344,0.0,5
72352,0.0,5
72360,0.0,5
72376,0.0,5
72376,1.0,12
72376,1.0,12
72384,0.0,5
72392,0.0,5
72400,3.0,36
72400,0.0,5
72416,0.0,5
72416,0.0,5
72416,0.0,5
72424,1.0,12
72424,0.0,5
72432,0.0,5
72440,0.0,5
72440,0.0,5
72456,0.0,5
72456,0.0,5
72464,0.0,5
72464,0.0,5
72472,0.0,5
72480,0.0,5
72480,0.0,5
72496,0.0,5
72496,0.0,5
72504,0.0,5
72504,0.0,5
72512,0.0,5
72520,0.0,5
72520,0.0,5
72536,0.0,5
72536,0.0,5
72544,0.0,5
72544,0.0,5
72552,0.0,5
72560,0.0,5
72560,0.0,5
72576,0.0,5
72576,0.0,5
72584,0.0,5
72584,0.0,5
72600,2.0,23
72600,0.0,5
72600,0.0,5
72616,0.0,5
72616,0.0,5
72624,0.0,5
72624,0.0,5
72640,0.0,5
72640,0.0,5
72640,0.0,5
72656,0.0,5
72656,0.0,5
72664,0.0,5
72664,0.0,5
72680,0.0,5
72680,0.0,5
72696,0.0,5
72696,0.0,5
72704,0.0,5
72704,0.0,5
72720,0.0,5
72720,0.0,5
72736,0.0,5
72736,2.0,23
72744,0.0,5
72744,0.0,5
72760,0.0,5
72760,0.0,5
72776,0.0,5
72776,0.0,5
72784,0.0,5
72800,0.0,5
72800,0.0,5
72816,0.0,5
72824,0.0,5
72840,0.0,5
72840,0.0,5
72840,1.0,12
72856,0.0,5
72864,0.0,5
72872,2.0,29
72880,2.0,23
72880,0.0,5
72880,0.0,5
72896,0.0,5
72912,1.0,17
72912,0.0,5
72920,0.0,5
72936,0.0,5
72952,0.0,5
72952,0.0,5
72960,0.0,5
72976,0.0,3
72992,0.0,5
73000,0.0,5
73016,1.0,17
73024,2.0,23
73040,0.0,3
73040,0.0,5
73048,2.0,23
73072,1.0,12
73072,2.0,24
73088,1.0,12
73120,1.0,12
73136,1.0,12
73144,1.0,12
73160,0.0,5
73168,1.0,12
73168,1.0,12
73176,0.0,5
73256,1.0,12
73264,4.0,41
73264,1.0,12
73352,1.0,12
73360,1.0,12
73368,1.0,13
73392,0.0,5
73400,4.0,45
73408,0.0,5
73448,0.0,5
73448,4.0,45
73456,1.0,12
73472,4.0,41
73488,1.0,12
73488,0.0,5
73496,1.0,12
73512,0.0,5
73528,4.0,45
73536,4.0,45
73544,1.0,12
73552,1.0,12
73584,1.0,12
73592,0.0,5
73592,1.0,12
73608,1.0,12
73616,0.0,3
73624,1.0,12
73624,0.0,5
73632,1.0,12
73632,0.0,5
73640,1.0,12
73648,0.0,3
73648,0.0,5
73664,0.0,5
73672,0.0,5
73672,0.0,5
73680,0.0,5
73688,0.0,5
73704,0.0,5
73712,0.0,5
73712,1.0,12
73712,0.0,5
73728,0.0,5
73744,0.0,5
73752,0.0,5
73776,1.0,12
73776,1.0,16
73776,3.0,36
73784,0.0,5
73808,1.0,12
73808,1.0,12
73816,0.0,5
73824,1.0,12
73840,0.0,3
73848,0.0,5
73864,0.0,5
73872,1.0,12
73872,1.0,12
73880,1.0,16
73880,0.0,5
73888,0.0,5
73904,1.0,12
73912,0.0,5
73952,0.0,5
73960,1.0,12
73968,1.0,12
73976,1.0,12
73976,1.0,12
73984,1.0,12
73992,0.0,5
74000,0.0,5
74016,0.0,5
74016,0.0,5
74024,0.0,5
74024,2.0,30
74032,1.0,16
74032,0.0,5
74040,0.0,5
74056,0.0,5
74056,0.0,5
74064,0.0,5
74064,0.0,5
74072,1.0,13
74072,0.0,5
74072,0.0,5
74080,0.0,5
74096,0.0,5
74096,0.0,5
74104,0.0,5
74112,0.0,5
74112,0.0,5
74120,0.0,5
74136,0.0,5
74136,0.0,5
74144,0.0,5
74152,0.0,5
74152,0.0,5
74160,1.0,12
74160,0.0,5
74176,0.0,5
74192,0.0,5
74200,0.0,5
74200,0.0,5
74216,1.0,18
74240,0.0,5
74240,0.0,5
74256,0.0,5
74272,1.0,12
74312,0.0,5
74320,2.0,23
74328,2.0,23
74336,2.0,23
74344,0.0,3
74352,0.0,5
74352,0.0,3
74352,1.0,12
74360,0.0,3
74368,0.0,3
74376,0.0,3
74376,2.0,23
74384,0.0,3
74392,0.0,5
74392,0.0,5
74400,0.0,3
74408,0.0,5
74416,0.0,5
74424,2.0,23
74424,0.0,3
74424,0.0,5
74424,2.0,23
74432,0.0,5
74432,0.0,5
74448,0.0,3
74448,0.0,3
74464,0.0,5
74464,0.0,5
74472,0.0,3
74472,0.0,5
74472,0.0,3
74504,0.0,5
74512,0.0,5
74512,0.0,5
74536,0.0,3
74544,0.0,5
74552,1.0,17
74560,0.0,3
74584,0.0,5
74592,2.0,23
74592,0.0,5
74600,0.0,5
74600,1.0,16
74608,0.0,3
74616,0.0,3
74616,2.0,23
74632,0.0,5
74640,0.0,3
74640,0.0,3
74648,2.0,23
74664,0.0,3
74672,0.0,5
74680,0.0,5
74688,0.0,5
74696,2.0,23
74704,0.0,5
74712,0.0,3
74768,1.0,12
74776,1.0,12
74784,2.0,23
74800,1.0,12
74808,0.0,5
74808,1.0,12
74816,0.0,5
74824,0.0,5
74832,2.0,29
74832,1.0,17
74848,0.0,5
74848,0.0,5
74856,0.0,5
74856,0.0,3
74872,0.0,5
74912,0.0,5
74920,1.0,12
74936,4.0,41
74944,1.0,12
74944,1.0,12
74952,1.0,12
74952,0.0,5
74960,0.0,5
74984,0.0,5
74984,0.0,5
74992,0.0,5
75000,0.0,5
75024,0.0,5
75032,0.0,5
75032,1.0,12
75040,2.0,23
75056,0.0,3
75080,1.0,12
75080,1.0,16
75128,4.0,41
75136,1.0,12
75176,0.0,5
75176,1.0,12
75224,1.0,12
75232,2.0,29
75232,2.0,25
75240,2.0,20
75248,2.0,24
75264,0.0,5
75272,0.0,5
75272,1.0,12
75288,0.0,5
75304,0.0,5
75312,0.0,5
75328,1.0,12
75328,0.0,5
75336,1.0,12
75344,0.0,5
75368,0.0,5
75384,4.0,45
75408,1.0,12
75424,1.0,12
75432,1.0,12
75440,1.0,12
75472,0.0,5
75504,1.0,12
75512,0.0,5
75520,1.0,12
75536,4.0,45
75536,1.0,12
75576,0.0,5
75576,2.0,24
75600,0.0,3
75600,3.0,41
75608,1.0,13
75608,1.0,12
75616,1.0,12
75632,1.0,12
75648,0.0,5
75648,0.0,5
75672,0.0,5
75672,1.0,12
75696,1.0,12
75696,1.0,12
75696,4.0,41
75712,1.0,12
75736,0.0,5
75744,1.0,12
75744,1.0,12
75768,1.0,12
75768,1.0,12
75792,1.0,12
75792,1.0,12
75832,1.0,12
75840,1.0,12
75840,1.0,12
75864,1.0,12
75864,1.0,12
75872,0.0,5
75880,0.0,5
75888,1.0,12
75928,0.0,5
75960,1.0,12
75968,1.0,12
75968,0.0,5
75968,1.0,13
75976,2.0,23
75976,1.0,12
75992,0.0,3
76008,0.0,5
76008,0.0,5
76016,0.0,5
76032,0.0,5
76040,4.0,41
76048,0.0,5
76048,0.0,5
76056,0.0,5
76072,1.0,12
76072,0.0,3
76080,1.0,15
76120,0.0,5
76128,1.0,12
76136,1.0,12
76168,1.0,12
76168,1.0,15
76200,4.0,45
76208,0.0,5
76208,1.0,17
76216,1.0,12
76224,1.0,12
76232,0.0,3
76240,1.0,13
76256,0.0,5
76264,0.0,5
76272,0.0,5
76296,1.0,12
76304,0.0,5
76304,1.0,12
76336,1.0,12
76344,0.0,5
76344,3.0,36
76344,0.0,5
76352,2.0,23
76352,1.0,12
76392,1.0,12
76432,1.0,12
76440,1.0,12
76440,1.0,12
76448,1.0,12
76448,1.0,12
76472,0.0,5
76480,1.0,17
76488,0.0,5
76488,0.0,5
76488,1.0,12
76512,0.0,5
76520,0.0,5
76536,1.0,12
76584,1.0,12
76584,1.0,12
76592,1.0,13
76600,4.0,41
76608,1.0,12
76608,0.0,3
76608,0.0,3
76624,2.0,23
76632,1.0,12
76632,0.0,5
76640,0.0,5
76648,0.0,5
76648,0.0,5
76704,2.0,23
76704,1.0,12
76720,1.0,12
76728,1.0,12
76736,1.0,12
76736,1.0,13
76744,1.0,12
76744,1.0,12
76784,0.0,5
76784,1.0,10
76800,1.0,12
76816,1.0,12
76824,1.0,12
76840,0.0,5
76840,1.0,12
76856,1.0,15
76864,0.0,5
76880,0.0,5
76904,0.0,5
76936,1.0,12
76976,1.0,12
77000,1.0,12
77032,1.0,12
77040,2.0,23
77096,4.0,45
77096,1.0,12
77136,1.0,12
77144,4.0,45
77144,4.0,45
77176,0.0,5
77176,4.0,45
77192,1.0,12
77192,1.0,12
77240,1.0,12
77240,1.0,12
77264,3.0,36
77272,1.0,12
77272,1.0,12
77288,1.0,12
77288,1.0,12
77320,1.0,10
77352,3.0,40
77360,0.0,5
77368,1.0,16
77368,1.0,12
77384,1.0,12
77392,1.0,13
77416,1.0,18
77424,0.0,5
77432,0.0,5
77440,1.0,11
77456,0.0,5
77456,2.0,24
77456,1.0,12
77464,1.0,12
77464,1.0,12
77464,0.0,5
77496,0.0,5
77528,1.0,12
77536,1.0,12
77552,1.0,12
77552,1.0,12
77560,1.0,12
77560,1.0,12
77568,0.0,5
77600,0.0,5
77632,1.0,12
77648,1.0,12
77648,2.0,23
77648,1.0,12
77656,1.0,12
77680,2.0,23
77688,0.0,5
77696,1.0,12
77720,0.0,5
77728,1.0,12
77744,1.0,12
77744,1.0,12
77752,1.0,12
77784,0.0,5
77792,1.0,12
77816,1.0,12
77824,0.0,5
77840,1.0,12
77856,1.0,13
77880,2.0,24
77888,1.0,12
77896,4.0,41
77912,1.0,12
77920,1.0,12
77936,1.0,12
77976,1.0,12
77992,1.0,13
77992,1.0,12
78000,0.0,3
78016,1.0,12
78032,0.0,5
78032,1.0,12
78032,0.0,5
78056,4.0,41
78072,0.0,5
78072,0.0,5
78112,1.0,12
78128,1.0,16
78136,0.0,3
78136,1.0,13
78152,1.0,12
78168,1.0,12
78168,1.0,12
78176,0.0,5
78192,0.0,5
78208,0.0,5
78208,0.0,5
78216,1.0,11
78216,1.0,10
78216,4.0,45
78240,4.0,41
78248,0.0,5
78256,0.0,5
78256,0.0,5
78272,1.0,12
78288,1.0,12
78288,0.0,5
78304,1.0,12
78312,1.0,12
78336,1.0,12
78352,1.0,12
78352,1.0,12
78352,0.0,5
78368,1.0,12
78384,1.0,12
78392,0.0,5
78400,1.0,12
78424,0.0,5
78432,1.0,12
78448,1.0,12
78448,1.0,12
78464,1.0,12
78488,0.0,3
78488,0.0,5
78488,1.0,12
78496,1.0,12
78520,1.0,12
78528,0.0,5
78528,1.0,12
78528,0.0,5
78544,1.0,12
78568,0.0,5
78568,0.0,3
78584,1.0,12
78592,1.0,12
78608,0.0,5
78608,0.0,5
78616,1.0,12
78616,4.0,41
78624,0.0,5
78624,1.0,12
78632,1.0,13
78672,0.0,5
78688,1.0,12
78704,1.0,12
78704,1.0,12
78712,1.0,12
78712,1.0,12
78720,1.0,12
78720,1.0,12
78736,0.0,3
78744,0.0,5
78768,1.0,12
78792,1.0,13
78800,1.0,12
78808,0.0,5
78808,1.0,12
78816,1.0,12
78816,1.0,12
78848,0.0,5
78848,0.0,5
78856,0.0,5
78896,1.0,12
78912,1.0,12
78936,0.0,5
78944,1.0,12
78944,1.0,12
78952,1.0,12
78992,0.0,5
79032,0.0,5
79040,1.0,12
79072,4.0,41
79072,0.0,5
79096,4.0,45
79120,4.0,41
79136,0.0,5
79136,1.0,12
79168,1.0,12
79176,0.0,5
79200,1.0,16
79200,0.0,3
79216,1.0,12
79232,1.0,12
79264,1.0,12
79272,4.0,41
79272,4.0,45
79296,1.0,12
79296,1.0,12
79296,4.0,45
79312,1.0,12
79336,0.0,5
79336,1.0,13
79368,1.0,12
79368,1.0,12
79376,0.0,5
79376,0.0,5
79392,1.0,12
79392,1.0,12
79400,1.0,17
79408,1.0,12
79408,0.0,5
79416,0.0,5
79456,0.0,5
79464,1.0,12
79472,1.0,12
79488,1.0,12
79488,1.0,12
79496,1.0,12
79504,1.0,12
79512,1.0,13
79528,0.0,5
79536,0.0,5
79552,0.0,5
79568,0.0,5
79568,1.0,12
79584,1.0,12
79600,1.0,12
79608,0.0,5
79608,0.0,5
79632,1.0,12
79640,0.0,5
79648,1.0,12
79648,0.0,5
79664,0.0,3
79680,1.0,12
79688,0.0,5
79704,1.0,12
79720,0.0,5
79728,1.0,12
79744,0.0,5
79760,0.0,5
79760,1.0,12
79760,3.0,37
79776,1.0,16
79784,4.0,41
79784,1.0,12
79784,0.0,5
79800,0.0,5
79800,0.0,5
79800,0.0,5
79824,1.0,12
79824,0.0,5
79864,0.0,5
79872,1.0,12
79880,1.0,12
79880,1.0,12
79896,1.0,12
79896,1.0,12
79920,1.0,12
79920,0.0,5
79960,0.0,5
79968,1.0,12
79976,1.0,12
79992,1.0,12
80016,1.0,12
80072,1.0,12
80088,1.0,12
80160,2.0,24
80168,1.0,12
80168,5.0,46
80192,4.0,41
80224,4.0,41
80256,1.0,12
80264,1.0,12
80272,1.0,13
80288,1.0,12
80304,0.0,5
80320,1.0,12
80320,4.0,45
80328,0.0,5
80328,0.0,3
80352,1.0,10
80360,0.0,5
80376,4.0,45
80392,0.0,5
80400,0.0,5
80416,4.0,41
80416,1.0,12
80424,1.0,12
80440,0.0,5
80456,0.0,5
80472,1.0,12
80488,2.0,29
80488,1.0,12
80512,0.0,5
80512,1.0,12
80520,1.0,12
80584,1.0,12
80584,1.0,12
80608,1.0,12
80608,1.0,12
80616,1.0,12
80624,0.0,5
80624,2.0,23
80648,2.0,24
80664,4.0,42
80680,1.0,12
80704,0.0,5
80712,1.0,12
80712,1.0,13
80720,0.0,5
80720,1.0,12
80720,1.0,12
80728,0.0,3
80744,1.0,12
80768,2.0,20
80784,0.0,5
80808,1.0,12
80808,1.0,12
80816,1.0,12
80816,1.0,12
80824,1.0,12
80848,1.0,16
80856,0.0,5
80880,1.0,12
80888,0.0,5
80896,1.0,16
80896,0.0,5
80904,1.0,12
80904,1.0,12
80920,1.0,12
80936,0.0,5
80944,0.0,5
80976,1.0,12
81016,1.0,12
81024,1.0,17
81032,1.0,12
81040,1.0,12
81056,0.0,5
81064,0.0,5
81072,0.0,5
81080,0.0,5
81088,2.0,24
81096,0.0,5
81120,0.0,5
81136,2.0,20
81160,1.0,12
81168,1.0,12
81176,0.0,5
81176,4.0,45
81184,1.0,12
81192,1.0,12
81208,0.0,5
81224,0.0,5
81232,0.0,5
81264,4.0,45
81272,1.0,12
81280,1.0,13
81296,0.0,3
81304,0.0,5
81304,1.0,12
81304,2.0,23
81320,0.0,5
81328,1.0,12
81328,0.0,3
81344,1.0,15
81344,0.0,5
81360,0.0,5
81368,0.0,3
81368,0.0,5
81384,0.0,5
81392,1.0,12
81400,1.0,12
81400,0.0,5
81408,0.0,5
81424,0.0,3
81448,0.0,3
81480,1.0,10
81480,1.0,12
81488,4.0,41
81504,1.0,12
81504,1.0,17
81576,1.0,12
81576,1.0,12
81584,1.0,12
81600,1.0,12
81600,1.0,12
81616,0.0,5
81656,4.0,41
81672,1.0,12
81672,2.0,28
81680,1.0,12
81696,1.0,12
81696,0.0,5
81696,1.0,12
81752,4.0,45
81768,1.0,12
81776,1.0,13
81792,1.0,12
81792,1.0,12
81816,1.0,15
81816,0.0,3
81848,1.0,10
81848,1.0,12
81888,1.0,12
81912,0.0,3
81912,1.0,12
81920,1.0,13
81928,1.0,10
81944,4.0,41
81944,1.0,12
81952,0.0,5
81968,0.0,5
82008,2.0,29
82008,1.0,12
82032,0.0,3
82040,1.0,12
82040,1.0,12
82040,4.0,45
82048,1.0,10
82080,0.0,5
82128,1.0,12
82136,1.0,12
82136,1.0,12
82168,0.0,5
82176,1.0,12
82176,2.0,28
82232,1.0,12
82232,1.0,12
82264,1.0,12
82272,1.0,12
82272,1.0,12
82272,0.0,5
82280,4.0,45
82312,0.0,5
82328,1.0,12
82352,1.0,10
82352,0.0,3
82360,1.0,12
82368,4.0,45
82376,4.0,41
82376,1.0,12
82416,0.0,5
82416,0.0,5
82448,1.0,12
82456,1.0,12
82456,1.0,13
82464,1.0,12
82472,0.0,3
82496,1.0,10
82512,1.0,12
82536,0.0,5
82536,0.0,3
82544,1.0,10
82552,1.0,12
82576,0.0,3
82584,1.0,16
82624,0.0,5
82624,1.0,11
82632,4.0,45
82640,4.0,41
82640,1.0,12
82664,0.0,3
82680,1.0,13
82712,1.0,11
82736,1.0,12
82752,1.0,15
82808,1.0,12
82832,4.0,45
82832,1.0,12
82848,1.0,12
82856,2.0,24
82864,4.0,41
82888,1.0,10
82928,0.0,5
82936,1.0,10
82944,1.0,12
82952,1.0,15
82952,4.0,41
82960,1.0,12
82968,1.0,17
82976,0.0,3
83024,1.0,12
83040,1.0,12
83040,4.0,45
83048,1.0,12
83056,1.0,12
83064,1.0,12
83072,1.0,12
83080,0.0,5
83080,0.0,3
83104,1.0,10
83104,0.0,5
83120,0.0,5
83128,1.0,10
83128,0.0,3
83128,2.0,24
83144,0.0,5
83152,1.0,10
83152,0.0,3
83160,1.0,15
83168,0.0,5
83176,1.0,12
83184,0.0,3
83192,0.0,5
83224,1.0,12
83232,0.0,5
83240,1.0,12
83248,1.0,12
83256,1.0,10
83256,0.0,3
83264,0.0,5
83264,1.0,12
83280,1.0,12
83336,1.0,12
83344,1.0,10
83352,1.0,12
83352,1.0,12
83352,2.0,29
83360,1.0,12
83360,0.0,3
83376,0.0,3
83376,1.0,16
83384,0.0,5
83400,1.0,15
83416,0.0,5
83424,0.0,5
83432,1.0,10
83440,0.0,3
83440,1.0,10
83448,1.0,12
83456,1.0,12
83456,0.0,3
83464,0.0,3
83496,0.0,5
83520,0.0,3
83528,1.0,10
83536,1.0,12
83536,1.0,10
83544,1.0,15
83552,2.0,22
83560,1.0,12
83560,0.0,3
83568,0.0,3
83576,0.0,3
83584,2.0,23
83600,0.0,5
83600,0.0,5
83608,0.0,3
83616,1.0,10
83616,1.0,12
83616,0.0,5
83616,1.0,11
83624,0.0,3
83640,0.0,3
83640,0.0,3
83664,1.0,12
83680,0.0,5
83696,1.0,10
83704,1.0,12
83704,0.0,5
83712,1.0,12
83728,0.0,3
83752,0.0,5
83752,0.0,3
83776,1.0,12
83784,1.0,10
83792,2.0,24
83816,1.0,15
83848,1.0,12
83856,2.0,29
83856,1.0,10
83864,1.0,14
83880,1.0,12
83888,0.0,5
83888,1.0,12
83896,0.0,5
83896,0.0,4
83928,0.0,5
83952,1.0,12
83968,1.0,10
83968,4.0,41
83992,1.0,12
84008,0.0,5
84024,1.0,12
84024,1.0,16
84048,1.0,12
84064,1.0,12
84088,0.0,5
84120,1.0,16
84120,1.0,12
84144,4.0,41
84144,1.0,10
84152,1.0,16
84176,0.0,3
84184,0.0,5
84184,1.0,12
84200,0.0,3
84200,1.0,10
84216,1.0,12
84224,0.0,5
84240,4.0,45
84240,1.0,12
84256,0.0,5
84264,0.0,5
84280,1.0,12
84296,1.0,12
84296,1.0,12
84320,0.0,5
84336,1.0,12
84336,1.0,12
84360,1.0,12
84368,4.0,45
84392,1.0,12
84392,1.0,12
84408,0.0,5
84416,1.0,12
84432,0.0,5
84432,1.0,12
84432,1.0,12
84448,2.0,24
84472,0.0,5
84504,1.0,12
84512,0.0,5
84512,1.0,12
84528,1.0,12
84528,1.0,12
84544,1.0,12
84552,2.0,24
84568,0.0,5
84600,1.0,12
84608,1.0,12
84608,1.0,12
84624,1.0,12
84624,2.0,29
84640,0.0,5
84648,0.0,5
84648,1.0,12
84680,0.0,5
84688,0.0,5
84712,1.0,13
84720,1.0,12
84720,1.0,12
84744,1.0,12
84752,0.0,5
84800,1.0,10
84816,1.0,12
84840,1.0,12
84840,0.0,5
84848,1.0,12
84872,4.0,41
84880,2.0,24
84928,4.0,45
84936,1.0,12
84944,1.0,12
84968,0.0,5
84968,1.0,12
84976,1.0,12
85008,3.0,41
85032,1.0,12
85040,1.0,12
85064,1.0,12
85064,1.0,12
85128,1.0,12
85144,1.0,17
85144,1.0,13
85160,1.0,12
85176,4.0,45
85184,0.0,5
85184,0.0,5
85200,4.0,45
85224,1.0,12
85224,0.0,5
85240,0.0,5
85256,2.0,24
85264,1.0,13
85272,1.0,12
85280,1.0,12
85280,0.0,5
85304,0.0,5
85320,1.0,12
85328,1.0,13
85336,4.0,45
85352,1.0,12
85368,1.0,12
85368,0.0,5
85376,1.0,12
85376,1.0,12
85416,0.0,5
85432,1.0,12
85464,1.0,12
85472,1.0,12
85504,0.0,5
85512,1.0,12
85512,2.0,24
85528,1.0,12
85544,2.0,24
85568,1.0,12
85608,1.0,12
85624,1.0,12
85640,1.0,12
85640,1.0,16
85664,1.0,12
85664,4.0,45
85664,0.0,5
85696,4.0,41
85704,0.0,5
85736,1.0,12
85736,1.0,12
85736,1.0,16
85744,0.0,5
85760,0.0,3
85760,1.0,12
85776,0.0,5
85792,1.0,12
85832,1.0,12
85840,1.0,12
85856,1.0,12
85856,1.0,10
85864,4.0,45
85872,0.0,5
85880,0.0,5
85888,1.0,12
85952,1.0,12
85952,1.0,12
85952,3.0,36
85960,1.0,12
85968,1.0,12
85976,1.0,12
85976,0.0,3
85984,1.0,12
86000,0.0,5
86000,0.0,3
86008,0.0,5
86008,0.0,3
86040,0.0,5
86048,3.0,36
86048,1.0,12
86072,0.0,3
86072,1.0,12
86088,1.0,10
86088,0.0,5
86096,1.0,12
86096,0.0,3
86112,0.0,5
86120,0.0,3
86136,1.0,12
86152,0.0,5
86160,0.0,5
86184,1.0,12
86192,0.0,5
86192,2.0,23
86192,1.0,12
86216,0.0,3
86232,1.0,12
86232,0.0,5
86240,0.0,3
86256,0.0,3
86272,1.0,14
86272,0.0,4
86288,1.0,12
86296,0.0,5
86312,4.0,45
86320,2.0,29
86336,0.0,3
86344,0.0,3
86368,1.0,12
86368,1.0,10
86368,2.0,23
86376,0.0,5
86392,1.0,15
86392,0.0,3
86400,2.0,21
86408,0.0,5
86416,0.0,3
86432,0.0,5
86456,1.0,10
86456,0.0,5
86464,1.0,12
86480,2.0,23
86488,0.0,3
86496,0.0,5
86496,1.0,12
86520,0.0,5
86528,2.0,23
86544,1.0,14
86592,1.0,12
86608,1.0,11
86616,0.0,3
86624,1.0,12
86640,1.0,12
86648,0.0,5
86656,0.0,5
86664,0.0,5
86720,4.0,39
86720,1.0,10
86736,1.0,11
86744,1.0,10
86752,1.0,12
86768,4.0,39
86776,0.0,5
86808,4.0,39
86816,4.0,41
86816,1.0,12
86816,1.0,12
86832,1.0,10
86840,1.0,12
86856,0.0,5
86856,0.0,5
86864,1.0,12
86872,1.0,12
86880,0.0,5
86896,1.0,10
86896,0.0,5
86904,1.0,12
86928,1.0,12
86936,1.0,10
86936,0.0,5
86944,1.0,10
86952,1.0,10
86976,0.0,5
86976,0.0,5
86976,1.0,12
86984,1.0,10
86984,0.0,5
86992,1.0,12
87016,0.0,5
87024,0.0,5
87024,0.0,5
87024,1.0,12
87048,1.0,12
87064,0.0,5
87064,0.0,5
87064,0.0,5
87072,1.0,12
87072,1.0,12
87088,1.0,12
87104,0.0,5
87112,0.0,5
87112,1.0,12
87144,1.0,12
87152,0.0,5
87160,1.0,12
87160,1.0,12
87168,1.0,12
87184,0.0,5
87184,1.0,12
87192,0.0,5
87200,1.0,12
87208,1.0,12
87240,0.0,5
87248,0.0,5
87256,1.0,12
87264,1.0,12
87280,1.0,12
87288,1.0,12
87320,0.0,5
87336,1.0,12
87344,1.0,12
87352,1.0,12
87360,0.0,5
87368,0.0,3
87368,1.0,13
87368,2.0,23
87376,0.0,5
87384,1.0,12
87400,0.0,5
87408,0.0,5
87408,0.0,5
87408,0.0,5
87432,0.0,3
87440,0.0,5
87448,0.0,5
87448,1.0,12
87472,1.0,12
87480,1.0,12
87488,4.0,41
87504,0.0,3
87528,1.0,12
87536,1.0,12
87544,1.0,12
87544,0.0,5
87544,1.0,12
87568,1.0,12
87576,0.0,5
87584,1.0,12
87600,2.0,24
87624,1.0,12
87640,0.0,5
87640,1.0,12
87640,1.0,12
87640,1.0,12
87664,0.0,3
87664,1.0,12
87680,0.0,5
87680,1.0,12
87688,0.0,3
87704,1.0,16
87736,1.0,12
87736,1.0,12
87760,0.0,3
87768,1.0,13
87776,1.0,12
87776,1.0,12
87776,0.0,5
87800,1.0,12
87816,0.0,5
87840,0.0,5
87856,1.0,12
87864,1.0,12
87872,1.0,12
87872,1.0,12
87880,0.0,5
87896,0.0,5
87912,1.0,12
87944,3.0,40
87944,1.0,10
87952,1.0,10
87952,1.0,10
87968,0.0,3
87976,1.0,12
87992,0.0,5
88016,4.0,41
88032,1.0,15
88032,0.0,5
88040,1.0,12
88040,0.0,3
88048,1.0,12
88056,1.0,10
88064,2.0,21
88064,1.0,12
88072,0.0,5
88072,0.0,3
88088,0.0,3
88112,1.0,10
88112,0.0,5
88120,1.0,10
88136,0.0,3
88136,1.0,12
88152,1.0,12
88160,1.0,12
88160,0.0,3
88176,0.0,5
88208,1.0,12
88216,1.0,12
88240,2.0,21
88240,0.0,3
88248,0.0,5
88256,1.0,12
88272,1.0,12
88280,1.0,15
88280,0.0,5
88336,1.0,12
88352,1.0,10
88376,1.0,12
88416,4.0,41
88432,1.0,12
88456,0.0,3
88480,4.0,41
88496,0.0,5
88504,0.0,3
88512,1.0,12
88560,4.0,39
88584,4.0,41
88592,1.0,12
88592,4.0,39
88592,1.0,10
88600,1.0,12
88632,0.0,5
88656,1.0,12
88672,1.0,10
88672,0.0,5
88680,1.0,10
88680,1.0,12
88688,1.0,12
88712,4.0,45
88712,0.0,5
88736,1.0,10
88736,4.0,45
88760,1.0,10
88768,1.0,12
88776,0.0,5
88776,1.0,12
88808,1.0,12
88808,1.0,15
88816,0.0,5
88816,0.0,5
88832,1.0,12
88856,0.0,5
88856,0.0,5
88856,0.0,3
88856,1.0,12
88864,1.0,12
88896,0.0,5
88904,0.0,5
88904,1.0,12
88904,1.0,12
88936,0.0,5
88944,0.0,5
88952,1.0,12
88952,1.0,12
88976,0.0,5
88984,0.0,5
89000,1.0,12
89016,0.0,5
89024,0.0,5
89024,4.0,39
89048,1.0,12
89048,1.0,12
89056,0.0,5
89064,0.0,5
89088,0.0,5
89104,0.0,5
89104,1.0,13
89120,1.0,12
89128,0.0,5
89144,0.0,5
89144,0.0,5
89144,3.0,36
89152,1.0,12
89176,1.0,16
89184,0.0,5
89192,0.0,5
89216,1.0,12
89224,0.0,5
89224,1.0,12
89232,4.0,41
89240,1.0,12
89240,1.0,12
89280,0.0,5
89304,1.0,16
89312,1.0,12
89320,1.0,12
89320,0.0,5
89320,1.0,16
89328,1.0,12
89336,1.0,12
89360,0.0,5
89400,1.0,12
89416,1.0,12
89416,1.0,12
89424,1.0,12
89432,1.0,12
89440,0.0,3
89440,1.0,16
89456,2.0,29
89456,1.0,12
89456,0.0,5
89480,0.0,5
89496,1.0,12
89496,0.0,5
89496,0.0,5
89520,1.0,12
89536,0.0,5
89536,1.0,13
89536,0.0,5
89536,1.0,12
89552,1.0,12
89560,0.0,5
89576,1.0,12
89576,0.0,5
89592,1.0,12
89600,0.0,5
89624,1.0,11
89632,1.0,12
89632,1.0,12
89664,0.0,5
89672,1.0,12
89672,1.0,12
89688,1.0,12
89696,1.0,12
89728,1.0,12
89736,0.0,5
89760,1.0,12
89760,0.0,3
89768,1.0,12
89784,1.0,12
89784,1.0,14
89792,0.0,3
89808,0.0,3
89824,0.0,5
89824,1.0,12
89832,0.0,5
89840,1.0,10
89848,0.0,5
89856,1.0,12
89872,0.0,5
89880,4.0,41
89904,0.0,3
89944,0.0,5
89952,1.0,12
89952,1.0,10
89960,4.0,41
89968,0.0,3
89992,0.0,5
89992,0.0,5
90008,0.0,5
90032,0.0,5
90048,2.0,28
90048,0.0,5
90056,1.0,12
90080,1.0,11
90088,0.0,5
90096,0.0,5
90120,0.0,5
90128,0.0,5
90136,0.0,5
90152,4.0,41
90160,4.0,39
90160,0.0,5
90168,0.0,5
90168,4.0,41
90192,0.0,5
90200,0.0,5
90200,0.0,5
90208,0.0,5
90216,2.0,21
90240,0.0,5
90240,0.0,5
90248,0.0,5
90264,1.0,12
90280,0.0,5
90280,0.0,5
90288,0.0,5
90288,1.0,12
90312,1.0,12
90320,0.0,5
90328,0.0,5
90328,0.0,5
90344,4.0,39
90352,0.0,5
90360,1.0,12
90368,0.0,5
90416,1.0,12
90440,1.0,12
90448,1.0,12
90456,1.0,12
90464,1.0,12
90464,4.0,41
90480,0.0,5
90496,1.0,10
90520,2.0,24
90552,1.0,12
90560,1.0,12
90560,1.0,12
90576,1.0,12
90592,1.0,12
90592,0.0,5
90600,0.0,5
90608,4.0,41
90616,1.0,12
90632,0.0,5
90640,0.0,5
90648,0.0,5
90672,0.0,5
90688,1.0,12
90696,1.0,10
90736,1.0,12
90736,0.0,5
90744,1.0,12
90752,2.0,24
90768,1.0,12
90808,4.0,45
90832,1.0,12
90840,1.0,12
90864,1.0,12
90872,0.0,5
90904,1.0,12
90912,0.0,5
90936,4.0,45
90936,1.0,12
90944,2.0,24
90952,0.0,5
90984,0.0,5
90992,1.0,16
91000,1.0,12
91016,4.0,41
91032,1.0,12
91032,1.0,12
91064,4.0,41
91080,1.0,12
91088,1.0,12
91112,1.0,10
91112,1.0,12
91128,1.0,12
91152,0.0,5
91160,1.0,12
91176,1.0,12
91184,1.0,12
91192,0.0,5
91200,2.0,25
91208,1.0,12
91208,0.0,3
91216,0.0,5
91224,1.0,12
91240,3.0,36
91256,0.0,5
91280,0.0,5
91296,1.0,12
91304,1.0,12
91304,1.0,12
91320,1.0,12
91384,2.0,24
91392,1.0,14
91408,1.0,13
91424,1.0,13
91448,2.0,24
91480,1.0,12
91480,3.0,40
91488,0.0,5
91488,1.0,12
91520,0.0,5
91520,0.0,5
91528,0.0,5
91536,1.0,16
91560,0.0,3
91560,0.0,5
91568,0.0,5
91616,1.0,12
91640,0.0,3
91656,4.0,45
91664,4.0,45
91680,0.0,5
91680,2.0,24
91688,1.0,15
91704,3.0,35
91720,0.0,5
91744,0.0,3
91760,1.0,12
91776,1.0,12
91784,0.0,5
91784,1.0,12
91800,1.0,12
91840,3.0,35
91856,1.0,10
91856,1.0,12
91880,1.0,10
91880,1.0,12
91880,0.0,3
91880,1.0,12
91896,0.0,5
91896,3.0,42
91896,2.0,30
91920,0.0,5
91920,0.0,5
91920,0.0,5
91936,0.0,5
91944,0.0,3
91960,0.0,5
91960,1.0,10
91960,0.0,5
91992,1.0,12
91992,1.0,12
92000,0.0,5
92016,0.0,3
92024,2.0,23
92032,1.0,12
92032,0.0,5
92040,1.0,12
92048,0.0,3
92056,0.0,3
92064,0.0,3
92080,1.0,15
92096,1.0,12
92104,0.0,3
92112,1.0,10
92112,1.0,12
92144,1.0,12
92144,0.0,5
92152,1.0,12
92208,1.0,12
92224,1.0,10
92224,1.0,10
92232,0.0,3
92232,1.0,10
92256,2.0,24
92320,4.0,45
92328,1.0,12
92328,1.0,12
92328,2.0,29
92344,1.0,15
92352,0.0,3
92352,1.0,12
92368,0.0,3
92408,0.0,5
92424,1.0,12
92432,1.0,10
92432,1.0,10
92440,1.0,15
92448,0.0,5
92456,0.0,3
92456,0.0,3
92464,0.0,3
92472,0.0,3
92472,4.0,45
92480,0.0,3
92520,1.0,12
92520,0.0,5
92552,1.0,12
92560,1.0,12
92584,4.0,45
92592,1.0,15
92592,1.0,15
92600,1.0,10
92608,0.0,3
92616,1.0,12
92616,0.0,3
92640,1.0,10
92656,0.0,5
92680,1.0,10
92680,1.0,16
92688,1.0,12
92688,4.0,45
92696,0.0,5
92712,0.0,3
92712,0.0,3
92752,0.0,5
92800,1.0,15
92808,2.0,25
92832,1.0,10
92840,0.0,5
92880,0.0,5
92888,1.0,10
92896,2.0,23
92912,2.0,29
92928,1.0,12
92952,0.0,5
92976,4.0,45
92984,1.0,12
93000,4.0,45
93016,1.0,17
93016,0.0,5
93024,0.0,5
93048,1.0,12
93056,1.0,16
93056,4.0,45
93088,2.0,24
93096,1.0,12
93096,1.0,10
93096,0.0,5
93112,1.0,12
93128,1.0,10
93136,0.0,5
93152,1.0,12
93152,0.0,5
93184,1.0,12
93224,1.0,12
93232,1.0,12
93248,1.0,12
93248,1.0,12
93280,1.0,12
93280,2.0,23
93320,1.0,12
93336,2.0,30
93344,1.0,12
93344,1.0,12
93376,1.0,12
93384,1.0,13
93384,4.0,45
93416,1.0,12
93424,0.0,5
93424,2.0,24
93448,1.0,13
93448,1.0,13
93456,0.0,5
93480,1.0,12
93488,0.0,5
93488,0.0,5
93528,0.0,5
93528,0.0,5
93536,2.0,25
93552,1.0,12
93568,0.0,5
93568,0.0,5
93576,0.0,5
93576,1.0,12
93608,0.0,5
93608,0.0,5
93608,2.0,23
93608,2.0,23
93616,0.0,5
93672,4.0,37
93704,1.0,12
93704,1.0,12
93736,2.0,23
93744,1.0,16
93744,0.0,5
93768,2.0,24
93768,1.0,12
93776,0.0,5
93784,0.0,5
93784,0.0,5
93792,2.0,23
93840,1.0,17
93872,1.0,12
93872,1.0,13
93880,1.0,12
93880,1.0,12
93928,2.0,20
93936,4.0,41
93968,1.0,12
93968,0.0,5
93968,1.0,12
93976,1.0,12
94008,0.0,5
94024,2.0,29
94032,1.0,12
94032,2.0,24
94048,0.0,5
94064,1.0,12
94072,0.0,5
94120,1.0,12
94128,1.0,12
94144,1.0,12
94160,1.0,12
94168,0.0,5
94184,0.0,5
94208,4.0,41
94216,1.0,12
94264,1.0,13
94280,1.0,12
94304,1.0,12
94312,1.0,12
94320,0.0,5
94320,2.0,19
94328,4.0,45
94336,4.0,45
94360,1.0,12
94368,0.0,5
94376,0.0,5
94400,4.0,41
94416,1.0,13
94416,1.0,12
94440,0.0,5
94480,0.0,5
94512,1.0,12
94560,2.0,24
94576,1.0,12
94616,2.0,30
94616,0.0,5
94616,1.0,13
94656,0.0,5
94656,1.0,12
94664,4.0,45
94680,4.0,45
94688,4.0,41
94752,1.0,12
94760,1.0,12
94776,1.0,12
94776,4.0,45
94784,1.0,12
94800,1.0,18
94800,2.0,23
94808,2.0,24
94816,0.0,5
94848,1.0,12
94848,0.0,5
94872,1.0,12
94880,1.0,12
94912,1.0,12
94920,2.0,20
94936,1.0,17
94944,1.0,12
94944,0.0,3
94944,1.0,12
94960,0.0,3
94968,1.0,12
94976,1.0,12
94984,2.0,23
94984,0.0,5
95008,1.0,12
95040,1.0,12
95080,1.0,12
95080,1.0,13
95104,1.0,12
95120,0.0,5
95120,0.0,5
95136,1.0,12
95168,2.0,23
95184,2.0,30
95200,2.0,29
95200,1.0,12
95216,1.0,12
95216,1.0,12
95224,0.0,3
95232,1.0,12
95256,0.0,5
95296,1.0,12
95304,1.0,17
95312,1.0,12
95320,1.0,12
95320,4.0,45
95328,1.0,12
95336,0.0,5
95352,1.0,12
95392,0.0,5
95424,1.0,12
95432,1.0,12
95440,1.0,16
95440,1.0,15
95448,1.0,16
95448,0.0,3
95456,0.0,3
95464,0.0,3
95488,1.0,12
95504,0.0,5
95528,0.0,3
95536,1.0,12
95544,1.0,12
95544,4.0,45
95552,1.0,13
95568,0.0,5
95568,1.0,10
95624,1.0,10
95664,4.0,45
95664,1.0,15
95664,1.0,12
95672,1.0,17
95688,0.0,3
95696,0.0,3
95720,1.0,12
95736,2.0,23
95760,0.0,5
95760,2.0,24
95760,1.0,12
95784,1.0,15
95784,1.0,12
95808,0.0,3
95816,4.0,45
95864,1.0,13
95904,0.0,5
95936,2.0,30
95936,1.0,15
95936,1.0,16
95944,2.0,23
95944,0.0,5
95960,2.0,22
95976,0.0,5
95976,0.0,5
95984,0.0,3
96024,0.0,5
96072,1.0,12
96072,1.0,12
96096,4.0,45
96120,4.0,45
96160,0.0,5
96168,1.0,12
96192,1.0,12
96232,0.0,5
96256,1.0,12
96264,2.0,24
96272,3.0,41
96272,3.0,42
96272,0.0,5
96304,4.0,45
96368,1.0,12
96384,4.0,45
96440,2.0,23
96456,2.0,23
96464,2.0,24
96480,1.0,12
96488,2.0,23
96504,0.0,5
96520,0.0,5
96536,1.0,12
96536,4.0,46
96552,1.0,12
96560,0.0,5
96560,4.0,37
96576,0.0,5
96584,1.0,12
96600,0.0,5
96600,1.0,12
96616,2.0,31
96632,1.0,12
96672,1.0,12
96744,2.0,23
96744,2.0,24
96768,2.0,23
96792,2.0,24
96816,2.0,23
96840,1.0,12
96864,2.0,24
96864,1.0,12
96888,1.0,12
96912,1.0,12
96960,1.0,12
96960,4.0,45
96960,1.0,12
96976,4.0,45
96976,1.0,17
96992,1.0,13
97000,0.0,5
97040,4.0,37
97056,1.0,18
97056,1.0,12
97064,1.0,13
97072,1.0,12
97112,0.0,5
97144,1.0,13
97192,2.0,24
97208,2.0,29
97248,2.0,23
97248,2.0,24
97248,0.0,5
97304,2.0,24
97344,1.0,12
97344,1.0,12
97344,1.0,12
97352,4.0,45
97376,2.0,23
97400,1.0,12
97416,4.0,45
97440,1.0,12
97440,1.0,12
97440,1.0,12
97448,1.0,12
97456,0.0,5
97472,1.0,12
97480,0.0,5
97488,0.0,5
97504,4.0,45
97520,0.0,5
97536,1.0,12
97536,1.0,12
97544,0.0,5
97552,1.0,12
97584,1.0,12
97640,1.0,13
97648,1.0,12
97704,2.0,29
97736,1.0,12
97736,2.0,25
97744,0.0,5
97744,1.0,12
97760,4.0,45
97776,0.0,5
97784,0.0,3
97824,2.0,30
97832,1.0,12
97840,1.0,12
97840,3.0,40
97840,1.0,12
97848,3.0,38
97872,1.0,12
97880,0.0,5
97888,0.0,5
97936,1.0,13
97968,1.0,12
98024,2.0,30
98024,2.0,23
98024,2.0,23
98072,2.0,24
98120,1.0,12
98120,1.0,12
98120,1.0,12
98128,2.0,30
98184,4.0,45
98192,2.0,28
98216,1.0,12
98216,1.0,12
98216,1.0,12
98224,1.0,12
98232,0.0,5
98240,0.0,3
98264,0.0,5
98272,0.0,5
98280,1.0,12
98296,4.0,45
98312,1.0,12
98336,0.0,3
98368,1.0,12
98392,1.0,12
98400,3.0,41
98408,1.0,16
98416,0.0,3
98456,0.0,5
98496,1.0,12
98536,1.0,10
98560,2.0,24
98576,1.0,10
98576,4.0,45
98600,2.0,24
98600,4.0,45
98616,0.0,5
98616,0.0,5
98624,4.0,45
98640,0.0,3
98640,0.0,3
98656,1.0,12
98664,1.0,16
98664,0.0,3
98680,0.0,5
98696,4.0,45
98728,1.0,16
98744,1.0,15
98776,1.0,12
98792,1.0,12
98816,0.0,5
98840,1.0,12
98888,1.0,12
98888,3.0,36
98904,2.0,30
98912,1.0,12
98912,0.0,3
98952,2.0,28
99000,4.0,42
99000,1.0,12
99008,1.0,12
99016,4.0,45
99048,0.0,5
99048,1.0,12
99048,1.0,17
99080,2.0,24
99088,0.0,5
99088,0.0,5
99088,0.0,5
99096,1.0,12
99096,1.0,12
99112,0.0,3
99136,1.0,15
99136,0.0,3
99160,0.0,3
99176,1.0,12
99184,0.0,3
99184,1.0,12
99184,1.0,12
99200,4.0,45
99208,0.0,3
99232,1.0,17
99296,1.0,12
99320,2.0,23
99328,1.0,12
99360,0.0,5
99360,2.0,23
99376,2.0,24
99376,2.0,24
99376,1.0,10
99456,4.0,45
99472,1.0,12
99472,1.0,12
99472,1.0,12
99496,0.0,3
99552,1.0,12
99568,4.0,45
99568,1.0,12
99576,0.0,3
99576,1.0,13
99648,3.0,40
99664,1.0,12
99664,1.0,12
99720,4.0,45
99736,4.0,47
99744,1.0,10
99744,1.0,12
99760,1.0,12
99760,0.0,5
99784,0.0,5
99800,2.0,28
99800,2.0,28
99832,1.0,11
99856,1.0,12
99856,1.0,12
99856,4.0,45
99872,0.0,5
99896,1.0,12
99896,1.0,12
99952,1.0,12
99952,1.0,12
99960,1.0,13
