timesteps,reward,episode_length
40,0.0,5
40,0.0,5
40,0.0,5
40,0.0,5
40,0.0,5
40,0.0,5
40,0.0,5
64,0.0,3
64,0.0,3
80,0.0,5
80,0.0,5
80,0.0,5
80,0.0,5
88,0.0,3
104,0.0,5
120,0.0,5
120,0.0,5
120,0.0,5
128,1.0,16
128,0.0,5
128,0.0,3
136,1.0,12
152,0.0,3
160,0.0,5
160,0.0,3
160,0.0,5
168,0.0,5
168,0.0,5
192,0.0,5
200,0.0,5
200,0.0,5
200,1.0,15
208,0.0,5
208,0.0,5
224,0.0,3
240,0.0,5
240,0.0,5
248,0.0,5
264,0.0,5
280,0.0,5
288,0.0,3
320,0.0,5
320,1.0,14
328,2.0,21
336,1.0,12
344,0.0,3
352,2.0,20
360,0.0,5
368,0.0,5
376,1.0,16
392,0.0,5
416,1.0,16
432,0.0,5
432,1.0,12
432,3.0,39
456,0.0,5
456,0.0,3
456,0.0,3
472,1.0,16
480,0.0,3
480,0.0,3
496,0.0,3
512,1.0,17
520,0.0,5
520,0.0,5
536,2.0,21
536,0.0,5
544,2.0,23
552,1.0,15
552,0.0,5
560,0.0,5
560,0.0,5
576,0.0,5
576,0.0,5
584,0.0,5
584,0.0,3
608,0.0,3
624,0.0,5
648,1.0,12
648,0.0,5
672,0.0,3
688,0.0,5
688,1.0,14
696,1.0,15
728,0.0,5
728,0.0,5
736,2.0,23
744,2.0,23
760,0.0,3
768,0.0,5
784,4.0,41
792,2.0,21
792,0.0,3
800,0.0,5
824,1.0,12
824,0.0,5
832,0.0,5
832,0.0,5
840,1.0,12
864,2.0,24
864,0.0,3
864,0.0,5
872,0.0,5
872,0.0,5
888,0.0,3
904,0.0,5
904,0.0,5
912,0.0,5
912,0.0,5
920,2.0,28
920,1.0,15
928,0.0,5
944,0.0,5
952,0.0,5
952,0.0,5
960,0.0,5
960,0.0,5
968,0.0,5
984,0.0,5
992,0.0,5
992,0.0,5
1000,0.0,5
1000,0.0,5
1008,2.0,23
1008,0.0,5
1024,0.0,3
1024,0.0,5
1032,0.0,5
1040,0.0,5
1048,0.0,5
1064,0.0,5
1072,2.0,21
1072,0.0,3
1096,0.0,3
1104,0.0,5
1104,1.0,12
1112,0.0,5
1120,1.0,16
1136,0.0,5
1136,1.0,14
1144,1.0,14
1144,0.0,5
1152,1.0,14
1160,0.0,5
1176,0.0,5
1184,0.0,5
1184,0.0,3
1184,0.0,5
1192,0.0,5
1224,0.0,5
1224,0.0,5
1224,0.0,5
1232,1.0,15
1232,0.0,5
1264,0.0,5
1264,0.0,5
1264,0.0,5
1272,0.0,5
1272,0.0,5
1272,1.0,17
1304,0.0,5
1304,0.0,5
1304,1.0,16
1304,0.0,5
1312,0.0,5
1312,0.0,5
1312,0.0,5
1336,2.0,29
1344,0.0,5
1352,0.0,5
1352,0.0,5
1352,0.0,5
1376,0.0,5
1384,0.0,5
1392,0.0,5
1392,0.0,5
1392,0.0,5
1424,0.0,5
1432,0.0,5
1432,0.0,5
1432,1.0,16
1440,1.0,17
1456,0.0,3
1464,0.0,5
1472,0.0,5
1472,0.0,5
1480,0.0,5
1496,0.0,5
1504,0.0,5
1504,1.0,16
1504,0.0,3
1504,1.0,14
1512,0.0,5
1536,2.0,29
1536,0.0,5
1544,0.0,5
1544,0.0,5
1544,0.0,5
1544,0.0,5
1552,0.0,5
1568,1.0,12
1568,0.0,3
1568,0.0,3
1576,0.0,5
1576,0.0,5
1584,0.0,5
1584,0.0,5
1592,0.0,5
1592,0.0,3
1600,0.0,3
1608,0.0,5
1608,0.0,5
1616,0.0,5
1624,0.0,5
1632,0.0,5
1640,0.0,5
1648,0.0,5
1648,0.0,5
1656,0.0,5
1664,0.0,5
1672,0.0,5
1680,0.0,5
1688,1.0,12
1688,0.0,5
1696,0.0,5
1704,0.0,5
1712,1.0,16
1720,0.0,5
1728,0.0,5
1728,0.0,5
1736,0.0,5
1744,0.0,5
1752,0.0,5
1760,0.0,5
1768,0.0,5
1784,1.0,14
1784,0.0,5
1792,0.0,5
1800,0.0,5
1808,0.0,3
1808,0.0,5
1824,0.0,5
1832,0.0,5
1832,2.0,23
1848,1.0,14
1856,1.0,16
1856,0.0,3
1872,0.0,5
1880,0.0,3
1888,0.0,5
1896,0.0,5
1912,0.0,5
1920,0.0,3
1920,0.0,5
1920,1.0,14
1920,1.0,12
1928,0.0,5
1944,1.0,17
1952,0.0,5
1960,0.0,5
1960,0.0,5
1960,0.0,5
1960,0.0,5
1968,0.0,5
1984,0.0,5
2000,0.0,5
2000,0.0,5
2000,0.0,5
2000,0.0,5
2016,2.0,27
2024,0.0,5
2040,0.0,3
2040,0.0,5
2040,0.0,5
2040,0.0,5
2040,0.0,5
2064,1.0,14
2064,0.0,5
2080,0.0,5
2080,0.0,5
2080,0.0,5
2080,0.0,5
2104,0.0,5
2120,0.0,5
2120,0.0,5
2120,0.0,5
2144,0.0,5
2152,2.0,23
2160,0.0,5
2168,1.0,16
2192,1.0,16
2192,0.0,5
2200,0.0,5
2208,1.0,16
2208,0.0,5
2232,0.0,5
2240,1.0,12
2248,0.0,5
2248,0.0,5
2272,0.0,5
2288,1.0,12
2288,0.0,5
2304,2.0,23
2328,1.0,16
2328,0.0,5
2328,0.0,5
2344,0.0,5
2368,1.0,16
2368,0.0,5
2368,0.0,5
2376,1.0,16
2400,0.0,3
2400,1.0,16
2408,3.0,36
2408,0.0,5
2408,0.0,5
2440,0.0,5
2440,0.0,5
2448,0.0,5
2448,0.0,5
2464,1.0,15
2464,0.0,3
2480,1.0,14
2504,0.0,5
2520,0.0,5
2520,1.0,14
2544,0.0,5
2552,1.0,14
2560,0.0,5
2560,0.0,5
2568,1.0,15
2576,0.0,3
2584,0.0,5
2592,0.0,3
2600,1.0,17
2600,0.0,5
2616,0.0,5
2624,0.0,5
2632,0.0,5
2640,0.0,5
2656,3.0,41
2656,0.0,5
2672,0.0,5
2696,0.0,5
2696,0.0,5
2712,0.0,5
2720,3.0,34
2720,1.0,12
2736,0.0,5
2744,0.0,3
2752,0.0,5
2752,1.0,14
2760,0.0,5
2776,2.0,27
2776,0.0,3
2784,0.0,5
2784,2.0,23
2816,0.0,5
2816,0.0,5
2824,0.0,5
2824,1.0,16
2848,1.0,12
2856,0.0,5
2864,0.0,5
2864,0.0,5
2888,0.0,5
2896,0.0,5
2904,1.0,15
2904,0.0,5
2912,2.0,22
2928,1.0,14
2928,2.0,21
2936,0.0,5
2944,0.0,5
2944,0.0,5
2952,0.0,3
2960,0.0,3
2984,0.0,5
2984,1.0,15
2984,0.0,3
3008,0.0,3
3024,0.0,5
3024,0.0,5
3048,0.0,5
3064,0.0,5
3064,0.0,5
3072,1.0,16
3088,0.0,5
3104,2.0,27
3104,0.0,5
3112,2.0,23
3128,0.0,5
3144,0.0,5
3144,0.0,5
3144,2.0,24
3152,0.0,5
3168,0.0,5
3184,0.0,5
3184,0.0,5
3192,0.0,5
3192,1.0,16
3224,0.0,5
3224,0.0,5
3232,0.0,5
3232,0.0,5
3240,4.0,41
3256,2.0,23
3264,0.0,5
3272,0.0,5
3280,0.0,5
3280,0.0,3
3304,0.0,5
3304,0.0,3
3312,0.0,5
3320,0.0,5
3328,0.0,3
3344,0.0,5
3352,0.0,3
3360,0.0,5
3376,1.0,18
3384,2.0,27
3384,0.0,5
3392,0.0,5
3416,0.0,3
3416,0.0,5
3424,1.0,14
3424,0.0,5
3432,3.0,36
3440,0.0,3
3456,1.0,12
3464,0.0,5
3464,0.0,5
3472,0.0,5
3480,0.0,5
3504,0.0,3
3512,0.0,5
3512,1.0,16
3536,4.0,39
3544,0.0,5
3544,1.0,16
3552,0.0,5
3552,0.0,5
3576,0.0,5
3584,1.0,16
3584,0.0,5
3584,1.0,15
3584,0.0,5
3592,0.0,5
3608,0.0,3
3616,0.0,5
3624,0.0,5
3624,0.0,5
3624,0.0,5
3632,0.0,5
3648,0.0,5
3648,1.0,12
3656,0.0,3
3656,0.0,5
3664,0.0,5
3664,0.0,5
3664,0.0,5
3672,0.0,3
3672,0.0,3
3680,2.0,27
3696,0.0,5
3696,0.0,5
3704,0.0,5
3704,0.0,5
3712,0.0,5
3720,0.0,5
3736,0.0,5
3744,0.0,5
3744,0.0,5
3752,0.0,5
3760,0.0,5
3768,0.0,3
3776,0.0,5
3800,1.0,17
3800,0.0,5
3808,1.0,14
3808,0.0,5
3808,1.0,17
3824,0.0,3
3840,0.0,5
3848,0.0,5
3864,0.0,5
3872,0.0,3
3880,0.0,5
3880,1.0,17
3904,1.0,16
3904,1.0,12
3904,0.0,5
3912,0.0,5
3920,0.0,5
3920,1.0,14
3920,0.0,5
3928,0.0,3
3944,0.0,5
3944,0.0,5
3952,0.0,5
3960,0.0,5
3960,0.0,5
3968,0.0,5
3984,0.0,5
3984,0.0,5
3984,0.0,3
3992,0.0,5
4000,0.0,5
4008,0.0,5
4024,0.0,5
4024,0.0,5
4024,0.0,5
4032,0.0,5
4032,1.0,14
4040,0.0,5
4040,3.0,36
4048,0.0,5
4056,0.0,3
4064,0.0,3
4064,0.0,5
4064,0.0,5
4072,0.0,5
4080,0.0,3
4088,0.0,5
4104,0.0,5
4104,0.0,5
4112,0.0,5
4128,0.0,5
4136,1.0,14
4144,0.0,5
4144,0.0,5
4152,0.0,5
4168,0.0,3
4176,0.0,5
4192,0.0,5
4208,2.0,21
4208,0.0,5
4216,0.0,5
4224,2.0,20
4232,0.0,3
4248,0.0,5
4256,0.0,5
4256,1.0,14
4264,2.0,23
4264,0.0,5
4272,0.0,5
4280,0.0,3
4288,0.0,5
4304,0.0,5
4320,0.0,5
4328,0.0,5
4360,1.0,12
4368,0.0,5
4376,2.0,23
4384,1.0,16
4400,3.0,34
4408,0.0,5
4416,0.0,5
4424,1.0,15
4424,0.0,3
4432,1.0,14
4448,0.0,3
4448,0.0,5
4456,0.0,5
4456,2.0,23
4456,0.0,3
4464,0.0,5
4480,0.0,3
4488,0.0,5
4488,1.0,16
4488,0.0,5
4496,0.0,5
4496,0.0,5
4520,0.0,3
4520,0.0,5
4520,1.0,17
4528,0.0,5
4552,0.0,3
4560,0.0,5
4560,0.0,5
4560,0.0,5
4584,0.0,3
4592,1.0,16
4592,0.0,5
4600,0.0,5
4624,0.0,5
4632,0.0,5
4632,0.0,5
4640,0.0,5
4656,2.0,21
4664,0.0,5
4672,2.0,23
4672,0.0,5
4680,0.0,5
4680,0.0,3
4680,1.0,15
4704,0.0,5
4712,0.0,5
4712,0.0,5
4720,0.0,5
4720,0.0,5
4728,0.0,3
4744,0.0,3
4752,0.0,5
4760,1.0,16
4760,0.0,5
4768,0.0,5
4792,0.0,5
4800,0.0,5
4808,0.0,5
4816,1.0,17
4824,4.0,41
4832,0.0,5
4848,0.0,5
4856,0.0,3
4856,0.0,5
4864,0.0,5
4872,1.0,16
4896,0.0,3
4896,0.0,5
4896,1.0,17
4896,0.0,5
4896,1.0,12
4904,0.0,5
4936,0.0,5
4936,0.0,5
4936,0.0,5
4944,0.0,5
4960,1.0,14
4976,0.0,5
4976,0.0,5
4976,0.0,5
4992,1.0,12
5000,0.0,3
5000,0.0,5
5016,0.0,5
5016,0.0,5
5024,1.0,16
5032,0.0,5
5040,4.0,41
5040,0.0,5
5040,0.0,5
5040,0.0,3
5064,0.0,5
5072,1.0,16
5072,0.0,5
5080,0.0,5
5080,0.0,5
5080,0.0,5
5080,0.0,5
5104,0.0,5
5112,0.0,5
5112,0.0,5
5112,1.0,12
5120,0.0,5
5120,0.0,5
5120,0.0,5
5120,0.0,5
5152,0.0,5
5152,0.0,5
5152,0.0,5
5160,0.0,5
5160,0.0,5
5160,0.0,5
5200,0.0,5
5200,1.0,12
5200,0.0,5
5200,0.0,5
5224,0.0,3
5232,1.0,14
5240,0.0,5
5240,0.0,5
5264,0.0,5
5264,1.0,14
5272,0.0,5
5272,1.0,15
5280,0.0,5
5304,0.0,5
5304,0.0,5
5320,0.0,5
5328,1.0,16
5344,0.0,5
5344,0.0,5
5360,0.0,5
5368,0.0,5
5368,1.0,16
5392,1.0,15
5408,0.0,5
5408,1.0,17
5408,0.0,5
5432,0.0,5
5432,0.0,3
5440,1.0,12
5440,3.0,36
5448,0.0,5
5456,0.0,3
5488,0.0,5
5488,1.0,16
5496,0.0,5
5528,0.0,5
5528,0.0,5
5528,2.0,23
5536,1.0,12
5536,0.0,5
5568,0.0,5
5568,0.0,5
5568,1.0,17
5576,0.0,5
5576,1.0,17
5592,0.0,3
5608,0.0,5
5616,0.0,5
5616,0.0,5
5632,0.0,5
5640,2.0,29
5656,0.0,5
5656,0.0,5
5664,1.0,16
5664,1.0,17
5672,0.0,5
5680,0.0,5
5688,0.0,3
5696,0.0,5
5696,0.0,5
5704,0.0,5
5712,0.0,5
5720,0.0,5
5728,0.0,5
5728,1.0,15
5736,0.0,5
5744,0.0,5
5744,0.0,3
5768,0.0,5
5768,0.0,5
5784,0.0,5
5808,0.0,5
5808,0.0,5
5808,1.0,14
5824,0.0,5
5832,0.0,3
5848,0.0,5
5848,0.0,5
5864,0.0,5
5864,1.0,16
5872,0.0,5
5880,4.0,39
5880,2.0,21
5888,0.0,5
5888,0.0,5
5896,0.0,3
5904,0.0,5
5904,0.0,5
5904,0.0,3
5920,0.0,5
5928,0.0,5
5936,0.0,5
5944,0.0,5
5944,0.0,5
5960,0.0,5
5968,0.0,5
5976,0.0,5
5984,0.0,5
5984,0.0,5
6008,0.0,5
6016,1.0,14
6016,1.0,16
6016,0.0,5
6024,0.0,5
6024,0.0,5
6032,3.0,36
6048,0.0,5
6056,0.0,5
6056,0.0,5
6064,0.0,5
6064,0.0,5
6096,1.0,17
6096,0.0,5
6096,0.0,5
6104,0.0,5
6112,1.0,12
6128,1.0,12
6136,0.0,5
6144,0.0,5
6152,0.0,3
6152,0.0,5
6160,1.0,12
6192,0.0,5
6200,0.0,5
6208,1.0,14
6216,2.0,21
6224,1.0,16
6240,0.0,5
6248,0.0,5
6256,0.0,5
6256,1.0,14
6264,1.0,16
6264,0.0,3
6280,0.0,3
6288,1.0,17
6288,0.0,5
6296,0.0,5
6320,0.0,5
6328,0.0,5
6328,0.0,5
6336,0.0,5
6360,0.0,5
6360,1.0,12
6360,1.0,17
6376,0.0,5
6376,2.0,23
6400,0.0,5
6400,0.0,5
6416,0.0,5
6416,0.0,5
6440,1.0,14
6440,0.0,5
6440,1.0,14
6440,0.0,5
6448,2.0,23
6464,0.0,3
6472,0.0,3
6480,0.0,5
6480,0.0,5
6480,0.0,5
6504,0.0,5
6512,0.0,5
6520,0.0,5
6520,0.0,5
6520,0.0,5
6528,1.0,14
6536,1.0,15
6544,0.0,5
6544,2.0,23
6560,0.0,5
6560,0.0,5
6560,0.0,5
6568,0.0,5
6576,0.0,5
6584,0.0,5
6600,0.0,5
6600,0.0,5
6608,0.0,5
6640,0.0,5
6640,0.0,5
6648,1.0,17
6648,0.0,5
6672,1.0,14
6672,1.0,16
6680,0.0,5
6688,0.0,5
6688,0.0,5
6704,1.0,16
6712,0.0,3
6712,0.0,5
6712,0.0,5
6720,0.0,5
6728,0.0,5
6728,0.0,3
6736,0.0,3
6752,0.0,5
6752,1.0,14
6752,0.0,3
6752,0.0,5
6752,2.0,21
6760,0.0,3
6760,0.0,5
6776,0.0,3
6776,0.0,3
6792,0.0,5
6792,0.0,5
6800,0.0,5
6816,0.0,5
6824,0.0,3
6832,0.0,5
6832,0.0,5
6840,0.0,3
6872,0.0,5
6872,1.0,14
6880,0.0,5
6896,2.0,21
6904,0.0,3
6912,1.0,17
6912,0.0,5
6920,1.0,12
6936,0.0,5
6936,2.0,23
6952,0.0,5
6960,0.0,3
6960,0.0,5
6992,0.0,5
7000,0.0,5
7000,0.0,5
7024,2.0,24
7032,1.0,12
7032,1.0,16
7040,0.0,5
7048,0.0,3
7072,0.0,3
7072,0.0,5
7080,0.0,5
7080,2.0,21
7104,1.0,14
7112,0.0,5
7112,0.0,5
7120,0.0,5
7128,1.0,16
7128,1.0,12
7144,0.0,5
7152,0.0,5
7160,0.0,5
7160,3.0,36
7168,0.0,5
7168,0.0,5
7184,0.0,5
7184,0.0,3
7192,0.0,5
7200,0.0,5
7208,0.0,5
7208,0.0,5
7208,1.0,12
7224,0.0,5
7232,0.0,5
7248,2.0,21
7248,0.0,5
7264,0.0,5
7288,0.0,5
7288,0.0,5
7304,0.0,5
7312,1.0,14
7312,1.0,16
7328,1.0,15
7328,0.0,5
7328,1.0,15
7344,1.0,14
7352,0.0,5
7368,0.0,5
7368,0.0,5
7368,0.0,5
7392,0.0,5
7408,1.0,15
7416,1.0,14
7432,0.0,5
7440,1.0,12
7448,0.0,5
7472,0.0,5
7480,0.0,5
7488,0.0,5
7496,1.0,16
7496,2.0,23
7504,1.0,17
7520,0.0,5
7528,0.0,5
7536,0.0,5
7536,2.0,21
7536,0.0,5
7544,0.0,5
7552,1.0,17
7560,0.0,5
7568,0.0,5
7576,0.0,5
7576,0.0,5
7592,0.0,5
7600,0.0,5
7600,1.0,16
7616,0.0,5
7616,0.0,5
7632,0.0,5
7640,0.0,5
7640,0.0,5
7656,0.0,5
7656,0.0,5
7672,0.0,5
7672,1.0,17
7672,1.0,16
7680,0.0,5
7680,0.0,5
7696,0.0,5
7712,0.0,5
7720,0.0,5
7736,2.0,21
7736,0.0,5
7760,0.0,5
7768,1.0,12
7768,1.0,14
7776,0.0,5
7800,0.0,5
7808,0.0,5
7816,0.0,5
7832,1.0,15
7840,0.0,5
7848,0.0,5
7856,2.0,23
7856,0.0,3
7864,1.0,16
7880,0.0,3
7880,0.0,5
7880,0.0,3
7888,0.0,3
7896,1.0,16
7920,0.0,5
7920,0.0,5
7920,0.0,5
7928,1.0,14
7928,0.0,5
7944,0.0,3
7952,3.0,34
7968,0.0,5
7968,0.0,3
7992,0.0,5
8008,0.0,5
8032,0.0,5
8032,1.0,14
8032,2.0,23
8048,0.0,5
8072,0.0,5
8072,0.0,5
8072,0.0,5
8080,2.0,23
8080,1.0,14
8088,2.0,21
8088,0.0,5
8112,0.0,5
8112,0.0,5
8120,0.0,5
8120,0.0,5
8128,0.0,5
8128,0.0,5
8152,0.0,5
8160,0.0,5
8192,0.0,5
8200,1.0,16
8200,0.0,5
8224,0.0,3
8224,1.0,12
8232,0.0,5
8240,0.0,5
8240,1.0,15
8248,1.0,15
8256,3.0,41
8264,0.0,3
8264,0.0,5
8264,0.0,5
8280,0.0,5
8288,0.0,5
8288,0.0,3
8304,0.0,5
8304,0.0,5
8320,0.0,5
8328,0.0,5
8344,2.0,29
8344,0.0,5
8344,0.0,5
8344,1.0,14
8360,0.0,5
8368,0.0,5
8368,0.0,3
8376,1.0,15
8384,0.0,5
8384,0.0,5
8384,1.0,12
8400,0.0,5
8408,0.0,5
8408,0.0,5
8416,0.0,5
8424,0.0,5
8424,0.0,5
8440,0.0,5
8448,0.0,3
8448,0.0,5
8448,0.0,5
8456,0.0,5
8480,0.0,5
8488,0.0,5
8488,0.0,5
8496,1.0,14
8520,0.0,3
8520,1.0,12
8528,0.0,5
8528,0.0,5
8528,2.0,23
8544,0.0,3
8560,1.0,14
8568,0.0,3
8568,0.0,5
8584,1.0,16
8592,1.0,14
8600,0.0,5
8608,0.0,5
8608,0.0,5
8624,0.0,5
8632,0.0,5
8648,0.0,5
8656,1.0,16
8656,1.0,16
8656,1.0,17
8664,0.0,5
8672,0.0,5
8680,0.0,3
8688,0.0,5
8696,0.0,5
8696,0.0,5
8704,0.0,5
8712,0.0,5
8720,0.0,5
8728,1.0,15
8736,0.0,5
8736,0.0,5
8760,0.0,5
8768,0.0,5
8776,0.0,5
8776,0.0,5
8816,0.0,5
8816,0.0,5
8816,1.0,16
8824,1.0,15
8840,0.0,3
8848,0.0,3
8872,2.0,20
8880,0.0,5
8888,0.0,5
8896,1.0,17
8912,0.0,3
8912,0.0,5
8920,0.0,5
8928,4.0,41
8936,0.0,5
8952,1.0,17
8960,0.0,5
8968,0.0,5
8984,2.0,21
8992,0.0,5
9008,0.0,5
9024,0.0,5
9032,0.0,5
9040,3.0,34
9072,0.0,5
9088,1.0,16
9112,0.0,5
9120,2.0,23
9128,0.0,5
9144,2.0,29
9144,2.0,29
9152,0.0,5
9160,0.0,5
9168,0.0,5
9176,1.0,17
9176,2.0,21
9184,0.0,5
9184,0.0,5
9192,0.0,5
9200,0.0,3
9216,0.0,5
9224,0.0,5
9224,0.0,5
9232,0.0,5
9248,2.0,28
9256,1.0,12
9256,0.0,5
9264,0.0,5
9264,0.0,5
9288,0.0,3
9288,0.0,5
9296,0.0,5
9296,1.0,16
9296,0.0,5
9328,0.0,5
9328,0.0,5
9336,0.0,5
9336,0.0,5
9336,1.0,17
9336,0.0,5
9344,1.0,14
9352,0.0,3
9368,0.0,5
9368,0.0,3
9376,0.0,5
9376,0.0,5
9376,0.0,5
9384,1.0,15
9392,0.0,5
9408,0.0,5
9408,0.0,5
9416,0.0,5
9416,0.0,5
9416,0.0,5
9424,0.0,5
9448,0.0,5
9448,0.0,5
9456,0.0,5
9456,0.0,5
9488,0.0,5
9488,0.0,5
9496,0.0,5
9496,0.0,5
9528,0.0,5
9536,0.0,5
9536,0.0,5
9552,1.0,16
9560,2.0,21
9568,0.0,5
9576,0.0,5
9584,2.0,21
9592,0.0,5
9600,0.0,5
9608,3.0,34
9616,0.0,5
9624,1.0,17
9640,0.0,5
9648,0.0,5
9648,1.0,14
9664,0.0,5
9672,0.0,3
9680,0.0,5
9688,0.0,5
9704,0.0,5
9720,0.0,5
9720,1.0,17
9728,0.0,5
9728,1.0,14
9744,0.0,5
9744,0.0,3
9752,0.0,3
9760,0.0,5
9768,0.0,5
9784,2.0,24
9792,2.0,28
9792,0.0,5
9800,0.0,5
9800,1.0,16
9808,0.0,5
9824,0.0,5
9824,0.0,3
9832,0.0,5
9832,0.0,3
9832,0.0,5
9864,0.0,5
9864,0.0,5
9872,0.0,5
9872,0.0,5
9872,0.0,5
9872,1.0,16
9896,0.0,3
9904,0.0,5
9912,0.0,5
9912,0.0,5
9912,1.0,14
9936,0.0,5
9952,0.0,5
9952,0.0,5
9952,0.0,5
9976,1.0,14
9976,0.0,3
9992,0.0,5
9992,0.0,5
10000,0.0,3
10000,1.0,16
10016,0.0,5
10032,0.0,5
10040,0.0,5
10040,0.0,5
10056,0.0,5
10072,0.0,5
10072,1.0,17
10072,2.0,21
10080,0.0,5
10080,4.0,42
10096,0.0,5
10096,0.0,3
10112,0.0,5
10112,0.0,5
10120,0.0,5
10136,0.0,5
10136,0.0,5
10152,0.0,5
10152,0.0,5
10160,1.0,15
10160,2.0,21
10160,0.0,5
10176,0.0,5
10176,0.0,3
10184,0.0,3
10192,1.0,14
10192,0.0,5
10200,0.0,5
10200,0.0,5
10224,0.0,5
10232,0.0,5
10232,0.0,5
10240,0.0,5
10240,0.0,5
10256,0.0,3
10272,0.0,5
10280,0.0,5
10280,0.0,5
10288,1.0,14
10296,0.0,5
10304,1.0,16
10312,0.0,3
10312,0.0,5
10320,0.0,5
10320,2.0,23
10344,0.0,5
10352,0.0,5
10352,0.0,5
10360,1.0,17
10368,0.0,3
10392,0.0,5
10400,0.0,5
10408,1.0,16
10416,1.0,12
10456,0.0,5
10464,1.0,12
10488,2.0,24
10488,1.0,12
10496,0.0,5
10496,1.0,12
10504,0.0,5
10504,1.0,12
10512,2.0,24
10536,0.0,5
10536,0.0,5
10544,0.0,5
10552,0.0,5
10576,0.0,5
10584,1.0,12
10600,1.0,12
10624,1.0,17
10624,0.0,5
10640,0.0,5
10640,3.0,36
10648,1.0,12
10656,1.0,14
10664,0.0,5
10672,1.0,12
10680,0.0,5
10688,0.0,5
10696,0.0,5
10704,0.0,5
10712,0.0,5
10720,0.0,3
10720,0.0,5
10728,2.0,24
10728,0.0,5
10736,1.0,12
10744,1.0,15
10744,0.0,3
10752,0.0,3
10768,0.0,5
10776,0.0,5
10784,0.0,5
10784,0.0,5
10800,1.0,12
10800,0.0,3
10808,0.0,5
10824,1.0,14
10824,0.0,5
10824,0.0,5
10832,0.0,3
10840,0.0,5
10840,0.0,5
10856,1.0,17
10864,0.0,5
10864,0.0,5
10864,0.0,3
10864,0.0,5
10872,0.0,5
10896,0.0,5
10904,0.0,5
10904,0.0,5
10936,0.0,5
10936,2.0,23
10944,0.0,5
10976,1.0,14
10976,0.0,5
10976,1.0,14
10976,0.0,5
11000,1.0,16
11016,0.0,5
11016,0.0,5
11024,1.0,15
11024,2.0,23
11040,0.0,5
11048,0.0,3
11056,1.0,14
11064,0.0,5
11080,0.0,3
11080,0.0,5
11088,0.0,5
11096,1.0,15
11096,1.0,15
11104,0.0,3
11128,1.0,14
11128,0.0,3
11136,0.0,5
11136,1.0,15
11152,0.0,3
11160,0.0,3
11168,0.0,5
11176,0.0,5
11192,0.0,5
11200,0.0,3
11200,0.0,5
11208,1.0,16
11208,0.0,5
11208,1.0,15
11232,0.0,3
11232,0.0,3
11232,0.0,5
11240,0.0,5
11248,0.0,5
11272,0.0,5
11272,0.0,5
11272,0.0,5
11280,2.0,27
11288,0.0,5
11312,0.0,5
11312,0.0,5
11312,0.0,5
11312,1.0,14
11320,0.0,5
11328,0.0,5
11336,0.0,3
11352,0.0,5
11360,0.0,5
11376,0.0,5
11400,0.0,5
11416,0.0,5
11424,1.0,14
11424,4.0,41
11448,0.0,3
11456,0.0,5
11464,0.0,5
11480,2.0,21
11488,0.0,5
11496,0.0,5
11496,2.0,21
11504,0.0,3
11504,0.0,5
11512,0.0,3
11520,0.0,3
11528,1.0,16
11536,0.0,5
11552,0.0,3
11552,4.0,39
11552,0.0,5
11560,0.0,5
11568,2.0,27
11592,0.0,3
11632,0.0,5
11640,1.0,17
11640,1.0,17
11648,1.0,14
11664,1.0,14
11672,1.0,15
11680,1.0,16
11680,0.0,5
11688,0.0,3
11688,0.0,5
11704,0.0,3
11744,0.0,5
11752,1.0,15
11776,1.0,17
11784,0.0,5
11792,1.0,14
11792,0.0,5
11800,1.0,16
11816,0.0,5
11824,0.0,5
11832,0.0,5
11840,0.0,5
11872,0.0,5
11872,4.0,39
11880,0.0,5
11904,0.0,3
11912,0.0,5
11920,1.0,12
11952,2.0,20
11952,0.0,5
11960,0.0,5
11992,0.0,5
12000,0.0,5
12008,1.0,17
12032,0.0,5
12040,2.0,28
12048,1.0,12
12048,0.0,5
12048,4.0,45
12048,4.0,45
12072,0.0,5
12080,0.0,5
12088,0.0,5
12088,0.0,5
12088,0.0,5
12112,0.0,5
12120,0.0,5
12128,1.0,16
12128,0.0,5
12144,2.0,30
12144,0.0,3
12152,0.0,3
12168,0.0,5
12184,0.0,5
12184,1.0,12
12184,1.0,12
12184,0.0,5
12192,0.0,5
12208,0.0,5
12208,1.0,12
12224,0.0,5
12224,0.0,5
12224,0.0,5
12224,0.0,5
12248,0.0,5
12248,0.0,5
12264,0.0,5
12264,0.0,5
12264,0.0,5
12288,1.0,12
12288,0.0,5
12288,2.0,30
12288,0.0,5
12304,0.0,5
12304,0.0,5
12328,0.0,5
12328,0.0,5
12328,0.0,5
12328,0.0,5
12336,1.0,14
12344,0.0,5
12352,0.0,3
12368,0.0,5
12368,0.0,5
12384,0.0,5
12392,0.0,5
12400,1.0,12
12432,1.0,12
12432,0.0,5
12440,1.0,14
12440,0.0,5
12456,2.0,24
12472,0.0,5
12472,0.0,5
12480,0.0,5
12480,1.0,12
12504,0.0,3
12520,0.0,5
12544,0.0,5
12552,2.0,23
12552,1.0,14
12584,0.0,5
12592,0.0,5
12592,0.0,5
12624,0.0,5
12632,0.0,5
12632,0.0,5
12640,2.0,23
12640,2.0,21
12656,1.0,17
12656,2.0,23
12656,0.0,3
12664,0.0,5
12680,0.0,5
12680,0.0,5
12696,3.0,41
12696,0.0,5
12696,0.0,5
12696,0.0,5
12720,0.0,5
12736,0.0,5
12736,0.0,5
12736,0.0,5
12760,0.0,5
12776,0.0,5
12776,0.0,5
12816,2.0,23
12816,0.0,5
12832,1.0,12
12832,2.0,21
12832,1.0,17
12840,0.0,3
12864,2.0,23
12872,0.0,5
12872,0.0,5
12872,0.0,5
12904,0.0,5
12912,1.0,17
12912,0.0,5
12912,0.0,5
12912,0.0,5
12944,0.0,5
12944,2.0,23
12952,0.0,5
12952,0.0,5
12952,0.0,5
12952,0.0,5
12976,1.0,17
12984,0.0,5
12984,0.0,5
12984,2.0,21
12992,0.0,5
12992,0.0,5
12992,0.0,5
13016,0.0,5
13024,0.0,5
13024,0.0,5
13032,0.0,5
13056,0.0,5
13064,0.0,5
13064,0.0,5
13072,0.0,5
13096,0.0,5
13104,0.0,5
13104,0.0,5
13112,0.0,5
13120,1.0,16
13120,1.0,16
13136,2.0,23
13136,0.0,5
13144,0.0,5
13152,0.0,5
13160,0.0,5
13160,0.0,5
13176,0.0,5
13184,0.0,5
13200,0.0,5
13200,0.0,5
13216,2.0,29
13216,0.0,5
13216,1.0,14
13240,0.0,5
13240,0.0,5
13248,1.0,14
13256,0.0,5
13264,1.0,14
13264,0.0,3
13280,1.0,12
13280,0.0,5
13304,0.0,5
13304,0.0,3
13312,1.0,12
13320,0.0,5
13344,0.0,5
13344,1.0,12
13352,1.0,12
13352,0.0,5
13376,0.0,3
13384,0.0,5
13384,0.0,5
13392,0.0,5
13400,1.0,12
13400,2.0,23
13416,0.0,5
13432,0.0,5
13440,0.0,5
13448,1.0,16
13456,0.0,5
13472,0.0,5
13480,0.0,5
13480,0.0,3
13480,1.0,12
13496,1.0,12
13504,0.0,3
13512,0.0,5
13520,0.0,5
13520,3.0,32
13520,0.0,5
13536,0.0,5
13552,0.0,5
13560,0.0,5
13560,0.0,5
13568,2.0,23
13584,1.0,17
13592,0.0,5
13600,0.0,5
13600,1.0,12
13624,0.0,5
13632,0.0,5
13632,1.0,14
13640,0.0,5
13640,0.0,5
13656,1.0,12
13664,0.0,5
13664,1.0,16
13672,0.0,5
13680,0.0,5
13680,0.0,5
13696,1.0,16
13704,0.0,3
13704,0.0,5
13720,0.0,5
13736,0.0,5
13744,0.0,5
13744,1.0,14
13744,0.0,5
13760,0.0,5
13776,0.0,5
13784,0.0,3
13784,0.0,5
13784,0.0,5
13824,0.0,5
13824,0.0,5
13824,0.0,5
13832,2.0,21
13840,2.0,23
13856,1.0,14
13864,0.0,5
13864,0.0,5
13864,0.0,3
13864,0.0,5
13896,0.0,5
13904,0.0,5
13904,0.0,5
13960,2.0,23
13984,0.0,3
13992,1.0,12
14000,1.0,12
14000,3.0,41
14016,2.0,23
14032,1.0,16
14032,2.0,21
14040,0.0,5
14040,0.0,5
14048,2.0,23
14056,0.0,5
14072,0.0,5
14072,0.0,5
14080,0.0,5
14080,0.0,5
14088,0.0,5
14096,0.0,5
14112,0.0,5
14112,1.0,16
14120,1.0,16
14128,0.0,5
14136,0.0,5
14144,0.0,3
14152,0.0,5
14152,0.0,5
14168,0.0,5
14176,0.0,5
14176,1.0,12
14184,0.0,5
14200,1.0,16
14208,0.0,5
14216,0.0,5
14216,0.0,5
14224,0.0,5
14232,0.0,3
14240,0.0,5
14256,0.0,3
14256,2.0,22
14256,0.0,5
14272,1.0,15
14280,0.0,3
14280,0.0,3
14296,0.0,5
14312,0.0,5
14320,0.0,5
14344,1.0,16
14352,0.0,5
14352,1.0,14
14368,0.0,3
14384,2.0,29
14392,0.0,5
14392,0.0,5
14408,2.0,23
14408,1.0,16
14424,0.0,5
14424,1.0,16
14432,0.0,5
14448,0.0,5
14448,0.0,5
14448,1.0,16
14448,0.0,3
14464,0.0,5
14472,0.0,5
14488,0.0,5
14488,0.0,5
14488,0.0,5
14496,1.0,16
14504,0.0,5
14512,0.0,5
14528,0.0,5
14528,0.0,5
14528,0.0,5
14528,1.0,17
14536,0.0,3
14536,0.0,5
14560,0.0,3
14568,0.0,5
14568,0.0,5
14568,0.0,5
14568,0.0,5
14608,0.0,5
14608,0.0,5
14632,2.0,23
14648,0.0,5
14648,0.0,5
14672,0.0,5
14672,2.0,21
14688,0.0,5
14688,1.0,16
14688,0.0,5
14712,0.0,5
14712,0.0,5
14720,2.0,23
14728,0.0,5
14728,0.0,5
14728,0.0,5
14736,2.0,21
14752,0.0,5
14752,2.0,23
14768,0.0,5
14768,0.0,5
14768,0.0,5
14776,0.0,5
14792,0.0,5
14808,0.0,5
14808,0.0,5
14816,0.0,5
14832,0.0,5
14848,1.0,17
14848,1.0,12
14848,0.0,5
14848,0.0,5
14856,1.0,17
14856,0.0,5
14872,0.0,5
14888,0.0,5
14888,0.0,5
14888,0.0,5
14888,0.0,5
14896,0.0,5
14896,0.0,5
14920,0.0,3
14928,0.0,5
14928,0.0,5
14928,0.0,5
14944,0.0,3
14952,2.0,23
14968,0.0,5
14968,0.0,5
14968,0.0,5
14968,0.0,3
14992,0.0,5
14992,0.0,3
15008,1.0,17
15016,1.0,16
15016,1.0,15
15016,0.0,3
15032,0.0,5
15056,0.0,5
15056,0.0,5
15056,0.0,5
15080,1.0,14
15096,0.0,5
15096,0.0,5
15104,0.0,3
15136,0.0,5
15136,2.0,21
15136,0.0,5
15136,1.0,16
15144,0.0,5
15144,2.0,22
15152,1.0,15
15160,0.0,3
15176,0.0,5
15176,0.0,5
15176,0.0,5
15184,0.0,5
15184,1.0,16
15192,0.0,5
15200,0.0,5
15216,0.0,5
15216,0.0,5
15224,0.0,5
15232,0.0,5
15240,0.0,5
15256,0.0,5
15264,0.0,5
15272,1.0,16
15280,0.0,3
15280,0.0,5
15296,0.0,3
15304,0.0,3
15320,0.0,5
15336,1.0,15
15344,1.0,14
15352,2.0,21
15360,0.0,5
15384,0.0,5
15384,0.0,3
15384,1.0,15
15392,0.0,5
15400,2.0,28
15424,0.0,5
15424,0.0,5
15424,1.0,16
15432,0.0,5
15432,1.0,12
15440,0.0,5
15464,0.0,5
15464,0.0,5
15472,0.0,5
15472,0.0,5
15480,0.0,5
15480,1.0,12
15504,0.0,5
15504,0.0,5
15512,0.0,5
15520,0.0,5
15520,0.0,5
15528,2.0,28
15544,0.0,5
15552,1.0,16
15560,0.0,5
15560,0.0,5
15568,0.0,5
15568,1.0,12
15584,0.0,5
15592,0.0,5
15600,0.0,5
15616,1.0,14
15624,0.0,5
15640,0.0,3
15640,0.0,5
15664,0.0,5
15680,0.0,5
15680,0.0,5
15696,1.0,17
15704,1.0,17
15704,0.0,3
15704,0.0,5
15720,0.0,5
15744,0.0,5
15744,0.0,5
15744,0.0,5
15760,0.0,5
15784,0.0,5
15792,1.0,12
15800,3.0,36
15824,0.0,5
15824,2.0,29
15832,0.0,5
15840,0.0,5
15856,1.0,12
15864,0.0,5
15872,0.0,5
15896,0.0,5
15904,0.0,5
15912,0.0,5
15920,1.0,12
15928,4.0,45
15944,0.0,5
15960,0.0,5
15968,0.0,5
15968,1.0,16
15968,0.0,3
15976,2.0,29
16008,1.0,14
16008,0.0,5
16016,0.0,5
16032,0.0,3
16056,0.0,5
16056,4.0,39
16064,1.0,12
16064,1.0,12
16072,1.0,14
16096,0.0,5
16104,2.0,24
16120,1.0,14
16152,1.0,12
16160,1.0,12
16192,1.0,12
16192,1.0,16
16192,0.0,5
16200,0.0,5
16200,1.0,12
16208,1.0,17
16232,0.0,5
16232,0.0,5
16232,0.0,5
16240,0.0,5
16240,0.0,5
16248,1.0,16
16248,0.0,5
16272,0.0,5
16272,0.0,5
16272,0.0,5
16280,0.0,5
16280,0.0,5
16288,0.0,5
16288,0.0,5
16304,0.0,3
16320,3.0,36
16320,0.0,5
16328,0.0,5
16344,0.0,5
16360,0.0,5
16384,1.0,12
16424,0.0,5
16432,1.0,14
16440,2.0,21
16440,2.0,21
16456,0.0,3
16456,1.0,14
16464,0.0,5
16472,1.0,14
16480,0.0,5
16480,0.0,5
16496,0.0,3
16496,0.0,5
16496,0.0,5
16504,0.0,5
16520,0.0,5
16520,0.0,5
16536,0.0,5
16544,0.0,5
16560,0.0,5
16584,4.0,39
16600,0.0,5
16624,0.0,5
16624,1.0,16
16632,1.0,17
16640,0.0,5
16648,0.0,3
16656,1.0,17
16656,4.0,41
16664,1.0,16
16664,0.0,5
16672,0.0,5
16672,1.0,16
16680,0.0,5
16696,0.0,5
16696,0.0,5
16704,0.0,5
16712,0.0,5
16720,0.0,5
16736,0.0,5
16744,0.0,5
16760,0.0,3
16760,0.0,5
16768,1.0,12
16776,1.0,16
16784,0.0,3
16800,1.0,17
16808,0.0,5
16808,0.0,3
16816,0.0,5
16840,0.0,5
16848,0.0,5
16856,1.0,14
16856,0.0,5
16880,0.0,5
16888,0.0,5
16896,0.0,5
16904,1.0,12
16920,0.0,5
16944,0.0,5
16960,0.0,5
16984,0.0,5
16984,1.0,16
16984,3.0,36
17000,1.0,14
17000,0.0,5
17000,3.0,36
17024,0.0,5
17024,0.0,5
17040,0.0,5
17064,0.0,5
17080,3.0,40
17080,0.0,5
17096,1.0,12
17104,0.0,5
17112,1.0,14
17120,0.0,5
17120,0.0,5
17120,1.0,17
17136,0.0,5
17144,0.0,5
17144,0.0,3
17144,0.0,3
17152,0.0,5
17152,1.0,16
17160,0.0,5
17176,0.0,5
17184,0.0,5
17184,0.0,5
17184,3.0,36
17184,0.0,5
17192,0.0,5
17208,0.0,3
17216,0.0,5
17224,0.0,5
17224,0.0,5
17224,0.0,5
17232,0.0,5
17248,0.0,5
17256,0.0,5
17264,0.0,5
17264,0.0,5
17272,1.0,14
17272,0.0,5
17280,1.0,16
17288,0.0,5
17296,0.0,5
17304,0.0,5
17304,0.0,5
17312,0.0,5
17312,0.0,5
17320,0.0,5
17328,0.0,5
17336,0.0,5
17336,0.0,3
17344,0.0,5
17352,0.0,5
17352,1.0,16
17360,0.0,5
17368,0.0,5
17376,0.0,5
17376,0.0,3
17376,0.0,5
17384,0.0,5
17392,0.0,5
17400,1.0,12
17400,0.0,5
17416,0.0,5
17424,0.0,5
17432,0.0,5
17440,0.0,5
17440,0.0,5
17456,0.0,5
17464,0.0,5
17472,0.0,5
17480,0.0,5
17480,0.0,5
17480,1.0,14
17488,1.0,14
17504,1.0,16
17512,0.0,5
17520,0.0,5
17528,0.0,5
17544,0.0,5
17552,0.0,5
17560,0.0,5
17584,0.0,5
17592,0.0,5
17600,0.0,5
17624,0.0,5
17632,2.0,21
17632,0.0,5
17640,0.0,5
17640,2.0,23
17648,1.0,15
17664,2.0,23
17664,0.0,5
17672,0.0,5
17672,2.0,24
17672,0.0,5
17680,0.0,5
17688,0.0,5
17696,0.0,3
17704,0.0,5
17712,0.0,5
17712,0.0,5
17720,0.0,3
17720,0.0,5
17728,0.0,5
17744,0.0,5
17752,0.0,5
17752,0.0,5
17760,0.0,5
17760,0.0,5
17768,0.0,5
17784,0.0,5
17792,0.0,5
17792,0.0,5
17800,1.0,17
17800,0.0,5
17816,0.0,3
17824,0.0,5
17832,0.0,5
17840,0.0,5
17840,0.0,5
17856,0.0,5
17880,0.0,5
17880,0.0,5
17896,1.0,16
17896,1.0,17
17896,0.0,5
17920,0.0,5
17920,0.0,5
17936,0.0,5
17936,0.0,5
17936,0.0,5
17952,1.0,16
17960,1.0,16
17960,0.0,5
17960,0.0,5
17968,4.0,41
17976,0.0,5
17976,0.0,5
17992,0.0,5
18000,0.0,5
18000,0.0,5
18016,0.0,5
18016,0.0,5
18032,0.0,5
18040,0.0,3
18040,0.0,5
18040,0.0,5
18048,1.0,14
18056,0.0,5
18064,1.0,12
18072,0.0,5
18080,0.0,5
18080,0.0,5
18088,0.0,3
18088,1.0,16
18088,0.0,5
18112,0.0,3
18112,0.0,3
18112,0.0,3
18136,0.0,3
18152,0.0,5
18168,1.0,14
18176,0.0,3
18200,0.0,3
18208,2.0,21
18208,0.0,5
18224,0.0,3
18240,1.0,16
18240,2.0,21
18248,0.0,3
18248,2.0,21
18248,0.0,5
18248,0.0,5
18264,2.0,23
18280,0.0,5
18280,0.0,5
18288,0.0,5
18288,0.0,5
18288,0.0,5
18304,0.0,5
18320,0.0,5
18320,0.0,5
18320,2.0,23
18328,0.0,5
18328,0.0,5
18344,0.0,5
18360,0.0,5
18360,0.0,5
18360,0.0,5
18368,0.0,5
18368,0.0,5
18376,1.0,16
18400,0.0,5
18408,0.0,5
18416,0.0,5
18440,0.0,5
18456,0.0,5
18456,2.0,21
18472,1.0,14
18496,0.0,5
18496,1.0,17
18512,0.0,5
18536,0.0,5
18536,0.0,5
18552,2.0,23
18552,0.0,5
18576,1.0,15
18576,2.0,29
18576,0.0,5
18576,0.0,5
18592,0.0,5
18592,2.0,23
18616,0.0,5
18616,0.0,5
18616,0.0,5
18616,0.0,5
18624,2.0,23
18632,0.0,5
18632,0.0,5
18656,0.0,5
18656,0.0,5
18664,0.0,5
18672,0.0,5
18688,1.0,17
18712,0.0,5
18728,0.0,5
18752,0.0,5
18752,1.0,17
18760,1.0,16
18768,0.0,5
18792,0.0,5
18808,2.0,24
18808,0.0,5
18824,2.0,21
18840,2.0,22
18840,2.0,23
18848,0.0,5
18848,0.0,3
18848,0.0,5
18880,1.0,16
18880,0.0,5
18880,0.0,5
18888,0.0,5
18888,0.0,5
18888,0.0,5
18896,1.0,17
18920,0.0,5
18920,0.0,5
18920,0.0,5
18928,0.0,5
18928,1.0,17
18928,0.0,5
18936,0.0,5
18960,0.0,5
18960,0.0,5
18968,0.0,5
18968,0.0,5
18968,0.0,5
19000,0.0,5
19000,0.0,5
19008,0.0,5
19008,0.0,5
19016,1.0,16
19040,0.0,5
19040,1.0,15
19040,0.0,5
19048,0.0,5
19048,0.0,5
19056,0.0,5
19064,1.0,16
19080,0.0,5
19080,0.0,5
19080,0.0,5
19088,0.0,5
19088,0.0,5
19096,0.0,5
19104,0.0,5
19120,0.0,5
19120,0.0,5
19128,0.0,5
19128,0.0,5
19136,0.0,5
19152,2.0,23
19160,0.0,5
19168,0.0,5
19176,0.0,3
19176,0.0,5
19200,0.0,3
19200,0.0,5
19208,0.0,5
19240,0.0,5
19240,0.0,5
19240,1.0,17
19248,1.0,16
19248,0.0,5
19256,1.0,16
19264,2.0,23
19280,0.0,5
19280,0.0,5
19280,0.0,5
19288,0.0,5
19296,0.0,5
19304,1.0,16
19304,0.0,5
19320,0.0,5
19320,0.0,5
19320,0.0,5
19328,0.0,5
19336,0.0,5
19344,0.0,5
19360,0.0,5
19360,0.0,5
19376,0.0,5
19400,0.0,5
19400,0.0,5
19432,1.0,14
19440,0.0,5
19440,2.0,24
19440,1.0,17
19472,0.0,5
19480,0.0,5
19480,0.0,5
19488,1.0,14
19512,2.0,23
19512,0.0,5
19520,0.0,5
19528,0.0,5
19528,2.0,23
19552,0.0,5
19560,0.0,5
19568,0.0,5
19568,0.0,5
19576,1.0,17
19600,0.0,5
19608,0.0,5
19608,1.0,16
19608,0.0,5
19616,0.0,5
19640,0.0,5
19648,0.0,5
19648,0.0,5
19648,1.0,17
19648,0.0,5
19680,0.0,5
19688,0.0,5
19688,1.0,17
19688,0.0,5
19688,0.0,5
19720,0.0,5
19728,0.0,5
19728,0.0,5
19728,3.0,41
19728,0.0,5
19728,0.0,5
19760,0.0,5
19768,0.0,5
19768,0.0,5
19768,0.0,5
19768,0.0,5
19800,0.0,5
19808,0.0,5
19808,2.0,24
19808,0.0,5
19808,0.0,5
19808,0.0,5
19816,2.0,21
19840,0.0,5
19840,1.0,14
19848,0.0,5
19848,0.0,5
19848,0.0,5
19848,0.0,5
19856,0.0,5
19880,0.0,5
19880,0.0,5
19888,0.0,5
19888,0.0,5
19896,0.0,5
19920,0.0,5
19920,0.0,5
19928,0.0,5
19928,0.0,5
19936,1.0,16
19944,1.0,12
19960,0.0,5
19960,0.0,5
19968,0.0,5
19968,0.0,5
19976,0.0,5
19984,1.0,17
20000,0.0,5
20008,0.0,5
20024,1.0,10
20048,0.0,5
20064,0.0,5
20072,1.0,12
20088,0.0,3
20088,0.0,5
20096,0.0,3
20096,1.0,12
20096,1.0,17
20104,1.0,17
20112,1.0,16
20120,0.0,3
20120,0.0,3
20128,0.0,5
20136,0.0,3
20136,0.0,5
20168,0.0,5
20176,3.0,35
20184,1.0,12
20216,0.0,5
20216,1.0,12
20232,1.0,16
20240,0.0,3
20248,1.0,16
20256,0.0,5
20264,1.0,12
20272,0.0,5
20280,0.0,5
20280,1.0,12
20288,0.0,3
20288,0.0,5
20296,0.0,5
20320,0.0,5
20328,0.0,5
20328,0.0,5
20336,0.0,5
20352,0.0,3
20360,0.0,5
20360,2.0,28
20368,1.0,12
20368,0.0,5
20376,1.0,12
20376,0.0,5
20392,0.0,5
20400,0.0,5
20400,0.0,5
20408,0.0,5
20408,0.0,5
20416,0.0,5
20424,0.0,3
20432,0.0,5
20440,0.0,5
20448,0.0,5
20456,0.0,5
20464,0.0,5
20464,4.0,41
20472,0.0,5
20480,0.0,5
20488,0.0,5
20496,0.0,5
20504,0.0,5
20504,0.0,5
20504,1.0,16
20520,1.0,14
20520,0.0,5
20528,0.0,5
20536,0.0,5
20544,0.0,5
20560,0.0,5
20560,0.0,5
20568,0.0,5
20576,0.0,5
20584,0.0,5
20600,0.0,5
20600,0.0,5
20608,1.0,17
20608,0.0,5
20616,0.0,5
20624,1.0,15
20624,0.0,5
20640,0.0,5
20648,0.0,5
20648,0.0,5
20664,0.0,5
20664,0.0,5
20680,0.0,5
20688,2.0,23
20688,0.0,5
20688,0.0,3
20688,0.0,5
20720,0.0,5
20728,0.0,5
20728,0.0,5
20728,0.0,5
20728,0.0,5
20760,0.0,5
20768,0.0,5
20768,0.0,5
20768,0.0,5
20768,0.0,5
20784,1.0,15
20800,0.0,5
20808,0.0,5
20808,0.0,5
20808,0.0,5
20824,0.0,5
20840,0.0,5
20848,0.0,5
20848,0.0,5
20848,0.0,5
20864,0.0,5
20864,0.0,3
20888,0.0,5
20888,0.0,5
20888,0.0,5
20896,1.0,16
20904,0.0,5
20904,0.0,5
20928,0.0,5
20928,4.0,39
20928,4.0,41
20928,0.0,5
20928,0.0,5
20936,0.0,5
20944,0.0,5
20944,0.0,5
20968,0.0,5
20968,0.0,5
20968,0.0,5
20968,0.0,5
20976,0.0,5
20984,0.0,5
20984,0.0,5
20992,0.0,3
21008,0.0,5
21008,0.0,5
21008,0.0,5
21024,0.0,5
21024,0.0,5
21032,0.0,5
21048,0.0,5
21048,0.0,5
21048,0.0,5
21056,1.0,16
21064,0.0,5
21064,0.0,5
21088,0.0,5
21088,0.0,5
21096,0.0,5
21136,0.0,5
21160,2.0,23
21184,1.0,17
21200,2.0,21
21200,0.0,5
21216,1.0,16
21224,0.0,5
21232,2.0,21
21240,0.0,5
21240,0.0,5
21256,0.0,5
21256,2.0,24
21264,0.0,5
21264,0.0,3
21272,0.0,5
21280,0.0,5
21296,0.0,5
21296,0.0,5
21304,0.0,5
21304,0.0,5
21312,0.0,5
21320,2.0,29
21320,0.0,5
21336,0.0,5
21344,0.0,5
21352,0.0,5
21360,0.0,5
21376,0.0,5
21384,0.0,5
21392,0.0,5
21400,0.0,5
21432,1.0,17
21440,0.0,5
21448,3.0,39
21472,0.0,5
21488,0.0,5
21488,2.0,23
21512,0.0,5
21512,0.0,3
21512,1.0,16
21528,0.0,5
21544,2.0,21
21552,0.0,5
21552,0.0,5
21560,2.0,21
21568,0.0,3
21592,0.0,5
21600,0.0,5
21608,0.0,5
21608,3.0,36
21624,2.0,23
21632,0.0,5
21640,0.0,5
21648,1.0,15
21648,0.0,5
21648,0.0,5
21672,0.0,5
21680,0.0,5
21688,0.0,5
21688,0.0,5
21688,0.0,5
21696,2.0,23
21696,1.0,18
21712,0.0,5
21720,0.0,5
21728,0.0,5
21728,0.0,5
21728,0.0,5
21736,0.0,5
21736,0.0,5
21752,0.0,5
21760,1.0,17
21760,0.0,3
21768,0.0,5
21784,0.0,3
21800,0.0,5
21808,0.0,5
21832,1.0,14
21840,1.0,14
21840,1.0,14
21856,1.0,15
21856,0.0,3
21864,0.0,3
21864,1.0,14
21864,0.0,3
21880,0.0,3
21896,0.0,5
21904,0.0,5
21904,1.0,15
21920,0.0,5
21928,1.0,16
21944,0.0,5
21968,0.0,5
21984,0.0,5
21992,2.0,23
22000,1.0,17
22024,0.0,5
22032,0.0,5
22040,0.0,5
22040,1.0,17
22048,2.0,23
22064,0.0,5
22064,2.0,21
22072,0.0,5
22080,0.0,5
22080,0.0,5
22088,0.0,5
22104,0.0,5
22104,2.0,23
22104,1.0,17
22104,0.0,5
22112,0.0,5
22120,0.0,5
22120,0.0,5
22128,0.0,5
22144,0.0,5
22144,0.0,5
22144,0.0,5
22144,0.0,5
22152,0.0,5
22160,0.0,5
22184,0.0,5
22216,1.0,12
22224,0.0,5
22248,1.0,12
22256,1.0,12
22256,0.0,5
22288,0.0,5
22296,0.0,5
22320,1.0,12
22328,0.0,5
22352,1.0,12
22360,0.0,5
22368,0.0,5
22392,1.0,12
22392,0.0,5
22408,0.0,5
22432,0.0,5
22432,0.0,5
22448,0.0,5
22464,3.0,40
22464,3.0,40
22472,0.0,5
22472,0.0,5
22488,4.0,45
22488,0.0,5
22504,4.0,45
22504,0.0,5
22512,0.0,5
22528,0.0,5
22528,0.0,5
22544,2.0,23
22544,0.0,5
22544,0.0,5
22552,0.0,5
22568,0.0,5
22568,0.0,5
22584,0.0,5
22584,0.0,5
22584,0.0,5
22592,0.0,5
22600,1.0,16
22608,0.0,5
22608,0.0,5
22624,0.0,5
22624,0.0,5
22624,0.0,5
22632,0.0,5
22648,0.0,5
22648,2.0,23
22648,0.0,5
22664,0.0,5
22664,0.0,5
22688,0.0,5
22688,0.0,5
22688,0.0,5
22704,0.0,5
22704,0.0,5
22728,0.0,5
22728,0.0,5
22744,0.0,5
22760,1.0,17
22768,0.0,5
22768,0.0,5
22784,2.0,23
22784,0.0,5
22800,0.0,5
22808,0.0,5
22816,2.0,23
22824,0.0,5
22824,0.0,5
22840,0.0,5
22848,0.0,5
22856,0.0,5
22864,0.0,5
22872,2.0,23
22880,0.0,5
22888,0.0,5
22888,2.0,23
22904,0.0,5
22912,0.0,5
22920,0.0,5
22928,0.0,5
22944,0.0,5
22952,2.0,23
22952,0.0,5
22960,1.0,17
22960,0.0,5
22968,0.0,5
22984,0.0,5
22992,1.0,17
22992,0.0,5
22992,0.0,5
23000,0.0,5
23000,0.0,5
23008,0.0,5
23032,0.0,5
23040,0.0,5
23040,0.0,5
23072,2.0,23
23072,0.0,5
23096,0.0,3
23112,1.0,15
23136,0.0,5
23136,0.0,3
23160,2.0,21
23160,2.0,22
23176,2.0,21
23176,0.0,5
23184,0.0,3
23184,0.0,3
23200,0.0,3
23208,2.0,21
23216,0.0,5
23224,2.0,23
23224,0.0,5
23240,0.0,5
23240,2.0,21
23264,0.0,5
23280,0.0,5
23280,0.0,5
23304,2.0,21
23304,0.0,3
23304,0.0,5
23312,1.0,16
23320,0.0,5
23336,0.0,3
23344,1.0,17
23344,0.0,5
23344,0.0,5
23360,1.0,17
23360,0.0,5
23376,0.0,5
23384,0.0,3
23400,2.0,23
23416,0.0,5
23432,1.0,16
23440,0.0,5
23440,1.0,12
23440,0.0,3
23480,1.0,17
23480,0.0,5
23488,1.0,18
23496,1.0,17
23520,0.0,5
23528,0.0,5
23544,2.0,20
23560,1.0,16
23568,0.0,5
23568,1.0,16
23568,1.0,16
23584,0.0,3
23616,1.0,17
23624,0.0,5
23648,1.0,16
23664,1.0,15
23664,2.0,21
23696,1.0,16
23696,1.0,16
23704,0.0,5
23704,0.0,5
23704,1.0,17
23712,1.0,12
23720,0.0,3
23744,0.0,5
23760,1.0,17
23784,0.0,5
23792,1.0,12
23824,0.0,5
23888,1.0,12
23896,2.0,24
23896,2.0,24
23912,2.0,24
23920,1.0,12
23928,0.0,5
23936,0.0,5
23936,0.0,5
23968,0.0,5
23976,0.0,5
23976,4.0,41
23976,0.0,5
24008,1.0,12
24008,0.0,5
24016,0.0,5
24016,0.0,5
24016,1.0,12
24048,0.0,5
24056,0.0,5
24056,0.0,5
24056,0.0,5
24072,1.0,12
24072,4.0,45
24088,0.0,5
24096,0.0,5
24096,0.0,5
24096,0.0,5
24112,0.0,5
24112,0.0,5
24120,0.0,3
24120,4.0,45
24128,0.0,5
24136,0.0,5
24136,1.0,16
24136,0.0,5
24152,0.0,5
24152,0.0,5
24160,0.0,5
24160,0.0,3
24168,0.0,5
24176,0.0,5
24176,0.0,5
24192,0.0,5
24192,0.0,5
24200,0.0,5
24200,0.0,5
24208,0.0,5
24216,0.0,5
24232,0.0,5
24240,0.0,5
24240,0.0,5
24248,0.0,5
24256,0.0,5
24272,0.0,5
24280,0.0,5
24280,0.0,5
24288,0.0,5
24296,0.0,5
24312,0.0,5
24320,0.0,5
24320,0.0,5
24320,1.0,16
24328,0.0,5
24336,0.0,5
24352,0.0,5
24360,0.0,5
24368,0.0,5
24392,0.0,5
24400,0.0,5
24408,0.0,5
24424,3.0,38
24432,0.0,5
24440,0.0,5
24448,1.0,16
24448,0.0,5
24464,0.0,5
24464,1.0,16
24472,0.0,5
24480,0.0,5
24488,0.0,5
24488,0.0,5
24488,0.0,3
24504,0.0,5
24512,0.0,3
24520,0.0,5
24528,0.0,5
24536,0.0,3
24536,4.0,45
24544,2.0,28
24560,0.0,3
24560,0.0,3
24584,0.0,5
24600,0.0,5
24600,0.0,5
24616,1.0,16
24640,1.0,14
24640,0.0,5
24656,2.0,23
24672,2.0,21
24680,0.0,5
24680,0.0,3
24688,2.0,21
24704,0.0,3
24712,0.0,5
24712,0.0,3
24712,1.0,14
24736,0.0,3
24752,2.0,21
24752,0.0,5
24768,0.0,4
24776,1.0,17
24776,0.0,3
24800,0.0,3
24800,2.0,23
24808,0.0,5
24816,0.0,5
24824,0.0,3
24824,0.0,3
24840,1.0,17
24848,2.0,21
24848,0.0,3
24864,0.0,5
24864,0.0,3
24872,0.0,3
24880,2.0,21
24880,0.0,4
24888,0.0,3
24912,0.0,3
24912,0.0,5
24920,1.0,14
24920,2.0,21
24944,0.0,3
24944,0.0,3
24968,0.0,3
24984,2.0,21
25008,0.0,3
25008,0.0,5
25016,1.0,17
25016,1.0,17
25040,0.0,3
25048,0.0,5
25048,2.0,23
25048,0.0,5
25072,1.0,16
25080,2.0,21
25080,0.0,5
25088,2.0,22
25088,0.0,5
25088,0.0,5
25088,0.0,5
25112,0.0,5
25120,0.0,5
25120,0.0,5
25128,0.0,5
25128,0.0,5
25128,0.0,5
25152,0.0,5
25160,0.0,5
25168,0.0,5
25168,0.0,5
25168,0.0,5
25192,0.0,5
25200,0.0,5
25200,2.0,23
25208,0.0,5
25208,0.0,5
25224,1.0,17
25232,0.0,5
25240,1.0,15
25240,0.0,5
25240,0.0,5
25248,0.0,5
25264,0.0,5
25280,0.0,5
25280,0.0,5
25280,0.0,5
25304,0.0,5
25320,0.0,5
25344,0.0,5
25352,2.0,23
25384,0.0,5
25392,2.0,23
25392,0.0,5
25400,2.0,21
25416,1.0,17
25432,0.0,5
25432,2.0,23
25440,0.0,5
25464,2.0,23
25472,0.0,5
25472,0.0,5
25480,0.0,5
25504,0.0,5
25504,2.0,23
25512,1.0,16
25520,0.0,5
25520,1.0,16
25544,0.0,5
25544,0.0,5
25552,0.0,5
25552,1.0,17
25560,0.0,5
25560,0.0,5
25584,0.0,5
25592,0.0,5
25592,0.0,5
25600,1.0,16
25600,1.0,16
25600,0.0,5
25624,0.0,5
25632,0.0,5
25640,0.0,5
25640,0.0,5
25640,0.0,5
25664,0.0,5
25672,0.0,5
25680,0.0,5
25680,0.0,5
25680,1.0,17
25688,1.0,12
25696,1.0,17
25704,0.0,5
25712,0.0,5
25720,0.0,5
25720,0.0,5
25720,0.0,5
25728,0.0,3
25728,0.0,5
25736,0.0,5
25752,0.0,5
25760,0.0,5
25760,0.0,5
25768,0.0,5
25768,1.0,16
25768,0.0,5
25776,0.0,5
25792,0.0,5
25800,0.0,5
25800,0.0,5
25808,0.0,5
25808,0.0,5
25808,0.0,5
25816,0.0,5
25824,0.0,3
25832,0.0,5
25848,1.0,16
25848,0.0,5
25848,0.0,5
25864,0.0,5
25872,0.0,5
25888,0.0,5
25888,0.0,5
25888,0.0,5
25904,0.0,5
25928,0.0,5
25928,1.0,16
25928,0.0,5
25944,0.0,5
25952,0.0,3
25952,0.0,3
25952,1.0,17
25968,0.0,5
25968,1.0,12
25968,2.0,20
25984,0.0,5
25992,0.0,5
25992,0.0,3
25992,0.0,5
25992,0.0,5
26008,0.0,5
26008,0.0,5
26016,1.0,16
26024,0.0,5
26032,0.0,5
26032,0.0,5
26032,0.0,5
26032,0.0,5
26040,0.0,3
26048,0.0,5
26048,0.0,5
26064,0.0,5
26072,0.0,5
26080,0.0,5
26088,0.0,5
26088,0.0,5
26112,0.0,5
26128,0.0,5
26128,0.0,5
26168,0.0,5
26168,0.0,5
26216,2.0,23
26216,2.0,23
26224,2.0,24
26232,2.0,21
26256,0.0,5
26256,0.0,5
26264,2.0,23
26264,0.0,5
26272,0.0,5
26280,2.0,21
26296,0.0,5
26296,0.0,5
26304,0.0,5
26312,0.0,5
26320,0.0,5
26336,0.0,5
26336,2.0,21
26344,0.0,5
26352,0.0,5
26352,2.0,23
26376,0.0,5
26384,0.0,5
26392,0.0,5
26392,0.0,5
26400,1.0,17
26416,0.0,5
26424,0.0,5
26432,0.0,5
26432,1.0,17
26432,0.0,5
26440,0.0,3
26440,1.0,15
26440,0.0,5
26464,0.0,5
26472,0.0,5
26472,0.0,5
26472,0.0,5
26480,0.0,5
26480,0.0,5
26504,0.0,5
26512,0.0,5
26520,0.0,5
26520,2.0,23
26520,0.0,5
26544,0.0,5
26552,0.0,5
26560,0.0,5
26560,0.0,5
26560,0.0,5
26576,1.0,17
26584,0.0,5
26592,0.0,5
26600,0.0,5
26600,0.0,5
26600,0.0,5
26624,0.0,5
26640,0.0,5
26656,2.0,23
26656,2.0,23
26664,0.0,5
26680,0.0,5
26680,0.0,3
26704,0.0,5
26720,0.0,5
26720,0.0,5
26736,1.0,17
26760,2.0,21
26760,0.0,5
26760,2.0,23
26768,2.0,21
26784,0.0,3
26784,1.0,16
26800,0.0,5
26808,0.0,5
26832,1.0,16
26840,0.0,5
26848,1.0,16
26864,1.0,16
26880,0.0,5
26880,1.0,12
26888,1.0,16
26904,0.0,5
26920,0.0,5
26920,0.0,5
26920,1.0,17
26936,1.0,16
26944,0.0,3
26944,1.0,12
26968,1.0,17
26976,0.0,5
27008,0.0,5
27024,1.0,17
27032,1.0,16
27040,1.0,12
27056,1.0,17
27064,0.0,5
27072,1.0,16
27072,0.0,5
27104,1.0,12
27104,0.0,5
27112,2.0,24
27112,1.0,17
27128,0.0,3
27144,0.0,5
27152,0.0,5
27152,0.0,5
27152,1.0,12
27176,1.0,17
27192,0.0,5
27192,0.0,5
27232,2.0,20
27232,2.0,20
27232,0.0,5
27232,0.0,5
27272,0.0,5
27272,0.0,5
27288,1.0,17
27304,1.0,16
27304,2.0,20
27312,0.0,5
27312,0.0,5
27320,2.0,24
27328,0.0,5
27328,1.0,12
27344,0.0,5
27352,0.0,5
27352,0.0,5
27360,0.0,5
27368,0.0,5
27392,0.0,5
27408,0.0,5
27408,2.0,22
27432,0.0,3
27432,1.0,16
27448,0.0,5
27456,1.0,14
27456,0.0,3
27472,0.0,5
27472,1.0,14
27480,0.0,3
27480,0.0,3
27488,0.0,5
27504,1.0,14
27504,0.0,3
27512,2.0,23
27512,0.0,5
27520,2.0,21
27520,0.0,5
27536,0.0,3
27544,0.0,5
27560,0.0,5
27560,0.0,5
27576,0.0,5
27584,1.0,14
27584,0.0,3
27600,1.0,14
27608,0.0,3
27608,0.0,3
27616,0.0,5
27624,0.0,3
27640,1.0,17
27680,1.0,17
27680,1.0,15
27680,0.0,5
27680,2.0,21
27720,0.0,5
27720,0.0,5
27720,0.0,5
27720,0.0,5
27728,1.0,14
27736,1.0,16
27752,0.0,3
27760,0.0,5
27760,0.0,5
27776,0.0,5
27784,0.0,3
27784,2.0,22
27816,0.0,5
27824,0.0,5
27824,0.0,5
27840,1.0,15
27848,2.0,28
27856,0.0,5
27864,0.0,3
27888,0.0,5
27904,0.0,5
27928,0.0,5
27928,2.0,21
27936,1.0,14
27936,2.0,23
27936,2.0,27
27952,0.0,3
27960,0.0,3
27968,1.0,14
27976,0.0,5
27976,0.0,3
27984,0.0,3
27992,0.0,3
27992,2.0,21
28016,0.0,5
28016,0.0,3
28032,0.0,5
28040,0.0,3
28056,0.0,5
28072,0.0,5
28072,2.0,21
28080,0.0,5
28088,1.0,14
28096,2.0,21
28096,0.0,3
28112,0.0,3
28120,2.0,23
28120,0.0,3
28120,0.0,3
28120,0.0,5
28136,0.0,3
28160,0.0,5
28160,0.0,3
28160,0.0,5
28168,2.0,23
28184,1.0,14
28192,0.0,3
28200,0.0,5
28200,0.0,5
28200,0.0,5
28208,0.0,3
28216,0.0,3
28216,1.0,12
28224,2.0,21
28232,0.0,3
28240,0.0,3
28248,0.0,3
28256,0.0,3
28256,0.0,5
28264,0.0,3
28272,0.0,3
28296,0.0,5
28312,1.0,14
28312,1.0,14
28312,0.0,5
28312,1.0,14
28336,0.0,5
28352,0.0,5
28352,0.0,5
28352,0.0,5
28352,0.0,5
28376,1.0,15
28376,1.0,14
28392,0.0,5
28392,0.0,5
28408,3.0,36
28416,0.0,5
28416,0.0,5
28432,0.0,5
28432,0.0,5
28448,0.0,5
28456,0.0,5
28456,0.0,5
28464,1.0,16
28472,0.0,5
28472,0.0,5
28488,0.0,5
28488,1.0,17
28488,1.0,17
28496,0.0,5
28496,0.0,5
28512,0.0,5
28512,0.0,5
28528,0.0,5
28528,0.0,5
28536,0.0,5
28536,0.0,5
28552,0.0,5
28552,0.0,5
28568,0.0,5
28568,0.0,5
28576,0.0,5
28576,0.0,5
28592,0.0,5
28600,1.0,17
28608,0.0,5
28616,0.0,5
28624,1.0,17
28632,0.0,5
28640,0.0,5
28648,0.0,5
28656,0.0,5
28664,0.0,5
28672,0.0,5
28680,0.0,5
28680,1.0,16
28688,0.0,5
28696,1.0,16
28704,0.0,5
28704,1.0,16
28712,0.0,5
28720,0.0,5
28720,0.0,5
28728,0.0,5
28736,0.0,5
28744,0.0,5
28744,0.0,5
28752,0.0,5
28760,0.0,5
28768,0.0,5
28776,0.0,5
28784,0.0,5
28784,0.0,5
28800,0.0,5
28816,0.0,5
28824,0.0,5
28824,0.0,5
28840,0.0,5
28848,1.0,16
28848,1.0,12
28848,2.0,24
28856,0.0,5
28864,0.0,5
28864,0.0,5
28880,0.0,5
28888,0.0,5
28888,0.0,5
28896,0.0,5
28896,1.0,16
28904,0.0,5
28904,0.0,5
28920,0.0,5
28928,0.0,5
28928,0.0,5
28936,0.0,5
28936,0.0,5
28944,0.0,5
28960,0.0,5
28968,0.0,5
28976,0.0,5
28984,0.0,5
28984,1.0,17
29000,0.0,5
29072,1.0,17
29088,1.0,14
29096,0.0,3
29112,0.0,3
29112,2.0,23
29120,1.0,17
29136,2.0,21
29136,0.0,5
29152,0.0,5
29152,2.0,21
29152,0.0,5
29160,0.0,3
29160,0.0,5
29168,2.0,21
29192,0.0,5
29192,0.0,3
29192,3.0,36
29216,0.0,3
29256,0.0,5
29280,0.0,3
29296,1.0,17
29304,1.0,14
29304,2.0,21
29320,0.0,3
29320,2.0,21
29320,2.0,21
29328,0.0,3
29328,1.0,17
29328,0.0,3
29328,2.0,21
29344,0.0,3
29344,0.0,3
29352,0.0,3
29360,0.0,5
29368,0.0,5
29384,0.0,5
29464,1.0,17
29464,2.0,23
29480,1.0,17
29488,0.0,3
29488,0.0,3
29488,1.0,15
29488,1.0,17
29504,1.0,15
29504,0.0,3
29512,2.0,23
29512,0.0,3
29528,2.0,21
29528,0.0,5
29528,0.0,5
29528,0.0,5
29536,0.0,3
29544,0.0,5
29552,0.0,3
29552,0.0,5
29576,0.0,5
29576,0.0,3
29648,1.0,15
29688,1.0,17
29688,2.0,23
29696,2.0,21
29696,1.0,15
29696,2.0,21
29712,0.0,3
29712,2.0,21
29720,0.0,3
29720,0.0,3
29736,0.0,5
29752,0.0,5
29752,0.0,5
29760,0.0,5
29760,0.0,5
29760,2.0,23
29776,0.0,3
29784,1.0,17
29800,0.0,5
29832,1.0,18
29856,1.0,10
29872,0.0,5
29872,1.0,15
29880,1.0,15
29880,1.0,12
29880,1.0,15
29896,0.0,5
29912,0.0,5
29920,2.0,23
29920,0.0,5
29920,0.0,5
29920,1.0,15
29936,0.0,5
29952,0.0,5
29960,0.0,5
29960,0.0,5
29960,0.0,5
29960,0.0,5
30000,0.0,5
30000,0.0,5
30000,0.0,5
30040,0.0,5
30040,0.0,5
30040,0.0,5
30064,2.0,24
30064,2.0,23
30080,0.0,5
30080,0.0,5
30080,0.0,5
30104,0.0,5
30104,0.0,5
30120,2.0,23
30120,0.0,5
30120,0.0,5
30120,0.0,5
30128,2.0,21
30136,2.0,23
30144,0.0,5
30144,0.0,5
30160,0.0,5
30160,0.0,5
30160,0.0,5
30168,0.0,5
30176,0.0,5
30184,0.0,5
30200,0.0,5
30200,0.0,5
30208,0.0,5
30216,0.0,5
30224,0.0,5
30240,0.0,5
30240,0.0,5
30248,0.0,5
30256,0.0,5
30264,0.0,5
30264,1.0,15
30280,0.0,5
30288,2.0,21
30288,0.0,5
30296,0.0,5
30304,0.0,5
30304,0.0,5
30328,0.0,5
30336,0.0,5
30344,0.0,5
30344,0.0,5
30344,2.0,23
30368,0.0,5
30376,0.0,5
30384,0.0,5
30384,0.0,5
30384,0.0,5
30408,0.0,5
30416,0.0,5
30424,0.0,5
30424,0.0,5
30424,2.0,23
30448,2.0,21
30448,0.0,3
30456,0.0,5
30456,2.0,21
30464,0.0,5
30472,0.0,3
30480,0.0,3
30488,0.0,5
30496,0.0,5
30520,0.0,5
30528,0.0,5
30568,2.0,23
30576,2.0,21
30592,2.0,21
30608,1.0,17
30608,0.0,5
30616,0.0,5
30632,0.0,5
30648,2.0,23
30656,0.0,5
30664,2.0,21
30672,0.0,5
30688,0.0,5
30696,0.0,5
30696,2.0,21
30704,0.0,5
30704,2.0,23
30712,0.0,5
30736,0.0,5
30736,0.0,5
30744,1.0,17
30744,0.0,5
30744,0.0,5
30752,0.0,5
30776,0.0,5
30784,0.0,5
30784,0.0,5
30792,0.0,5
30792,2.0,23
30816,0.0,5
30824,1.0,17
30832,0.0,5
30832,0.0,5
30856,0.0,5
30864,0.0,5
30872,1.0,17
30880,1.0,17
30904,0.0,5
30920,0.0,5
30920,1.0,17
30944,0.0,3
30952,1.0,15
30968,2.0,23
30976,0.0,3
30984,0.0,5
30992,0.0,3
31000,2.0,21
31024,0.0,3
31024,2.0,21
31032,0.0,5
31056,2.0,23
31064,0.0,5
31064,0.0,5
31072,2.0,21
31080,0.0,3
31088,2.0,21
31096,1.0,15
31096,0.0,3
31112,0.0,3
31136,0.0,5
31136,0.0,5
31152,1.0,15
31152,0.0,5
31152,2.0,21
31160,0.0,3
31176,0.0,3
31200,0.0,5
31216,0.0,5
31216,1.0,17
31232,2.0,21
31232,2.0,21
31240,0.0,3
31256,0.0,3
31256,1.0,15
31256,0.0,3
31272,1.0,15
31296,0.0,5
31296,0.0,5
31296,0.0,5
31312,1.0,14
31312,0.0,5
31320,0.0,3
31320,0.0,3
31336,0.0,3
31336,2.0,23
31336,1.0,15
31360,0.0,3
31360,0.0,5
31376,0.0,5
31376,0.0,5
31376,1.0,17
31400,0.0,5
31416,1.0,15
31416,0.0,5
31456,0.0,5
31480,2.0,21
31504,0.0,3
31504,2.0,23
31520,1.0,15
31528,2.0,21
31528,0.0,3
31544,2.0,21
31544,0.0,3
31544,0.0,5
31544,2.0,21
31552,0.0,3
31568,1.0,14
31568,0.0,3
31568,0.0,5
31568,0.0,3
31584,0.0,5
31584,2.0,21
31592,0.0,3
31592,0.0,3
31608,0.0,5
31608,0.0,5
31608,0.0,3
31632,0.0,5
31632,0.0,5
31648,0.0,5
31664,1.0,15
31672,0.0,5
31704,0.0,5
31712,0.0,5
31728,1.0,15
31728,1.0,15
31736,2.0,23
31736,0.0,3
31752,1.0,15
31752,2.0,21
31768,0.0,5
31768,1.0,15
31792,0.0,5
31792,0.0,5
31824,1.0,15
31832,1.0,12
31856,1.0,16
31864,1.0,12
31864,1.0,16
31864,1.0,12
31872,0.0,5
31888,1.0,12
31888,1.0,12
31896,0.0,5
31904,0.0,5
31904,0.0,5
31912,0.0,5
31928,0.0,5
31944,0.0,5
31944,0.0,5
31952,1.0,16
31952,0.0,5
31960,1.0,12
31984,0.0,5
31984,0.0,5
31992,0.0,5
31992,0.0,5
31992,1.0,12
32000,0.0,5
32016,1.0,16
32024,1.0,12
32024,0.0,5
32024,0.0,5
32032,0.0,5
32032,0.0,5
32056,0.0,5
32064,0.0,5
32064,0.0,5
32064,0.0,5
32072,0.0,5
32072,0.0,5
32096,0.0,5
32104,0.0,5
32112,0.0,5
32112,0.0,5
32136,0.0,5
32136,1.0,17
32144,0.0,5
32152,0.0,5
32176,0.0,5
32176,2.0,23
32184,0.0,5
32192,0.0,5
32216,0.0,5
32232,2.0,21
32232,0.0,5
32232,2.0,21
32272,0.0,5
32272,0.0,5
32296,2.0,23
32312,1.0,17
32312,0.0,5
32312,0.0,5
32320,2.0,23
32352,0.0,5
32352,0.0,5
32352,0.0,5
32360,0.0,5
32368,2.0,23
32368,1.0,17
32392,0.0,5
32392,0.0,5
32400,2.0,23
32400,0.0,5
32408,0.0,5
32408,0.0,5
32432,1.0,17
32432,0.0,5
32432,0.0,5
32440,0.0,5
32448,0.0,5
32472,0.0,5
32472,0.0,5
32480,0.0,5
32488,0.0,5
32512,0.0,5
32512,0.0,5
32520,1.0,15
32528,0.0,5
32536,2.0,23
32552,0.0,5
32552,0.0,5
32560,0.0,5
32560,1.0,16
32568,0.0,5
32576,0.0,5
32592,0.0,5
32592,0.0,5
32600,0.0,5
32616,1.0,17
32616,0.0,5
32632,0.0,5
32632,0.0,5
32656,0.0,5
32656,0.0,5
32672,0.0,5
32672,0.0,5
32688,1.0,16
32696,1.0,16
32696,0.0,5
32696,0.0,3
32712,0.0,3
32712,0.0,5
32720,0.0,3
32736,4.0,41
32736,0.0,5
32736,0.0,3
32736,1.0,17
32736,0.0,5
32752,0.0,5
32760,0.0,3
32760,0.0,5
32768,1.0,14
32784,0.0,3
32832,1.0,12
32832,1.0,12
32832,1.0,12
32832,1.0,12
32848,1.0,12
32856,1.0,12
32864,1.0,12
32872,0.0,5
32880,1.0,12
32920,0.0,5
32928,1.0,12
32928,1.0,12
32928,1.0,12
32944,0.0,3
32944,1.0,12
32952,1.0,12
32968,0.0,5
32984,0.0,5
32984,0.0,5
32992,0.0,5
33024,1.0,12
33024,1.0,12
33032,0.0,5
33056,2.0,24
33064,0.0,5
33080,1.0,12
33080,1.0,12
33120,0.0,5
33120,0.0,5
33128,1.0,13
33152,1.0,12
33160,0.0,5
33160,1.0,12
33192,0.0,5
33200,3.0,41
33216,1.0,12
33216,0.0,3
33240,0.0,5
33256,1.0,12
33256,0.0,5
33256,0.0,5
33280,0.0,5
33296,0.0,5
33296,0.0,5
33304,0.0,3
33320,0.0,3
33320,0.0,3
33328,4.0,45
33344,0.0,5
33360,0.0,5
33360,0.0,5
33368,0.0,5
33368,1.0,14
33384,0.0,5
33392,4.0,45
33400,0.0,5
33400,0.0,5
33408,0.0,5
33408,0.0,5
33424,0.0,5
33432,0.0,5
33440,0.0,5
33440,0.0,5
33448,0.0,5
33448,0.0,5
33464,0.0,5
33480,0.0,5
33480,0.0,5
33488,4.0,45
33488,0.0,5
33488,0.0,5
33504,0.0,5
33520,0.0,5
33520,0.0,5
33520,4.0,45
33528,0.0,5
33528,0.0,5
33528,0.0,5
33544,0.0,5
33552,0.0,3
33560,0.0,5
33560,0.0,5
33568,0.0,5
33584,0.0,5
33592,0.0,5
33600,0.0,5
33600,0.0,5
33608,0.0,5
33632,0.0,5
33640,1.0,14
33640,0.0,5
33640,0.0,5
33648,0.0,5
33664,0.0,3
33672,2.0,30
33680,0.0,5
33680,0.0,5
33688,0.0,5
33704,0.0,5
33712,0.0,5
33720,0.0,5
33720,0.0,5
33728,1.0,12
33744,0.0,5
33760,0.0,5
33768,0.0,5
33784,0.0,5
33800,0.0,5
33808,1.0,12
33808,0.0,5
33816,1.0,16
33824,0.0,5
33840,0.0,5
33840,1.0,15
33848,0.0,5
33848,0.0,5
33856,0.0,5
33864,0.0,5
33880,0.0,5
33880,0.0,5
33888,0.0,5
33888,4.0,46
33888,0.0,5
33896,0.0,5
33904,0.0,5
33920,0.0,5
33920,0.0,5
33928,0.0,5
33944,0.0,5
33944,0.0,3
33944,4.0,45
33960,0.0,5
33968,0.0,3
33984,1.0,12
33984,1.0,12
33984,0.0,5
33992,1.0,12
34000,0.0,5
34008,0.0,5
34024,1.0,12
34024,0.0,5
34032,0.0,5
34040,0.0,5
34048,0.0,5
34064,0.0,5
34064,0.0,5
34072,1.0,16
34072,0.0,5
34080,1.0,12
34080,1.0,12
34080,0.0,5
34088,0.0,5
34104,0.0,5
34104,0.0,5
34112,0.0,5
34112,0.0,5
34120,0.0,5
34120,0.0,5
34120,0.0,5
34128,0.0,5
34144,0.0,5
34152,0.0,5
34152,0.0,5
34160,0.0,5
34160,0.0,5
34160,0.0,5
34168,0.0,5
34184,0.0,5
34192,0.0,5
34192,0.0,5
34200,0.0,5
34200,0.0,5
34200,0.0,5
34208,0.0,5
34224,0.0,5
34232,0.0,5
34240,0.0,5
34240,1.0,17
34240,0.0,5
34240,0.0,5
34248,0.0,5
34264,0.0,5
34272,0.0,5
34280,0.0,5
34280,0.0,5
34280,0.0,5
34288,0.0,5
34304,0.0,5
34312,0.0,5
34320,1.0,16
34320,0.0,5
34320,0.0,5
34320,0.0,5
34328,0.0,5
34360,0.0,5
34360,0.0,5
34360,0.0,5
34368,1.0,16
34368,0.0,5
34400,0.0,5
34400,0.0,5
34400,0.0,5
34408,0.0,5
34408,0.0,5
34432,1.0,16
34440,0.0,5
34440,1.0,16
34448,0.0,5
34448,0.0,5
34448,1.0,16
34472,0.0,5
34480,0.0,5
34488,0.0,5
34488,0.0,5
34488,0.0,5
34528,1.0,16
34528,0.0,5
34528,1.0,16
34568,0.0,5
34576,1.0,17
34600,1.0,16
34608,1.0,16
34608,0.0,5
34616,0.0,5
34616,1.0,16
34616,1.0,16
34640,0.0,5
34648,0.0,5
34656,0.0,5
34656,0.0,5
34656,1.0,16
34656,1.0,16
34656,0.0,5
34680,0.0,5
34688,0.0,5
34696,0.0,5
34696,0.0,5
34696,0.0,5
34696,0.0,5
34720,0.0,5
34728,0.0,5
34736,0.0,5
34736,0.0,5
34736,0.0,5
34736,0.0,5
34744,1.0,17
34768,0.0,5
34776,0.0,5
34776,0.0,5
34776,0.0,5
34784,0.0,5
34792,1.0,17
34808,0.0,5
34816,0.0,5
34816,0.0,5
34824,0.0,5
34832,0.0,5
34848,0.0,5
34856,0.0,5
34856,0.0,5
34856,1.0,17
34864,0.0,5
34872,0.0,5
34872,1.0,17
34896,0.0,5
34896,0.0,5
34896,0.0,5
34904,0.0,5
34912,1.0,17
34912,0.0,5
34936,0.0,5
34936,0.0,3
34944,0.0,5
34952,0.0,5
34976,0.0,5
34976,0.0,5
34976,1.0,16
34992,0.0,5
35000,1.0,16
35016,0.0,5
35016,0.0,5
35024,1.0,16
35032,1.0,17
35040,0.0,5
35064,0.0,5
35072,0.0,5
35072,1.0,16
35080,0.0,5
35104,0.0,5
35112,0.0,5
35112,1.0,17
35112,0.0,5
35120,1.0,16
35144,1.0,16
35144,0.0,5
35144,1.0,16
35152,0.0,5
35152,0.0,5
35160,0.0,5
35184,0.0,5
35184,0.0,5
35192,0.0,5
35200,0.0,5
35224,0.0,5
35232,0.0,5
35240,1.0,16
35264,0.0,5
35272,1.0,16
35280,1.0,16
35280,0.0,5
35304,0.0,5
35312,1.0,16
35312,0.0,5
35320,0.0,5
35328,1.0,16
35344,0.0,5
35360,0.0,5
35360,1.0,16
35368,0.0,5
35384,0.0,5
35400,0.0,5
35400,0.0,5
35408,0.0,5
35408,4.0,41
35416,1.0,17
35424,0.0,5
35440,0.0,5
35448,1.0,17
35448,0.0,5
35448,0.0,5
35448,1.0,17
35456,0.0,5
35464,0.0,5
35480,0.0,5
35488,0.0,5
35488,0.0,5
35488,0.0,5
35496,0.0,5
35504,0.0,5
35520,0.0,5
35528,0.0,5
35528,0.0,5
35528,0.0,5
35536,0.0,5
35536,1.0,17
35544,0.0,5
35560,0.0,5
35568,0.0,5
35568,0.0,5
35568,0.0,5
35576,0.0,5
35576,0.0,5
35584,0.0,5
35584,1.0,17
35600,0.0,5
35608,0.0,5
35608,0.0,5
35616,0.0,5
35616,0.0,5
35624,0.0,5
35624,0.0,5
35632,0.0,3
35656,0.0,5
35656,0.0,5
35664,0.0,5
35696,1.0,16
35696,0.0,5
35696,0.0,5
35704,0.0,5
35720,1.0,14
35736,0.0,5
35736,1.0,17
35736,0.0,5
35744,0.0,5
35752,1.0,16
35760,0.0,5
35760,1.0,16
35776,0.0,5
35776,0.0,5
35776,0.0,5
35784,0.0,5
35792,0.0,5
35800,0.0,5
35800,0.0,5
35816,0.0,5
35816,0.0,5
35816,0.0,5
35824,0.0,5
35824,1.0,16
35832,0.0,5
35840,0.0,5
35840,0.0,5
35856,0.0,5
35856,0.0,5
35856,0.0,5
35864,0.0,5
35864,0.0,5
35880,0.0,5
35880,0.0,5
35896,0.0,5
35896,0.0,5
35904,0.0,5
35904,0.0,5
35920,0.0,5
35920,0.0,5
35936,0.0,5
35944,0.0,5
35960,1.0,16
35960,0.0,5
35976,0.0,5
35984,1.0,16
35984,0.0,5
36000,0.0,5
36000,0.0,5
36016,0.0,5
36024,0.0,5
36024,1.0,16
36024,0.0,5
36032,1.0,16
36040,0.0,5
36040,0.0,5
36048,1.0,16
36056,0.0,5
36064,0.0,5
36064,0.0,5
36064,0.0,5
36072,0.0,5
36080,0.0,5
36088,0.0,5
36096,0.0,5
36104,0.0,5
36104,0.0,5
36104,0.0,5
36120,0.0,5
36128,0.0,5
36136,0.0,5
36144,0.0,5
36144,0.0,5
36168,0.0,5
36168,1.0,16
36184,0.0,5
36184,0.0,5
36192,0.0,3
36208,0.0,5
36208,1.0,17
36224,0.0,5
36224,0.0,5
36232,1.0,14
36232,1.0,16
36232,0.0,3
36248,0.0,3
36248,0.0,5
36256,0.0,3
36256,0.0,3
36264,0.0,5
36272,0.0,5
36288,0.0,5
36288,0.0,5
36304,0.0,5
36312,0.0,5
36320,2.0,23
36328,0.0,5
36328,0.0,5
36328,1.0,17
36344,0.0,5
36344,0.0,3
36352,0.0,3
36352,0.0,5
36384,1.0,16
36384,0.0,5
36384,1.0,16
36384,0.0,5
36392,0.0,5
36392,0.0,5
36424,0.0,5
36424,0.0,5
36424,0.0,5
36448,0.0,3
36456,1.0,16
36456,1.0,16
36464,0.0,5
36496,0.0,5
36496,0.0,5
36496,1.0,14
36504,1.0,14
36520,1.0,16
36536,0.0,5
36536,0.0,5
36536,0.0,5
36544,0.0,5
36560,0.0,5
36560,0.0,3
36576,0.0,5
36576,0.0,5
36584,0.0,5
36592,2.0,21
36600,0.0,5
36600,0.0,5
36616,0.0,5
36616,0.0,3
36624,2.0,22
36624,0.0,5
36632,2.0,21
36640,0.0,5
36640,0.0,5
36648,0.0,3
36656,0.0,5
36656,0.0,3
36664,0.0,5
36680,0.0,5
36688,0.0,5
36696,0.0,5
36696,0.0,5
36704,0.0,5
36720,0.0,5
36728,0.0,5
36744,0.0,5
36760,2.0,23
36768,0.0,5
36800,0.0,5
36800,2.0,23
36808,0.0,5
36808,2.0,21
36816,1.0,15
36840,0.0,5
36840,0.0,5
36848,0.0,5
36848,0.0,5
36856,0.0,5
36880,0.0,5
36880,2.0,23
36888,0.0,5
36888,0.0,5
36896,0.0,5
36904,2.0,23
36920,0.0,5
36920,0.0,5
36928,0.0,5
36928,0.0,5
36928,2.0,23
36936,0.0,5
36944,0.0,5
36960,0.0,5
36968,0.0,5
36968,0.0,5
36968,0.0,5
36976,1.0,17
36976,0.0,5
37000,0.0,5
37008,0.0,5
37008,0.0,5
37008,0.0,5
37016,0.0,5
37016,0.0,5
37040,1.0,15
37048,0.0,5
37048,0.0,5
37048,0.0,5
37056,0.0,5
37056,0.0,5
37064,1.0,15
37080,0.0,5
37088,0.0,5
37088,0.0,5
37096,0.0,5
37096,0.0,5
37104,0.0,5
37120,0.0,5
37128,0.0,5
37128,0.0,5
37136,0.0,5
37136,0.0,5
37144,0.0,5
37160,0.0,5
37168,0.0,5
37176,0.0,5
37184,2.0,23
37184,0.0,5
37184,1.0,17
37200,0.0,5
37216,0.0,5
37224,0.0,5
37224,0.0,5
37240,0.0,5
37256,0.0,5
37264,0.0,5
37264,0.0,5
37280,0.0,5
37304,0.0,5
37304,0.0,5
37312,2.0,23
37320,2.0,23
37344,0.0,5
37344,0.0,5
37352,0.0,5
37352,2.0,23
37368,2.0,23
37384,0.0,5
37384,0.0,5
37392,0.0,5
37392,0.0,5
37432,0.0,5
37432,0.0,5
37440,2.0,23
37464,2.0,23
37472,0.0,5
37472,0.0,5
37480,0.0,5
37504,2.0,23
37504,0.0,5
37504,1.0,17
37512,0.0,5
37512,0.0,5
37544,0.0,5
37544,0.0,5
37544,0.0,5
37552,0.0,5
37552,0.0,5
37568,2.0,23
37568,2.0,23
37584,0.0,5
37584,0.0,5
37584,0.0,5
37592,0.0,5
37608,0.0,5
37608,0.0,5
37616,1.0,17
37624,0.0,5
37624,0.0,5
37624,0.0,5
37632,0.0,5
37648,0.0,5
37648,0.0,5
37656,0.0,5
37664,0.0,5
37664,0.0,5
37672,0.0,5
37688,0.0,5
37688,0.0,5
37696,0.0,5
37704,0.0,5
37704,0.0,5
37712,0.0,5
37728,0.0,5
37728,0.0,5
37736,2.0,23
37736,0.0,5
37744,0.0,5
37744,0.0,5
37768,0.0,5
37776,0.0,5
37784,0.0,5
37808,0.0,5
37808,2.0,23
37816,0.0,5
37824,0.0,5
37848,0.0,5
37848,0.0,5
37856,0.0,5
37864,0.0,5
37872,1.0,17
37888,0.0,5
37888,0.0,5
37896,2.0,23
37896,0.0,5
37912,2.0,23
37912,0.0,5
37928,2.0,23
37928,0.0,5
37928,0.0,5
37936,0.0,5
37936,0.0,5
37952,0.0,5
37960,0.0,3
37968,0.0,5
37968,0.0,5
37984,0.0,3
38008,0.0,3
38008,0.0,5
38048,1.0,17
38048,2.0,23
38048,0.0,5
38072,1.0,17
38072,1.0,15
38072,0.0,3
38088,0.0,5
38088,1.0,15
38096,2.0,21
38096,0.0,3
38112,0.0,5
38112,0.0,5
38120,0.0,3
38128,0.0,5
38128,0.0,5
38136,0.0,5
38152,0.0,5
38160,0.0,5
38168,0.0,5
38168,0.0,5
38176,0.0,5
38176,2.0,21
38192,0.0,5
38200,0.0,5
38208,0.0,5
38208,0.0,5
38216,0.0,5
38216,2.0,21
38232,0.0,5
38240,0.0,5
38248,0.0,5
38248,0.0,5
38256,0.0,5
38256,0.0,5
38272,0.0,5
38280,2.0,21
38280,0.0,5
38288,0.0,5
38288,0.0,5
38296,0.0,5
38296,0.0,5
38312,0.0,5
38320,0.0,5
38328,0.0,5
38328,0.0,5
38336,0.0,5
38336,0.0,5
38352,0.0,5
38368,0.0,5
38368,0.0,5
38376,0.0,5
38376,0.0,5
38392,0.0,5
38408,2.0,29
38416,0.0,5
38416,0.0,5
38448,0.0,5
38456,1.0,17
38456,0.0,5
38456,0.0,5
38464,2.0,23
38496,0.0,5
38504,0.0,5
38536,0.0,5
38544,0.0,5
38552,2.0,23
38552,2.0,23
38576,0.0,5
38576,2.0,23
38584,1.0,17
38592,0.0,5
38616,0.0,5
38624,0.0,5
38632,0.0,5
38640,2.0,23
38640,2.0,23
38656,0.0,5
38664,0.0,5
38680,0.0,5
38680,0.0,5
38688,1.0,17
38696,0.0,5
38704,0.0,5
38720,0.0,5
38720,0.0,5
38728,0.0,5
38728,2.0,23
38736,0.0,5
38744,0.0,5
38760,2.0,23
38760,0.0,5
38760,0.0,5
38768,0.0,5
38768,0.0,5
38784,0.0,5
38800,0.0,5
38800,0.0,5
38800,0.0,5
38808,0.0,5
38808,0.0,5
38816,2.0,23
38824,0.0,5
38840,0.0,5
38840,0.0,5
38840,0.0,5
38864,0.0,3
38864,0.0,5
38904,1.0,12
38904,0.0,5
38912,1.0,12
38920,2.0,23
38936,0.0,3
38936,1.0,16
38944,0.0,5
38944,0.0,5
38960,0.0,5
38976,0.0,5
38976,0.0,5
38992,1.0,16
39000,0.0,5
39072,1.0,16
39072,1.0,12
39072,1.0,16
39088,1.0,12
39096,1.0,12
39136,4.0,37
39168,1.0,12
39184,1.0,12
39192,1.0,12
39200,4.0,45
39208,2.0,29
39208,0.0,5
39224,0.0,5
39232,0.0,5
39240,0.0,5
39248,0.0,5
39264,2.0,24
39288,0.0,5
39304,1.0,12
39304,2.0,29
39320,1.0,12
39328,1.0,12
39344,0.0,5
39360,1.0,12
39360,0.0,5
39384,0.0,5
39384,1.0,12
39400,1.0,12
39456,1.0,12
39480,2.0,30
39480,1.0,12
39480,1.0,12
39496,1.0,12
39496,4.0,45
39520,0.0,5
39520,0.0,5
39536,0.0,5
39552,1.0,12
39560,0.0,5
39560,0.0,5
39576,1.0,12
39576,0.0,5
39592,0.0,5
39600,0.0,5
39600,0.0,5
39616,0.0,5
39616,3.0,36
39632,0.0,5
39656,0.0,5
39656,0.0,5
39672,1.0,12
39672,0.0,5
39680,1.0,10
39680,0.0,3
39696,0.0,5
39712,0.0,5
39712,1.0,14
39720,0.0,5
39720,0.0,5
39720,4.0,45
39728,2.0,29
39736,0.0,3
39736,0.0,5
39752,0.0,5
39760,0.0,3
39760,0.0,5
39768,0.0,5
39784,0.0,3
39792,0.0,5
39824,0.0,5
39840,2.0,21
39880,0.0,5
39888,2.0,21
39904,2.0,21
39920,0.0,5
39928,2.0,21
39936,2.0,21
39944,0.0,5
39960,2.0,21
39960,0.0,3
40000,0.0,5
40000,3.0,35
40008,2.0,23
40024,0.0,3
40032,0.0,3
40040,0.0,5
40064,0.0,5
40064,1.0,17
40072,2.0,23
40080,0.0,5
40096,0.0,3
40096,1.0,17
40104,0.0,5
40112,2.0,21
40136,0.0,3
40136,0.0,5
40136,0.0,5
40144,0.0,5
40168,1.0,17
40176,0.0,5
40192,0.0,3
40216,0.0,5
40232,0.0,5
40232,2.0,21
40232,3.0,39
40256,0.0,5
40256,0.0,3
40256,1.0,15
40256,0.0,3
40264,2.0,23
40272,0.0,5
40280,0.0,3
40288,0.0,3
40296,0.0,5
40296,0.0,5
40304,2.0,21
40312,2.0,21
40320,0.0,5
40328,0.0,3
40336,0.0,3
40368,0.0,5
40376,0.0,5
40416,1.0,15
40416,1.0,15
40424,1.0,17
40424,2.0,21
40440,2.0,21
40448,0.0,3
40456,0.0,5
40464,0.0,3
40464,0.0,5
40488,2.0,21
40488,1.0,15
40496,1.0,15
40512,0.0,3
40528,0.0,5
40536,0.0,5
40552,0.0,5
40568,0.0,5
40576,0.0,5
40584,1.0,15
40584,1.0,17
40600,1.0,17
40600,2.0,23
40624,0.0,5
40624,0.0,3
40624,2.0,21
40640,0.0,5
40648,0.0,3
40664,0.0,5
40664,0.0,5
40672,1.0,15
40672,0.0,3
40712,0.0,5
40736,2.0,21
40744,2.0,21
40760,0.0,3
40768,0.0,3
40784,1.0,15
40800,1.0,16
40800,0.0,5
40808,0.0,5
40816,2.0,29
40824,2.0,23
40824,0.0,5
40832,2.0,21
40832,0.0,4
40840,0.0,5
40848,0.0,3
40856,0.0,3
40856,0.0,5
40864,0.0,5
40896,0.0,5
40896,2.0,23
40920,0.0,3
40936,0.0,5
40952,1.0,15
40960,0.0,3
40960,0.0,5
40976,0.0,3
40984,1.0,17
40984,0.0,3
40992,2.0,23
41000,0.0,5
41008,0.0,3
41008,2.0,21
41016,0.0,5
41016,0.0,3
41024,0.0,5
41024,2.0,21
41032,2.0,21
41032,0.0,3
41048,0.0,5
41048,0.0,3
41056,0.0,5
41072,0.0,5
41072,0.0,5
41088,0.0,5
41088,0.0,5
41112,0.0,5
41120,1.0,15
41136,1.0,14
41152,1.0,17
41160,0.0,5
41168,1.0,14
41176,0.0,5
41176,0.0,3
41192,0.0,3
41200,0.0,3
41208,1.0,15
41208,1.0,17
41216,0.0,5
41232,1.0,15
41248,0.0,5
41248,0.0,5
41256,2.0,21
41256,0.0,5
41272,0.0,5
41280,0.0,3
41320,0.0,5
41328,1.0,17
41328,2.0,21
41368,0.0,5
41368,0.0,5
41384,2.0,23
41384,1.0,14
41408,0.0,3
41408,0.0,3
41416,2.0,21
41416,2.0,21
41424,2.0,21
41440,1.0,15
41440,0.0,3
41440,0.0,3
41448,0.0,5
41448,0.0,3
41480,0.0,5
41480,0.0,5
41480,0.0,5
41488,0.0,5
41488,0.0,5
41488,1.0,15
41496,1.0,16
41520,0.0,5
41520,0.0,3
41528,0.0,5
41560,0.0,5
41584,0.0,3
41608,1.0,15
41680,1.0,12
41728,3.0,40
41768,0.0,5
41776,1.0,12
41840,4.0,45
41840,4.0,45
41848,4.0,45
41848,3.0,41
41864,1.0,12
41872,1.0,12
41888,4.0,45
41912,0.0,5
41936,1.0,12
41944,1.0,12
41944,1.0,12
41952,0.0,5
41960,1.0,12
41968,4.0,45
41976,0.0,5
41976,1.0,17
41984,0.0,5
41984,1.0,12
41992,0.0,5
42000,0.0,5
42008,0.0,5
42016,0.0,5
42016,0.0,5
42024,0.0,5
42024,0.0,5
42032,0.0,5
42040,0.0,5
42048,0.0,5
42056,0.0,5
42056,0.0,5
42064,0.0,5
42072,0.0,5
42080,0.0,5
42096,0.0,5
42096,0.0,5
42104,0.0,5
42112,0.0,5
42120,0.0,5
42136,0.0,5
42136,2.0,24
42144,0.0,5
42152,0.0,5
42160,0.0,5
42176,0.0,5
42176,0.0,5
42184,0.0,5
42192,0.0,5
42208,2.0,23
42216,0.0,5
42216,0.0,5
42224,0.0,5
42232,0.0,5
42248,0.0,5
42256,0.0,5
42256,0.0,5
42264,0.0,5
42272,0.0,5
42288,1.0,16
42288,0.0,5
42296,0.0,5
42304,0.0,5
42312,0.0,5
42328,0.0,5
42328,0.0,5
42336,0.0,5
42336,3.0,36
42352,3.0,32
42368,0.0,5
42368,0.0,5
42376,0.0,5
42376,0.0,5
42384,1.0,16
42392,0.0,5
42424,0.0,5
42432,0.0,5
42432,1.0,16
42440,1.0,16
42464,0.0,5
42472,0.0,5
42472,0.0,5
42480,0.0,5
42496,1.0,16
42496,1.0,16
42504,1.0,16
42504,0.0,5
42504,1.0,16
42512,0.0,5
42520,0.0,5
42536,0.0,5
42536,0.0,5
42544,0.0,5
42544,0.0,5
42552,0.0,5
42560,0.0,5
42568,1.0,12
42576,0.0,5
42576,0.0,5
42584,0.0,5
42584,0.0,5
42600,0.0,5
42608,0.0,5
42624,0.0,5
42640,1.0,17
42648,0.0,5
42664,0.0,5
42680,1.0,16
42680,0.0,5
42688,0.0,5
42696,1.0,14
42704,0.0,5
42712,1.0,17
42712,1.0,17
42712,0.0,3
42720,0.0,5
42720,0.0,5
42728,1.0,16
42736,0.0,5
42744,0.0,5
42752,0.0,5
42752,0.0,5
42752,0.0,5
42760,0.0,5
42760,0.0,5
42768,0.0,5
42776,0.0,5
42784,0.0,5
42792,0.0,5
42792,0.0,5
42792,0.0,5
42800,0.0,5
42808,0.0,5
42816,0.0,5
42824,0.0,5
42832,0.0,5
42832,0.0,5
42840,0.0,5
42848,0.0,5
42856,0.0,5
42864,0.0,5
42872,0.0,5
42872,0.0,5
42880,0.0,5
42896,0.0,5
42896,1.0,17
42912,0.0,5
42912,0.0,5
42920,0.0,3
42920,1.0,16
42920,0.0,5
42936,0.0,5
42952,0.0,5
42952,0.0,5
42960,0.0,5
42960,0.0,5
42992,0.0,5
43000,0.0,5
43032,2.0,23
43040,0.0,5
43048,2.0,23
43080,0.0,5
43088,0.0,5
43096,1.0,17
43104,2.0,23
43120,2.0,23
43120,0.0,5
43128,0.0,5
43136,0.0,5
43136,2.0,23
43160,0.0,5
43168,1.0,17
43168,0.0,5
43176,0.0,5
43176,2.0,23
43176,0.0,5
43208,0.0,5
43208,0.0,5
43216,0.0,5
43216,0.0,5
43216,0.0,5
43248,0.0,5
43248,0.0,5
43256,0.0,5
43256,0.0,5
43256,1.0,17
43288,2.0,23
43288,0.0,5
43288,0.0,5
43296,0.0,5
43328,0.0,5
43336,0.0,5
43344,2.0,23
43368,0.0,5
43376,0.0,5
43384,0.0,5
43392,1.0,17
43400,2.0,23
43408,0.0,5
43424,1.0,17
43432,0.0,5
43440,2.0,23
43448,0.0,5
43472,2.0,23
43472,0.0,5
43480,0.0,5
43520,0.0,5
43520,1.0,17
43536,1.0,17
43560,1.0,17
43560,0.0,5
43560,2.0,23
43560,0.0,5
43576,0.0,5
43600,0.0,5
43600,0.0,5
43600,0.0,5
43608,1.0,17
43616,0.0,5
43632,2.0,23
43640,0.0,5
43640,0.0,5
43648,0.0,5
43656,2.0,23
43656,0.0,5
43672,0.0,5
43680,0.0,5
43688,0.0,5
43696,1.0,17
43696,0.0,5
43712,0.0,5
43720,0.0,5
43736,0.0,5
43736,0.0,5
43784,2.0,23
43808,2.0,21
43824,0.0,5
43824,1.0,17
43832,0.0,3
43840,2.0,23
43848,1.0,17
43856,1.0,15
43864,0.0,5
43864,0.0,3
43872,0.0,3
43880,0.0,3
43888,2.0,21
43904,2.0,21
43912,0.0,3
43912,0.0,5
43928,0.0,3
43952,0.0,5
43968,0.0,5
43968,1.0,17
43992,0.0,5
43992,2.0,21
43992,0.0,3
44000,1.0,17
44016,0.0,3
44024,0.0,3
44032,0.0,5
44032,2.0,21
44032,0.0,5
44056,0.0,5
44064,2.0,23
44064,0.0,5
44072,0.0,5
44072,0.0,5
44072,0.0,5
44080,2.0,21
44088,1.0,15
44096,0.0,5
44104,0.0,5
44104,0.0,5
44112,0.0,5
44112,0.0,5
44112,0.0,5
44120,0.0,5
44128,0.0,5
44136,0.0,5
44144,0.0,5
44144,0.0,5
44152,0.0,5
44152,0.0,5
44152,0.0,5
44160,0.0,5
44168,0.0,5
44176,0.0,5
44184,0.0,5
44184,0.0,5
44192,0.0,5
44192,0.0,5
44192,0.0,5
44200,0.0,5
44208,0.0,5
44208,0.0,3
44216,0.0,5
44232,0.0,5
44232,0.0,5
44240,0.0,5
44248,0.0,5
44248,0.0,5
44264,0.0,3
44272,0.0,5
44288,0.0,5
44288,0.0,5
44304,0.0,5
44312,0.0,5
44320,1.0,16
44328,0.0,5
44328,0.0,5
44352,0.0,5
44368,0.0,5
44368,2.0,23
44392,0.0,5
44400,2.0,23
44408,0.0,5
44416,2.0,23
44432,0.0,5
44440,0.0,5
44448,0.0,5
44456,1.0,17
44472,0.0,3
44480,0.0,3
44488,2.0,23
44512,0.0,3
44512,2.0,23
44520,0.0,5
44536,0.0,3
44552,0.0,5
44552,2.0,23
44552,1.0,17
44560,0.0,5
44576,0.0,5
44576,0.0,3
44592,0.0,5
44616,2.0,23
44616,0.0,5
44624,2.0,23
44632,0.0,5
44640,0.0,3
44648,0.0,3
44656,0.0,5
44656,2.0,23
44680,0.0,5
44680,0.0,3
44680,0.0,3
44688,0.0,5
44696,1.0,15
44720,0.0,5
44720,2.0,21
44720,0.0,5
44720,0.0,5
44728,2.0,21
44736,0.0,5
44744,0.0,3
44752,0.0,3
44784,0.0,5
44792,0.0,5
44800,2.0,21
44808,1.0,15
44824,0.0,5
44824,0.0,3
44832,0.0,5
44848,0.0,5
44864,0.0,5
44864,0.0,5
44872,0.0,5
44888,0.0,5
44888,2.0,21
44888,2.0,21
44888,2.0,21
44904,2.0,21
44912,0.0,5
44912,0.0,3
44912,0.0,3
44912,0.0,3
44928,0.0,3
44936,0.0,3
44952,0.0,5
44952,0.0,5
44968,0.0,5
44976,0.0,5
45016,0.0,5
45032,2.0,21
45040,0.0,3
45048,2.0,23
45056,2.0,21
45072,1.0,15
45072,0.0,5
45072,0.0,3
45080,2.0,21
45080,0.0,3
45080,0.0,5
45088,1.0,15
45104,0.0,3
45112,0.0,5
45120,2.0,21
45128,0.0,5
45144,0.0,5
45144,0.0,3
45184,0.0,5
45184,0.0,5
45192,1.0,15
45208,1.0,17
45216,1.0,17
45248,0.0,5
45248,2.0,21
45256,0.0,5
45272,0.0,3
45280,2.0,21
45296,0.0,5
45296,2.0,21
45304,0.0,3
45304,1.0,15
45320,0.0,3
45328,1.0,17
45344,0.0,5
45344,0.0,5
45352,2.0,21
45360,0.0,5
45368,0.0,3
45368,0.0,5
45368,1.0,15
45376,0.0,3
45408,0.0,5
45456,2.0,23
45464,2.0,21
45480,1.0,15
45480,0.0,3
45488,0.0,3
45512,1.0,17
45512,2.0,21
45520,0.0,5
45520,0.0,5
45528,0.0,5
45536,0.0,3
45536,2.0,21
45536,0.0,3
45552,2.0,23
45560,0.0,3
45576,0.0,5
45576,2.0,21
45576,0.0,5
45576,0.0,3
45600,0.0,5
45616,0.0,5
45640,0.0,5
45640,1.0,15
45648,1.0,15
45664,0.0,3
45688,0.0,5
45688,2.0,21
45696,1.0,15
45704,0.0,5
45720,0.0,3
45728,0.0,5
45728,0.0,5
45736,1.0,15
45744,2.0,21
45760,0.0,5
45760,0.0,3
45808,2.0,29
45808,2.0,21
45832,0.0,3
45832,0.0,3
45840,1.0,14
45848,1.0,15
45864,0.0,3
45872,0.0,5
45872,0.0,3
45872,0.0,5
45872,2.0,21
45880,1.0,17
45888,1.0,16
45896,0.0,3
45904,0.0,3
45904,0.0,5
45912,0.0,5
45912,0.0,5
45912,0.0,3
45928,2.0,21
45936,0.0,5
45944,0.0,5
45952,0.0,3
45952,0.0,5
45960,0.0,3
45976,0.0,3
45992,0.0,5
45992,1.0,15
46000,0.0,5
46016,0.0,5
46024,1.0,14
46024,1.0,14
46032,0.0,5
46040,1.0,17
46048,0.0,3
46048,0.0,3
46056,1.0,14
46088,0.0,5
46112,1.0,15
46112,1.0,14
46136,0.0,3
46144,1.0,16
46144,1.0,14
46152,0.0,5
46168,1.0,16
46168,0.0,3
46168,0.0,3
46176,0.0,3
46184,1.0,17
46192,0.0,3
46208,1.0,15
46232,1.0,12
46240,2.0,23
46248,0.0,5
46264,1.0,10
46264,1.0,12
46264,1.0,12
46272,1.0,12
46288,1.0,12
46288,0.0,5
46288,0.0,3
46296,0.0,3
46304,0.0,5
46312,1.0,10
46320,1.0,10
46336,0.0,5
46344,1.0,10
46368,1.0,10
46368,1.0,10
46376,0.0,5
46384,1.0,12
46392,0.0,3
46400,0.0,3
46400,1.0,12
46408,0.0,5
46408,1.0,12
46416,1.0,12
46456,0.0,5
46480,1.0,10
46496,1.0,12
46504,1.0,12
46528,1.0,15
46544,0.0,5
46568,0.0,5
46576,1.0,10
46576,1.0,12
46584,0.0,5
46600,0.0,3
46624,0.0,5
46640,0.0,5
46664,1.0,12
46672,1.0,12
46688,0.0,3
46704,4.0,45
46712,0.0,5
46728,0.0,3
46728,0.0,5
46736,1.0,12
46744,4.0,45
46752,4.0,45
46776,0.0,3
46816,4.0,45
46816,2.0,24
46816,1.0,10
46824,1.0,14
46824,1.0,12
46824,1.0,12
46840,1.0,12
46848,0.0,3
46864,0.0,3
46872,1.0,12
46904,1.0,10
46904,1.0,10
46912,1.0,12
46928,0.0,3
46936,0.0,3
46944,1.0,16
46952,1.0,10
46960,1.0,12
46968,0.0,3
46968,0.0,5
46976,0.0,3
46976,0.0,5
46976,1.0,16
46984,0.0,3
47000,0.0,3
47008,0.0,5
47008,0.0,5
47016,0.0,5
47024,0.0,5
47024,1.0,15
47032,0.0,3
47056,0.0,5
47064,0.0,5
47064,0.0,5
47072,0.0,5
47104,3.0,36
47112,1.0,17
47128,1.0,16
47128,1.0,15
47136,0.0,3
47144,0.0,5
47168,1.0,14
47168,0.0,5
47176,0.0,5
47176,1.0,14
47192,1.0,16
47200,1.0,16
47208,0.0,5
47216,0.0,5
47232,0.0,5
47240,0.0,5
47256,1.0,14
47256,0.0,5
47264,1.0,17
47280,0.0,5
47288,1.0,14
47288,1.0,15
47296,0.0,5
47328,1.0,15
47328,0.0,5
47352,1.0,15
47368,0.0,5
47384,1.0,16
47392,1.0,14
47400,1.0,17
47408,0.0,5
47416,1.0,15
47424,1.0,17
47432,0.0,5
47440,0.0,5
47456,1.0,16
47456,0.0,5
47464,0.0,5
47472,0.0,5
47480,1.0,16
47496,0.0,5
47496,0.0,5
47512,1.0,16
47520,0.0,5
47552,0.0,5
47560,0.0,5
47576,2.0,21
47592,1.0,15
47600,0.0,3
47616,1.0,15
47624,2.0,23
47632,2.0,21
47632,0.0,5
47640,0.0,5
47648,0.0,3
47656,0.0,3
47656,0.0,5
47664,2.0,21
47672,1.0,15
47680,0.0,5
47680,1.0,15
47688,0.0,3
47688,0.0,5
47696,0.0,5
47712,0.0,5
47720,0.0,5
47720,0.0,5
47728,0.0,5
47776,1.0,15
47800,2.0,21
47808,1.0,15
47816,1.0,15
47816,0.0,5
47824,0.0,3
47832,1.0,15
47848,1.0,15
47848,0.0,5
47864,0.0,5
47872,0.0,5
47888,0.0,5
47888,2.0,21
47888,0.0,5
47904,2.0,23
47904,0.0,5
47912,0.0,5
47928,0.0,5
47928,0.0,5
47944,0.0,5
47968,0.0,5
47968,0.0,5
47984,0.0,5
48008,0.0,5
48008,0.0,5
48024,0.0,5
48048,0.0,5
48056,2.0,21
48064,0.0,5
48080,0.0,3
48088,2.0,23
48096,2.0,23
48104,0.0,5
48120,0.0,5
48128,0.0,5
48136,0.0,5
48144,3.0,41
48160,0.0,5
48168,0.0,5
48176,0.0,5
48184,0.0,5
48184,4.0,46
48192,2.0,23
48200,0.0,5
48208,0.0,5
48216,0.0,5
48224,0.0,5
48224,0.0,5
48232,2.0,23
48232,0.0,5
48240,0.0,5
48248,0.0,5
48256,0.0,3
48256,0.0,5
48264,0.0,5
48264,0.0,5
48272,0.0,5
48288,2.0,23
48288,0.0,5
48296,0.0,5
48304,0.0,5
48312,0.0,3
48320,0.0,3
48344,0.0,5
48344,0.0,3
48352,0.0,5
48384,0.0,5
48392,1.0,15
48400,1.0,17
48400,1.0,14
48408,2.0,21
48424,2.0,21
48432,0.0,5
48440,0.0,5
48440,0.0,5
48448,0.0,5
48448,0.0,3
48472,0.0,5
48488,0.0,5
48512,2.0,21
48528,2.0,22
48528,0.0,5
48536,0.0,3
48552,2.0,21
48560,1.0,15
48568,1.0,15
48568,0.0,5
48568,0.0,5
48576,0.0,3
48600,0.0,5
48608,2.0,21
48608,0.0,5
48616,0.0,5
48632,0.0,3
48640,2.0,21
48640,0.0,5
48656,0.0,5
48664,0.0,3
48664,0.0,3
48672,1.0,17
48672,0.0,5
48704,0.0,5
48704,0.0,5
48712,0.0,5
48736,2.0,21
48736,2.0,21
48744,0.0,5
48752,0.0,5
48760,0.0,3
48760,0.0,3
48776,2.0,21
48792,0.0,5
48800,0.0,5
48800,0.0,5
48808,1.0,17
48816,0.0,5
48832,0.0,5
48840,2.0,23
48840,1.0,17
48840,0.0,5
48848,0.0,5
48856,0.0,5
48872,0.0,5
48880,0.0,5
48880,0.0,5
48880,0.0,5
48888,0.0,5
48896,0.0,5
48912,0.0,5
48920,0.0,5
48920,0.0,5
48920,1.0,15
48920,0.0,5
48928,0.0,5
48928,2.0,23
48936,0.0,5
48952,0.0,5
48960,0.0,5
48960,0.0,5
48960,0.0,5
48960,0.0,5
48968,0.0,5
48976,0.0,5
48992,0.0,5
49000,0.0,5
49000,0.0,5
49000,0.0,5
49000,0.0,5
49016,0.0,5
49032,0.0,5
49040,0.0,5
49040,0.0,5
49040,0.0,5
49040,0.0,5
49072,0.0,5
49080,0.0,5
49080,0.0,5
49080,0.0,5
49080,0.0,5
49112,0.0,5
49112,2.0,23
49120,0.0,5
49120,0.0,5
49120,0.0,5
49136,0.0,3
49152,2.0,23
49152,0.0,5
49160,0.0,5
49176,0.0,5
49192,0.0,5
49200,2.0,23
49224,0.0,3
49248,2.0,21
49264,0.0,5
49272,0.0,3
49288,2.0,21
49288,2.0,21
49296,1.0,15
49312,0.0,3
49312,0.0,5
49312,0.0,3
49320,2.0,21
49328,2.0,21
49336,0.0,5
49352,0.0,3
49352,0.0,5
49360,2.0,21
49360,0.0,5
49376,0.0,5
49384,0.0,3
49392,0.0,5
49392,0.0,5
49400,0.0,5
49424,0.0,5
49432,1.0,15
49432,2.0,21
49432,0.0,5
49440,0.0,5
49464,0.0,5
49472,0.0,5
49472,0.0,5
49472,0.0,5
49480,0.0,5
49496,2.0,23
49512,0.0,5
49520,0.0,5
49536,0.0,5
49544,2.0,21
49560,0.0,5
49560,2.0,21
49568,0.0,3
49584,0.0,3
49592,1.0,15
49608,0.0,5
49624,0.0,5
49632,0.0,5
49640,2.0,21
49648,2.0,23
49664,0.0,3
49664,0.0,5
49672,0.0,3
49672,0.0,5
49680,2.0,21
49704,0.0,3
49704,0.0,5
49712,0.0,5
49744,2.0,23
49744,0.0,5
49744,1.0,17
49752,0.0,5
49768,0.0,3
49784,0.0,5
49792,0.0,5
49808,0.0,5
49824,1.0,15
49832,0.0,5
49832,3.0,37
49832,2.0,21
49840,2.0,21
49856,0.0,3
49856,0.0,3
49864,0.0,3
49896,0.0,5
49904,0.0,5
49928,2.0,23
49952,0.0,3
49952,2.0,21
49976,2.0,21
49976,0.0,3
49992,1.0,17
49992,0.0,5
50000,2.0,21
50008,2.0,23
50016,0.0,5
50016,1.0,15
50016,0.0,5
50024,0.0,3
50024,1.0,15
50032,0.0,5
50032,0.0,3
50056,0.0,3
50056,0.0,5
50064,0.0,5
50064,0.0,5
50072,0.0,5
50096,0.0,5
50112,1.0,15
50112,0.0,5
50136,1.0,15
50152,1.0,17
50152,0.0,5
50152,0.0,5
50176,0.0,5
50184,1.0,15
50192,0.0,5
50192,0.0,5
50192,0.0,5
50216,0.0,5
50224,0.0,5
50224,2.0,21
50232,0.0,5
50232,0.0,5
50232,2.0,21
50232,0.0,5
50256,0.0,5
50264,0.0,5
50264,0.0,5
50272,0.0,5
50272,0.0,5
50272,0.0,5
50272,0.0,5
50280,2.0,23
50296,0.0,5
50304,0.0,5
50312,0.0,5
50336,0.0,5
50352,0.0,5
50376,0.0,5
50400,1.0,17
50456,2.0,23
50456,2.0,23
50488,2.0,23
50496,0.0,5
50496,0.0,5
50504,1.0,16
50528,0.0,5
50536,0.0,5
50536,0.0,5
50536,2.0,23
50536,1.0,17
50568,0.0,5
50576,0.0,5
50576,3.0,37
50576,0.0,5
50576,0.0,5
50600,3.0,41
50616,0.0,5
50616,0.0,5
50616,0.0,5
50656,0.0,5
50656,0.0,5
50672,1.0,17
50688,2.0,23
50696,0.0,5
50712,0.0,5
50728,0.0,5
50736,1.0,17
50752,2.0,23
50760,2.0,23
50768,0.0,5
50776,0.0,5
50792,0.0,5
50800,2.0,23
50800,0.0,5
50808,0.0,5
50816,0.0,5
50832,0.0,5
50840,0.0,5
50840,2.0,23
50840,0.0,5
50848,1.0,17
50848,0.0,5
50856,0.0,5
50872,0.0,5
50880,2.0,23
50880,0.0,5
50880,0.0,5
50888,0.0,5
50912,0.0,5
50920,0.0,5
50928,0.0,5
50952,0.0,5
50968,0.0,5
50976,1.0,17
50992,0.0,5
51016,0.0,5
51032,0.0,5
51032,2.0,23
51040,2.0,23
51056,0.0,5
51064,2.0,23
51064,2.0,23
51072,0.0,5
51072,0.0,5
51096,0.0,5
51104,0.0,5
51104,2.0,23
51104,0.0,5
51112,0.0,5
51144,0.0,5
51144,0.0,5
51144,0.0,5
51152,2.0,23
51176,1.0,17
51184,0.0,5
51184,0.0,5
51192,0.0,5
51208,1.0,17
51224,0.0,5
51224,0.0,5
51232,0.0,5
51248,0.0,5
51264,0.0,5
51272,0.0,5
51280,1.0,17
51280,2.0,23
51288,0.0,5
51296,2.0,23
51304,0.0,5
51312,0.0,5
51320,0.0,5
51320,0.0,5
51328,0.0,5
51336,0.0,5
51344,0.0,5
51352,0.0,5
51360,0.0,5
51360,2.0,23
51360,0.0,5
51368,0.0,5
51376,0.0,5
51384,0.0,5
51392,0.0,5
51400,0.0,5
51400,0.0,5
51400,0.0,5
51408,2.0,23
51416,0.0,5
51424,0.0,5
51432,0.0,5
51440,0.0,5
51440,0.0,5
51448,0.0,5
51456,0.0,5
51464,0.0,5
51472,0.0,5
51480,0.0,5
51480,0.0,5
51488,0.0,5
51504,0.0,5
51520,0.0,5
51520,0.0,5
51528,0.0,5
51536,1.0,17
51544,0.0,5
51552,2.0,23
51560,0.0,5
51560,0.0,5
51568,0.0,5
51576,0.0,5
51584,0.0,5
51592,0.0,5
51600,0.0,5
51600,0.0,5
51608,0.0,5
51616,0.0,5
51624,0.0,5
51640,2.0,23
51656,2.0,23
51656,0.0,5
51680,0.0,5
51680,0.0,3
51696,0.0,5
51720,0.0,5
51720,0.0,5
51760,0.0,5
51760,2.0,21
51768,2.0,21
51768,2.0,21
51776,2.0,21
51784,0.0,3
51792,2.0,21
51792,0.0,3
51792,0.0,3
51800,0.0,3
51800,0.0,5
51824,0.0,5
51832,0.0,5
51832,0.0,5
51840,0.0,5
51856,1.0,17
51864,2.0,21
51864,0.0,5
51888,0.0,3
51896,0.0,5
51904,0.0,5
51928,0.0,5
51928,0.0,3
51952,0.0,3
51960,1.0,15
51968,2.0,21
51968,0.0,5
51976,2.0,23
51992,0.0,3
52000,0.0,5
52000,0.0,3
52000,2.0,21
52016,2.0,23
52024,0.0,3
52032,0.0,5
52040,0.0,5
52040,0.0,3
52064,2.0,21
52064,0.0,5
52072,0.0,5
52080,0.0,5
52088,0.0,3
52112,0.0,5
52128,0.0,5
52128,2.0,22
52136,0.0,3
52136,2.0,21
52160,1.0,15
52160,0.0,3
52160,0.0,3
52168,2.0,21
52168,0.0,5
52184,0.0,3
52184,1.0,15
52192,0.0,3
52200,0.0,5
52200,1.0,15
52208,0.0,5
52224,0.0,5
52224,0.0,5
52224,0.0,3
52232,0.0,5
52264,1.0,17
52264,0.0,5
52264,0.0,5
52272,0.0,5
52304,0.0,5
52304,0.0,5
52304,0.0,5
52312,0.0,5
52336,2.0,22
52336,1.0,17
52344,0.0,5
52344,0.0,5
52344,0.0,5
52352,0.0,5
52376,0.0,5
52376,2.0,21
52392,2.0,21
52432,0.0,5
52440,1.0,12
52448,1.0,12
52472,1.0,17
52472,1.0,16
52504,1.0,16
52512,2.0,21
52528,1.0,12
52544,2.0,21
52544,0.0,5
52568,1.0,16
52568,0.0,5
52576,1.0,16
52584,0.0,5
52608,0.0,5
52608,0.0,5
52608,1.0,17
52616,0.0,5
52624,0.0,5
52648,0.0,5
52648,0.0,5
52656,2.0,23
52672,2.0,20
52680,1.0,17
52696,0.0,5
52712,0.0,5
52720,0.0,5
52736,0.0,5
52760,0.0,5
52792,2.0,23
52792,2.0,21
52800,2.0,23
52800,0.0,5
52816,2.0,21
52816,2.0,21
52832,0.0,5
52856,0.0,5
52856,1.0,15
52872,0.0,5
52888,1.0,12
52896,0.0,5
52896,0.0,5
52912,1.0,12
52912,0.0,5
52928,1.0,16
52928,0.0,5
52936,1.0,17
52936,0.0,5
52936,0.0,5
52952,0.0,5
52968,0.0,5
52968,0.0,5
52976,0.0,5
52976,0.0,5
53008,1.0,12
53008,0.0,5
53016,0.0,5
53016,0.0,5
53024,4.0,39
53048,0.0,5
53048,1.0,12
53056,0.0,5
53056,0.0,5
53064,1.0,12
53096,0.0,5
53104,1.0,12
53120,1.0,12
53128,2.0,24
53136,0.0,5
53144,1.0,12
53152,1.0,12
53176,1.0,16
53192,0.0,5
53192,1.0,16
53216,1.0,12
53224,1.0,12
53232,1.0,16
53232,1.0,12
53240,1.0,12
53256,0.0,5
53264,0.0,3
53272,0.0,5
53288,1.0,12
53288,1.0,12
53304,0.0,5
53320,1.0,12
53328,1.0,12
53344,0.0,5
53352,1.0,12
53360,2.0,23
53368,1.0,12
53368,0.0,5
53384,1.0,12
53384,1.0,12
53384,0.0,5
53400,0.0,5
53424,0.0,5
53424,0.0,5
53448,1.0,12
53464,1.0,12
53464,1.0,12
53480,1.0,12
53488,0.0,5
53496,1.0,12
53504,0.0,5
53520,1.0,12
53520,1.0,12
53528,0.0,5
53560,0.0,5
53560,0.0,5
53568,0.0,5
53576,1.0,12
53592,1.0,12
53600,1.0,12
53608,0.0,5
53632,0.0,5
53656,1.0,12
53656,1.0,12
53680,4.0,45
53696,1.0,12
53704,1.0,12
53720,0.0,5
53728,1.0,12
53752,1.0,12
53752,1.0,12
53768,0.0,5
53792,1.0,12
53800,1.0,12
53808,2.0,29
53816,1.0,12
53824,4.0,45
53848,1.0,12
53848,1.0,12
53864,1.0,12
53872,0.0,3
53896,1.0,13
53896,1.0,12
53904,0.0,5
53904,1.0,12
53912,1.0,12
53912,0.0,5
53920,1.0,12
53936,0.0,5
53944,0.0,5
53944,0.0,5
53952,1.0,13
53984,0.0,5
53992,1.0,12
54008,1.0,12
54016,1.0,12
54032,0.0,5
54032,1.0,12
54032,1.0,15
54048,0.0,5
54056,0.0,5
54072,0.0,5
54080,1.0,12
54088,0.0,5
54112,0.0,5
54128,0.0,5
54128,1.0,12
54128,1.0,12
54136,2.0,24
54152,0.0,5
54152,1.0,12
54168,0.0,5
54168,0.0,5
54168,0.0,5
54176,1.0,12
54176,0.0,5
54192,0.0,5
54192,0.0,3
54192,0.0,5
54192,0.0,3
54208,0.0,5
54216,0.0,5
54232,0.0,5
54232,0.0,5
54232,0.0,5
54232,0.0,5
54248,0.0,5
54256,0.0,5
54272,0.0,5
54272,0.0,5
54272,0.0,5
54288,0.0,5
54296,0.0,5
54304,1.0,16
54312,0.0,5
54312,4.0,45
54312,0.0,5
54328,0.0,5
54336,0.0,5
54344,0.0,5
54352,0.0,5
54352,0.0,5
54360,1.0,16
54376,0.0,5
54392,0.0,5
54400,1.0,16
54416,0.0,5
54440,0.0,5
54456,1.0,16
54456,0.0,5
54472,1.0,15
54488,1.0,18
54496,1.0,17
54496,0.0,5
54496,0.0,5
54512,0.0,5
54520,1.0,16
54528,0.0,5
54536,0.0,5
54536,0.0,5
54560,0.0,5
54568,1.0,16
54568,0.0,5
54576,0.0,5
54600,0.0,5
54608,0.0,5
54608,1.0,14
54616,0.0,5
54632,1.0,15
54640,4.0,41
54640,0.0,5
54648,0.0,5
54648,0.0,5
54656,1.0,15
54656,0.0,5
54672,0.0,5
54688,0.0,5
54696,0.0,5
54696,0.0,5
54696,1.0,16
54712,0.0,5
54736,0.0,5
54736,1.0,12
54736,0.0,5
54744,1.0,12
54752,0.0,5
54776,0.0,5
54784,1.0,12
54792,0.0,5
54808,1.0,14
54824,0.0,5
54832,0.0,5
54856,2.0,27
54864,0.0,5
54872,1.0,16
54872,1.0,17
54888,1.0,14
54896,0.0,5
54904,0.0,5
54912,0.0,3
54912,0.0,5
54912,0.0,5
54936,0.0,5
54952,0.0,5
54952,0.0,5
54976,0.0,5
54992,0.0,5
54992,0.0,5
55016,0.0,5
55032,0.0,5
55032,0.0,5
55040,2.0,29
55048,4.0,39
55048,1.0,17
55072,0.0,5
55072,0.0,5
55080,0.0,5
55088,0.0,5
55088,0.0,5
55112,0.0,5
55120,0.0,5
55160,0.0,5
55160,4.0,41
55184,1.0,12
55184,2.0,21
55192,3.0,36
55200,0.0,5
55200,0.0,5
55224,0.0,5
55224,0.0,5
55240,0.0,5
55240,0.0,5
55256,2.0,23
55264,0.0,3
55264,0.0,5
55264,0.0,5
55304,0.0,5
55304,0.0,5
55336,1.0,12
55344,0.0,5
55344,0.0,5
55360,0.0,3
55384,0.0,5
55384,2.0,24
55384,0.0,5
55400,0.0,5
55416,4.0,41
55424,0.0,5
55424,0.0,5
55424,4.0,39
55424,0.0,5
55432,2.0,21
55440,0.0,5
55456,0.0,5
55464,0.0,5
55464,0.0,5
55464,0.0,5
55464,0.0,5
55472,0.0,5
55480,0.0,5
55496,0.0,5
55504,0.0,5
55504,0.0,5
55504,0.0,5
55512,0.0,5
55520,0.0,5
55536,0.0,5
55544,0.0,5
55544,0.0,5
55544,0.0,5
55552,0.0,5
55560,3.0,38
55560,0.0,5
55560,1.0,12
55576,0.0,5
55584,0.0,5
55584,0.0,5
55592,0.0,5
55600,0.0,5
55600,0.0,5
55616,0.0,5
55624,0.0,5
55624,0.0,5
55632,0.0,5
55640,0.0,5
55640,0.0,5
55648,0.0,3
55656,1.0,12
55656,0.0,5
55672,0.0,5
55672,1.0,16
55680,0.0,5
55680,0.0,5
55688,0.0,5
55696,0.0,5
55696,0.0,5
55712,0.0,5
55712,0.0,5
55720,0.0,5
55728,0.0,5
55736,0.0,5
55752,0.0,5
55752,0.0,5
55760,1.0,17
55768,0.0,5
55776,1.0,12
55792,0.0,5
55792,0.0,5
55792,1.0,12
55808,0.0,5
55816,1.0,12
55832,1.0,12
55832,0.0,5
55832,0.0,5
55856,0.0,5
55872,0.0,5
55872,1.0,12
55872,0.0,5
55912,0.0,5
55912,0.0,5
55912,0.0,5
55920,2.0,20
55928,1.0,12
55952,1.0,12
55952,0.0,5
55952,0.0,5
55984,2.0,24
55992,0.0,5
55992,0.0,5
55992,0.0,5
56008,1.0,12
56016,1.0,12
56024,0.0,5
56024,1.0,12
56032,0.0,5
56032,0.0,5
56032,0.0,5
56048,0.0,5
56056,0.0,5
56064,0.0,5
56064,0.0,5
56072,0.0,5
56072,0.0,5
56080,4.0,34
56088,0.0,5
56096,0.0,5
56104,0.0,5
56104,0.0,5
56144,0.0,5
56184,0.0,5
56216,2.0,23
56256,2.0,23
56256,2.0,23
56256,0.0,5
56264,2.0,23
56272,2.0,23
56280,2.0,23
56288,2.0,23
56296,0.0,5
56296,0.0,5
56296,0.0,5
56304,0.0,5
56312,0.0,5
56320,0.0,5
56328,0.0,5
56336,0.0,5
56336,0.0,5
56344,0.0,5
56360,0.0,5
56368,2.0,23
56368,0.0,5
56376,0.0,5
56376,0.0,5
56384,0.0,5
56408,0.0,5
56416,0.0,5
56416,0.0,5
56424,0.0,5
56432,1.0,17
56448,0.0,5
56456,0.0,5
56456,0.0,5
56464,0.0,5
56472,0.0,5
56480,2.0,21
56480,1.0,15
56488,0.0,5
56496,0.0,5
56496,0.0,5
56504,0.0,5
56512,0.0,5
56520,0.0,5
56520,0.0,5
56528,0.0,5
56536,0.0,5
56536,0.0,5
56544,0.0,5
56552,2.0,23
56560,0.0,5
56560,0.0,5
56576,0.0,5
56584,0.0,5
56592,0.0,5
56600,0.0,5
56616,0.0,5
56624,0.0,5
56632,0.0,5
56640,0.0,5
56672,0.0,5
56680,0.0,5
56696,2.0,21
56696,1.0,17
56696,2.0,23
56712,0.0,5
56720,2.0,23
56720,0.0,5
56736,0.0,5
56736,0.0,5
56752,0.0,5
56760,0.0,5
56760,0.0,5
56776,0.0,5
56792,0.0,5
56800,0.0,5
56800,0.0,5
56800,2.0,23
56832,1.0,17
56840,0.0,5
56872,0.0,5
56880,0.0,5
56912,3.0,36
56912,0.0,5
56912,1.0,17
56920,2.0,23
56952,0.0,5
56952,0.0,5
56960,2.0,21
56960,0.0,5
56968,2.0,21
56968,2.0,21
56992,0.0,5
57000,0.0,5
57008,0.0,5
57008,0.0,5
57040,0.0,5
57048,0.0,5
57048,0.0,5
57080,0.0,5
57080,1.0,15
57088,0.0,5
57088,0.0,5
57104,1.0,14
57120,0.0,5
57184,3.0,34
57184,1.0,12
57208,0.0,3
57208,4.0,41
57216,1.0,12
57232,1.0,16
57240,0.0,3
57248,0.0,5
57264,4.0,39
57280,1.0,12
57304,0.0,5
57328,1.0,12
57336,1.0,12
57344,1.0,12
57352,0.0,3
57368,0.0,3
57376,1.0,12
57400,2.0,24
57424,1.0,15
57440,4.0,45
57440,0.0,5
57448,4.0,45
57448,1.0,12
57464,1.0,12
57480,0.0,5
57504,0.0,5
57520,1.0,12
57536,1.0,12
57544,1.0,12
57568,2.0,24
57576,1.0,12
57576,0.0,5
57584,0.0,5
57600,1.0,12
57608,0.0,5
57616,0.0,5
57640,0.0,5
57648,1.0,16
57648,0.0,5
57656,0.0,5
57680,1.0,12
57680,0.0,5
57688,0.0,5
57688,0.0,5
57696,4.0,45
57696,0.0,5
57712,1.0,17
57720,0.0,5
57720,0.0,5
57728,0.0,5
57736,0.0,5
57752,0.0,5
57760,0.0,5
57760,0.0,5
57768,3.0,40
57792,0.0,5
57792,1.0,12
57800,0.0,5
57800,0.0,5
57832,0.0,5
57832,0.0,5
57840,0.0,5
57840,0.0,5
57872,2.0,23
57872,0.0,5
57872,0.0,5
57880,0.0,5
57880,0.0,5
57896,1.0,16
57912,0.0,5
57912,2.0,23
57912,0.0,5
57912,0.0,5
57920,0.0,5
57920,2.0,23
57952,0.0,5
57952,0.0,5
57952,0.0,5
57960,0.0,5
57960,0.0,5
57992,0.0,5
57992,0.0,5
57992,0.0,5
58000,0.0,5
58008,1.0,16
58032,0.0,5
58032,0.0,5
58032,0.0,3
58040,1.0,16
58040,0.0,5
58064,0.0,3
58072,0.0,5
58072,0.0,5
58072,0.0,5
58080,0.0,5
58088,1.0,16
58088,2.0,24
58104,0.0,5
58112,0.0,5
58112,0.0,3
58112,0.0,5
58120,1.0,16
58120,0.0,5
58128,0.0,3
58152,0.0,5
58152,0.0,5
58160,0.0,5
58168,0.0,5
58184,1.0,12
58184,0.0,3
58192,0.0,5
58192,0.0,5
58200,1.0,16
58208,1.0,12
58224,0.0,5
58224,0.0,5
58232,0.0,5
58240,0.0,5
58248,0.0,5
58264,0.0,5
58288,0.0,5
58304,2.0,23
58320,1.0,12
58328,1.0,12
58328,0.0,5
58360,1.0,12
58400,0.0,5
58400,1.0,10
58424,1.0,12
58440,0.0,5
58440,0.0,5
58504,1.0,10
58528,4.0,45
58536,1.0,12
58552,4.0,45
58600,4.0,45
58600,1.0,12
58624,1.0,12
58632,3.0,41
58632,1.0,12
58648,1.0,12
58656,4.0,41
58664,0.0,5
58672,0.0,5
58696,1.0,12
58696,1.0,12
58704,0.0,5
58768,1.0,12
58792,1.0,12
58792,1.0,12
58792,2.0,20
58800,1.0,12
58800,4.0,45
58808,0.0,5
58832,0.0,5
58832,0.0,5
58848,0.0,5
58872,0.0,5
58872,0.0,5
58880,1.0,10
58888,1.0,12
58896,1.0,12
58912,0.0,5
58920,0.0,3
58944,1.0,12
58944,0.0,3
58952,0.0,5
58968,3.0,40
58968,1.0,12
58984,3.0,41
58984,0.0,5
59008,0.0,5
59016,1.0,16
59024,0.0,5
59040,1.0,12
59048,0.0,3
59048,1.0,12
59048,1.0,10
59072,0.0,3
59080,0.0,5
59096,1.0,14
59104,1.0,12
59112,0.0,5
59112,1.0,12
59144,0.0,5
59144,1.0,12
59152,0.0,5
59184,4.0,38
59184,0.0,5
59192,1.0,12
59192,0.0,5
59216,0.0,3
59224,1.0,14
59224,0.0,5
59248,0.0,3
59256,0.0,5
59288,0.0,5
59296,0.0,5
59304,1.0,14
59320,2.0,22
59344,0.0,5
59352,3.0,34
59360,0.0,5
59368,0.0,3
59368,2.0,23
59392,2.0,21
59392,0.0,5
59392,0.0,3
59408,4.0,45
59408,1.0,15
59408,0.0,5
59416,0.0,3
59416,0.0,3
59432,0.0,3
59440,0.0,3
59448,0.0,5
59456,0.0,3
59456,0.0,5
59464,2.0,21
59472,1.0,14
59480,0.0,5
59488,0.0,3
59496,0.0,5
59496,0.0,3
59512,1.0,15
59520,0.0,5
59520,1.0,14
59528,0.0,5
59536,0.0,3
59560,1.0,14
59576,0.0,5
59576,1.0,15
59592,1.0,12
59608,1.0,14
59616,0.0,3
59632,1.0,14
59648,1.0,15
59704,2.0,23
59728,0.0,3
59744,2.0,23
59768,0.0,3
59824,1.0,12
59840,2.0,24
59864,1.0,12
59864,0.0,5
59888,3.0,35
59904,0.0,5
59912,3.0,35
59928,0.0,5
59936,1.0,12
59936,4.0,45
59936,4.0,45
59952,0.0,5
59976,0.0,5
59976,4.0,45
59992,0.0,5
60000,1.0,12
60016,0.0,5
60016,0.0,5
60024,0.0,3
60056,0.0,5
60056,0.0,5
60064,0.0,5
60096,0.0,5
60096,0.0,5
60120,2.0,24
60120,0.0,3
60160,0.0,5
60160,0.0,5
60176,2.0,30
60200,0.0,5
60200,0.0,5
60216,0.0,5
60224,1.0,16
60240,0.0,5
60248,2.0,23
60264,0.0,5
60272,5.0,51
60280,0.0,5
60280,3.0,36
60288,0.0,5
60304,0.0,3
60304,4.0,46
60312,0.0,5
60312,0.0,3
60320,0.0,5
60328,1.0,16
60344,0.0,5
60352,0.0,5
60352,0.0,3
60360,0.0,5
60384,2.0,21
60392,0.0,5
60424,0.0,5
60432,1.0,16
60432,0.0,5
60440,2.0,22
60448,1.0,17
60456,0.0,3
60456,0.0,3
60464,0.0,5
60480,0.0,5
60488,0.0,5
60496,0.0,5
60496,0.0,5
60504,0.0,5
60520,2.0,21
60520,2.0,22
60520,0.0,5
60528,2.0,21
60528,0.0,5
60544,0.0,3
60552,0.0,3
60560,0.0,5
60584,0.0,5
60592,0.0,5
60616,1.0,15
60640,0.0,3
60664,2.0,21
60672,2.0,21
60680,0.0,5
60688,2.0,21
60688,0.0,3
60696,2.0,21
60696,0.0,3
60712,0.0,3
60720,0.0,3
60720,0.0,3
60728,2.0,21
60728,0.0,5
60736,0.0,3
60744,0.0,3
60752,2.0,21
60752,0.0,3
60760,2.0,21
60760,0.0,5
60776,0.0,3
60776,0.0,3
60776,0.0,5
60784,0.0,5
60800,0.0,3
60816,0.0,5
60816,0.0,5
60824,0.0,5
60840,0.0,5
60848,2.0,21
60856,0.0,5
60872,0.0,3
60896,0.0,3
60896,1.0,17
60896,2.0,21
60920,0.0,3
60920,0.0,3
60928,2.0,21
60936,0.0,5
60944,0.0,3
60968,1.0,14
60968,0.0,5
60976,0.0,5
60984,2.0,21
60984,0.0,5
60992,0.0,3
60992,2.0,21
61016,0.0,3
61024,2.0,23
61024,0.0,5
61024,0.0,5
61040,1.0,15
61040,0.0,3
61048,0.0,3
61072,0.0,3
61072,0.0,4
61080,0.0,5
61088,1.0,15
61104,0.0,4
61112,0.0,5
61112,0.0,3
61120,1.0,16
61144,2.0,21
61144,0.0,3
61144,1.0,15
61152,0.0,5
61168,0.0,3
61168,0.0,3
61192,0.0,3
61192,1.0,14
61192,2.0,21
61208,0.0,5
61216,0.0,3
61216,0.0,3
61224,1.0,15
61232,0.0,5
61240,0.0,3
61264,0.0,5
61280,2.0,21
61304,0.0,5
61304,0.0,3
61320,2.0,21
61328,2.0,23
61328,0.0,3
61344,1.0,16
61344,0.0,3
61352,0.0,3
61368,0.0,3
61368,0.0,3
61376,0.0,3
61376,2.0,21
61376,1.0,17
61400,0.0,3
61408,0.0,5
61408,0.0,5
61416,2.0,23
61416,0.0,5
61424,0.0,3
61440,0.0,3
61448,0.0,5
61464,1.0,17
61464,0.0,5
61472,2.0,21
61480,0.0,5
61488,0.0,5
61496,0.0,3
61504,0.0,5
61504,0.0,5
61520,0.0,3
61528,0.0,3
61536,1.0,15
61552,0.0,3
61560,2.0,23
61576,0.0,5
61576,2.0,21
61584,0.0,3
61600,1.0,15
61600,0.0,3
61608,0.0,3
61624,0.0,3
61624,0.0,3
61648,0.0,5
61656,0.0,4
61656,2.0,21
61672,2.0,21
61680,0.0,3
61696,0.0,5
61696,0.0,3
61704,2.0,23
61704,0.0,3
61720,0.0,3
61728,0.0,3
61728,2.0,22
61744,2.0,21
61744,0.0,5
61752,0.0,3
61760,0.0,5
61768,0.0,3
61768,0.0,5
61768,1.0,15
61792,0.0,5
61792,0.0,3
61800,0.0,5
61808,2.0,23
61808,0.0,5
61808,0.0,5
61824,0.0,4
61832,0.0,3
61864,0.0,5
61864,2.0,21
61872,0.0,5
61888,0.0,3
61904,0.0,5
61912,1.0,15
61912,2.0,21
61928,0.0,5
61936,0.0,3
61952,0.0,5
61968,0.0,5
61968,2.0,21
61976,2.0,21
61976,2.0,21
61976,0.0,5
61992,1.0,15
61992,0.0,5
62000,0.0,3
62008,0.0,5
62008,0.0,5
62016,0.0,5
62016,0.0,5
62032,0.0,5
62040,0.0,5
62056,0.0,5
62056,0.0,5
62072,2.0,21
62096,0.0,5
62104,1.0,12
62120,1.0,14
62136,1.0,18
62136,0.0,5
62144,0.0,5
62152,1.0,12
62160,0.0,5
62160,1.0,15
62168,1.0,12
62176,0.0,5
62176,0.0,5
62232,1.0,10
62264,1.0,12
62272,1.0,12
62272,1.0,12
62304,0.0,5
62312,0.0,5
62312,0.0,5
62336,2.0,24
62344,4.0,39
62352,0.0,5
62352,0.0,5
62368,1.0,17
62376,0.0,5
62392,0.0,5
62408,0.0,5
62480,1.0,17
62504,5.0,43
62520,0.0,5
62520,4.0,45
62544,0.0,3
62560,0.0,5
62560,2.0,21
62592,3.0,36
62592,2.0,23
62600,0.0,5
62616,0.0,3
62624,3.0,34
62632,0.0,5
62656,0.0,5
62664,3.0,36
62688,2.0,23
62704,0.0,5
62712,0.0,3
62720,1.0,15
62728,2.0,23
62728,2.0,21
62736,0.0,3
62744,0.0,3
62752,0.0,3
62752,1.0,15
62752,0.0,3
62776,0.0,3
62776,0.0,3
62776,0.0,3
62776,1.0,15
62784,0.0,5
62800,0.0,3
62808,2.0,23
62816,0.0,5
62816,0.0,5
62824,1.0,15
62832,0.0,3
62840,0.0,5
62848,0.0,3
62856,0.0,3
62872,0.0,3
62872,1.0,17
62912,0.0,5
62984,2.0,21
62984,2.0,21
62992,1.0,17
63008,0.0,3
63008,0.0,3
63008,2.0,21
63016,0.0,3
63032,0.0,3
63032,0.0,3
63032,0.0,3
63056,0.0,5
63056,2.0,23
63056,0.0,3
63072,0.0,5
63072,0.0,5
63080,0.0,3
63080,2.0,21
63096,0.0,5
63104,3.0,41
63104,0.0,3
63104,0.0,3
63112,0.0,5
63112,4.0,41
63128,0.0,3
63136,0.0,5
63144,0.0,5
63144,0.0,5
63152,0.0,5
63168,0.0,3
63168,0.0,5
63192,0.0,3
63208,0.0,5
63224,2.0,21
63224,1.0,14
63248,1.0,14
63256,2.0,23
63264,0.0,5
63264,1.0,15
63264,0.0,5
63272,0.0,3
63280,0.0,3
63304,0.0,3
63304,0.0,5
63312,1.0,15
63320,2.0,21
63344,0.0,5
63344,0.0,3
63352,0.0,5
63376,2.0,21
63384,1.0,15
63384,0.0,5
63384,1.0,15
63384,0.0,5
63400,0.0,3
63400,1.0,16
63408,0.0,3
63408,0.0,3
63424,0.0,5
63424,0.0,3
63424,0.0,3
63448,0.0,5
63464,0.0,5
63472,2.0,21
63496,0.0,3
63504,0.0,5
63520,2.0,21
63520,0.0,3
63544,0.0,3
63544,0.0,5
63552,2.0,21
63560,0.0,5
63568,0.0,3
63576,0.0,3
63592,2.0,21
63592,2.0,23
63600,0.0,4
63600,0.0,5
63600,0.0,3
63608,2.0,23
63616,2.0,21
63616,0.0,3
63616,0.0,3
63632,0.0,3
63640,0.0,3
63640,0.0,3
63640,0.0,5
63640,0.0,5
63640,0.0,3
63640,0.0,5
63656,0.0,3
63680,0.0,5
63680,0.0,5
63680,0.0,5
63680,0.0,5
63696,0.0,5
63712,2.0,21
63736,0.0,3
63760,0.0,3
63776,1.0,17
63800,1.0,15
63800,1.0,15
63816,1.0,15
63824,2.0,23
63840,0.0,5
63848,2.0,21
63848,0.0,3
63848,2.0,21
63856,0.0,5
63872,0.0,3
63872,0.0,3
63872,0.0,3
63896,0.0,3
63896,0.0,3
63912,0.0,5
63928,0.0,4
63936,0.0,5
63944,2.0,23
63952,0.0,5
63960,2.0,23
63968,0.0,5
63984,0.0,5
63984,2.0,23
63992,0.0,5
64008,2.0,21
64024,0.0,5
64024,0.0,5
64024,2.0,21
64032,0.0,5
64048,0.0,5
64064,0.0,5
64088,0.0,5
64096,1.0,17
64104,2.0,21
64104,0.0,5
64136,0.0,5
64136,2.0,21
64144,1.0,15
64144,0.0,5
64160,1.0,17
64176,0.0,5
64184,0.0,5
64200,2.0,21
64200,0.0,5
64208,1.0,15
64240,1.0,17
64240,0.0,5
64256,1.0,15
64264,0.0,3
64280,0.0,3
64296,1.0,15
64304,0.0,5
64304,1.0,15
64320,0.0,5
64320,0.0,3
64328,2.0,23
64344,0.0,5
64344,0.0,5
64352,0.0,3
64360,0.0,5
64360,0.0,5
64368,0.0,3
64376,0.0,3
64384,2.0,23
64392,2.0,23
64392,0.0,3
64408,0.0,3
64408,2.0,21
64416,0.0,3
64416,0.0,3
64416,0.0,5
64432,0.0,3
64432,0.0,3
64456,0.0,5
64456,0.0,3
64472,1.0,14
64472,0.0,5
64496,0.0,3
64496,0.0,5
64496,0.0,5
64512,0.0,5
64512,2.0,21
64528,2.0,21
64536,0.0,5
64536,0.0,3
64536,1.0,15
64552,1.0,17
64552,0.0,5
64552,0.0,3
64576,0.0,3
64576,0.0,5
64576,0.0,5
64592,0.0,5
64616,0.0,5
64616,0.0,5
64624,1.0,16
64632,0.0,5
64656,0.0,5
64656,0.0,5
64664,0.0,5
64664,2.0,21
64672,0.0,5
64688,0.0,3
64688,1.0,17
64696,0.0,5
64704,0.0,5
64704,2.0,21
64712,0.0,5
64712,1.0,17
64712,0.0,3
64728,0.0,5
64728,0.0,3
64736,0.0,5
64744,0.0,5
64752,0.0,5
64752,0.0,5
64752,0.0,5
64768,1.0,14
64768,0.0,5
64768,0.0,5
64784,0.0,5
64792,0.0,3
64792,0.0,5
64792,0.0,5
64808,0.0,5
64888,1.0,12
64912,1.0,16
64912,0.0,3
64936,1.0,16
64952,2.0,23
64984,2.0,24
65008,1.0,12
65048,1.0,12
65072,0.0,3
65080,1.0,12
65080,4.0,41
65096,4.0,45
65104,1.0,12
65120,4.0,41
65120,2.0,23
65120,0.0,5
65144,0.0,3
65144,0.0,5
65160,0.0,5
65168,1.0,12
65176,1.0,12
65184,0.0,5
65192,0.0,3
65200,1.0,10
65216,1.0,15
65224,1.0,10
65232,0.0,5
65248,0.0,3
65272,1.0,12
65272,4.0,45
65272,0.0,5
65272,1.0,14
65272,1.0,11
65296,0.0,3
65296,0.0,3
65296,1.0,12
65312,0.0,5
65312,0.0,5
65312,0.0,5
65312,1.0,12
65336,0.0,5
65336,0.0,5
65336,0.0,5
65344,1.0,12
65352,0.0,5
65352,0.0,5
65352,0.0,5
65384,0.0,5
65408,1.0,12
65432,0.0,3
65448,1.0,14
65448,1.0,14
65448,1.0,14
65464,1.0,14
65464,1.0,14
65464,1.0,14
65472,0.0,3
65472,0.0,3
65488,0.0,5
65488,0.0,3
65488,0.0,3
65496,1.0,14
65504,0.0,5
65512,0.0,5
65512,0.0,5
65520,0.0,3
65528,0.0,5
65528,0.0,5
65528,0.0,5
65560,1.0,16
65568,0.0,5
65568,0.0,5
65600,1.0,12
65608,1.0,12
65608,0.0,5
65608,0.0,5
65608,1.0,12
65616,1.0,12
65624,1.0,12
65680,1.0,10
65688,1.0,10
65696,1.0,10
65704,1.0,10
65704,1.0,12
65704,1.0,12
65736,0.0,5
65744,2.0,23
65776,1.0,12
65784,1.0,12
65800,1.0,12
65800,1.0,12
65832,1.0,16
65832,1.0,12
65840,0.0,5
65856,0.0,3
65872,1.0,12
65880,1.0,12
65896,1.0,12
65896,0.0,5
65912,0.0,5
65936,1.0,12
65960,0.0,3
65968,4.0,45
65976,2.0,29
65992,1.0,12
66008,1.0,12
66016,0.0,3
66024,1.0,16
66032,0.0,3
66040,0.0,3
66048,1.0,10
66056,1.0,12
66064,0.0,5
66072,2.0,24
66072,0.0,5
66072,0.0,3
66072,1.0,12
66080,0.0,3
66080,0.0,5
66088,0.0,3
66096,0.0,3
66096,0.0,3
66096,0.0,3
66112,0.0,3
66120,0.0,5
66120,0.0,5
66120,3.0,36
66136,0.0,3
66136,0.0,5
66168,1.0,12
66176,0.0,5
66192,1.0,12
66192,0.0,3
66200,1.0,10
66216,0.0,3
66224,1.0,16
66224,0.0,3
66232,1.0,14
66232,1.0,14
66232,0.0,5
66240,0.0,3
66248,0.0,3
66248,1.0,14
66256,0.0,3
66264,0.0,5
66272,0.0,3
66280,0.0,5
66344,2.0,21
66352,1.0,15
66368,0.0,3
66376,1.0,16
66376,0.0,3
66384,1.0,16
66392,0.0,3
66400,0.0,3
66400,2.0,21
66400,1.0,16
66408,0.0,3
66424,0.0,3
66424,0.0,3
66424,0.0,3
66432,0.0,5
66432,2.0,21
66448,2.0,21
66448,0.0,3
66456,0.0,3
66464,0.0,5
66464,0.0,5
66472,0.0,3
66472,0.0,5
66480,0.0,3
66488,0.0,5
66512,0.0,5
66512,0.0,5
66512,1.0,17
66520,0.0,5
66592,2.0,23
66608,1.0,12
66616,0.0,3
66632,2.0,21
66632,2.0,21
66648,0.0,5
66656,0.0,5
66656,0.0,3
66656,0.0,3
66672,2.0,23
66680,2.0,21
66688,0.0,5
66696,0.0,5
66696,2.0,23
66696,0.0,5
66704,0.0,3
66704,2.0,23
66720,0.0,3
66728,0.0,5
66728,0.0,3
66736,0.0,5
66744,0.0,5
66768,0.0,5
66776,0.0,5
66792,1.0,17
66808,1.0,17
66816,0.0,3
66816,0.0,5
66832,1.0,17
66832,0.0,3
66840,1.0,12
66856,1.0,17
66872,0.0,5
66872,0.0,5
66880,0.0,5
66880,0.0,3
66896,0.0,3
66904,1.0,17
66912,2.0,23
66912,0.0,5
66920,0.0,5
66928,1.0,14
66936,0.0,5
66936,0.0,3
66944,0.0,5
66952,0.0,5
66960,0.0,5
66976,0.0,5
66976,0.0,5
66984,0.0,3
66984,0.0,5
66992,0.0,5
67000,0.0,3
67000,2.0,23
67008,0.0,3
67016,0.0,3
67024,0.0,3
67024,0.0,5
67024,1.0,12
67040,0.0,5
67048,0.0,3
67048,0.0,3
67064,0.0,5
67064,2.0,23
67072,1.0,12
67088,0.0,3
67088,0.0,5
67088,0.0,5
67096,0.0,3
67104,1.0,12
67112,1.0,12
67128,0.0,5
67128,0.0,3
67136,1.0,12
67136,0.0,5
67136,0.0,3
67160,0.0,3
67168,0.0,5
67176,0.0,5
67176,0.0,5
67184,1.0,15
67200,0.0,5
67208,0.0,3
67208,0.0,5
67224,1.0,17
67248,0.0,5
67256,2.0,21
67264,0.0,5
67280,0.0,3
67296,2.0,21
67320,0.0,5
67336,0.0,5
67344,2.0,21
67344,2.0,21
67368,2.0,21
67368,0.0,3
67376,2.0,21
67384,0.0,5
67392,0.0,3
67416,0.0,5
67424,0.0,5
67432,0.0,5
67432,2.0,23
67432,2.0,21
67440,1.0,15
67448,0.0,3
67456,1.0,15
67472,0.0,5
67472,0.0,5
67472,0.0,5
67480,0.0,3
67480,0.0,5
67504,1.0,17
67512,0.0,5
67512,0.0,5
67512,0.0,5
67520,0.0,5
67520,0.0,5
67536,1.0,15
67544,0.0,5
67552,0.0,5
67552,0.0,5
67552,0.0,5
67576,0.0,5
67584,0.0,5
67592,0.0,5
67592,0.0,5
67616,0.0,5
67632,2.0,23
67632,0.0,5
67632,0.0,5
67672,0.0,5
67672,0.0,5
67672,0.0,5
67688,2.0,21
67688,2.0,21
67712,0.0,5
67712,0.0,5
67728,0.0,5
67736,2.0,23
67752,0.0,5
67768,2.0,23
67776,0.0,5
67800,2.0,23
67808,1.0,17
67808,0.0,5
67816,0.0,5
67824,1.0,17
67840,0.0,5
67848,0.0,5
67864,1.0,17
67864,0.0,5
67880,0.0,5
67888,0.0,5
67896,2.0,23
67904,0.0,5
67920,0.0,5
67928,0.0,5
67936,2.0,23
67944,0.0,5
67952,1.0,17
67960,0.0,5
67976,0.0,5
67992,2.0,23
68000,1.0,17
68024,1.0,12
68032,0.0,5
68040,0.0,5
68048,1.0,12
68064,0.0,3
68064,0.0,5
68072,0.0,5
68080,2.0,23
68088,0.0,5
68104,1.0,16
68112,0.0,5
68120,0.0,5
68128,2.0,23
68184,1.0,12
68192,1.0,16
68208,0.0,3
68256,1.0,17
68264,2.0,19
68264,1.0,17
68288,3.0,41
68296,0.0,5
68304,1.0,12
68352,3.0,36
68384,2.0,24
68392,1.0,16
68408,1.0,13
68448,1.0,12
68456,2.0,24
68464,4.0,45
68464,2.0,22
68480,1.0,12
68488,1.0,12
68504,1.0,12
68520,0.0,5
68536,1.0,10
68544,1.0,12
68560,0.0,5
68560,1.0,12
68576,0.0,5
68632,3.0,42
68640,1.0,12
68656,1.0,12
68656,1.0,12
68672,1.0,12
68672,0.0,5
68680,0.0,3
68680,0.0,5
68704,2.0,30
68712,0.0,5
68752,1.0,12
68776,1.0,12
68776,1.0,12
68800,1.0,16
68800,1.0,12
68808,1.0,12
68816,0.0,5
68848,4.0,45
68896,1.0,12
68896,1.0,12
68912,5.0,51
68936,0.0,5
68936,1.0,16
68936,2.0,23
68944,1.0,16
68944,1.0,12
68952,0.0,5
68960,2.0,23
68992,1.0,12
68992,0.0,5
69000,0.0,5
69032,1.0,12
69032,0.0,5
69032,1.0,12
69040,0.0,5
69040,1.0,12
69040,1.0,12
69072,0.0,5
69072,1.0,17
69080,0.0,5
69088,1.0,12
69128,0.0,5
69136,1.0,12
69168,1.0,12
69176,1.0,12
69208,1.0,17
69224,2.0,24
69224,1.0,12
69240,2.0,25
69248,0.0,5
69264,0.0,5
69264,1.0,12
69272,1.0,12
69320,1.0,12
69328,2.0,24
69344,1.0,12
69360,1.0,12
69360,4.0,41
69392,1.0,16
69448,1.0,16
69456,1.0,12
69456,1.0,12
69464,2.0,24
69472,1.0,16
69488,1.0,12
69488,0.0,5
69496,0.0,5
69528,0.0,5
69552,1.0,12
69560,1.0,12
69568,0.0,5
69568,1.0,12
69592,0.0,5
69592,1.0,12
69600,0.0,5
69600,4.0,45
69664,1.0,12
69664,1.0,12
69688,1.0,12
69688,1.0,12
69688,4.0,45
69696,1.0,12
69696,1.0,12
69704,0.0,5
69728,0.0,5
69760,1.0,12
69768,0.0,5
69784,1.0,12
69792,1.0,13
69792,1.0,12
69792,1.0,12
69800,1.0,12
69800,0.0,5
69832,0.0,5
69832,0.0,5
69848,4.0,45
69864,1.0,12
69872,0.0,5
69888,0.0,5
69888,0.0,3
69888,1.0,12
69896,1.0,12
69904,1.0,15
69912,0.0,3
69920,0.0,3
69928,0.0,5
69928,1.0,12
69944,0.0,5
69952,0.0,5
69968,1.0,12
69984,1.0,12
69992,0.0,5
70008,1.0,10
70016,1.0,12
70048,0.0,5
70064,1.0,12
70064,1.0,10
70064,1.0,15
70088,0.0,3
70104,0.0,5
70112,2.0,23
70112,1.0,12
70112,1.0,15
70128,4.0,41
70128,0.0,5
70152,0.0,5
70152,0.0,5
70160,1.0,12
70168,1.0,15
70176,0.0,3
70200,1.0,12
70208,1.0,12
70224,1.0,12
70224,1.0,12
70248,0.0,3
70272,1.0,15
70272,1.0,12
70280,1.0,10
70288,1.0,10
70304,1.0,10
70312,0.0,5
70320,0.0,5
70344,1.0,12
70352,1.0,10
70384,1.0,12
70408,1.0,12
70416,1.0,12
70424,1.0,15
70440,1.0,12
70448,0.0,5
70464,0.0,5
70464,1.0,10
70472,1.0,15
70512,1.0,12
70520,1.0,10
70520,4.0,45
70528,4.0,45
70560,0.0,5
70560,1.0,12
70568,1.0,15
70584,0.0,3
70592,0.0,3
70592,1.0,10
70624,1.0,12
70624,0.0,5
70632,0.0,5
70640,1.0,15
70656,1.0,12
70688,1.0,12
70704,1.0,10
70720,1.0,12
70728,1.0,12
70736,1.0,12
70752,1.0,12
70776,0.0,5
70784,3.0,40
70784,1.0,12
70792,0.0,5
70800,1.0,12
70816,1.0,12
70824,0.0,5
70832,4.0,45
70864,0.0,5
70872,1.0,12
70872,0.0,5
70880,1.0,12
70888,1.0,12
70896,1.0,12
70912,0.0,5
70912,0.0,5
70912,1.0,12
70920,2.0,24
70936,0.0,5
70960,1.0,12
70976,1.0,12
70984,1.0,12
71008,1.0,12
71008,1.0,12
71032,1.0,12
71048,0.0,5
71056,1.0,12
71072,1.0,12
71088,0.0,5
71096,0.0,5
71104,1.0,12
71112,0.0,5
71128,1.0,12
71152,0.0,5
71168,0.0,5
71184,1.0,12
71192,1.0,12
71200,1.0,12
71232,0.0,5
71240,0.0,5
71248,3.0,41
71272,4.0,45
71280,0.0,5
71280,1.0,12
71320,0.0,5
71328,1.0,12
71344,4.0,45
71344,1.0,12
71360,0.0,5
71368,0.0,5
71376,1.0,12
71376,1.0,13
71384,0.0,5
71384,0.0,5
71416,0.0,5
71416,0.0,5
71424,0.0,5
71456,1.0,12
71456,0.0,5
71464,1.0,12
71480,1.0,12
71512,4.0,45
71520,1.0,12
71520,0.0,5
71528,4.0,45
71544,0.0,3
71552,1.0,12
71560,0.0,5
71560,1.0,12
71584,0.0,5
71592,0.0,5
71600,0.0,5
71600,0.0,5
71648,2.0,24
71696,1.0,12
71696,1.0,12
71736,0.0,5
71736,0.0,5
71744,1.0,12
71752,2.0,30
71776,0.0,5
71776,4.0,45
71832,1.0,12
71840,1.0,12
71848,1.0,12
71856,4.0,41
71872,1.0,12
71896,0.0,5
71920,3.0,41
71928,1.0,12
71944,4.0,45
71968,0.0,5
71968,1.0,16
71984,0.0,5
71992,1.0,18
71992,1.0,12
72008,0.0,5
72016,1.0,12
72016,2.0,30
72032,0.0,5
72056,0.0,5
72064,1.0,12
72072,0.0,5
72088,1.0,12
72104,1.0,12
72112,1.0,12
72128,0.0,5
72152,0.0,5
72152,1.0,12
72160,1.0,12
72168,1.0,12
72168,0.0,5
72192,0.0,5
72192,0.0,5
72200,1.0,12
72224,2.0,30
72232,4.0,45
72232,0.0,5
72240,0.0,5
72256,1.0,12
72264,1.0,12
72280,0.0,5
72288,0.0,3
72320,0.0,5
72328,0.0,5
72328,1.0,12
72352,0.0,3
72360,0.0,5
72368,1.0,18
72400,0.0,5
72424,1.0,12
72464,1.0,12
72472,2.0,30
72496,1.0,12
72528,4.0,45
72544,2.0,24
72552,4.0,45
72568,1.0,12
72576,0.0,3
72576,1.0,10
72584,0.0,5
72608,0.0,5
72616,4.0,45
72616,0.0,5
72624,0.0,5
72648,2.0,23
72648,1.0,15
72656,0.0,5
72672,1.0,12
72688,0.0,5
72696,0.0,5
72704,1.0,12
72712,0.0,5
72712,1.0,12
72744,1.0,12
72752,0.0,5
72752,4.0,41
72784,1.0,12
72792,1.0,12
72800,1.0,12
72808,1.0,12
72808,2.0,23
72832,0.0,5
72840,1.0,12
72848,1.0,12
72848,1.0,12
72848,0.0,5
72880,1.0,12
72888,0.0,5
72896,1.0,12
72904,1.0,12
72920,0.0,5
72928,1.0,12
72928,0.0,5
72936,1.0,12
72936,0.0,5
72944,1.0,12
72944,1.0,12
72968,0.0,5
73008,1.0,13
73008,0.0,5
73016,1.0,12
73040,1.0,13
73040,1.0,12
73048,0.0,5
73056,0.0,5
73072,1.0,16
73080,0.0,5
73080,0.0,5
73088,0.0,5
73104,1.0,12
73112,0.0,5
73152,1.0,12
73152,0.0,5
73176,1.0,12
73184,1.0,12
73200,1.0,12
73208,1.0,16
73216,0.0,5
73248,1.0,12
73248,0.0,5
73248,1.0,12
73280,1.0,12
73288,4.0,45
73296,4.0,45
73296,1.0,12
73312,1.0,12
73328,0.0,5
73344,1.0,12
73344,1.0,12
73344,1.0,12
73376,1.0,12
73392,1.0,12
73400,1.0,13
73408,1.0,12
73424,1.0,12
73440,1.0,12
73448,1.0,13
73488,1.0,12
73504,1.0,16
73520,1.0,12
73536,1.0,12
73584,1.0,12
73616,1.0,12
73656,0.0,5
73680,1.0,12
73696,0.0,5
73696,2.0,24
73704,4.0,45
73728,3.0,40
73760,4.0,45
73792,1.0,12
73800,1.0,12
73808,4.0,45
73824,1.0,12
73832,1.0,17
73848,0.0,5
73856,0.0,3
73856,1.0,12
73864,0.0,5
73888,1.0,12
73896,4.0,45
73896,1.0,12
73904,0.0,5
73936,0.0,5
73944,1.0,12
73952,1.0,12
73952,1.0,12
73976,0.0,5
73984,1.0,12
73992,1.0,12
74000,1.0,12
74008,4.0,41
74016,0.0,5
74048,1.0,12
74080,1.0,17
74088,1.0,12
74088,0.0,5
74096,1.0,12
74104,1.0,12
74112,1.0,12
74176,1.0,12
74184,1.0,12
74184,1.0,10
74192,1.0,12
74208,1.0,12
74224,0.0,5
74224,0.0,5
74280,4.0,41
74288,1.0,12
74304,1.0,12
74312,4.0,41
74320,1.0,12
74320,1.0,12
74352,0.0,5
74368,2.0,24
74376,1.0,12
74384,1.0,12
74392,0.0,5
74408,0.0,5
74408,1.0,13
74416,1.0,12
74416,4.0,41
74424,0.0,5
74456,0.0,5
74472,1.0,12
74488,1.0,12
74496,0.0,5
74504,1.0,12
74512,1.0,12
74568,1.0,12
74584,1.0,12
74592,1.0,12
74600,1.0,12
74616,1.0,13
74640,0.0,5
74672,1.0,13
74680,4.0,45
74688,1.0,12
74696,1.0,10
74712,1.0,16
74752,4.0,41
74768,4.0,45
74776,1.0,12
74784,1.0,12
74808,1.0,12
74808,0.0,3
74808,0.0,5
74816,0.0,5
74824,2.0,23
74848,1.0,12
74896,2.0,28
74904,1.0,12
74904,1.0,12
74904,1.0,12
74912,1.0,12
74920,1.0,12
74920,2.0,28
74936,0.0,5
74944,1.0,12
74960,0.0,5
74960,0.0,5
74960,0.0,3
74984,0.0,5
74984,1.0,10
75000,1.0,12
75008,1.0,12
75008,1.0,13
75040,0.0,5
75056,1.0,12
75080,1.0,12
75104,1.0,12
75112,1.0,13
75120,0.0,5
75144,2.0,23
75144,0.0,5
75144,2.0,23
75152,1.0,12
75152,0.0,5
75184,0.0,5
75184,0.0,5
75216,1.0,12
75224,2.0,23
75224,0.0,5
75224,2.0,30
75240,1.0,12
75248,1.0,12
75248,1.0,12
75264,1.0,10
75280,0.0,5
75296,1.0,10
75304,0.0,5
75320,0.0,5
75320,1.0,12
75320,1.0,12
75328,1.0,10
75360,0.0,5
75392,1.0,12
75400,0.0,5
75416,1.0,12
75424,1.0,12
75440,0.0,5
75440,1.0,15
75464,0.0,5
75488,1.0,12
75512,1.0,12
75528,0.0,5
75536,1.0,12
75552,4.0,41
75576,4.0,41
75592,3.0,36
75592,0.0,5
75600,1.0,17
75616,1.0,13
75624,1.0,12
75632,0.0,5
75632,1.0,12
75632,0.0,5
75672,1.0,12
75696,1.0,12
75720,1.0,12
75728,1.0,12
75728,1.0,12
75768,4.0,41
75768,1.0,12
75768,0.0,5
75776,1.0,10
75808,2.0,24
75816,1.0,12
75824,1.0,12
75864,1.0,12
75864,1.0,12
75864,1.0,12
75872,1.0,12
75904,1.0,12
75912,0.0,5
75920,1.0,13
75960,1.0,12
75960,1.0,12
75992,4.0,45
76000,0.0,5
76000,1.0,12
76008,1.0,12
76056,2.0,24
76088,1.0,12
76096,1.0,12
76096,1.0,12
76104,1.0,12
76136,0.0,5
76136,0.0,5
76144,0.0,5
76152,1.0,12
76184,1.0,12
76184,4.0,45
76232,1.0,12
76232,1.0,12
76240,1.0,12
76248,4.0,41
76248,1.0,12
76272,0.0,5
76272,0.0,5
76280,1.0,12
76288,4.0,41
76288,0.0,5
76344,1.0,12
76344,1.0,13
76368,1.0,12
76368,1.0,12
76376,1.0,12
76384,1.0,12
76384,1.0,12
76440,1.0,12
76464,1.0,12
76464,1.0,12
76472,3.0,36
76480,1.0,12
76504,0.0,5
76504,0.0,3
76504,1.0,16
76512,1.0,16
76536,1.0,12
76544,0.0,5
76560,0.0,3
76568,1.0,12
76600,1.0,12
76600,1.0,12
76608,1.0,12
76696,1.0,12
76696,1.0,16
76696,2.0,29
76704,1.0,12
76704,4.0,45
76728,0.0,3
76736,2.0,24
76736,0.0,5
76736,0.0,5
76744,0.0,5
76792,1.0,12
76832,1.0,12
76832,1.0,12
76840,1.0,12
76856,1.0,15
76896,1.0,13
76920,4.0,45
76928,1.0,12
76928,1.0,12
76936,1.0,12
76952,1.0,12
76960,4.0,45
76992,1.0,12
77016,1.0,12
77024,1.0,12
77024,1.0,12
77032,1.0,12
77048,1.0,12
77056,3.0,41
77056,1.0,12
77064,0.0,5
77088,1.0,12
77088,0.0,5
77096,1.0,10
77128,1.0,13
77136,1.0,10
77184,1.0,12
77184,1.0,12
77192,1.0,12
77216,2.0,23
77232,1.0,12
77240,0.0,3
77248,2.0,23
77280,1.0,12
77288,1.0,12
77288,1.0,13
77288,0.0,5
77320,2.0,24
77328,0.0,5
77328,0.0,5
77328,0.0,5
77328,1.0,12
77336,1.0,12
77368,0.0,5
77368,0.0,5
77376,1.0,12
77400,0.0,3
77416,4.0,45
77424,1.0,12
77432,1.0,12
77440,1.0,15
77440,0.0,5
77456,0.0,5
77464,1.0,12
77464,1.0,12
77472,0.0,5
77480,0.0,5
77504,0.0,5
77504,0.0,5
77512,2.0,23
77512,0.0,5
77520,1.0,12
77536,1.0,12
77552,1.0,12
77560,1.0,10
77576,0.0,5
77592,0.0,5
77600,0.0,5
77600,1.0,12
77608,1.0,12
77616,1.0,12
77624,1.0,15
77632,0.0,5
77640,0.0,3
77640,0.0,5
77648,1.0,17
77648,0.0,5
77664,0.0,5
77672,1.0,12
77680,0.0,5
77680,0.0,5
77688,0.0,5
77696,1.0,12
77720,0.0,5
77736,0.0,5
77760,0.0,5
77768,1.0,12
77776,1.0,12
77784,1.0,12
77800,0.0,5
77808,0.0,5
77816,2.0,23
77832,1.0,12
77840,0.0,5
77840,2.0,24
77848,2.0,23
77856,1.0,10
77864,1.0,10
77864,0.0,3
77880,0.0,5
77904,0.0,5
77904,1.0,12
77904,0.0,5
77912,1.0,12
77944,1.0,12
77952,1.0,12
77976,1.0,12
77984,1.0,10
77992,1.0,10
78000,1.0,12
78000,1.0,12
78024,2.0,24
78024,1.0,10
78032,0.0,5
78056,1.0,10
78064,0.0,5
78080,1.0,10
78080,1.0,12
78080,1.0,10
78104,1.0,10
78120,0.0,5
78120,0.0,5
78128,1.0,12
78152,1.0,12
78176,1.0,12
78184,1.0,15
78200,1.0,12
78200,1.0,10
78216,0.0,5
78216,1.0,12
78224,1.0,12
78248,1.0,12
78280,1.0,10
78280,1.0,12
78296,1.0,10
78312,4.0,45
78320,1.0,12
78336,0.0,5
78360,1.0,10
78376,1.0,12
78400,1.0,10
78400,0.0,5
78408,1.0,12
78432,1.0,12
78472,0.0,5
78496,1.0,12
78496,1.0,12
78504,1.0,12
78528,0.0,3
78536,0.0,5
78560,2.0,23
78560,4.0,45
78576,4.0,45
78576,0.0,5
78600,0.0,3
78608,4.0,45
78624,1.0,12
78656,1.0,12
78672,1.0,12
78680,1.0,15
78680,2.0,23
78696,1.0,12
78704,1.0,12
78720,0.0,3
78728,0.0,3
78736,1.0,10
78752,1.0,10
78760,0.0,5
78776,0.0,5
78776,1.0,12
78816,0.0,5
78824,1.0,12
78832,4.0,45
78848,1.0,12
78856,1.0,12
78856,1.0,10
78864,0.0,5
78936,1.0,10
78944,1.0,12
78952,1.0,15
78952,1.0,12
78984,4.0,45
79032,1.0,12
79040,4.0,45
79048,1.0,12
79056,2.0,24
79064,0.0,3
79104,1.0,15
79128,1.0,12
79128,0.0,3
79128,1.0,10
79136,1.0,10
79152,0.0,3
79160,1.0,12
79168,0.0,5
79176,0.0,5
79176,4.0,45
79192,0.0,3
79224,1.0,12
79240,1.0,10
79256,1.0,10
79296,1.0,15
79304,4.0,45
79312,4.0,45
79336,1.0,12
79352,1.0,12
79376,2.0,23
79392,1.0,12
79408,2.0,23
79424,1.0,15
79432,0.0,3
79472,3.0,40
79472,1.0,12
79472,1.0,10
79488,1.0,17
79488,2.0,22
79512,0.0,5
79512,0.0,5
79520,1.0,12
79528,1.0,12
79528,0.0,5
79568,1.0,12
79584,1.0,12
79608,1.0,12
79608,1.0,12
79616,1.0,12
79624,1.0,12
79624,1.0,12
79648,0.0,5
79664,1.0,12
79680,1.0,12
79688,0.0,5
79696,4.0,45
79704,1.0,12
79712,1.0,12
79720,1.0,12
79720,1.0,12
79728,0.0,5
79752,0.0,5
79760,1.0,12
79792,1.0,12
79800,0.0,5
79816,1.0,17
79816,1.0,12
79816,1.0,12
79824,1.0,12
79832,0.0,5
79848,1.0,12
79856,0.0,5
79856,0.0,5
79888,0.0,5
79912,1.0,12
79936,1.0,10
79952,1.0,12
79952,0.0,5
79952,1.0,15
79960,1.0,17
79968,1.0,10
79992,0.0,5
80008,0.0,5
80032,1.0,10
80032,1.0,12
80032,0.0,5
80048,0.0,5
80048,1.0,12
80056,1.0,12
80064,4.0,45
80072,0.0,5
80088,0.0,5
80112,1.0,10
80112,0.0,5
80128,1.0,12
80136,1.0,10
80144,1.0,12
80152,0.0,5
80152,0.0,5
80160,4.0,45
80184,1.0,15
80184,1.0,12
80192,0.0,5
80224,1.0,12
80224,0.0,5
80224,1.0,10
80232,1.0,12
80248,0.0,3
80248,0.0,3
80248,1.0,12
80264,1.0,10
80280,1.0,15
80288,0.0,5
80288,0.0,5
80288,0.0,5
80288,1.0,12
80304,1.0,10
80328,0.0,5
80328,1.0,12
80360,1.0,12
80376,1.0,12
80384,1.0,12
80400,1.0,12
80400,0.0,5
80424,1.0,12
80472,1.0,12
80480,1.0,12
80528,1.0,16
80568,1.0,12
80576,1.0,12
80600,0.0,3
80608,0.0,5
80648,4.0,45
80648,4.0,45
80688,4.0,45
80688,0.0,5
80704,1.0,12
80712,2.0,23
80744,1.0,12
80752,0.0,5
80760,4.0,45
80784,4.0,45
80784,1.0,12
80784,1.0,12
80792,2.0,24
80800,1.0,12
80824,0.0,5
80824,0.0,5
80832,0.0,5
80840,1.0,12
80848,1.0,12
80856,1.0,12
80880,1.0,12
80896,1.0,12
80920,0.0,3
80920,1.0,12
80928,1.0,12
80936,1.0,12
80944,1.0,12
80952,1.0,12
80960,0.0,5
80976,0.0,5
80976,1.0,12
81008,2.0,23
81024,1.0,12
81048,0.0,3
81048,1.0,12
81048,0.0,5
81056,1.0,12
81072,0.0,3
81088,0.0,5
81104,1.0,16
81104,2.0,23
81112,0.0,5
81128,0.0,3
81128,2.0,23
81136,1.0,10
81136,1.0,11
81168,0.0,5
81176,0.0,5
81184,1.0,12
81192,0.0,3
81200,1.0,12
81208,1.0,12
81216,0.0,3
81256,0.0,5
81272,1.0,12
81280,1.0,12
81280,1.0,10
81288,1.0,10
81296,0.0,3
81304,0.0,3
81304,4.0,41
81320,2.0,23
81320,2.0,24
81344,0.0,3
81352,1.0,12
81360,0.0,5
81384,0.0,5
81384,1.0,12
81400,1.0,12
81432,1.0,10
81456,1.0,12
81464,2.0,23
81480,1.0,12
81480,1.0,12
81480,2.0,23
81480,2.0,22
81480,1.0,10
81520,0.0,5
81528,1.0,12
81552,0.0,3
81552,1.0,12
81576,1.0,12
81576,1.0,12
81576,1.0,12
81592,0.0,5
81592,0.0,5
81600,1.0,17
81608,1.0,16
81616,0.0,5
81616,0.0,5
81616,0.0,5
81640,0.0,5
81656,0.0,5
81688,1.0,12
81688,1.0,12
81696,0.0,5
81704,1.0,12
81712,1.0,12
81712,1.0,12
81736,1.0,12
81752,2.0,29
81776,0.0,3
81784,1.0,12
81784,1.0,12
81792,1.0,12
81800,1.0,12
81808,1.0,12
81816,0.0,5
81824,0.0,5
81824,0.0,5
81840,1.0,16
81848,0.0,3
81856,0.0,5
81864,0.0,5
81888,1.0,12
81896,1.0,12
81904,1.0,12
81928,0.0,5
81936,1.0,12
81944,0.0,5
81952,1.0,12
81976,0.0,5
81976,1.0,16
81992,1.0,16
82000,1.0,13
82032,0.0,5
82040,0.0,5
82064,4.0,41
82072,1.0,12
82112,1.0,17
82128,1.0,12
82136,1.0,12
82160,1.0,12
82168,1.0,12
82184,0.0,3
82208,0.0,5
82216,1.0,13
82224,1.0,12
82232,1.0,12
82248,0.0,5
82248,0.0,3
82272,0.0,5
82280,1.0,12
82288,4.0,45
82304,4.0,45
82312,1.0,12
82312,4.0,45
82344,1.0,12
82344,1.0,12
82352,0.0,5
82368,1.0,12
82376,1.0,12
82384,1.0,12
82384,0.0,5
82400,1.0,12
82408,1.0,12
82408,0.0,3
82416,0.0,5
82440,1.0,12
82448,1.0,12
82480,1.0,12
82496,1.0,12
82504,1.0,12
82504,1.0,12
82528,1.0,14
82536,1.0,12
82544,1.0,12
82576,1.0,12
82592,1.0,12
82600,1.0,12
82600,1.0,12
82624,1.0,12
82640,1.0,12
82640,0.0,5
82664,0.0,3
82664,0.0,3
82672,1.0,12
82696,4.0,41
82696,1.0,12
82696,1.0,13
82720,0.0,3
82736,0.0,5
82760,1.0,12
82768,1.0,13
82776,0.0,5
82808,1.0,11
82824,1.0,16
82856,1.0,12
82864,0.0,5
82872,1.0,12
82896,4.0,45
82904,1.0,12
82936,0.0,5
82952,4.0,41
82952,1.0,12
82960,1.0,12
82968,1.0,12
82992,0.0,5
83000,1.0,12
83016,1.0,10
83032,4.0,45
83040,1.0,10
83064,1.0,12
83080,1.0,11
83112,1.0,12
83120,0.0,5
83128,4.0,45
83128,1.0,12
83136,1.0,12
83144,2.0,24
83160,1.0,12
83168,0.0,5
83192,2.0,24
83208,1.0,11
83208,1.0,12
83208,0.0,5
83208,1.0,10
83232,0.0,5
83232,1.0,12
83240,1.0,12
83248,0.0,5
83256,1.0,12
83304,1.0,12
83328,1.0,12
83328,1.0,12
83336,1.0,12
83344,1.0,12
83352,1.0,12
83376,0.0,5
83400,1.0,12
83424,1.0,12
83424,1.0,12
83448,1.0,12
83472,1.0,16
83472,1.0,12
83512,0.0,5
83520,1.0,12
83528,1.0,13
83528,1.0,16
83552,1.0,13
83568,4.0,45
83568,4.0,45
83568,0.0,5
83608,1.0,17
83608,1.0,10
83608,1.0,12
83648,0.0,5
83664,1.0,12
83664,1.0,12
83664,1.0,12
83704,1.0,12
83704,1.0,12
83712,2.0,24
83744,1.0,10
83744,2.0,24
83744,1.0,12
83760,1.0,12
83760,1.0,12
83792,1.0,10
83800,1.0,12
83800,1.0,12
83840,1.0,12
83840,0.0,5
83840,1.0,12
83840,1.0,12
83856,1.0,12
83856,1.0,12
83880,0.0,5
83888,1.0,12
83896,0.0,5
83904,1.0,13
83920,0.0,5
83936,1.0,12
83936,1.0,12
83960,1.0,13
83984,1.0,12
83992,1.0,12
84000,1.0,12
84016,1.0,12
84040,1.0,13
84080,1.0,12
84088,1.0,12
84096,1.0,12
84112,1.0,12
84136,0.0,5
84176,1.0,12
84184,1.0,12
84200,4.0,45
84208,1.0,12
84232,1.0,12
84272,1.0,12
84272,0.0,5
84280,3.0,40
84288,1.0,13
84296,4.0,45
84304,1.0,12
84320,1.0,15
84352,1.0,10
84360,0.0,5
84376,1.0,12
84384,1.0,12
84400,1.0,12
84400,4.0,45
84416,1.0,15
84424,0.0,5
84440,0.0,5
84448,1.0,12
84456,1.0,10
84456,0.0,5
84456,1.0,12
84488,0.0,5
84496,0.0,5
84496,1.0,12
84520,1.0,12
84552,1.0,12
84552,1.0,12
84560,0.0,5
84584,1.0,12
84592,1.0,12
84592,0.0,5
84592,1.0,12
84600,4.0,41
84640,0.0,5
84656,1.0,12
84672,2.0,29
84680,1.0,16
84688,1.0,12
84720,1.0,16
84720,1.0,16
84736,1.0,12
84760,0.0,5
84768,1.0,12
84776,2.0,24
84776,1.0,12
84792,1.0,13
84800,0.0,3
84808,0.0,5
84816,1.0,12
84816,0.0,5
84832,0.0,5
84832,1.0,12
84840,0.0,5
84848,0.0,5
84856,1.0,12
84856,0.0,5
84888,0.0,5
84896,1.0,10
84928,1.0,12
84928,1.0,12
84936,0.0,5
84936,1.0,12
84952,1.0,12
84952,1.0,12
84976,0.0,5
84984,1.0,12
84984,4.0,41
85008,1.0,10
85024,0.0,5
85048,1.0,12
85048,0.0,3
85072,1.0,17
85080,1.0,12
85088,0.0,5
85104,1.0,12
85112,0.0,5
85144,0.0,5
85144,1.0,12
85160,2.0,29
85184,1.0,12
85192,1.0,10
85200,1.0,15
85224,1.0,10
85240,0.0,5
85264,1.0,10
85280,4.0,41
85288,1.0,12
85304,4.0,41
85320,1.0,12
85336,1.0,12
85344,0.0,5
85360,1.0,12
85360,0.0,5
85376,1.0,12
85384,0.0,5
85384,1.0,12
85424,0.0,5
85440,1.0,10
85456,1.0,12
85472,1.0,12
85480,0.0,5
85488,3.0,41
85504,4.0,45
85512,0.0,5
85520,1.0,12
85528,0.0,5
85552,1.0,12
85600,1.0,11
85600,1.0,15
85608,1.0,10
85624,1.0,15
85632,1.0,10
85696,1.0,12
85696,4.0,45
85704,1.0,12
85720,1.0,12
85728,1.0,12
85744,4.0,45
85744,0.0,5
85768,0.0,5
85776,1.0,10
85784,2.0,23
85800,1.0,10
85808,0.0,5
85816,1.0,15
85840,0.0,5
85840,1.0,12
85856,0.0,5
85864,1.0,15
85872,1.0,12
85880,4.0,45
85880,0.0,5
85880,1.0,12
85904,0.0,5
85920,0.0,5
85920,1.0,10
85936,1.0,10
85976,1.0,12
85992,2.0,23
86000,1.0,15
86016,1.0,12
86016,1.0,12
86024,1.0,15
86032,0.0,5
86032,1.0,12
86040,0.0,5
86056,0.0,3
86056,0.0,5
86072,0.0,5
86072,1.0,12
86096,0.0,3
86096,1.0,10
86112,1.0,11
86112,0.0,5
86120,1.0,10
86136,0.0,5
86152,1.0,12
86152,0.0,5
86176,0.0,5
86176,0.0,3
86192,1.0,12
86200,0.0,3
86208,1.0,12
86216,1.0,12
86232,4.0,45
86240,2.0,23
86272,1.0,10
86272,1.0,12
86280,0.0,5
86296,1.0,12
86304,1.0,12
86304,0.0,3
86312,1.0,10
86312,0.0,5
86320,0.0,3
86344,0.0,5
86352,2.0,25
86392,0.0,5
86392,1.0,10
86400,2.0,23
86400,1.0,12
86416,0.0,3
86416,1.0,12
86424,1.0,10
86440,0.0,5
86456,0.0,5
86456,2.0,23
86456,0.0,5
86464,0.0,5
86480,0.0,3
86496,1.0,12
86552,1.0,12
86552,1.0,12
86576,1.0,17
86576,1.0,12
86592,0.0,5
86632,0.0,5
86648,1.0,12
86672,4.0,45
86672,1.0,12
86720,4.0,41
86728,1.0,12
86744,1.0,12
86768,1.0,12
86792,4.0,41
86808,0.0,5
86816,1.0,12
86824,1.0,10
86824,1.0,12
86856,2.0,23
86856,4.0,45
86864,0.0,5
86864,0.0,5
86880,0.0,3
86896,0.0,5
86904,0.0,5
86904,0.0,5
86904,1.0,12
86944,4.0,46
86952,2.0,20
86976,1.0,12
86984,1.0,10
86984,1.0,10
87000,1.0,12
87008,2.0,24
87016,0.0,5
87040,1.0,12
87040,0.0,3
87080,1.0,12
87088,1.0,17
87096,1.0,12
87104,0.0,3
87120,0.0,3
87136,2.0,30
87136,1.0,12
87144,1.0,17
87200,1.0,12
87216,1.0,12
87216,1.0,10
87224,1.0,17
87232,1.0,12
87256,0.0,5
87264,0.0,5
87272,0.0,5
87296,1.0,10
87296,1.0,12
87344,4.0,45
87352,1.0,12
87368,1.0,12
87376,1.0,10
87376,0.0,3
87392,1.0,12
87400,4.0,45
87416,0.0,3
87416,0.0,5
87448,1.0,10
87456,2.0,24
87464,1.0,15
87472,1.0,12
87480,1.0,10
87512,1.0,12
87512,0.0,5
87512,1.0,12
87520,0.0,5
87520,4.0,47
87536,1.0,10
87544,1.0,12
87552,0.0,5
87552,0.0,5
87560,0.0,5
87560,1.0,12
87560,0.0,5
87576,0.0,3
87584,0.0,3
87584,0.0,5
87592,0.0,5
87616,0.0,3
87656,1.0,12
87672,1.0,12
87680,0.0,3
87680,1.0,12
87696,2.0,23
87776,1.0,12
87792,1.0,12
87856,1.0,10
87864,3.0,41
87888,1.0,12
87904,0.0,5
87920,4.0,45
87944,4.0,45
87944,0.0,5
87952,1.0,12
87976,4.0,45
87984,1.0,12
88000,1.0,10
88032,4.0,45
88048,4.0,46
88048,1.0,12
88064,1.0,15
88088,1.0,13
88096,1.0,15
88096,1.0,12
88144,1.0,12
88152,1.0,15
88160,1.0,12
88192,0.0,5
88192,1.0,12
88224,1.0,10
88240,1.0,10
88272,4.0,41
88288,1.0,12
88288,1.0,12
88336,1.0,12
88368,1.0,12
88384,1.0,12
88408,2.0,23
88408,4.0,45
88408,1.0,15
88448,4.0,45
88456,4.0,45
88464,1.0,10
88504,1.0,12
88504,1.0,17
88504,0.0,5
88520,2.0,23
88528,1.0,15
88544,0.0,5
88552,0.0,3
88560,0.0,5
88568,1.0,15
88576,1.0,15
88584,0.0,5
88600,1.0,12
88648,1.0,12
88656,1.0,12
88664,1.0,12
88672,1.0,12
88696,2.0,24
88704,1.0,15
88728,0.0,3
88728,1.0,10
88736,0.0,5
88744,1.0,10
88752,1.0,12
88752,1.0,10
88768,4.0,45
88776,0.0,3
88784,0.0,5
88824,1.0,12
88832,1.0,12
88872,1.0,15
88888,1.0,15
88904,1.0,16
88912,1.0,10
88912,0.0,5
88936,0.0,3
88944,0.0,5
88960,4.0,45
89008,1.0,12
89024,1.0,10
89032,0.0,3
89032,1.0,12
89080,2.0,24
89080,1.0,15
89088,4.0,45
89112,1.0,10
89120,1.0,12
89128,1.0,12
89144,4.0,45
89152,0.0,5
89168,1.0,10
89176,1.0,12
89176,1.0,12
89184,4.0,45
89216,1.0,12
89256,1.0,10
89256,1.0,10
89264,1.0,12
89264,1.0,15
89296,0.0,5
89304,1.0,15
89304,0.0,5
89328,0.0,3
89336,0.0,5
89344,1.0,10
89368,0.0,3
89400,1.0,12
89408,2.0,24
89424,1.0,12
89432,1.0,12
89440,2.0,23
89488,1.0,10
89488,4.0,45
89496,1.0,12
89512,4.0,45
89512,1.0,10
89520,0.0,3
89536,1.0,12
89560,0.0,5
89584,1.0,12
89600,0.0,5
89608,1.0,15
89608,1.0,12
89616,1.0,10
89632,0.0,3
89632,1.0,15
89632,0.0,3
89656,0.0,3
89664,1.0,10
89680,1.0,10
89712,1.0,12
89728,4.0,45
89728,1.0,12
89736,0.0,3
89752,1.0,12
89760,1.0,12
89776,1.0,12
89776,0.0,3
89784,4.0,45
89808,1.0,10
89808,1.0,10
89816,2.0,23
89856,1.0,10
89856,0.0,5
89864,1.0,10
89872,1.0,12
89904,1.0,12
89944,2.0,23
89952,1.0,12
89960,1.0,12
89968,1.0,12
89976,0.0,3
89984,1.0,10
90024,3.0,36
90040,1.0,12
90040,2.0,29
90048,1.0,10
90072,0.0,3
90080,0.0,5
90080,1.0,12
90112,2.0,19
90120,0.0,5
90136,1.0,12
90144,1.0,15
90160,0.0,5
90168,1.0,11
90168,1.0,12
90168,2.0,24
90208,1.0,12
90208,0.0,5
90208,0.0,5
90216,4.0,45
90216,1.0,10
90240,0.0,3
90240,1.0,12
90248,0.0,5
90248,0.0,5
90248,0.0,5
90256,1.0,12
90272,0.0,3
90280,0.0,5
90312,1.0,12
90312,0.0,5
90336,1.0,10
90344,1.0,12
90360,1.0,10
90368,2.0,25
90392,1.0,10
90408,1.0,12
90416,0.0,3
90424,2.0,23
90424,1.0,10
90432,1.0,12
90432,2.0,23
90456,0.0,5
90464,1.0,12
90488,1.0,10
90528,1.0,12
90560,1.0,12
90584,1.0,12
90608,2.0,23
90624,1.0,12
90640,1.0,10
90664,0.0,3
90664,0.0,5
90680,1.0,12
90704,0.0,5
90704,0.0,5
90720,4.0,45
90760,1.0,10
90784,4.0,45
90792,4.0,45
90816,4.0,45
90816,1.0,12
90824,0.0,5
90824,1.0,15
90848,0.0,3
90856,1.0,12
90872,0.0,3
90888,2.0,23
90896,1.0,10
90904,1.0,10
90912,1.0,15
90936,1.0,15
90936,0.0,5
90944,0.0,5
90952,1.0,12
90968,0.0,3
90968,4.0,45
90976,0.0,5
90992,0.0,3
91008,1.0,12
91024,1.0,17
91032,1.0,12
91048,0.0,3
91056,0.0,3
91072,1.0,12
91088,1.0,10
91112,1.0,15
91136,2.0,23
91152,1.0,12
91152,2.0,23
91168,1.0,15
91168,1.0,12
91208,1.0,15
91208,1.0,12
91232,1.0,12
91232,4.0,45
91248,1.0,12
91248,1.0,12
91248,1.0,10
91288,1.0,10
91368,1.0,17
91392,2.0,23
91416,2.0,23
91440,2.0,24
91448,2.0,25
91472,2.0,28
91472,0.0,3
91472,2.0,23
91488,1.0,12
91512,1.0,12
91512,0.0,5
91528,0.0,5
91536,1.0,12
91576,5.0,51
91608,1.0,17
91608,1.0,12
91608,1.0,12
91624,1.0,12
91640,1.0,13
91696,3.0,41
91720,1.0,10
91760,2.0,23
91760,1.0,17
91800,2.0,24
91832,4.0,45
91856,1.0,12
91888,2.0,24
91904,3.0,37
91928,3.0,40
91944,0.0,5
91984,0.0,5
92016,1.0,16
92016,2.0,23
92024,1.0,12
92048,4.0,41
92112,1.0,12
92120,4.0,45
92144,1.0,12
92160,4.0,45
92208,1.0,12
92208,2.0,23
92216,1.0,12
92216,2.0,29
92232,0.0,3
92232,0.0,3
92256,0.0,5
92256,1.0,12
92256,2.0,30
92264,5.0,51
92296,0.0,5
92312,1.0,12
92328,1.0,12
92328,1.0,12
92336,2.0,24
92336,0.0,5
92352,1.0,12
92456,1.0,16
92472,1.0,17
92488,1.0,17
92496,2.0,23
92496,2.0,30
92504,2.0,30
92520,0.0,3
92528,0.0,5
92608,1.0,17
92616,1.0,12
92624,1.0,12
92648,1.0,18
92648,0.0,5
92648,2.0,24
92688,4.0,45
92696,4.0,45
92720,1.0,12
92744,1.0,12
92784,1.0,12
92792,1.0,12
92824,0.0,5
92832,2.0,23
92840,1.0,12
92856,4.0,45
92896,0.0,5
92904,2.0,23
92928,1.0,12
92936,0.0,5
92944,3.0,41
92968,3.0,40
93000,1.0,12
93032,2.0,30
93040,1.0,12
93040,0.0,5
93064,1.0,17
93064,1.0,12
93080,0.0,5
93112,3.0,36
93128,1.0,12
93128,2.0,24
93136,1.0,12
93144,1.0,10
93168,4.0,41
93168,0.0,5
93184,0.0,5
93224,1.0,12
93248,1.0,17
93272,2.0,24
93288,0.0,5
93320,2.0,23
93368,1.0,12
93376,2.0,26
93384,1.0,12
93408,2.0,23
93432,4.0,46
93464,1.0,10
93472,1.0,12
93520,2.0,25
93520,3.0,42
93528,1.0,12
93528,4.0,45
93544,1.0,17
93552,0.0,3
93560,1.0,12
93568,0.0,5
93568,1.0,12
93592,0.0,3
93616,1.0,12
93640,0.0,3
93648,1.0,10
93648,1.0,12
93688,1.0,12
93696,4.0,41
93728,1.0,10
93736,1.0,12
93744,1.0,12
93760,0.0,3
93768,1.0,10
93768,0.0,3
93848,3.0,41
93864,1.0,12
93864,1.0,12
93872,3.0,41
93912,2.0,23
93928,4.0,46
93944,1.0,10
93944,2.0,23
93984,0.0,5
94008,1.0,17
94008,0.0,3
94024,3.0,41
94032,2.0,23
94040,1.0,12
94056,0.0,3
94064,0.0,3
94112,2.0,23
94152,1.0,18
94152,1.0,12
94192,2.0,23
94224,4.0,45
94248,2.0,23
94248,1.0,12
94248,1.0,17
94272,4.0,45
94328,1.0,10
94344,1.0,15
94360,3.0,42
94368,0.0,3
94376,1.0,16
94392,1.0,15
94416,0.0,3
94424,1.0,12
94432,2.0,23
94448,0.0,3
94464,1.0,12
94472,1.0,12
94496,1.0,10
94504,1.0,18
94544,1.0,10
94544,0.0,5
94552,4.0,45
94560,5.0,51
94592,1.0,12
94600,0.0,5
94640,1.0,12
94640,0.0,5
94648,1.0,12
94664,2.0,24
94664,0.0,3
94720,1.0,10
94728,3.0,37
94760,1.0,12
94776,4.0,41
94776,2.0,23
94816,1.0,12
94824,1.0,12
94832,2.0,23
94840,0.0,3
94840,1.0,10
94848,2.0,23
94872,1.0,12
94872,1.0,12
94904,4.0,45
94928,1.0,12
94936,1.0,12
94936,1.0,12
94944,1.0,12
94952,1.0,10
94968,1.0,12
94992,0.0,5
94992,0.0,3
95024,1.0,15
95032,1.0,12
95072,1.0,10
95120,1.0,12
95128,1.0,17
95128,1.0,12
95184,4.0,45
95200,1.0,10
95208,0.0,3
95208,1.0,17
95208,1.0,10
95264,4.0,41
95288,0.0,3
95288,4.0,45
95296,1.0,12
95304,4.0,45
95304,1.0,12
95384,1.0,12
95392,1.0,12
95400,1.0,12
95408,1.0,15
95424,1.0,15
95448,0.0,3
95488,4.0,45
95488,1.0,12
95536,1.0,16
95568,4.0,45
95568,4.0,45
95576,2.0,24
95584,1.0,12
95584,1.0,12
95640,2.0,24
95664,1.0,12
95664,1.0,12
95680,1.0,12
95720,2.0,23
95736,1.0,12
95760,1.0,12
95760,1.0,12
95760,4.0,45
95784,1.0,13
95800,0.0,5
95816,2.0,30
95824,2.0,30
95824,0.0,3
95848,0.0,3
95856,0.0,5
95856,1.0,12
95864,1.0,16
95920,1.0,12
95944,1.0,12
95952,1.0,12
95952,1.0,12
95968,2.0,23
96000,2.0,30
96016,1.0,12
96040,1.0,12
96048,1.0,12
96080,1.0,10
96080,4.0,45
96112,1.0,12
96144,1.0,12
96144,3.0,35
96168,0.0,3
96176,1.0,12
96176,1.0,12
96208,1.0,12
96224,2.0,23
96248,1.0,13
96248,0.0,3
96272,1.0,12
96288,0.0,5
96288,3.0,40
96304,1.0,12
96312,4.0,45
96312,1.0,17
96328,0.0,5
96336,0.0,3
96352,1.0,10
96408,1.0,12
96408,1.0,10
96448,1.0,12
96488,1.0,10
96512,2.0,28
96528,4.0,45
96544,1.0,12
96544,1.0,17
96584,1.0,12
96584,0.0,5
96608,4.0,45
96608,0.0,3
96632,4.0,41
96648,0.0,5
96648,0.0,5
96672,0.0,3
96672,0.0,3
96696,2.0,23
96696,4.0,45
96712,0.0,5
96728,1.0,12
96768,1.0,12
96768,2.0,23
96792,1.0,12
96792,1.0,12
96816,3.0,36
96888,1.0,12
96896,2.0,23
96896,1.0,16
96904,4.0,45
96912,1.0,12
96928,0.0,5
96952,2.0,23
96992,0.0,5
97016,0.0,3
97032,1.0,17
97032,1.0,17
97032,2.0,30
97064,1.0,17
97088,2.0,23
97088,4.0,45
97112,1.0,12
97112,0.0,3
97128,1.0,12
97168,1.0,17
97208,1.0,12
97208,1.0,15
97224,1.0,12
97232,0.0,3
97248,3.0,42
97304,1.0,12
97352,2.0,23
97392,4.0,45
97392,0.0,5
97416,2.0,23
97416,0.0,3
97424,4.0,45
97432,1.0,16
97440,0.0,3
97472,4.0,45
97496,2.0,31
97512,1.0,15
97512,1.0,12
97520,1.0,10
97536,0.0,3
97544,1.0,15
97552,1.0,15
97568,0.0,3
97584,4.0,45
97592,0.0,5
97616,1.0,10
97616,0.0,3
97640,0.0,3
97656,2.0,23
97664,0.0,3
97688,0.0,3
97704,1.0,15
97712,1.0,12
97744,3.0,31
97760,2.0,24
97784,0.0,3
97784,1.0,10
97824,0.0,5
97824,0.0,5
97848,0.0,3
97872,4.0,45
97880,4.0,45
97920,1.0,12
97968,1.0,15
97992,0.0,3
98000,1.0,15
98016,4.0,45
98016,0.0,3
98040,0.0,3
98048,4.0,45
98056,0.0,5
98072,4.0,45
98072,0.0,3
98096,0.0,5
98096,1.0,12
98096,0.0,3
98104,4.0,45
98112,2.0,30
98120,0.0,3
98136,0.0,3
98192,1.0,15
98232,1.0,17
98240,1.0,15
98264,0.0,3
98280,2.0,30
98280,4.0,45
98288,1.0,12
98288,2.0,24
98360,1.0,12
98376,1.0,12
98376,1.0,12
98384,3.0,35
98416,1.0,16
98416,2.0,23
98456,1.0,12
98472,1.0,12
98480,1.0,12
98480,2.0,24
98496,4.0,45
98520,0.0,5
98576,1.0,12
98592,1.0,12
98656,2.0,30
98664,3.0,36
98672,1.0,12
98688,1.0,12
98768,1.0,12
98776,4.0,45
98784,1.0,12
98784,4.0,41
98800,3.0,41
98872,1.0,12
98880,4.0,45
98888,1.0,13
98896,1.0,16
98912,0.0,5
98928,0.0,5
98936,1.0,17
98976,2.0,24
98976,1.0,12
98984,4.0,41
99024,4.0,45
99032,1.0,17
99072,1.0,12
99072,1.0,12
99080,1.0,12
99120,1.0,12
99120,0.0,5
99144,0.0,3
99144,0.0,3
99152,2.0,30
99168,1.0,12
99232,1.0,11
99240,1.0,12
99248,1.0,12
99256,4.0,41
99264,4.0,41
99272,1.0,13
99288,0.0,5
99304,0.0,5
99312,0.0,3
99328,0.0,3
99336,1.0,12
99352,1.0,12
99360,4.0,41
99376,0.0,5
99376,0.0,3
99400,1.0,16
99408,1.0,12
99432,4.0,45
99448,0.0,5
99456,1.0,12
99464,1.0,17
99472,1.0,12
99504,0.0,5
99512,0.0,5
99576,1.0,16
99592,4.0,45
99616,0.0,5
99632,0.0,5
99632,3.0,32
99640,0.0,3
99648,2.0,24
99696,2.0,23
99720,3.0,36
99728,1.0,12
99728,4.0,41
99736,1.0,12
99816,1.0,10
99824,1.0,12
99864,4.0,45
99888,2.0,30
99904,0.0,5
99912,0.0,3
99912,1.0,12
99920,2.0,25
99928,0.0,3
99960,0.0,5
99992,4.0,45
