timesteps,reward,episode_length
40,0.0,5
40,0.0,5
40,0.0,5
40,0.0,5
40,0.0,5
40,0.0,5
40,0.0,5
40,0.0,5
80,0.0,5
80,0.0,5
80,0.0,5
80,0.0,5
80,0.0,5
80,0.0,5
104,0.0,3
104,0.0,3
120,0.0,5
120,0.0,5
120,0.0,5
120,0.0,5
136,1.0,12
144,0.0,5
144,0.0,5
160,0.0,5
160,0.0,5
160,0.0,5
168,1.0,16
184,0.0,5
184,0.0,5
200,0.0,5
200,0.0,5
216,1.0,12
224,0.0,5
240,0.0,5
240,0.0,5
248,0.0,3
256,0.0,5
288,0.0,5
304,1.0,17
312,2.0,22
328,0.0,3
328,0.0,5
352,2.0,24
352,1.0,14
352,0.0,5
368,0.0,5
392,0.0,5
432,3.0,31
432,0.0,5
456,2.0,27
472,0.0,5
472,1.0,15
496,0.0,5
512,0.0,5
512,0.0,5
528,1.0,12
544,3.0,36
552,2.0,23
552,0.0,5
568,0.0,5
584,2.0,29
592,0.0,5
592,0.0,3
616,1.0,15
632,0.0,5
656,0.0,5
664,1.0,15
680,1.0,12
680,2.0,21
688,4.0,45
704,0.0,5
712,1.0,15
720,0.0,5
720,2.0,21
728,0.0,5
752,0.0,5
760,0.0,5
784,1.0,16
792,0.0,5
800,0.0,5
800,1.0,12
808,0.0,3
816,2.0,23
832,0.0,5
856,0.0,5
856,1.0,16
880,0.0,3
896,0.0,5
896,1.0,12
904,2.0,28
920,0.0,5
928,1.0,16
936,1.0,16
936,0.0,5
936,0.0,5
944,2.0,28
944,0.0,5
944,0.0,3
960,0.0,3
968,0.0,5
976,0.0,5
984,0.0,5
1000,0.0,5
1016,2.0,23
1016,0.0,5
1024,0.0,5
1040,0.0,5
1056,0.0,5
1064,0.0,3
1064,1.0,15
1064,0.0,5
1080,0.0,3
1080,1.0,17
1104,0.0,5
1104,2.0,21
1104,0.0,5
1144,0.0,5
1176,2.0,26
1176,1.0,12
1176,1.0,14
1200,1.0,12
1200,1.0,15
1200,0.0,3
1200,0.0,3
1216,0.0,5
1224,0.0,3
1240,0.0,5
1240,0.0,5
1240,1.0,17
1264,0.0,5
1272,1.0,16
1280,0.0,5
1280,0.0,5
1304,0.0,5
1312,0.0,5
1320,0.0,5
1320,0.0,5
1328,1.0,16
1336,1.0,15
1336,1.0,12
1344,0.0,5
1344,4.0,41
1352,0.0,5
1352,0.0,3
1360,0.0,5
1376,0.0,5
1376,0.0,5
1384,0.0,5
1384,0.0,5
1392,0.0,5
1392,0.0,5
1408,0.0,3
1416,0.0,5
1416,0.0,5
1424,0.0,5
1432,0.0,5
1432,0.0,5
1448,1.0,16
1448,0.0,5
1456,0.0,5
1456,0.0,5
1472,1.0,14
1488,0.0,5
1488,0.0,5
1496,0.0,5
1496,0.0,3
1496,0.0,5
1528,0.0,5
1528,0.0,5
1536,0.0,5
1544,1.0,14
1560,1.0,16
1568,0.0,5
1568,0.0,5
1592,0.0,3
1608,1.0,14
1608,2.0,23
1632,0.0,5
1632,1.0,12
1648,0.0,5
1656,1.0,12
1664,2.0,21
1672,0.0,5
1672,0.0,5
1672,1.0,16
1688,0.0,5
1696,0.0,5
1704,1.0,17
1704,0.0,5
1712,0.0,5
1712,0.0,5
1712,0.0,5
1728,0.0,5
1736,1.0,16
1736,0.0,5
1744,0.0,5
1752,0.0,5
1752,0.0,5
1768,0.0,5
1784,0.0,5
1792,0.0,5
1792,0.0,5
1816,1.0,14
1832,1.0,12
1832,1.0,12
1832,0.0,5
1840,1.0,16
1856,0.0,5
1872,0.0,5
1872,0.0,5
1872,0.0,5
1880,0.0,5
1888,1.0,12
1896,0.0,5
1896,0.0,3
1912,0.0,5
1936,0.0,5
1936,0.0,5
1952,2.0,23
1976,0.0,5
1992,1.0,15
2008,2.0,28
2008,1.0,12
2016,0.0,3
2016,1.0,17
2016,0.0,5
2032,0.0,3
2048,0.0,5
2056,0.0,5
2056,0.0,5
2072,2.0,23
2072,0.0,5
2088,1.0,17
2096,0.0,5
2096,0.0,5
2112,0.0,5
2112,0.0,5
2120,0.0,3
2144,1.0,16
2152,0.0,5
2160,0.0,5
2176,1.0,16
2184,0.0,5
2192,0.0,5
2200,0.0,5
2216,0.0,5
2224,1.0,17
2232,0.0,5
2240,0.0,5
2240,1.0,16
2248,0.0,3
2248,3.0,39
2264,0.0,3
2272,0.0,3
2272,0.0,5
2280,0.0,5
2288,0.0,5
2288,0.0,3
2296,1.0,14
2312,0.0,5
2312,0.0,3
2320,0.0,5
2336,0.0,5
2352,0.0,5
2352,0.0,5
2360,0.0,5
2384,0.0,3
2392,0.0,5
2392,0.0,5
2400,2.0,23
2416,0.0,3
2424,4.0,41
2424,0.0,3
2424,0.0,5
2432,0.0,5
2456,0.0,5
2464,0.0,5
2472,2.0,23
2488,2.0,27
2496,0.0,5
2512,0.0,5
2536,0.0,5
2536,1.0,14
2544,1.0,15
2560,1.0,16
2568,2.0,29
2576,0.0,5
2576,0.0,5
2584,0.0,5
2584,1.0,15
2584,0.0,3
2608,0.0,5
2608,1.0,15
2616,0.0,5
2624,0.0,5
2624,0.0,5
2624,0.0,5
2632,1.0,15
2648,0.0,5
2656,0.0,5
2664,0.0,5
2664,0.0,5
2664,0.0,5
2672,0.0,5
2696,0.0,5
2704,0.0,5
2704,1.0,16
2704,0.0,5
2720,0.0,3
2728,0.0,3
2728,1.0,15
2744,0.0,5
2744,0.0,5
2744,0.0,3
2752,0.0,3
2760,1.0,12
2768,0.0,3
2768,0.0,5
2768,0.0,3
2784,0.0,5
2792,1.0,15
2792,0.0,5
2800,0.0,5
2808,0.0,5
2808,0.0,5
2816,2.0,21
2824,0.0,5
2832,0.0,5
2832,0.0,5
2840,0.0,5
2848,0.0,5
2856,0.0,5
2872,0.0,5
2880,0.0,5
2888,0.0,5
2896,0.0,5
2896,1.0,16
2936,0.0,5
2936,0.0,5
2960,1.0,16
2960,1.0,17
2976,0.0,5
2976,0.0,5
3000,0.0,5
3016,0.0,5
3016,0.0,5
3040,0.0,5
3040,2.0,21
3040,2.0,29
3056,0.0,5
3056,0.0,5
3072,2.0,24
3080,0.0,5
3080,0.0,5
3080,0.0,5
3096,0.0,5
3096,1.0,17
3104,2.0,27
3112,0.0,5
3120,0.0,5
3120,0.0,3
3120,0.0,5
3120,0.0,5
3144,0.0,5
3152,0.0,5
3160,0.0,5
3160,0.0,5
3160,0.0,5
3168,1.0,14
3184,0.0,5
3192,0.0,5
3200,0.0,5
3208,0.0,5
3224,0.0,5
3248,0.0,3
3248,0.0,5
3256,2.0,20
3272,0.0,3
3280,1.0,15
3288,1.0,16
3296,0.0,5
3312,1.0,14
3312,0.0,3
3320,0.0,5
3320,1.0,16
3344,2.0,28
3352,0.0,5
3352,0.0,5
3360,0.0,5
3360,0.0,5
3368,1.0,12
3384,0.0,5
3392,0.0,5
3392,0.0,5
3392,1.0,12
3400,0.0,5
3408,0.0,5
3432,0.0,5
3432,0.0,5
3448,0.0,5
3472,0.0,5
3472,0.0,5
3480,2.0,29
3488,0.0,5
3488,1.0,16
3496,1.0,14
3512,1.0,15
3520,0.0,3
3520,0.0,5
3528,0.0,5
3528,1.0,16
3552,0.0,5
3560,0.0,5
3560,0.0,5
3576,0.0,3
3584,1.0,12
3584,0.0,3
3584,1.0,14
3624,0.0,5
3624,0.0,5
3640,2.0,21
3656,1.0,16
3664,0.0,5
3664,0.0,5
3664,1.0,17
3696,0.0,5
3704,0.0,5
3704,1.0,16
3704,0.0,5
3712,1.0,16
3736,0.0,5
3744,0.0,5
3752,0.0,5
3768,1.0,16
3776,1.0,14
3784,0.0,5
3792,0.0,5
3808,0.0,5
3808,0.0,3
3816,0.0,5
3832,3.0,34
3832,0.0,5
3832,1.0,12
3840,1.0,17
3848,0.0,5
3848,0.0,5
3864,0.0,3
3872,0.0,5
3888,2.0,23
3888,0.0,5
3888,0.0,5
3904,0.0,5
3912,0.0,3
3928,0.0,5
3928,0.0,5
3944,0.0,5
3952,0.0,5
3960,1.0,16
3968,1.0,17
3968,0.0,5
3968,0.0,5
3992,0.0,5
3992,0.0,3
4008,0.0,5
4008,0.0,5
4032,0.0,5
4032,0.0,3
4048,2.0,29
4048,0.0,5
4088,0.0,5
4088,1.0,16
4096,2.0,28
4104,1.0,14
4128,0.0,5
4128,0.0,5
4128,2.0,23
4136,0.0,5
4144,0.0,5
4160,1.0,16
4168,0.0,5
4168,0.0,5
4176,0.0,5
4184,1.0,17
4200,0.0,5
4208,0.0,5
4240,0.0,5
4248,0.0,5
4248,2.0,27
4272,0.0,3
4280,1.0,12
4280,1.0,14
4288,1.0,14
4288,0.0,5
4296,2.0,21
4312,0.0,5
4320,2.0,22
4328,0.0,5
4328,0.0,5
4336,0.0,5
4352,0.0,5
4352,1.0,14
4360,0.0,5
4368,0.0,5
4376,1.0,12
4376,0.0,5
4392,0.0,5
4400,0.0,5
4408,0.0,5
4416,0.0,5
4416,1.0,17
4416,0.0,5
4432,0.0,5
4440,0.0,3
4448,1.0,15
4448,0.0,5
4456,0.0,5
4456,0.0,5
4464,1.0,14
4472,0.0,5
4480,0.0,5
4488,0.0,5
4496,0.0,5
4504,0.0,5
4512,0.0,5
4520,0.0,5
4528,0.0,5
4536,0.0,5
4536,0.0,3
4544,0.0,5
4560,1.0,14
4560,0.0,3
4568,0.0,5
4576,0.0,5
4584,0.0,5
4592,2.0,24
4600,0.0,5
4600,0.0,5
4608,0.0,5
4632,1.0,14
4632,0.0,5
4640,0.0,5
4648,0.0,5
4672,0.0,5
4688,0.0,5
4712,1.0,17
4712,0.0,5
4728,3.0,34
4728,0.0,5
4728,1.0,16
4752,0.0,5
4760,1.0,15
4768,1.0,17
4768,0.0,5
4768,0.0,5
4768,0.0,5
4792,0.0,3
4792,0.0,5
4800,0.0,5
4808,0.0,5
4808,0.0,5
4816,0.0,3
4816,2.0,29
4824,1.0,14
4824,0.0,3
4840,0.0,3
4840,0.0,3
4848,0.0,5
4848,0.0,3
4864,0.0,5
4880,0.0,5
4880,0.0,5
4888,0.0,5
4888,1.0,12
4904,0.0,5
4920,0.0,5
4920,0.0,5
4928,0.0,5
4936,2.0,21
4944,0.0,5
4944,1.0,17
4960,0.0,5
4960,0.0,5
4968,0.0,5
4976,0.0,5
4984,1.0,12
4984,0.0,5
4984,0.0,5
5000,0.0,5
5008,0.0,3
5016,0.0,5
5024,0.0,5
5024,0.0,5
5032,2.0,23
5032,0.0,3
5056,0.0,5
5072,0.0,5
5072,1.0,14
5080,1.0,14
5096,0.0,5
5112,0.0,5
5120,1.0,12
5136,0.0,5
5152,0.0,5
5160,1.0,11
5160,1.0,16
5160,0.0,5
5176,0.0,3
5176,0.0,5
5184,0.0,3
5184,2.0,23
5192,2.0,21
5200,0.0,5
5200,0.0,5
5216,0.0,5
5216,0.0,5
5224,0.0,5
5224,0.0,5
5232,0.0,5
5240,0.0,5
5240,0.0,5
5256,0.0,5
5256,0.0,5
5264,0.0,5
5272,0.0,5
5272,2.0,24
5296,0.0,5
5304,0.0,5
5312,0.0,5
5336,0.0,5
5344,0.0,5
5352,0.0,5
5352,1.0,14
5368,1.0,14
5368,1.0,16
5376,0.0,5
5384,0.0,5
5392,0.0,5
5392,0.0,5
5400,1.0,16
5408,0.0,5
5408,0.0,5
5408,0.0,3
5432,0.0,5
5440,0.0,5
5440,2.0,27
5448,0.0,5
5448,0.0,5
5448,0.0,5
5480,0.0,5
5488,0.0,5
5488,0.0,5
5512,1.0,15
5528,0.0,5
5528,0.0,5
5536,0.0,3
5552,0.0,3
5568,1.0,15
5576,1.0,17
5576,0.0,5
5592,1.0,14
5592,0.0,5
5600,2.0,28
5608,0.0,5
5616,0.0,3
5616,0.0,5
5640,0.0,5
5656,0.0,5
5680,0.0,5
5696,0.0,5
5704,1.0,16
5712,2.0,23
5720,3.0,36
5720,0.0,5
5720,1.0,16
5720,1.0,14
5736,1.0,15
5744,0.0,5
5752,0.0,5
5760,0.0,5
5760,0.0,5
5760,0.0,5
5776,0.0,5
5784,0.0,5
5792,0.0,5
5800,0.0,5
5800,0.0,3
5808,1.0,14
5808,0.0,3
5832,0.0,5
5840,0.0,5
5840,0.0,5
5848,0.0,5
5848,1.0,16
5848,0.0,5
5856,0.0,3
5872,1.0,14
5880,1.0,15
5880,0.0,5
5888,0.0,5
5888,0.0,5
5896,0.0,3
5896,0.0,5
5920,0.0,5
5920,0.0,5
5928,0.0,5
5928,0.0,5
5936,0.0,5
5960,0.0,5
5968,1.0,15
5968,0.0,5
5976,0.0,5
6000,0.0,5
6008,0.0,5
6008,0.0,5
6016,0.0,5
6024,0.0,3
6024,2.0,23
6032,1.0,14
6040,1.0,14
6048,0.0,5
6048,0.0,5
6056,0.0,5
6064,0.0,5
6064,0.0,5
6064,2.0,21
6080,0.0,5
6088,0.0,5
6088,0.0,5
6096,0.0,5
6104,0.0,5
6104,0.0,5
6104,0.0,5
6128,0.0,5
6128,0.0,5
6136,0.0,5
6144,0.0,5
6144,0.0,5
6168,0.0,5
6168,0.0,5
6168,1.0,17
6168,0.0,3
6192,0.0,3
6192,0.0,3
6208,0.0,5
6208,0.0,5
6232,0.0,5
6232,0.0,5
6248,0.0,5
6248,0.0,5
6264,2.0,23
6272,0.0,5
6288,0.0,5
6288,0.0,5
6304,0.0,5
6312,0.0,5
6320,2.0,23
6328,0.0,5
6328,0.0,5
6336,3.0,29
6344,1.0,14
6360,0.0,5
6360,2.0,27
6368,0.0,5
6368,0.0,5
6376,0.0,5
6384,0.0,5
6400,0.0,5
6400,0.0,5
6408,0.0,5
6416,0.0,5
6424,1.0,14
6424,1.0,15
6440,0.0,3
6464,0.0,5
6480,1.0,12
6496,1.0,12
6504,0.0,3
6504,0.0,5
6520,1.0,14
6520,1.0,15
6536,2.0,21
6536,0.0,5
6544,0.0,5
6544,0.0,5
6560,0.0,5
6560,0.0,5
6568,1.0,16
6576,0.0,5
6584,0.0,5
6600,0.0,5
6608,0.0,5
6616,0.0,5
6624,0.0,3
6624,0.0,5
6648,0.0,3
6656,0.0,5
6656,2.0,29
6664,1.0,16
6664,0.0,5
6680,1.0,15
6688,0.0,3
6688,0.0,5
6696,0.0,5
6704,0.0,5
6712,2.0,21
6720,0.0,5
6728,0.0,5
6728,0.0,5
6736,1.0,16
6760,0.0,5
6768,0.0,5
6768,0.0,5
6776,0.0,5
6800,0.0,3
6800,0.0,5
6808,0.0,5
6808,1.0,12
6808,0.0,5
6824,2.0,21
6840,0.0,5
6848,0.0,5
6864,0.0,5
6864,2.0,21
6880,2.0,22
6888,0.0,5
6904,0.0,3
6904,0.0,5
6904,0.0,5
6920,1.0,14
6928,0.0,5
6936,1.0,16
6944,0.0,5
6944,0.0,5
6944,0.0,5
6944,0.0,3
6968,0.0,5
6976,1.0,17
6984,0.0,5
6984,2.0,23
6984,0.0,5
6984,0.0,5
6984,0.0,5
7008,0.0,5
7024,0.0,5
7024,0.0,5
7024,0.0,5
7024,0.0,5
7032,1.0,12
7048,0.0,5
7072,0.0,5
7104,1.0,16
7112,0.0,5
7128,0.0,3
7136,1.0,14
7144,1.0,15
7152,2.0,21
7152,1.0,16
7152,0.0,5
7152,1.0,16
7160,0.0,3
7168,0.0,5
7176,1.0,16
7184,0.0,5
7192,0.0,5
7192,0.0,5
7208,0.0,5
7216,0.0,5
7224,0.0,5
7248,0.0,5
7248,1.0,12
7288,0.0,5
7288,1.0,16
7288,0.0,5
7312,1.0,15
7312,1.0,15
7312,0.0,3
7328,1.0,14
7328,0.0,5
7336,1.0,14
7352,0.0,5
7352,0.0,5
7368,0.0,5
7392,0.0,5
7392,0.0,5
7408,0.0,5
7440,1.0,14
7448,1.0,17
7448,0.0,5
7464,4.0,39
7472,1.0,17
7480,0.0,5
7488,1.0,12
7488,0.0,5
7488,0.0,3
7504,1.0,14
7512,0.0,3
7512,0.0,5
7512,0.0,3
7520,0.0,5
7528,0.0,3
7552,0.0,5
7552,0.0,5
7552,0.0,5
7560,0.0,5
7592,0.0,5
7592,0.0,5
7592,0.0,5
7600,0.0,5
7624,0.0,3
7632,0.0,5
7632,0.0,5
7640,4.0,44
7640,2.0,24
7664,0.0,5
7672,2.0,23
7672,0.0,5
7680,0.0,5
7704,0.0,5
7712,0.0,5
7712,0.0,5
7728,1.0,12
7752,0.0,5
7752,0.0,5
7760,2.0,29
7760,2.0,21
7768,1.0,16
7792,0.0,5
7792,0.0,5
7808,0.0,5
7816,1.0,17
7816,1.0,14
7832,0.0,5
7848,0.0,5
7856,0.0,5
7856,1.0,16
7856,0.0,5
7872,0.0,5
7880,0.0,3
7896,1.0,17
7912,0.0,5
7920,0.0,5
7920,1.0,16
7944,2.0,23
7952,0.0,5
7960,0.0,5
7960,0.0,5
7968,0.0,3
7968,1.0,15
7968,1.0,14
7984,1.0,16
7992,0.0,5
8000,0.0,5
8000,0.0,5
8008,0.0,5
8008,0.0,5
8016,0.0,3
8024,0.0,5
8032,1.0,17
8040,0.0,5
8048,0.0,5
8056,0.0,5
8056,0.0,3
8064,0.0,5
8080,0.0,5
8088,0.0,5
8096,0.0,5
8096,0.0,5
8104,0.0,5
8104,1.0,17
8112,1.0,14
8120,0.0,5
8128,0.0,3
8136,0.0,5
8136,0.0,5
8144,0.0,5
8144,1.0,17
8152,0.0,5
8160,0.0,5
8168,0.0,5
8176,0.0,5
8176,0.0,5
8184,0.0,5
8184,0.0,5
8200,0.0,5
8208,0.0,5
8216,0.0,5
8216,1.0,16
8216,0.0,5
8224,0.0,5
8240,0.0,3
8248,0.0,5
8256,0.0,5
8256,0.0,5
8272,0.0,3
8280,1.0,16
8280,0.0,5
8296,0.0,3
8296,0.0,5
8312,1.0,14
8312,1.0,16
8320,0.0,5
8336,0.0,5
8336,0.0,5
8336,1.0,14
8352,0.0,5
8360,0.0,5
8376,0.0,5
8376,0.0,5
8384,1.0,16
8392,0.0,5
8400,0.0,5
8408,1.0,12
8416,0.0,5
8416,1.0,17
8432,0.0,5
8440,0.0,3
8448,1.0,14
8456,0.0,5
8456,0.0,3
8480,0.0,5
8488,0.0,5
8496,0.0,5
8496,0.0,5
8496,1.0,15
8504,1.0,12
8512,0.0,3
8520,0.0,3
8520,0.0,5
8520,1.0,17
8520,0.0,3
8536,0.0,3
8536,0.0,5
8544,0.0,5
8560,0.0,5
8560,0.0,5
8560,0.0,5
8560,0.0,5
8568,2.0,21
8576,0.0,5
8600,0.0,5
8600,0.0,5
8600,0.0,5
8640,0.0,5
8640,0.0,5
8640,0.0,5
8688,1.0,14
8696,1.0,16
8704,2.0,21
8712,0.0,3
8712,2.0,21
8728,2.0,21
8744,0.0,5
8752,0.0,5
8752,1.0,14
8768,1.0,16
8768,1.0,16
8776,0.0,3
8776,0.0,3
8808,1.0,12
8808,0.0,5
8808,0.0,5
8816,0.0,5
8816,0.0,5
8824,1.0,16
8832,0.0,3
8840,1.0,12
8848,0.0,5
8856,0.0,5
8864,1.0,17
8864,0.0,5
8872,0.0,5
8888,0.0,5
8896,0.0,5
8904,0.0,5
8904,0.0,5
8912,0.0,5
8928,0.0,5
8944,0.0,5
8944,1.0,16
8952,0.0,5
8952,0.0,3
8968,1.0,16
8968,0.0,3
8984,0.0,5
8992,0.0,5
8992,0.0,5
8992,0.0,3
9008,0.0,5
9032,0.0,5
9032,0.0,5
9040,1.0,17
9048,0.0,5
9064,2.0,21
9072,0.0,5
9072,0.0,5
9080,0.0,5
9088,0.0,3
9096,3.0,36
9112,0.0,5
9112,0.0,5
9112,1.0,16
9120,1.0,16
9120,0.0,5
9128,0.0,5
9136,0.0,5
9144,0.0,3
9152,0.0,5
9160,0.0,5
9168,0.0,5
9168,0.0,3
9176,0.0,5
9184,0.0,3
9192,0.0,3
9208,0.0,5
9208,1.0,12
9216,0.0,5
9224,1.0,14
9224,0.0,5
9232,0.0,5
9232,2.0,23
9248,0.0,5
9256,0.0,3
9264,0.0,5
9264,0.0,5
9280,0.0,3
9288,0.0,3
9288,1.0,17
9304,0.0,5
9320,0.0,5
9328,0.0,5
9328,0.0,5
9328,1.0,14
9344,0.0,5
9368,0.0,5
9368,0.0,5
9376,1.0,16
9384,0.0,5
9416,0.0,5
9424,2.0,27
9424,0.0,5
9456,0.0,5
9456,1.0,17
9464,0.0,5
9464,0.0,5
9464,1.0,17
9480,1.0,14
9496,0.0,5
9496,0.0,5
9504,0.0,5
9504,0.0,5
9504,0.0,5
9536,0.0,5
9552,2.0,23
9560,4.0,41
9576,1.0,12
9600,0.0,5
9616,0.0,5
9624,1.0,15
9640,0.0,3
9664,0.0,5
9664,2.0,21
9672,2.0,21
9672,2.0,21
9680,0.0,5
9696,0.0,3
9704,2.0,21
9704,0.0,5
9712,0.0,5
9720,0.0,5
9720,1.0,15
9736,0.0,5
9744,0.0,5
9744,0.0,3
9744,0.0,5
9776,2.0,28
9776,1.0,14
9784,0.0,5
9784,0.0,5
9784,0.0,5
9816,0.0,5
9824,0.0,5
9824,0.0,5
9832,1.0,15
9832,1.0,14
9848,1.0,14
9856,0.0,3
9856,0.0,5
9864,0.0,5
9872,0.0,5
9880,1.0,12
9888,0.0,5
9896,0.0,5
9912,0.0,5
9936,0.0,3
9952,1.0,12
9960,0.0,3
9992,0.0,5
9992,1.0,12
9992,1.0,16
10000,0.0,5
10000,2.0,28
10008,2.0,23
10008,1.0,15
10008,1.0,16
10016,0.0,3
10032,0.0,3
10032,0.0,5
10032,0.0,3
10032,0.0,3
10040,0.0,5
10040,0.0,5
10056,0.0,3
10056,0.0,3
10072,0.0,5
10080,0.0,5
10088,1.0,12
10128,0.0,5
10144,1.0,14
10144,1.0,16
10160,1.0,15
10184,1.0,16
10184,0.0,5
10184,1.0,14
10184,1.0,16
10184,0.0,5
10192,1.0,14
10200,0.0,5
10224,0.0,5
10224,0.0,5
10224,0.0,5
10224,0.0,5
10224,0.0,3
10224,0.0,5
10232,0.0,5
10232,1.0,13
10264,0.0,5
10264,0.0,5
10264,0.0,5
10264,0.0,5
10264,0.0,5
10264,0.0,5
10272,0.0,5
10272,0.0,5
10304,0.0,5
10304,0.0,5
10304,0.0,5
10304,0.0,5
10304,0.0,5
10312,0.0,5
10312,0.0,5
10344,0.0,5
10344,0.0,5
10344,0.0,5
10344,0.0,5
10352,0.0,5
10352,0.0,5
10384,0.0,5
10384,0.0,5
10384,0.0,5
10392,0.0,5
10400,1.0,17
10424,0.0,5
10424,0.0,5
10432,0.0,5
10440,1.0,17
10440,0.0,5
10464,0.0,5
10472,0.0,5
10472,1.0,16
10480,0.0,5
10504,0.0,5
10512,0.0,5
10512,0.0,5
10520,0.0,5
10536,2.0,23
10544,0.0,5
10552,1.0,16
10552,0.0,5
10552,2.0,21
10560,0.0,5
10568,1.0,16
10576,0.0,5
10592,0.0,5
10592,0.0,5
10592,0.0,5
10600,0.0,5
10608,0.0,5
10616,0.0,5
10632,0.0,5
10632,0.0,5
10632,0.0,5
10640,0.0,5
10648,0.0,5
10672,1.0,16
10672,0.0,5
10672,0.0,5
10672,0.0,5
10680,0.0,5
10688,0.0,5
10696,2.0,23
10712,0.0,5
10712,0.0,5
10712,0.0,5
10720,0.0,5
10728,0.0,5
10736,0.0,5
10752,0.0,5
10752,0.0,5
10760,0.0,5
10776,0.0,5
10792,0.0,5
10792,0.0,5
10800,2.0,23
10800,0.0,5
10808,1.0,17
10816,0.0,5
10840,0.0,5
10848,0.0,5
10856,0.0,5
10888,0.0,5
10896,0.0,5
10896,2.0,23
10912,2.0,23
10936,0.0,5
10936,0.0,5
10952,0.0,5
10976,0.0,5
10976,1.0,17
10976,0.0,5
10976,2.0,23
10976,2.0,23
10984,2.0,23
11016,0.0,5
11016,0.0,5
11016,0.0,5
11016,0.0,5
11024,1.0,17
11056,0.0,5
11056,0.0,5
11056,0.0,5
11064,0.0,5
11088,1.0,17
11096,0.0,5
11096,0.0,5
11096,0.0,5
11104,0.0,5
11120,1.0,17
11128,0.0,5
11136,0.0,5
11136,0.0,5
11144,2.0,21
11144,0.0,5
11144,0.0,3
11152,1.0,17
11168,0.0,3
11192,0.0,5
11208,0.0,5
11248,1.0,15
11256,1.0,14
11264,1.0,15
11280,0.0,3
11280,2.0,23
11288,0.0,5
11288,0.0,3
11304,2.0,21
11304,2.0,21
11320,0.0,5
11320,0.0,5
11328,0.0,5
11328,0.0,5
11344,0.0,5
11360,2.0,21
11360,0.0,5
11360,0.0,5
11376,2.0,21
11384,0.0,5
11400,0.0,5
11424,0.0,5
11440,0.0,5
11440,1.0,17
11464,0.0,5
11480,0.0,5
11496,1.0,17
11504,0.0,5
11512,1.0,17
11512,2.0,23
11512,2.0,23
11520,0.0,5
11536,0.0,5
11544,2.0,23
11544,0.0,5
11552,0.0,5
11552,0.0,5
11560,0.0,5
11576,0.0,5
11584,0.0,5
11592,0.0,5
11592,0.0,5
11600,0.0,5
11616,0.0,5
11624,2.0,23
11640,0.0,5
11648,1.0,17
11664,0.0,5
11680,0.0,5
11680,1.0,17
11688,0.0,5
11688,0.0,3
11712,1.0,16
11720,1.0,16
11720,1.0,16
11728,0.0,5
11744,1.0,16
11760,0.0,5
11760,0.0,5
11784,0.0,5
11800,0.0,5
11800,0.0,5
11808,1.0,16
11808,1.0,16
11816,1.0,16
11840,0.0,5
11848,0.0,5
11848,1.0,17
11856,0.0,5
11856,1.0,16
11880,0.0,5
11888,0.0,5
11888,0.0,5
11896,0.0,5
11896,0.0,5
11920,1.0,17
11920,0.0,5
11920,0.0,3
11928,0.0,5
11936,1.0,17
11936,0.0,5
11944,1.0,17
11960,0.0,5
11960,0.0,5
11960,0.0,5
11968,0.0,5
11976,0.0,5
11976,0.0,5
11984,0.0,5
12000,0.0,5
12000,0.0,5
12008,0.0,5
12016,0.0,5
12016,0.0,5
12024,1.0,17
12024,0.0,5
12040,0.0,5
12040,0.0,5
12048,0.0,5
12056,0.0,5
12056,0.0,5
12064,0.0,5
12064,0.0,5
12080,0.0,5
12080,0.0,5
12088,0.0,5
12096,0.0,5
12104,0.0,5
12120,0.0,5
12120,0.0,5
12128,0.0,5
12144,0.0,5
12144,2.0,23
12160,0.0,5
12160,0.0,5
12168,0.0,5
12184,0.0,5
12184,0.0,5
12200,0.0,5
12200,0.0,5
12224,0.0,5
12224,0.0,5
12240,0.0,5
12240,2.0,23
12240,0.0,5
12248,2.0,23
12264,0.0,5
12264,0.0,5
12280,2.0,23
12280,0.0,5
12280,0.0,5
12288,0.0,5
12304,0.0,5
12320,0.0,5
12320,0.0,5
12320,0.0,5
12328,0.0,5
12344,0.0,5
12352,2.0,23
12360,0.0,5
12360,0.0,5
12392,0.0,5
12400,0.0,5
12400,0.0,5
12424,2.0,23
12432,0.0,5
12440,0.0,5
12440,0.0,5
12448,2.0,23
12464,0.0,5
12480,0.0,5
12488,0.0,5
12504,0.0,5
12504,2.0,23
12512,2.0,23
12520,0.0,5
12528,2.0,23
12544,0.0,5
12544,0.0,5
12552,0.0,5
12560,0.0,5
12568,0.0,5
12584,0.0,5
12584,0.0,5
12592,0.0,5
12600,0.0,5
12608,0.0,5
12616,2.0,23
12624,0.0,5
12624,2.0,23
12624,1.0,17
12624,0.0,5
12632,0.0,5
12648,0.0,5
12656,0.0,5
12664,0.0,5
12664,0.0,5
12664,0.0,5
12672,0.0,5
12688,0.0,5
12696,0.0,5
12704,0.0,5
12704,0.0,5
12704,0.0,5
12728,0.0,5
12736,0.0,5
12744,0.0,5
12768,0.0,5
12776,0.0,5
12784,2.0,23
12784,0.0,5
12808,2.0,23
12808,0.0,5
12816,0.0,5
12824,0.0,5
12848,0.0,5
12848,0.0,5
12856,2.0,23
12856,0.0,5
12888,0.0,5
12888,2.0,23
12888,2.0,23
12896,0.0,5
12920,1.0,17
12928,0.0,5
12928,0.0,5
12928,0.0,5
12936,0.0,5
12960,0.0,5
12968,0.0,5
12968,0.0,5
12968,0.0,5
12976,0.0,5
12992,2.0,21
13000,0.0,5
13008,0.0,5
13008,0.0,5
13008,0.0,5
13016,2.0,21
13016,0.0,5
13032,0.0,5
13040,2.0,23
13048,0.0,5
13048,0.0,5
13056,0.0,5
13072,0.0,5
13088,0.0,5
13088,0.0,5
13096,0.0,5
13112,0.0,5
13128,0.0,5
13136,0.0,5
13152,1.0,17
13152,0.0,5
13168,0.0,5
13176,1.0,17
13184,2.0,23
13192,0.0,5
13192,0.0,5
13192,2.0,23
13208,0.0,5
13216,0.0,5
13232,0.0,5
13232,0.0,5
13232,0.0,5
13248,0.0,5
13256,0.0,5
13272,2.0,23
13272,0.0,5
13272,0.0,5
13272,0.0,5
13296,0.0,5
13312,0.0,5
13312,0.0,5
13312,0.0,5
13312,0.0,5
13320,1.0,17
13320,2.0,23
13352,0.0,5
13352,0.0,5
13352,0.0,5
13360,0.0,5
13360,0.0,5
13392,0.0,5
13392,0.0,5
13392,0.0,5
13400,0.0,5
13424,1.0,16
13432,0.0,5
13432,2.0,23
13432,0.0,5
13432,0.0,5
13440,1.0,16
13464,0.0,5
13472,0.0,5
13472,0.0,5
13472,1.0,14
13472,0.0,5
13480,0.0,5
13496,0.0,3
13504,0.0,5
13512,0.0,5
13512,0.0,5
13512,0.0,5
13520,0.0,5
13528,1.0,16
13544,0.0,5
13552,0.0,5
13552,0.0,5
13560,1.0,16
13560,0.0,5
13568,0.0,5
13584,0.0,5
13592,0.0,5
13592,0.0,5
13600,0.0,5
13608,0.0,5
13632,0.0,5
13632,0.0,5
13632,1.0,17
13640,0.0,5
13648,0.0,5
13672,0.0,5
13672,0.0,5
13672,0.0,5
13680,0.0,5
13696,2.0,23
13712,0.0,5
13712,0.0,5
13712,0.0,5
13720,0.0,5
13744,2.0,23
13760,0.0,5
13768,2.0,23
13784,1.0,17
13784,0.0,5
13800,0.0,5
13808,0.0,5
13824,0.0,5
13840,1.0,16
13840,1.0,16
13840,1.0,16
13848,0.0,5
13864,0.0,5
13880,0.0,5
13880,0.0,5
13888,0.0,5
13888,2.0,24
13904,0.0,5
13912,1.0,16
13920,0.0,5
13920,0.0,5
13928,1.0,16
13928,0.0,5
13944,0.0,5
13952,0.0,5
13960,0.0,5
13968,0.0,5
13968,1.0,16
13968,0.0,5
13984,0.0,5
13992,0.0,5
14008,0.0,5
14024,0.0,5
14032,0.0,5
14048,0.0,5
14064,0.0,5
14072,0.0,5
14072,2.0,23
14088,0.0,5
14088,2.0,21
14104,0.0,5
14104,1.0,17
14112,0.0,5
14112,0.0,5
14128,0.0,5
14128,0.0,5
14144,0.0,5
14144,0.0,5
14152,0.0,5
14152,0.0,5
14152,2.0,23
14168,0.0,5
14168,0.0,5
14176,0.0,3
14176,0.0,3
14184,0.0,5
14184,0.0,5
14200,0.0,3
14208,0.0,5
14208,0.0,3
14208,0.0,3
14216,0.0,5
14232,0.0,3
14232,0.0,3
14232,0.0,4
14272,0.0,5
14288,3.0,41
14312,0.0,3
14320,2.0,21
14320,1.0,14
14344,0.0,3
14344,0.0,3
14352,2.0,23
14352,1.0,15
14368,0.0,3
14376,0.0,3
14384,2.0,21
14392,0.0,5
14400,0.0,3
14408,0.0,5
14408,2.0,22
14408,0.0,3
14432,1.0,15
14432,0.0,3
14432,0.0,3
14440,0.0,5
14440,2.0,21
14456,0.0,3
14464,0.0,3
14472,0.0,5
14488,0.0,3
14496,0.0,5
14512,0.0,5
14520,1.0,14
14520,0.0,4
14560,1.0,15
14560,0.0,5
14560,1.0,16
14560,2.0,21
14584,3.0,30
14584,0.0,3
14584,0.0,3
14600,0.0,5
14608,0.0,3
14608,0.0,3
14624,0.0,5
14648,0.0,5
14664,2.0,21
14680,2.0,21
14688,0.0,3
14704,0.0,3
14712,0.0,3
14728,2.0,21
14728,0.0,3
14744,1.0,17
14752,0.0,5
14752,0.0,3
14760,0.0,4
14768,2.0,21
14776,0.0,3
14792,0.0,3
14792,2.0,21
14800,0.0,5
14816,2.0,21
14816,0.0,3
14816,0.0,5
14816,0.0,3
14840,0.0,3
14848,3.0,41
14856,0.0,5
14856,0.0,5
14856,0.0,5
14864,0.0,3
14872,0.0,3
14896,0.0,3
14896,0.0,4
14896,0.0,5
14928,2.0,23
14936,0.0,5
14936,0.0,5
14936,0.0,5
14936,2.0,23
14952,0.0,3
14960,0.0,3
14968,2.0,21
14984,0.0,3
14992,0.0,3
14992,0.0,5
15016,0.0,3
15024,2.0,21
15024,2.0,21
15048,1.0,14
15048,1.0,14
15048,0.0,3
15048,0.0,3
15056,0.0,5
15072,0.0,3
15072,0.0,3
15072,0.0,3
15072,0.0,3
15096,0.0,3
15096,0.0,5
15104,2.0,21
15112,0.0,5
15112,0.0,5
15112,1.0,15
15120,0.0,3
15120,1.0,17
15128,0.0,3
15136,0.0,3
15152,0.0,3
15152,0.0,5
15160,0.0,5
15160,0.0,5
15176,0.0,5
15192,0.0,5
15200,1.0,16
15200,0.0,5
15224,0.0,3
15264,0.0,5
15264,2.0,21
15288,0.0,3
15296,2.0,23
15320,2.0,21
15320,0.0,3
15328,2.0,21
15328,0.0,5
15344,0.0,3
15344,0.0,3
15344,2.0,21
15352,0.0,3
15360,2.0,21
15368,2.0,21
15368,0.0,3
15368,0.0,3
15384,0.0,3
15384,0.0,5
15392,0.0,5
15392,0.0,3
15408,0.0,5
15408,0.0,5
15424,0.0,5
15432,2.0,21
15432,0.0,5
15448,0.0,5
15448,1.0,15
15456,0.0,3
15488,0.0,5
15504,1.0,15
15512,1.0,15
15512,0.0,3
15528,1.0,15
15544,1.0,15
15544,0.0,5
15552,1.0,15
15552,0.0,5
15568,0.0,5
15584,0.0,5
15592,1.0,17
15616,0.0,3
15616,2.0,21
15640,0.0,3
15656,0.0,5
15664,1.0,14
15680,0.0,3
15680,1.0,16
15680,1.0,14
15688,0.0,3
15696,1.0,14
15704,2.0,24
15704,0.0,3
15704,0.0,3
15712,2.0,21
15720,0.0,3
15728,0.0,3
15736,0.0,3
15744,0.0,5
15768,0.0,3
15776,1.0,12
15776,0.0,5
15800,0.0,3
15800,0.0,3
15800,1.0,12
15808,0.0,5
15816,1.0,12
15816,1.0,16
15824,1.0,12
15824,0.0,3
15840,0.0,5
15840,0.0,3
15840,0.0,3
15848,0.0,3
15848,0.0,5
15864,0.0,5
15872,0.0,3
15880,0.0,5
15888,0.0,5
15904,0.0,3
15936,1.0,12
15944,0.0,5
15968,1.0,16
15976,0.0,5
15992,0.0,3
15992,1.0,15
15992,2.0,24
16000,4.0,45
16016,1.0,16
16016,0.0,3
16016,0.0,3
16024,0.0,3
16032,2.0,21
16040,0.0,3
16056,1.0,10
16056,0.0,5
16056,0.0,5
16064,0.0,5
16072,1.0,16
16072,0.0,5
16080,0.0,3
16080,0.0,3
16088,1.0,12
16096,0.0,3
16120,0.0,5
16120,0.0,5
16136,1.0,12
16184,1.0,12
16184,1.0,15
16192,1.0,12
16192,1.0,15
16216,1.0,12
16224,0.0,5
16224,0.0,5
16232,1.0,12
16232,0.0,5
16248,1.0,16
16264,0.0,5
16264,0.0,5
16272,0.0,5
16288,1.0,12
16304,0.0,5
16304,0.0,5
16312,1.0,12
16328,1.0,12
16336,0.0,3
16344,1.0,12
16368,0.0,3
16368,1.0,12
16376,3.0,40
16384,1.0,10
16384,1.0,12
16392,0.0,3
16400,0.0,3
16408,0.0,3
16432,1.0,12
16456,0.0,3
16464,1.0,12
16480,1.0,12
16488,0.0,3
16488,1.0,12
16496,0.0,5
16496,1.0,12
16504,1.0,12
16512,0.0,3
16528,2.0,28
16528,0.0,5
16536,0.0,5
16552,0.0,3
16552,0.0,5
16560,0.0,3
16560,1.0,10
16576,0.0,3
16584,0.0,3
16592,1.0,12
16592,0.0,5
16600,0.0,5
16616,0.0,3
16616,0.0,3
16616,0.0,5
16624,0.0,5
16648,1.0,15
16656,0.0,5
16656,0.0,5
16688,4.0,45
16696,0.0,5
16696,0.0,5
16712,0.0,3
16712,1.0,14
16752,0.0,5
16752,0.0,5
16784,1.0,17
16784,2.0,21
16792,2.0,21
16808,0.0,3
16808,0.0,3
16832,0.0,5
16848,0.0,5
16848,0.0,5
16864,4.0,45
16864,2.0,21
16864,2.0,21
16872,0.0,3
16888,0.0,3
16888,0.0,5
16888,0.0,3
16896,0.0,3
16912,0.0,3
16912,0.0,3
16920,2.0,21
16920,2.0,21
16944,0.0,3
16944,0.0,3
16944,0.0,4
16952,0.0,5
16968,0.0,3
16984,0.0,5
16984,0.0,5
17000,2.0,21
17008,0.0,5
17024,0.0,3
17048,0.0,5
17048,0.0,3
17056,2.0,21
17072,2.0,22
17080,2.0,27
17080,0.0,3
17080,0.0,4
17096,0.0,3
17104,0.0,3
17120,2.0,21
17136,0.0,5
17144,0.0,3
17144,0.0,5
17152,2.0,21
17152,2.0,21
17168,0.0,3
17176,0.0,3
17176,0.0,3
17208,0.0,5
17216,0.0,5
17216,2.0,21
17216,0.0,5
17240,0.0,3
17240,0.0,3
17248,0.0,5
17264,2.0,23
17264,2.0,23
17280,0.0,5
17280,0.0,5
17288,0.0,3
17288,0.0,3
17304,2.0,21
17328,0.0,5
17328,2.0,23
17328,0.0,5
17328,0.0,3
17336,1.0,15
17368,0.0,5
17368,0.0,5
17376,0.0,5
17408,0.0,5
17408,0.0,5
17416,2.0,21
17416,0.0,5
17448,2.0,21
17448,0.0,5
17448,0.0,5
17464,1.0,17
17488,0.0,5
17488,0.0,5
17488,0.0,5
17496,2.0,27
17504,0.0,5
17512,2.0,23
17528,0.0,5
17528,0.0,5
17544,1.0,16
17544,0.0,5
17552,1.0,17
17568,0.0,5
17568,0.0,5
17584,0.0,5
17584,0.0,5
17592,0.0,5
17608,0.0,5
17624,1.0,16
17624,0.0,5
17624,0.0,5
17632,0.0,5
17648,1.0,17
17648,0.0,5
17664,0.0,5
17664,0.0,5
17672,0.0,5
17672,2.0,23
17688,0.0,5
17688,0.0,5
17704,0.0,5
17704,0.0,5
17712,0.0,5
17728,0.0,5
17728,0.0,5
17744,0.0,5
17752,0.0,5
17752,2.0,23
17768,0.0,5
17768,0.0,5
17784,0.0,5
17792,0.0,5
17808,0.0,5
17808,0.0,5
17808,2.0,23
17824,0.0,5
17840,1.0,17
17848,0.0,5
17848,0.0,5
17856,2.0,23
17864,0.0,5
17880,0.0,5
17888,0.0,5
17888,0.0,5
17896,0.0,5
17912,1.0,15
17920,0.0,5
17928,0.0,5
17936,0.0,5
17936,2.0,23
17944,1.0,17
17952,0.0,5
17968,0.0,5
17976,0.0,5
17984,0.0,5
17992,0.0,5
18008,0.0,5
18016,0.0,5
18024,0.0,5
18032,0.0,5
18048,0.0,5
18048,2.0,23
18056,0.0,5
18064,0.0,5
18072,2.0,23
18072,1.0,17
18072,0.0,5
18088,0.0,5
18104,2.0,23
18104,0.0,5
18112,0.0,5
18112,0.0,5
18128,0.0,5
18144,0.0,5
18144,0.0,5
18152,0.0,5
18152,0.0,5
18176,1.0,16
18192,1.0,17
18216,0.0,5
18232,0.0,5
18256,2.0,23
18256,1.0,14
18264,1.0,14
18264,1.0,15
18264,1.0,14
18272,0.0,5
18280,0.0,3
18288,0.0,3
18288,0.0,3
18288,0.0,3
18296,2.0,21
18320,0.0,5
18320,0.0,3
18328,0.0,5
18328,0.0,5
18336,1.0,15
18360,0.0,5
18360,0.0,5
18376,0.0,5
18400,0.0,5
18424,1.0,17
18440,2.0,23
18440,2.0,21
18448,1.0,15
18464,0.0,5
18464,0.0,3
18464,0.0,3
18488,0.0,5
18488,0.0,3
18488,0.0,3
18496,2.0,21
18520,0.0,3
18520,0.0,4
18528,2.0,21
18528,0.0,5
18544,2.0,21
18544,0.0,3
18552,0.0,3
18552,0.0,3
18568,0.0,3
18568,2.0,21
18576,1.0,14
18576,0.0,3
18576,0.0,3
18584,0.0,5
18592,0.0,3
18592,0.0,3
18600,0.0,3
18600,0.0,3
18608,0.0,4
18616,0.0,3
18624,0.0,4
18640,1.0,15
18648,0.0,4
18656,2.0,21
18664,0.0,5
18680,0.0,3
18680,0.0,5
18688,0.0,3
18688,0.0,5
18704,0.0,3
18728,1.0,16
18744,0.0,5
18752,0.0,3
18768,2.0,23
18776,2.0,22
18784,0.0,5
18792,0.0,3
18792,0.0,5
18792,2.0,23
18816,0.0,3
18816,0.0,3
18816,0.0,5
18840,0.0,3
18848,2.0,21
18856,0.0,5
18856,2.0,21
18864,2.0,22
18872,0.0,3
18880,0.0,3
18896,0.0,3
18904,0.0,5
18904,0.0,3
18936,0.0,5
18944,0.0,5
18952,2.0,21
18960,2.0,21
18976,0.0,3
18976,1.0,15
18976,0.0,5
18976,1.0,17
18984,0.0,3
18984,2.0,21
18984,0.0,5
19000,0.0,3
19000,0.0,3
19008,0.0,3
19016,0.0,5
19024,0.0,5
19040,0.0,5
19048,0.0,5
19128,2.0,28
19136,1.0,17
19144,1.0,15
19144,2.0,21
19152,2.0,21
19168,0.0,3
19168,1.0,15
19176,0.0,5
19176,0.0,3
19184,2.0,21
19184,0.0,5
19192,0.0,3
19200,0.0,3
19208,0.0,3
19208,0.0,3
19208,2.0,21
19208,0.0,5
19232,0.0,3
19232,0.0,3
19248,0.0,5
19272,0.0,5
19296,1.0,12
19296,0.0,3
19304,1.0,12
19304,1.0,16
19320,0.0,3
19320,1.0,16
19328,0.0,3
19328,0.0,3
19336,0.0,5
19352,2.0,28
19360,0.0,5
19360,1.0,16
19368,1.0,15
19368,0.0,5
19368,0.0,5
19376,0.0,5
19384,0.0,3
19392,0.0,3
19400,0.0,5
19408,0.0,5
19424,0.0,5
19432,0.0,5
19472,1.0,15
19496,0.0,3
19504,2.0,23
19528,0.0,3
19536,0.0,5
19544,2.0,21
19552,2.0,23
19568,2.0,21
19568,0.0,5
19568,0.0,3
19576,2.0,21
19576,0.0,3
19592,0.0,3
19592,2.0,21
19600,0.0,3
19600,2.0,21
19608,0.0,5
19616,0.0,3
19616,0.0,5
19624,0.0,3
19624,0.0,3
19632,0.0,5
19648,0.0,4
19656,1.0,15
19656,0.0,4
19664,0.0,5
19688,0.0,5
19688,1.0,15
19696,0.0,5
19696,0.0,5
19712,0.0,3
19728,1.0,15
19736,1.0,15
19752,0.0,5
19752,1.0,15
19760,0.0,3
19768,0.0,5
19776,0.0,3
19800,0.0,5
19816,0.0,5
19832,2.0,21
19856,2.0,21
19856,0.0,3
19864,2.0,21
19864,2.0,21
19880,0.0,3
19896,0.0,5
19904,0.0,5
19920,0.0,5
19920,2.0,21
19920,0.0,3
19936,2.0,21
19960,0.0,5
19960,0.0,5
19960,0.0,3
19984,2.0,21
20000,1.0,17
20000,0.0,5
20000,0.0,5
20008,0.0,3
20024,0.0,3
20024,1.0,15
20032,3.0,29
20048,0.0,3
20048,0.0,5
20056,0.0,3
20072,0.0,3
20080,1.0,15
20088,0.0,5
20096,0.0,5
20104,2.0,23
20112,1.0,14
20112,0.0,5
20120,0.0,5
20120,1.0,15
20128,0.0,3
20136,0.0,3
20160,1.0,17
20160,0.0,5
20160,0.0,5
20168,0.0,5
20176,0.0,5
20192,0.0,3
20200,0.0,5
20216,1.0,15
20232,0.0,5
20256,0.0,5
20272,0.0,5
20296,1.0,15
20296,0.0,5
20312,0.0,5
20320,1.0,15
20336,0.0,5
20336,0.0,5
20352,0.0,5
20360,0.0,5
20376,0.0,5
20376,0.0,5
20392,0.0,5
20400,4.0,39
20416,0.0,5
20416,0.0,5
20424,4.0,39
20432,0.0,5
20440,0.0,5
20456,0.0,5
20456,0.0,5
20464,0.0,5
20472,0.0,5
20480,0.0,5
20488,1.0,16
20496,0.0,5
20512,0.0,5
20520,4.0,45
20520,0.0,5
20520,4.0,45
20528,0.0,5
20536,0.0,5
20552,0.0,5
20560,0.0,5
20560,0.0,5
20568,0.0,5
20584,1.0,16
20592,0.0,5
20600,0.0,5
20600,1.0,17
20608,0.0,5
20624,0.0,5
20640,0.0,5
20640,0.0,5
20648,1.0,16
20648,0.0,5
20664,0.0,5
20664,1.0,16
20680,0.0,5
20688,1.0,16
20688,0.0,5
20688,0.0,5
20704,0.0,5
20704,0.0,5
20720,0.0,5
20720,1.0,16
20728,0.0,5
20728,0.0,5
20728,0.0,5
20744,0.0,5
20744,0.0,5
20760,0.0,5
20760,0.0,5
20768,1.0,16
20768,0.0,5
20784,0.0,5
20784,0.0,5
20800,0.0,5
20808,0.0,5
20824,0.0,5
20848,0.0,5
20856,1.0,16
20864,1.0,17
20888,1.0,16
20896,1.0,16
20904,0.0,5
20912,1.0,16
20920,1.0,12
20928,0.0,5
20928,1.0,16
20936,0.0,5
20944,0.0,5
20952,0.0,5
20952,1.0,12
20960,0.0,5
20968,0.0,5
20968,0.0,5
20976,0.0,5
20984,0.0,5
20984,1.0,17
20992,0.0,5
20992,0.0,5
21000,0.0,5
21008,0.0,5
21008,0.0,5
21016,0.0,5
21024,0.0,5
21024,0.0,5
21032,0.0,5
21040,0.0,5
21048,0.0,5
21048,0.0,5
21056,0.0,3
21056,0.0,5
21064,0.0,5
21064,0.0,5
21080,0.0,5
21096,0.0,5
21104,0.0,5
21120,1.0,16
21120,0.0,3
21144,0.0,5
21144,0.0,3
21160,0.0,5
21176,1.0,14
21184,0.0,5
21192,1.0,14
21216,0.0,3
21216,2.0,21
21216,0.0,5
21216,2.0,21
21224,2.0,21
21240,0.0,3
21240,0.0,3
21256,0.0,5
21280,0.0,5
21280,0.0,5
21296,0.0,5
21304,1.0,15
21312,2.0,21
21320,0.0,5
21320,0.0,5
21328,2.0,21
21336,0.0,5
21336,1.0,15
21344,0.0,5
21352,0.0,5
21360,0.0,5
21360,1.0,17
21360,0.0,5
21368,0.0,5
21376,0.0,5
21376,0.0,5
21384,0.0,5
21400,0.0,5
21400,0.0,5
21408,0.0,5
21416,0.0,5
21416,0.0,5
21424,0.0,5
21440,0.0,5
21440,0.0,5
21448,0.0,5
21456,0.0,5
21456,0.0,5
21464,0.0,5
21480,0.0,5
21480,0.0,5
21488,1.0,17
21488,0.0,5
21496,0.0,5
21496,0.0,5
21520,0.0,5
21520,0.0,5
21528,0.0,5
21528,0.0,5
21536,0.0,5
21536,0.0,5
21544,2.0,23
21560,0.0,5
21560,0.0,5
21568,0.0,5
21568,0.0,5
21576,0.0,5
21576,0.0,5
21584,0.0,5
21600,0.0,5
21608,0.0,5
21608,0.0,5
21624,0.0,5
21632,2.0,21
21640,0.0,5
21648,0.0,5
21648,0.0,5
21672,0.0,5
21680,0.0,5
21688,0.0,5
21688,0.0,5
21712,0.0,5
21728,0.0,5
21744,2.0,23
21752,0.0,5
21760,2.0,23
21760,2.0,23
21760,1.0,17
21784,0.0,5
21800,0.0,5
21800,0.0,5
21824,0.0,5
21840,0.0,5
21840,0.0,5
21864,0.0,5
21864,2.0,23
21872,2.0,23
21880,0.0,5
21880,0.0,5
21904,0.0,5
21912,0.0,5
21912,2.0,23
21920,0.0,5
21920,0.0,5
21936,2.0,23
21944,0.0,5
21944,2.0,23
21952,0.0,5
21952,0.0,5
21960,0.0,5
21960,0.0,5
21976,0.0,5
21984,0.0,5
21984,0.0,5
21992,0.0,5
21992,0.0,5
22000,0.0,5
22000,0.0,5
22016,0.0,5
22024,0.0,5
22056,0.0,5
22064,0.0,5
22080,1.0,12
22088,1.0,12
22088,1.0,12
22096,1.0,12
22096,1.0,12
22120,0.0,5
22128,0.0,5
22128,0.0,5
22136,0.0,5
22136,0.0,5
22152,1.0,12
22160,0.0,5
22168,0.0,5
22168,0.0,5
22176,0.0,5
22176,0.0,5
22192,1.0,16
22192,0.0,5
22200,0.0,5
22208,0.0,5
22208,0.0,5
22216,0.0,5
22216,0.0,5
22224,4.0,45
22232,0.0,5
22232,0.0,5
22240,0.0,5
22248,0.0,5
22248,0.0,5
22256,0.0,5
22264,0.0,5
22272,0.0,5
22272,0.0,5
22288,0.0,5
22296,0.0,5
22304,0.0,5
22312,0.0,5
22328,0.0,5
22344,0.0,5
22352,0.0,5
22368,0.0,5
22368,1.0,16
22376,1.0,16
22392,0.0,5
22400,2.0,23
22408,0.0,5
22416,0.0,5
22432,0.0,5
22440,0.0,5
22456,2.0,23
22456,0.0,5
22480,0.0,5
22480,2.0,23
22496,0.0,5
22496,0.0,5
22520,0.0,5
22528,2.0,23
22536,0.0,5
22544,1.0,17
22552,2.0,23
22560,0.0,5
22560,1.0,16
22568,0.0,5
22576,0.0,5
22584,0.0,5
22592,0.0,5
22600,0.0,5
22600,0.0,5
22608,0.0,5
22616,0.0,5
22616,1.0,17
22624,0.0,5
22640,0.0,5
22640,0.0,5
22648,0.0,5
22656,0.0,5
22664,0.0,5
22680,0.0,5
22680,0.0,5
22680,2.0,23
22704,0.0,3
22704,0.0,3
22728,1.0,17
22728,0.0,3
22728,0.0,3
22760,0.0,4
22768,0.0,5
22800,2.0,23
22800,0.0,5
22816,2.0,21
22824,0.0,3
22824,2.0,21
22832,2.0,21
22840,0.0,3
22848,2.0,21
22848,0.0,3
22848,0.0,3
22856,0.0,3
22864,0.0,3
22872,0.0,3
22872,0.0,3
22880,0.0,4
22896,0.0,3
22896,0.0,5
22904,2.0,22
22904,0.0,5
22912,0.0,5
22928,0.0,3
22936,2.0,21
22936,0.0,5
22944,0.0,5
22952,0.0,5
22960,0.0,3
22968,0.0,5
22968,2.0,21
22976,0.0,5
22992,0.0,3
23008,1.0,14
23016,0.0,5
23016,0.0,3
23032,0.0,3
23048,0.0,4
23056,1.0,14
23064,1.0,14
23080,1.0,14
23080,0.0,3
23088,1.0,16
23088,0.0,5
23088,0.0,3
23104,0.0,3
23104,0.0,3
23112,0.0,3
23112,0.0,3
23112,1.0,10
23128,1.0,14
23144,0.0,4
23152,0.0,5
23152,0.0,3
23160,3.0,35
23176,0.0,3
23176,0.0,3
23184,0.0,5
23200,0.0,5
23200,1.0,14
23224,1.0,15
23224,0.0,3
23224,1.0,15
23240,1.0,16
23248,0.0,3
23264,0.0,5
23272,1.0,12
23272,1.0,12
23280,0.0,5
23304,1.0,15
23312,1.0,14
23352,1.0,10
23352,1.0,11
23352,1.0,16
23360,1.0,10
23376,0.0,3
23376,0.0,3
23384,0.0,3
23392,1.0,15
23400,1.0,12
23416,0.0,5
23424,0.0,5
23432,0.0,5
23440,1.0,16
23480,0.0,5
23496,1.0,12
23512,1.0,12
23520,0.0,5
23520,1.0,12
23552,0.0,5
23560,0.0,5
23592,0.0,5
23600,0.0,5
23608,4.0,45
23624,1.0,16
23632,0.0,5
23648,0.0,5
23648,1.0,16
23664,2.0,29
23664,0.0,5
23672,0.0,3
23672,0.0,5
23704,0.0,5
23712,4.0,45
23712,0.0,5
23712,0.0,5
23728,1.0,16
23736,4.0,45
23752,0.0,5
23752,0.0,5
23752,0.0,5
23768,0.0,5
23776,0.0,5
23776,1.0,16
23792,0.0,5
23792,0.0,5
23792,0.0,5
23792,1.0,16
23808,0.0,5
23816,0.0,5
23816,0.0,5
23832,1.0,16
23832,0.0,5
23832,0.0,5
23832,0.0,5
23848,0.0,5
23856,0.0,5
23856,0.0,5
23872,0.0,5
23872,0.0,5
23872,0.0,5
23872,0.0,5
23888,0.0,5
23896,0.0,3
23912,0.0,5
23912,0.0,5
23912,0.0,5
23920,1.0,16
23928,0.0,5
23936,0.0,5
23952,0.0,5
23952,0.0,5
23952,0.0,5
23960,0.0,5
23968,0.0,5
23976,0.0,5
23984,1.0,16
23992,0.0,5
23992,0.0,5
23992,0.0,5
24000,0.0,5
24008,0.0,5
24024,0.0,5
24032,0.0,5
24032,0.0,5
24032,0.0,5
24040,0.0,5
24048,0.0,5
24064,0.0,5
24072,0.0,5
24072,0.0,5
24072,0.0,5
24080,0.0,5
24088,0.0,5
24096,2.0,30
24096,0.0,3
24104,0.0,5
24136,0.0,5
24160,2.0,23
24184,0.0,3
24208,0.0,3
24224,1.0,15
24240,2.0,21
24240,2.0,21
24248,0.0,5
24248,2.0,21
24256,2.0,21
24264,0.0,5
24264,0.0,3
24264,0.0,3
24272,0.0,3
24280,2.0,23
24288,0.0,3
24296,0.0,5
24304,0.0,3
24304,0.0,5
24304,0.0,5
24304,2.0,21
24312,0.0,5
24328,0.0,5
24328,0.0,3
24344,0.0,5
24344,0.0,5
24368,0.0,5
24368,1.0,15
24368,0.0,5
24384,0.0,5
24384,0.0,5
24408,0.0,5
24408,0.0,5
24408,0.0,5
24416,1.0,15
24416,1.0,14
24424,0.0,5
24424,1.0,14
24424,0.0,5
24448,0.0,5
24448,0.0,5
24456,0.0,5
24456,0.0,5
24464,0.0,5
24464,0.0,5
24488,0.0,5
24488,0.0,5
24504,0.0,5
24528,0.0,5
24544,0.0,5
24568,0.0,5
24584,0.0,5
24592,2.0,23
24592,1.0,17
24608,2.0,23
24616,1.0,16
24624,0.0,5
24632,0.0,5
24640,2.0,23
24648,2.0,23
24648,0.0,5
24656,0.0,5
24672,0.0,5
24680,0.0,5
24688,0.0,5
24688,0.0,5
24696,0.0,5
24712,0.0,5
24720,0.0,5
24728,0.0,5
24728,1.0,17
24728,0.0,5
24736,0.0,5
24752,2.0,23
24752,1.0,16
24752,0.0,5
24760,0.0,5
24768,0.0,5
24768,0.0,5
24768,0.0,5
24776,0.0,5
24792,0.0,5
24792,0.0,5
24792,0.0,5
24800,0.0,5
24808,0.0,5
24808,0.0,5
24808,0.0,5
24816,0.0,5
24832,0.0,5
24832,0.0,5
24832,0.0,5
24848,0.0,5
24848,0.0,5
24856,0.0,5
24872,0.0,5
24872,0.0,5
24872,0.0,5
24888,0.0,5
24896,0.0,5
24912,0.0,5
24912,0.0,5
24912,0.0,5
24928,0.0,5
24936,0.0,5
24952,0.0,5
24952,0.0,5
24952,0.0,5
24976,0.0,3
24976,1.0,16
24976,0.0,5
24984,2.0,23
24992,2.0,23
24992,0.0,5
24992,0.0,5
25016,0.0,5
25016,0.0,5
25016,0.0,5
25024,0.0,5
25056,0.0,5
25056,0.0,5
25064,0.0,5
25096,0.0,5
25096,0.0,5
25104,0.0,5
25112,2.0,23
25128,1.0,17
25136,0.0,5
25136,0.0,5
25144,0.0,5
25152,0.0,5
25160,2.0,21
25160,2.0,21
25168,0.0,5
25176,0.0,5
25176,0.0,5
25192,0.0,5
25200,0.0,5
25200,2.0,23
25208,0.0,5
25216,0.0,5
25216,0.0,5
25240,0.0,5
25240,0.0,5
25248,0.0,5
25256,0.0,5
25280,0.0,5
25280,0.0,5
25296,0.0,5
25320,0.0,5
25320,0.0,5
25328,2.0,23
25336,0.0,5
25344,2.0,23
25360,0.0,5
25368,0.0,5
25376,2.0,23
25376,0.0,5
25384,0.0,5
25400,2.0,23
25416,0.0,5
25416,0.0,5
25424,0.0,5
25432,2.0,23
25440,0.0,5
25456,0.0,5
25464,0.0,5
25472,0.0,5
25480,0.0,5
25496,0.0,5
25504,1.0,17
25504,2.0,23
25536,0.0,5
25544,0.0,5
25544,2.0,23
25552,1.0,17
25592,0.0,5
25592,1.0,16
25600,1.0,16
25608,1.0,16
25632,0.0,5
25632,0.0,5
25632,1.0,16
25640,0.0,5
25648,0.0,5
25664,1.0,16
25672,0.0,5
25672,1.0,16
25672,1.0,16
25680,0.0,5
25704,0.0,5
25712,0.0,5
25720,0.0,5
25744,0.0,5
25760,0.0,5
25800,0.0,5
25816,2.0,23
25824,2.0,24
25832,2.0,23
25840,2.0,21
25856,0.0,5
25864,2.0,24
25864,0.0,5
25880,0.0,5
25896,0.0,5
25896,2.0,23
25904,0.0,5
25920,0.0,3
25928,2.0,23
25968,1.0,17
25968,0.0,5
25984,2.0,23
25984,1.0,15
26000,1.0,15
26008,0.0,5
26008,0.0,3
26008,0.0,5
26024,0.0,5
26024,0.0,3
26024,1.0,15
26032,1.0,17
26048,0.0,3
26048,0.0,5
26056,0.0,3
26064,0.0,5
26088,0.0,5
26096,0.0,5
26104,2.0,23
26128,0.0,3
26136,0.0,5
26168,0.0,5
26176,2.0,21
26176,2.0,21
26192,2.0,21
26208,0.0,5
26216,0.0,5
26216,2.0,21
26216,0.0,5
26232,0.0,5
26232,2.0,21
26248,0.0,5
26256,2.0,21
26256,0.0,5
26272,0.0,5
26280,0.0,3
26288,0.0,5
26304,2.0,21
26320,0.0,5
26328,0.0,3
26336,1.0,15
26336,1.0,15
26352,1.0,15
26360,0.0,3
26360,0.0,3
26376,0.0,3
26376,1.0,15
26392,1.0,15
26400,0.0,5
26400,0.0,3
26416,0.0,5
26416,0.0,3
26424,1.0,12
26440,0.0,3
26440,1.0,15
26456,0.0,5
26456,2.0,21
26480,0.0,5
26480,0.0,3
26488,1.0,16
26504,0.0,3
26504,1.0,10
26512,0.0,3
26520,1.0,15
26520,0.0,5
26536,1.0,12
26544,0.0,5
26544,0.0,5
26552,0.0,5
26560,0.0,3
26576,1.0,15
26600,0.0,5
26600,0.0,3
26600,1.0,10
26624,0.0,3
26640,0.0,5
26640,0.0,5
26640,1.0,15
26656,1.0,14
26664,0.0,5
26680,0.0,5
26680,0.0,5
26696,0.0,5
26720,0.0,5
26720,0.0,5
26736,0.0,5
26760,4.0,45
26760,0.0,5
26768,1.0,16
26792,1.0,16
26816,1.0,12
26856,1.0,12
26856,1.0,12
26856,4.0,39
26864,1.0,12
26864,4.0,39
26888,1.0,12
26912,1.0,12
26928,2.0,24
26952,0.0,5
26952,1.0,12
26952,1.0,12
26952,1.0,12
26960,1.0,12
26960,1.0,12
26968,0.0,5
26976,0.0,3
26984,1.0,12
26992,0.0,3
26992,0.0,5
26992,0.0,5
26992,0.0,5
27000,0.0,5
27008,0.0,3
27016,0.0,5
27032,0.0,5
27040,0.0,5
27048,0.0,5
27072,0.0,5
27088,0.0,5
27104,1.0,14
27112,1.0,15
27128,0.0,3
27144,2.0,23
27152,0.0,5
27168,0.0,5
27184,2.0,21
27200,1.0,16
27208,2.0,21
27208,0.0,3
27208,2.0,27
27208,0.0,5
27224,0.0,3
27232,0.0,3
27256,2.0,21
27264,0.0,5
27272,0.0,5
27280,0.0,3
27280,1.0,17
27304,0.0,3
27304,0.0,3
27320,2.0,21
27344,1.0,17
27344,0.0,5
27344,0.0,5
27360,0.0,5
27368,0.0,3
27384,0.0,5
27384,1.0,15
27384,0.0,5
27392,1.0,15
27392,2.0,23
27392,2.0,23
27400,0.0,5
27424,0.0,5
27424,0.0,5
27424,0.0,5
27432,0.0,5
27440,0.0,5
27464,0.0,5
27464,0.0,5
27472,0.0,5
27480,0.0,5
27504,0.0,5
27504,0.0,5
27512,0.0,5
27520,0.0,5
27552,2.0,23
27552,0.0,5
27560,0.0,5
27576,2.0,23
27584,2.0,24
27592,0.0,5
27592,2.0,21
27592,0.0,5
27600,0.0,5
27616,0.0,5
27624,0.0,5
27632,0.0,5
27632,0.0,5
27632,0.0,5
27640,0.0,3
27664,0.0,5
27672,0.0,5
27672,0.0,5
27672,2.0,21
27672,0.0,5
27680,0.0,5
27688,2.0,23
27704,0.0,5
27712,0.0,5
27712,0.0,5
27712,0.0,5
27712,0.0,5
27720,0.0,5
27744,0.0,5
27752,0.0,5
27752,0.0,5
27752,0.0,5
27752,0.0,5
27760,0.0,5
27784,0.0,5
27784,2.0,23
27792,0.0,5
27792,0.0,5
27792,0.0,5
27800,0.0,5
27824,0.0,5
27824,0.0,5
27832,0.0,5
27832,0.0,5
27832,0.0,5
27840,0.0,5
27864,0.0,5
27864,0.0,5
27872,0.0,5
27872,2.0,23
27872,0.0,5
27872,0.0,5
27904,0.0,5
27904,0.0,5
27912,0.0,5
27912,0.0,5
27912,0.0,5
27936,2.0,23
27944,0.0,5
27952,0.0,5
27952,0.0,5
27952,0.0,5
27976,0.0,5
27992,0.0,5
27992,0.0,5
27992,0.0,5
28016,0.0,5
28024,2.0,23
28032,0.0,5
28032,0.0,5
28032,0.0,5
28056,2.0,23
28064,0.0,5
28072,0.0,5
28072,0.0,5
28072,0.0,5
28088,2.0,23
28096,0.0,3
28128,0.0,5
28128,2.0,23
28136,1.0,15
28240,2.0,21
28240,2.0,21
28240,2.0,23
28248,2.0,23
28248,1.0,15
28280,0.0,5
28280,0.0,5
28280,0.0,5
28280,2.0,23
28288,0.0,5
28288,0.0,5
28312,2.0,23
28320,0.0,5
28320,0.0,5
28320,0.0,5
28320,0.0,5
28328,0.0,5
28352,0.0,5
28360,0.0,5
28360,0.0,5
28360,0.0,5
28368,0.0,5
28368,2.0,29
28392,0.0,3
28392,0.0,5
28400,0.0,5
28400,0.0,5
28400,0.0,5
28408,1.0,15
28408,0.0,5
28432,0.0,5
28432,0.0,5
28440,0.0,5
28440,0.0,5
28448,0.0,5
28456,1.0,17
28472,0.0,5
28472,0.0,5
28480,0.0,5
28488,0.0,5
28496,0.0,5
28512,0.0,5
28512,0.0,5
28520,0.0,5
28520,1.0,15
28528,0.0,5
28536,0.0,5
28552,0.0,5
28560,0.0,5
28560,0.0,5
28568,0.0,5
28576,0.0,5
28592,2.0,23
28592,0.0,5
28600,0.0,5
28600,0.0,5
28608,0.0,5
28616,0.0,5
28624,2.0,23
28632,0.0,5
28640,0.0,5
28640,0.0,5
28648,0.0,5
28656,0.0,5
28664,0.0,5
28672,0.0,5
28680,0.0,5
28680,0.0,5
28688,0.0,5
28696,2.0,23
28696,0.0,5
28704,0.0,5
28712,0.0,5
28720,0.0,5
28728,0.0,5
28736,0.0,5
28736,0.0,5
28744,0.0,5
28752,0.0,3
28760,0.0,5
28776,0.0,5
28776,0.0,5
28776,2.0,23
28792,0.0,5
28800,0.0,3
28816,0.0,5
28816,0.0,5
28832,0.0,5
28840,0.0,5
28848,1.0,17
28864,1.0,15
28864,2.0,23
28888,0.0,5
28904,0.0,5
28904,0.0,5
28984,2.0,21
28984,2.0,21
29000,1.0,14
29000,2.0,21
29008,2.0,21
29024,0.0,5
29040,0.0,5
29040,0.0,5
29048,0.0,5
29072,2.0,21
29072,3.0,39
29072,2.0,21
29080,0.0,5
29080,0.0,5
29088,0.0,5
29112,0.0,5
29112,0.0,5
29112,0.0,3
29120,1.0,17
29120,0.0,5
29152,1.0,16
29152,0.0,5
29152,0.0,5
29160,0.0,5
29160,0.0,5
29176,0.0,3
29176,0.0,3
29200,0.0,5
29200,0.0,5
29208,1.0,17
29216,0.0,5
29216,0.0,5
29232,0.0,3
29240,1.0,16
29256,0.0,5
29264,2.0,23
29264,0.0,3
29272,1.0,15
29288,0.0,3
29296,0.0,5
29304,0.0,5
29312,1.0,14
29312,1.0,14
29328,0.0,5
29328,0.0,3
29336,0.0,3
29336,0.0,3
29368,1.0,17
29376,0.0,5
29376,0.0,5
29400,1.0,16
29408,0.0,5
29408,1.0,14
29416,0.0,5
29424,2.0,26
29424,0.0,3
29432,0.0,3
29448,1.0,15
29456,0.0,5
29464,0.0,5
29464,0.0,5
29464,1.0,17
29472,0.0,5
29480,0.0,3
29496,1.0,15
29504,0.0,5
29504,0.0,5
29512,0.0,5
29520,1.0,14
29520,0.0,5
29536,0.0,5
29544,0.0,5
29544,0.0,5
29552,0.0,5
29560,0.0,5
29560,0.0,5
29576,0.0,5
29584,0.0,5
29584,1.0,17
29584,0.0,5
29592,1.0,16
29592,0.0,5
29616,0.0,5
29624,0.0,5
29624,0.0,5
29632,0.0,5
29632,0.0,5
29656,0.0,5
29656,1.0,12
29656,1.0,12
29664,0.0,5
29680,1.0,12
29704,0.0,5
29720,1.0,12
29728,1.0,12
29728,1.0,12
29744,0.0,3
29752,1.0,12
29752,1.0,12
29752,0.0,3
29752,0.0,3
29752,1.0,12
29768,0.0,3
29776,1.0,12
29792,0.0,5
29792,0.0,5
29792,0.0,5
29792,0.0,5
29816,0.0,5
29848,1.0,12
29872,0.0,3
29872,2.0,21
29880,1.0,14
29904,1.0,14
29904,1.0,14
29904,1.0,14
29904,1.0,14
29912,0.0,5
29912,0.0,5
29920,0.0,5
29928,0.0,3
29944,0.0,5
29944,0.0,5
29944,0.0,5
29952,0.0,5
29968,0.0,3
29984,2.0,21
29992,0.0,3
30008,0.0,3
30024,1.0,14
30032,0.0,5
30032,1.0,14
30032,0.0,3
30048,1.0,15
30048,0.0,3
30056,0.0,3
30064,1.0,15
30064,1.0,15
30064,1.0,14
30072,0.0,5
30088,0.0,5
30088,0.0,3
30088,0.0,3
30112,0.0,5
30128,0.0,5
30128,0.0,5
30128,0.0,5
30144,1.0,14
30168,0.0,5
30176,1.0,16
30184,0.0,5
30184,1.0,16
30200,1.0,17
30208,1.0,12
30224,1.0,12
30224,1.0,12
30248,0.0,5
30264,0.0,5
30264,1.0,12
30272,1.0,12
30280,1.0,12
30280,1.0,12
30304,0.0,5
30304,0.0,5
30312,0.0,5
30320,0.0,5
30336,0.0,3
30344,0.0,5
30344,0.0,3
30344,1.0,12
30376,1.0,12
30376,0.0,5
30384,0.0,5
30384,0.0,5
30400,1.0,12
30408,0.0,3
30416,0.0,5
30424,2.0,28
30424,0.0,5
30432,0.0,3
30440,0.0,3
30440,0.0,5
30448,2.0,28
30456,0.0,3
30464,0.0,3
30464,1.0,15
30488,0.0,3
30488,0.0,5
30488,0.0,3
30528,0.0,5
30528,0.0,5
30528,0.0,5
30536,1.0,14
30552,1.0,14
30552,2.0,22
30568,0.0,5
30568,0.0,5
30576,0.0,3
30576,0.0,3
30576,0.0,5
30600,2.0,22
30600,0.0,3
30616,0.0,5
30632,2.0,22
30640,0.0,5
30640,1.0,14
30656,0.0,5
30672,0.0,5
30680,0.0,5
30704,1.0,16
30720,0.0,5
30728,0.0,3
30736,2.0,21
30736,2.0,21
30736,1.0,17
30760,0.0,3
30760,1.0,15
30760,0.0,5
30760,0.0,3
30768,0.0,5
30776,0.0,5
30784,0.0,3
30784,1.0,14
30784,0.0,3
30784,0.0,3
30784,0.0,3
30792,0.0,3
30808,0.0,3
30808,0.0,3
30824,0.0,5
30824,0.0,5
30824,2.0,21
30824,0.0,5
30864,0.0,5
30864,0.0,5
30864,0.0,5
30864,0.0,5
30888,0.0,3
30888,0.0,3
30888,1.0,14
30912,0.0,3
30912,0.0,3
30928,0.0,5
30936,0.0,3
30936,1.0,16
30968,2.0,22
30976,0.0,5
30976,0.0,5
30976,1.0,14
30992,0.0,3
31000,0.0,3
31016,0.0,5
31016,0.0,3
31016,0.0,5
31024,0.0,3
31032,2.0,21
31040,1.0,16
31056,0.0,5
31064,0.0,5
31064,0.0,3
31072,0.0,5
31080,3.0,34
31104,0.0,5
31120,0.0,5
31168,1.0,14
31176,1.0,14
31184,2.0,21
31184,2.0,21
31192,0.0,3
31208,0.0,3
31208,0.0,3
31216,1.0,14
31232,1.0,14
31240,3.0,39
31248,2.0,22
31264,0.0,3
31272,0.0,5
31272,0.0,3
31288,1.0,12
31296,0.0,3
31304,1.0,12
31304,1.0,12
31312,0.0,5
31360,2.0,23
31360,1.0,12
31368,1.0,10
31384,1.0,10
31384,1.0,10
31384,0.0,3
31384,0.0,3
31392,1.0,12
31400,2.0,23
31408,0.0,5
31424,0.0,5
31424,0.0,5
31424,0.0,5
31424,0.0,5
31424,0.0,3
31432,0.0,3
31432,0.0,5
31432,1.0,15
31456,0.0,3
31456,0.0,3
31464,0.0,5
31464,0.0,5
31472,0.0,5
31496,0.0,5
31496,0.0,5
31536,1.0,14
31536,1.0,14
31536,1.0,14
31560,0.0,3
31560,0.0,3
31560,0.0,3
31576,1.0,14
31584,1.0,14
31600,0.0,5
31600,0.0,5
31600,0.0,3
31600,0.0,5
31608,0.0,3
31608,1.0,14
31608,1.0,14
31624,0.0,3
31648,0.0,5
31648,0.0,5
31648,0.0,5
31664,0.0,5
31688,0.0,5
31696,1.0,12
31720,1.0,15
31720,0.0,3
31720,1.0,15
31760,0.0,5
31760,1.0,14
31760,0.0,5
31760,0.0,5
31760,1.0,14
31776,1.0,14
31784,0.0,3
31784,0.0,3
31784,3.0,40
31800,0.0,3
31800,1.0,14
31808,0.0,3
31824,0.0,5
31824,0.0,3
31824,0.0,5
31840,0.0,5
31848,0.0,3
31848,0.0,5
31864,0.0,5
31872,1.0,14
31872,1.0,14
31872,1.0,14
31880,0.0,5
31888,0.0,5
31896,0.0,3
31896,0.0,3
31896,0.0,3
31920,0.0,5
31936,0.0,5
31936,0.0,5
31936,0.0,5
31944,1.0,15
31960,0.0,5
31960,0.0,3
31976,0.0,5
31976,0.0,5
31976,1.0,16
31984,1.0,15
31984,0.0,5
32000,1.0,14
32000,0.0,5
32000,0.0,5
32016,0.0,5
32016,0.0,5
32016,0.0,5
32024,0.0,5
32024,0.0,5
32040,0.0,5
32040,0.0,5
32040,0.0,5
32056,0.0,5
32056,0.0,5
32056,0.0,5
32064,0.0,5
32064,0.0,5
32080,0.0,5
32080,0.0,5
32080,0.0,5
32096,0.0,5
32096,0.0,5
32096,0.0,5
32104,0.0,5
32104,0.0,5
32120,0.0,5
32120,0.0,5
32120,0.0,5
32136,0.0,5
32136,0.0,5
32136,0.0,5
32144,0.0,5
32144,0.0,5
32160,0.0,5
32160,0.0,5
32160,0.0,5
32176,0.0,5
32176,0.0,5
32176,0.0,5
32184,0.0,5
32184,0.0,5
32200,0.0,5
32200,0.0,5
32200,0.0,5
32216,0.0,5
32216,0.0,5
32216,0.0,5
32224,0.0,5
32224,0.0,5
32240,0.0,5
32256,0.0,5
32256,0.0,5
32256,0.0,5
32264,0.0,5
32264,0.0,5
32296,0.0,5
32296,1.0,12
32296,0.0,5
32296,0.0,5
32304,0.0,5
32304,0.0,5
32336,0.0,5
32336,0.0,5
32336,1.0,12
32336,0.0,5
32336,0.0,5
32344,0.0,5
32344,0.0,5
32376,0.0,5
32376,0.0,5
32376,0.0,5
32376,0.0,5
32384,0.0,5
32384,0.0,5
32416,0.0,5
32416,0.0,5
32416,0.0,5
32448,1.0,14
32488,1.0,14
32488,0.0,5
32496,1.0,14
32512,1.0,16
32528,1.0,14
32528,0.0,5
32528,1.0,14
32528,0.0,5
32536,0.0,5
32544,1.0,16
32552,0.0,5
32560,4.0,45
32568,0.0,5
32568,0.0,5
32568,0.0,5
32584,0.0,5
32600,0.0,5
32608,0.0,5
32608,0.0,3
32608,0.0,5
32632,0.0,3
32640,0.0,5
32640,1.0,14
32648,0.0,5
32656,1.0,15
32672,1.0,15
32672,0.0,5
32680,0.0,5
32680,0.0,5
32688,1.0,15
32696,0.0,5
32704,0.0,3
32712,0.0,5
32712,0.0,5
32720,0.0,5
32728,1.0,15
32728,0.0,5
32736,0.0,5
32744,0.0,5
32768,0.0,5
32768,0.0,5
32776,0.0,5
32792,1.0,18
32816,1.0,12
32824,1.0,14
32832,0.0,5
32832,1.0,15
32840,1.0,12
32864,1.0,12
32864,1.0,12
32872,0.0,5
32872,1.0,12
32912,1.0,12
32912,0.0,5
32920,1.0,12
32928,1.0,12
32936,1.0,12
32960,1.0,12
32960,1.0,12
32968,1.0,12
33008,1.0,12
33008,1.0,12
33016,1.0,12
33024,1.0,12
33032,1.0,12
33048,0.0,5
33048,0.0,5
33056,1.0,12
33056,1.0,12
33056,0.0,5
33064,0.0,5
33064,1.0,12
33088,0.0,5
33088,0.0,5
33096,0.0,5
33096,0.0,5
33104,0.0,5
33128,0.0,5
33128,1.0,12
33136,0.0,5
33136,0.0,5
33144,0.0,5
33176,0.0,5
33176,0.0,5
33184,1.0,16
33184,1.0,12
33184,0.0,5
33216,0.0,5
33224,0.0,5
33224,0.0,5
33224,0.0,5
33224,1.0,12
33232,1.0,13
33256,0.0,5
33264,0.0,5
33264,0.0,5
33264,0.0,5
33264,0.0,5
33272,0.0,5
33288,1.0,14
33296,2.0,29
33296,0.0,5
33304,0.0,5
33304,0.0,5
33304,0.0,5
33304,0.0,5
33312,0.0,5
33328,0.0,5
33336,0.0,5
33344,0.0,5
33352,0.0,5
33368,0.0,5
33376,0.0,5
33384,0.0,5
33424,1.0,16
33432,1.0,16
33432,1.0,16
33464,0.0,5
33472,0.0,5
33472,0.0,5
33488,2.0,23
33504,0.0,5
33512,0.0,5
33512,0.0,5
33528,0.0,5
33536,2.0,21
33536,2.0,23
33544,0.0,5
33552,0.0,5
33552,0.0,5
33560,2.0,23
33568,2.0,23
33576,0.0,5
33592,0.0,5
33592,0.0,5
33600,0.0,5
33608,0.0,5
33616,0.0,5
33632,0.0,5
33648,0.0,5
33656,0.0,5
33672,0.0,5
33672,1.0,17
33688,0.0,5
33696,0.0,5
33712,0.0,5
33712,0.0,5
33720,1.0,16
33728,0.0,5
33728,2.0,23
33728,1.0,16
33736,0.0,5
33752,0.0,5
33752,0.0,5
33752,0.0,3
33760,2.0,29
33768,0.0,5
33776,0.0,5
33792,0.0,5
33792,0.0,5
33792,0.0,5
33800,0.0,5
33816,0.0,5
33832,0.0,5
33832,0.0,5
33832,0.0,5
33840,0.0,5
33856,1.0,17
33856,0.0,5
33864,1.0,17
33872,0.0,5
33872,0.0,5
33872,0.0,5
33880,0.0,5
33896,0.0,5
33904,1.0,17
33912,0.0,5
33912,0.0,5
33936,0.0,5
33944,0.0,5
33952,1.0,12
33960,1.0,12
33968,1.0,12
33976,1.0,12
33976,0.0,5
34008,1.0,12
34008,1.0,12
34016,0.0,5
34048,1.0,12
34048,0.0,5
34056,1.0,12
34056,0.0,5
34064,1.0,12
34072,1.0,12
34088,0.0,5
34088,0.0,5
34096,0.0,5
34096,0.0,5
34104,1.0,12
34104,0.0,5
34112,0.0,5
34128,0.0,5
34128,0.0,5
34136,0.0,5
34136,0.0,5
34144,0.0,5
34152,0.0,5
34168,0.0,5
34208,0.0,5
34232,1.0,16
34240,1.0,14
34248,0.0,5
34248,1.0,14
34248,1.0,14
34256,1.0,14
34264,3.0,40
34264,1.0,14
34272,0.0,5
34288,0.0,5
34288,0.0,5
34288,0.0,5
34296,0.0,5
34304,0.0,5
34304,0.0,5
34312,0.0,5
34312,0.0,3
34336,0.0,5
34344,0.0,5
34352,0.0,5
34376,1.0,17
34376,0.0,5
34384,0.0,5
34400,1.0,14
34408,1.0,15
34416,0.0,5
34424,1.0,14
34424,0.0,3
34424,1.0,15
34456,0.0,5
34464,0.0,5
34464,0.0,5
34464,1.0,14
34488,1.0,14
34496,1.0,14
34504,0.0,5
34504,0.0,5
34528,0.0,5
34536,0.0,5
34536,1.0,16
34544,0.0,5
34560,1.0,17
34568,1.0,14
34568,0.0,3
34576,0.0,5
34576,0.0,5
34584,1.0,15
34600,0.0,3
34600,0.0,5
34608,0.0,5
34608,0.0,5
34624,0.0,5
34632,1.0,16
34640,0.0,5
34648,1.0,15
34672,0.0,5
34688,0.0,5
34696,1.0,15
34696,0.0,3
34712,1.0,14
34720,0.0,3
34720,1.0,14
34728,1.0,15
34728,0.0,5
34736,0.0,3
34736,0.0,5
34752,1.0,16
34752,0.0,3
34752,1.0,14
34760,0.0,5
34776,0.0,3
34792,0.0,5
34792,0.0,5
34800,0.0,5
34816,0.0,5
34832,0.0,5
34832,0.0,5
34856,1.0,15
34872,1.0,17
34896,2.0,21
34896,0.0,3
34896,0.0,5
34904,2.0,23
34920,0.0,3
34928,0.0,3
34936,1.0,15
34936,0.0,5
34944,0.0,3
34952,0.0,3
34960,0.0,3
34968,2.0,21
34984,0.0,5
34992,0.0,3
34992,0.0,5
35000,0.0,5
35000,2.0,21
35000,2.0,21
35016,0.0,3
35024,0.0,3
35024,0.0,3
35048,0.0,3
35048,0.0,3
35056,0.0,5
35064,2.0,21
35088,0.0,5
35088,0.0,3
35096,0.0,5
35104,2.0,21
35112,1.0,16
35112,1.0,15
35112,0.0,3
35128,0.0,3
35136,0.0,3
35136,0.0,5
35152,0.0,3
35152,0.0,5
35168,2.0,21
35176,0.0,5
35192,0.0,3
35192,0.0,5
35192,0.0,5
35200,1.0,14
35216,0.0,3
35224,0.0,3
35232,2.0,23
35232,0.0,5
35256,0.0,5
35256,0.0,3
35264,1.0,16
35264,0.0,5
35280,0.0,3
35288,0.0,3
35296,0.0,5
35296,2.0,23
35312,0.0,3
35320,0.0,5
35320,0.0,3
35344,2.0,21
35352,0.0,5
35360,0.0,5
35360,2.0,21
35368,0.0,3
35384,1.0,15
35384,0.0,3
35400,2.0,21
35408,0.0,5
35424,0.0,5
35424,0.0,3
35424,0.0,5
35440,1.0,15
35464,2.0,21
35464,0.0,5
35480,0.0,5
35480,1.0,15
35504,0.0,5
35504,0.0,5
35504,0.0,3
35520,2.0,21
35520,1.0,14
35536,1.0,14
35544,0.0,3
35544,0.0,3
35544,1.0,15
35576,0.0,5
35584,0.0,5
35592,1.0,14
35600,1.0,12
35600,1.0,12
35640,1.0,12
35640,1.0,12
35656,1.0,10
35664,1.0,10
35680,1.0,10
35688,1.0,12
35696,1.0,12
35736,1.0,12
35736,1.0,12
35752,1.0,12
35784,1.0,12
35792,0.0,5
35792,1.0,12
35824,0.0,5
35824,3.0,40
35832,1.0,12
35832,0.0,5
35832,0.0,5
35832,1.0,12
35848,0.0,3
35856,0.0,3
35864,0.0,5
35872,0.0,5
35872,0.0,5
35888,0.0,3
35888,0.0,5
35896,0.0,5
35912,0.0,5
35912,0.0,5
35928,0.0,5
35944,1.0,14
35952,0.0,5
35968,0.0,5
35984,0.0,5
35984,3.0,40
36000,1.0,14
36008,0.0,5
36008,1.0,14
36008,0.0,3
36024,0.0,5
36024,1.0,14
36040,4.0,45
36048,0.0,5
36048,0.0,5
36048,0.0,5
36064,0.0,5
36064,0.0,5
36080,0.0,5
36088,0.0,5
36088,0.0,5
36088,0.0,5
36088,1.0,11
36104,0.0,5
36104,0.0,5
36120,0.0,5
36120,2.0,21
36128,0.0,5
36128,0.0,5
36128,0.0,5
36144,0.0,5
36144,0.0,5
36160,0.0,5
36160,0.0,5
36168,0.0,5
36168,0.0,5
36168,0.0,5
36184,0.0,5
36184,0.0,5
36200,0.0,5
36200,0.0,5
36208,0.0,5
36208,0.0,5
36224,0.0,5
36224,0.0,5
36240,0.0,5
36240,0.0,5
36248,0.0,5
36264,0.0,5
36264,0.0,5
36272,2.0,23
36280,0.0,5
36288,0.0,5
36304,0.0,5
36312,0.0,5
36320,0.0,5
36328,0.0,5
36344,0.0,5
36352,2.0,23
36360,0.0,5
36368,0.0,5
36384,0.0,5
36392,2.0,23
36392,0.0,5
36400,0.0,5
36408,0.0,5
36424,2.0,23
36424,0.0,5
36432,1.0,15
36432,0.0,5
36432,2.0,21
36448,0.0,5
36464,0.0,5
36472,0.0,5
36472,0.0,5
36472,0.0,5
36512,0.0,5
36512,1.0,15
36536,0.0,3
36552,0.0,5
36560,1.0,17
36560,1.0,14
36568,2.0,21
36584,0.0,3
36584,1.0,14
36608,0.0,3
36608,0.0,5
36624,0.0,5
36632,2.0,21
36640,2.0,21
36648,0.0,5
36656,0.0,3
36664,0.0,5
36664,1.0,14
36672,0.0,3
36680,0.0,5
36688,0.0,3
36712,0.0,5
36720,2.0,23
36720,1.0,14
36728,0.0,5
36744,0.0,3
36744,2.0,23
36744,0.0,3
36768,0.0,5
36768,0.0,3
36768,0.0,3
36776,1.0,14
36784,0.0,5
36792,1.0,17
36792,0.0,3
36800,0.0,3
36800,1.0,15
36800,0.0,4
36816,0.0,3
36824,1.0,14
36832,0.0,5
36840,0.0,5
36840,0.0,5
36848,0.0,3
36856,0.0,5
36856,0.0,3
36864,0.0,3
36880,1.0,14
36896,0.0,5
36904,0.0,5
36904,0.0,3
36904,1.0,15
36920,1.0,15
36944,0.0,5
36944,0.0,5
36960,1.0,15
36960,0.0,5
36968,1.0,14
36984,1.0,17
37008,1.0,14
37024,0.0,5
37032,1.0,16
37048,0.0,5
37056,1.0,14
37064,0.0,5
37064,1.0,15
37072,1.0,14
37072,0.0,5
37088,1.0,16
37096,0.0,5
37096,0.0,3
37104,1.0,17
37104,0.0,5
37112,0.0,5
37136,0.0,5
37144,0.0,5
37168,1.0,15
37176,1.0,14
37184,0.0,5
37200,0.0,3
37208,1.0,14
37208,0.0,5
37216,1.0,14
37224,1.0,17
37224,0.0,5
37232,1.0,15
37240,0.0,5
37248,0.0,5
37248,0.0,3
37248,0.0,5
37256,0.0,5
37256,1.0,15
37272,0.0,5
37288,0.0,5
37296,0.0,5
37312,0.0,5
37328,0.0,5
37360,1.0,17
37360,1.0,15
37360,1.0,14
37368,1.0,15
37368,0.0,5
37376,1.0,15
37400,0.0,5
37400,0.0,5
37400,0.0,3
37408,0.0,5
37408,0.0,5
37408,1.0,14
37424,0.0,3
37424,1.0,14
37440,0.0,5
37448,0.0,5
37448,0.0,5
37448,0.0,5
37456,1.0,12
37464,0.0,5
37464,0.0,5
37488,0.0,3
37488,0.0,5
37488,0.0,5
37496,0.0,5
37512,1.0,14
37528,0.0,5
37536,0.0,5
37552,0.0,5
37552,1.0,14
37560,1.0,14
37560,1.0,12
37576,0.0,5
37584,1.0,12
37592,0.0,5
37592,0.0,5
37600,0.0,5
37624,0.0,5
37624,1.0,12
37632,0.0,5
37640,0.0,5
37656,1.0,12
37664,0.0,5
37672,1.0,12
37688,1.0,12
37720,1.0,12
37728,1.0,12
37736,1.0,12
37752,1.0,12
37760,1.0,12
37760,0.0,5
37768,0.0,5
37768,1.0,12
37784,1.0,12
37792,0.0,3
37808,3.0,40
37816,1.0,10
37832,0.0,5
37848,1.0,12
37856,1.0,12
37864,1.0,12
37872,0.0,5
37872,1.0,14
37880,1.0,12
37904,1.0,12
37912,1.0,12
37912,0.0,5
37952,1.0,12
37952,0.0,5
37968,1.0,12
37968,1.0,13
37976,1.0,12
38000,1.0,12
38008,1.0,12
38032,1.0,10
38056,1.0,13
38064,1.0,12
38072,1.0,12
38096,1.0,12
38096,0.0,5
38104,0.0,5
38128,1.0,12
38136,0.0,5
38176,1.0,13
38192,1.0,12
38200,1.0,12
38208,4.0,45
38216,0.0,5
38224,1.0,12
38232,1.0,12
38232,0.0,5
38248,0.0,5
38296,1.0,12
38312,1.0,12
38320,1.0,12
38328,1.0,12
38328,1.0,12
38328,3.0,40
38328,4.0,45
38336,0.0,5
38344,1.0,12
38360,0.0,5
38384,0.0,5
38408,1.0,12
38424,1.0,12
38424,1.0,12
38424,1.0,12
38432,1.0,13
38456,1.0,12
38464,0.0,5
38464,1.0,16
38464,0.0,5
38464,0.0,5
38472,0.0,5
38480,1.0,12
38496,0.0,5
38504,1.0,12
38504,0.0,5
38504,0.0,5
38536,0.0,5
38576,1.0,14
38576,1.0,14
38600,1.0,16
38608,1.0,16
38616,0.0,5
38616,1.0,14
38616,0.0,5
38624,0.0,3
38624,1.0,15
38632,1.0,16
38632,0.0,3
38640,0.0,3
38648,1.0,14
38656,0.0,5
38656,0.0,5
38664,0.0,5
38664,0.0,5
38672,0.0,5
38672,0.0,5
38680,0.0,5
38680,0.0,3
38688,0.0,5
38696,0.0,5
38712,0.0,5
38712,0.0,5
38720,0.0,5
38720,0.0,5
38784,1.0,15
38800,1.0,14
38808,1.0,14
38824,0.0,5
38824,1.0,14
38824,0.0,3
38832,1.0,15
38832,1.0,14
38832,0.0,3
38832,1.0,14
38848,0.0,3
38848,0.0,3
38856,0.0,3
38856,0.0,3
38864,0.0,5
38872,0.0,5
38872,0.0,5
38888,0.0,5
38896,0.0,5
38896,0.0,5
38912,0.0,5
38920,0.0,3
38944,3.0,35
38944,0.0,3
38960,1.0,14
38984,1.0,14
38984,0.0,5
38984,1.0,15
39000,0.0,5
39008,0.0,3
39016,1.0,16
39016,1.0,15
39024,1.0,14
39040,0.0,3
39048,0.0,3
39056,0.0,5
39056,1.0,14
39096,1.0,14
39096,0.0,5
39112,1.0,16
39120,1.0,15
39120,0.0,3
39136,1.0,16
39136,0.0,5
39136,0.0,3
39160,0.0,5
39160,0.0,3
39168,1.0,16
39168,1.0,14
39176,1.0,16
39192,0.0,3
39192,0.0,3
39200,0.0,3
39240,0.0,5
39248,1.0,16
39248,1.0,14
39264,1.0,16
39272,0.0,3
39272,0.0,3
39288,0.0,3
39312,0.0,5
39312,0.0,3
39320,1.0,16
39328,2.0,21
39328,1.0,17
39344,2.0,23
39344,0.0,3
39352,0.0,3
39352,1.0,14
39352,0.0,5
39368,0.0,5
39368,0.0,3
39376,0.0,3
39384,0.0,5
39392,0.0,5
39392,0.0,5
39408,0.0,5
39408,1.0,17
39424,1.0,14
39432,0.0,5
39432,0.0,3
39448,0.0,3
39472,0.0,5
39472,0.0,5
39480,1.0,14
39488,0.0,5
39496,0.0,3
39504,0.0,3
39512,0.0,3
39512,1.0,17
39528,1.0,15
39536,0.0,5
39544,0.0,5
39552,2.0,21
39552,0.0,5
39560,2.0,21
39568,0.0,3
39568,0.0,5
39576,0.0,3
39584,0.0,3
39608,0.0,5
39608,0.0,5
39616,0.0,5
39624,0.0,5
39640,2.0,21
39648,1.0,17
39664,0.0,3
39664,0.0,5
39688,0.0,5
39704,2.0,21
39704,0.0,5
39720,2.0,21
39736,1.0,15
39760,0.0,5
39776,2.0,21
39776,2.0,21
39776,0.0,5
39816,0.0,5
39816,0.0,5
39824,1.0,15
39832,2.0,21
39840,1.0,17
39856,0.0,5
39856,2.0,21
39864,0.0,5
39872,0.0,5
39880,0.0,5
39880,1.0,15
39896,0.0,5
39904,0.0,5
39912,1.0,17
39912,0.0,5
39920,0.0,5
39920,0.0,5
39936,1.0,15
39936,0.0,5
39952,0.0,5
39952,0.0,5
39960,0.0,5
39960,0.0,5
39976,0.0,5
39976,0.0,5
39992,0.0,5
39992,1.0,17
39992,0.0,5
40000,0.0,5
40016,0.0,5
40032,0.0,5
40032,0.0,5
40040,0.0,5
40056,0.0,5
40072,0.0,5
40080,0.0,5
40088,2.0,23
40096,0.0,5
40112,0.0,3
40112,0.0,5
40120,0.0,5
40120,1.0,16
40136,0.0,5
40144,2.0,23
40152,0.0,5
40152,0.0,5
40160,0.0,5
40160,2.0,23
40168,1.0,17
40176,0.0,5
40184,0.0,5
40192,0.0,5
40192,0.0,5
40200,0.0,5
40200,0.0,5
40208,0.0,5
40216,0.0,5
40224,0.0,5
40232,0.0,5
40232,0.0,5
40240,0.0,5
40248,0.0,5
40256,1.0,17
40256,0.0,5
40264,0.0,5
40272,0.0,5
40272,0.0,5
40280,0.0,5
40288,0.0,5
40296,0.0,5
40296,0.0,5
40304,0.0,5
40320,0.0,5
40336,1.0,17
40336,0.0,5
40336,0.0,5
40344,0.0,5
40376,0.0,5
40376,0.0,5
40376,0.0,5
40384,0.0,5
40416,0.0,5
40416,0.0,5
40416,0.0,5
40440,2.0,21
40456,0.0,5
40456,0.0,5
40456,0.0,5
40456,2.0,23
40472,2.0,23
40480,0.0,5
40496,0.0,5
40496,0.0,5
40496,0.0,5
40504,2.0,23
40512,0.0,5
40520,0.0,5
40536,0.0,5
40536,0.0,5
40536,0.0,5
40544,0.0,5
40552,0.0,5
40568,2.0,23
40576,0.0,5
40576,0.0,5
40584,0.0,5
40592,0.0,5
40608,0.0,5
40616,0.0,5
40624,0.0,5
40632,0.0,5
40640,2.0,23
40648,0.0,5
40648,1.0,14
40656,0.0,5
40672,0.0,5
40680,0.0,5
40688,0.0,5
40688,0.0,5
40696,0.0,5
40704,1.0,16
40704,2.0,23
40712,0.0,5
40720,0.0,5
40728,0.0,5
40728,0.0,5
40736,1.0,14
40736,0.0,5
40744,0.0,5
40744,0.0,5
40752,0.0,5
40760,0.0,5
40768,0.0,5
40768,0.0,5
40776,0.0,5
40776,0.0,5
40784,0.0,5
40784,0.0,5
40792,0.0,5
40800,0.0,5
40808,0.0,5
40808,0.0,5
40816,0.0,5
40824,0.0,5
40824,0.0,3
40824,0.0,5
40832,0.0,5
40848,0.0,5
40848,0.0,5
40856,0.0,5
40864,0.0,5
40864,0.0,5
40864,0.0,5
40872,0.0,5
40888,0.0,5
40888,0.0,5
40896,0.0,5
40904,0.0,5
40904,0.0,5
40904,0.0,5
40912,1.0,17
40912,0.0,5
40928,0.0,5
40928,0.0,5
40944,0.0,5
40944,0.0,5
40944,0.0,5
40952,0.0,5
40968,0.0,5
40968,0.0,5
40984,0.0,5
40984,0.0,5
40984,0.0,5
40992,0.0,5
41008,0.0,5
41008,0.0,5
41024,1.0,16
41024,0.0,5
41024,0.0,5
41032,0.0,5
41040,1.0,16
41048,0.0,5
41064,0.0,5
41064,0.0,5
41064,0.0,5
41072,0.0,5
41080,0.0,5
41088,0.0,5
41096,1.0,14
41104,0.0,5
41104,0.0,5
41104,0.0,5
41112,0.0,5
41120,0.0,5
41128,0.0,5
41136,0.0,5
41136,1.0,16
41144,0.0,5
41144,0.0,5
41144,0.0,5
41152,0.0,5
41160,0.0,5
41168,0.0,5
41176,0.0,5
41184,0.0,5
41192,0.0,5
41200,0.0,5
41208,0.0,5
41232,1.0,12
41240,0.0,5
41272,1.0,16
41272,0.0,5
41272,1.0,12
41272,1.0,16
41280,1.0,12
41288,1.0,12
41304,1.0,12
41312,0.0,5
41320,0.0,5
41328,0.0,5
41336,1.0,12
41344,0.0,5
41352,0.0,5
41360,0.0,5
41368,0.0,5
41368,1.0,12
41368,1.0,12
41368,1.0,12
41376,0.0,5
41376,0.0,3
41384,0.0,5
41392,0.0,3
41400,0.0,5
41408,0.0,5
41408,0.0,5
41408,0.0,5
41416,0.0,5
41416,0.0,5
41424,0.0,3
41424,0.0,5
41432,0.0,5
41432,0.0,3
41440,0.0,3
41448,0.0,5
41448,0.0,5
41456,0.0,3
41456,0.0,5
41464,0.0,5
41464,0.0,5
41472,0.0,3
41480,0.0,3
41488,0.0,3
41488,0.0,5
41488,0.0,3
41512,0.0,5
41528,0.0,5
41528,0.0,5
41552,1.0,12
41584,1.0,12
41608,1.0,12
41624,1.0,12
41624,1.0,12
41648,1.0,12
41704,1.0,12
41720,1.0,12
41720,1.0,12
41744,1.0,12
41744,0.0,5
41760,0.0,5
41784,0.0,3
41792,4.0,45
41800,4.0,45
41840,1.0,12
41840,0.0,5
41840,4.0,45
41848,1.0,16
41864,0.0,3
41864,0.0,3
41864,1.0,10
41880,0.0,5
41888,0.0,3
41888,0.0,3
41904,0.0,5
41904,0.0,3
41912,0.0,3
41928,0.0,3
41928,0.0,3
41944,4.0,45
41952,0.0,5
41952,0.0,3
41968,0.0,5
41984,0.0,5
41992,0.0,3
41992,0.0,5
41992,0.0,5
42000,1.0,14
42016,0.0,3
42024,0.0,5
42032,2.0,30
42032,0.0,5
42040,0.0,5
42040,0.0,3
42056,0.0,3
42064,0.0,5
42064,0.0,3
42064,0.0,3
42096,0.0,5
42104,4.0,45
42104,0.0,5
42104,0.0,5
42104,0.0,5
42104,1.0,14
42128,0.0,3
42128,3.0,35
42128,0.0,3
42136,0.0,5
42144,1.0,14
42168,0.0,5
42168,0.0,5
42176,0.0,5
42184,0.0,5
42200,0.0,3
42208,0.0,5
42256,1.0,16
42272,2.0,21
42272,2.0,21
42288,2.0,23
42288,1.0,15
42296,0.0,5
42312,0.0,5
42312,0.0,5
42328,0.0,5
42328,0.0,5
42336,0.0,5
42352,0.0,5
42368,0.0,5
42368,2.0,23
42376,2.0,21
42384,2.0,23
42408,0.0,5
42416,0.0,5
42424,0.0,5
42432,1.0,15
42440,0.0,3
42448,1.0,15
42464,0.0,5
42480,0.0,5
42504,0.0,5
42504,2.0,21
42520,2.0,21
42528,0.0,3
42528,1.0,15
42536,2.0,21
42544,0.0,5
42560,0.0,5
42568,0.0,5
42568,0.0,5
42568,1.0,17
42576,0.0,5
42584,1.0,17
42608,0.0,5
42624,0.0,5
42648,2.0,21
42664,0.0,5
42664,1.0,15
42680,1.0,15
42688,0.0,5
42688,1.0,15
42696,1.0,15
42704,0.0,5
42720,0.0,5
42720,1.0,14
42728,0.0,5
42728,0.0,5
42736,2.0,21
42736,0.0,5
42744,0.0,5
42760,0.0,5
42760,0.0,3
42760,0.0,5
42768,0.0,5
42776,0.0,5
42800,0.0,5
42832,2.0,21
42872,0.0,5
42880,1.0,15
42896,2.0,21
42912,2.0,21
42920,0.0,3
42920,0.0,5
42928,2.0,21
42936,2.0,21
42936,0.0,3
42944,2.0,21
42944,0.0,3
42952,0.0,3
42960,0.0,3
42960,0.0,5
42960,0.0,3
42968,2.0,21
42968,0.0,3
42976,0.0,3
42976,0.0,4
42984,0.0,3
42992,1.0,15
42992,0.0,3
42992,0.0,3
43000,0.0,5
43016,0.0,5
43016,0.0,3
43016,0.0,5
43024,0.0,5
43032,0.0,5
43040,0.0,3
43040,0.0,5
43056,0.0,5
43056,0.0,5
43064,0.0,3
43064,0.0,3
43072,0.0,5
43088,0.0,3
43096,0.0,5
43128,1.0,17
43128,2.0,21
43168,0.0,5
43168,0.0,5
43192,2.0,21
43224,2.0,21
43240,2.0,22
43248,0.0,3
43288,2.0,27
43288,0.0,5
43288,1.0,15
43312,0.0,3
43328,1.0,17
43328,0.0,5
43328,0.0,5
43336,3.0,30
43336,2.0,21
43336,1.0,12
43352,0.0,3
43352,0.0,5
43360,0.0,3
43360,3.0,34
43368,0.0,5
43368,0.0,5
43376,0.0,3
43376,0.0,5
43376,0.0,5
43384,0.0,3
43392,0.0,5
43392,0.0,3
43400,0.0,5
43416,0.0,5
43424,0.0,3
43424,0.0,5
43432,0.0,5
43432,0.0,5
43448,0.0,3
43456,0.0,3
43464,0.0,5
43480,0.0,3
43488,1.0,15
43488,1.0,14
43488,0.0,5
43504,0.0,5
43520,0.0,5
43528,0.0,5
43584,2.0,21
43600,2.0,21
43608,0.0,3
43624,0.0,3
43624,1.0,17
43648,0.0,5
43648,0.0,3
43656,3.0,35
43656,2.0,21
43664,0.0,5
43672,2.0,21
43680,0.0,3
43680,0.0,3
43688,0.0,5
43688,2.0,21
43696,2.0,21
43696,0.0,3
43712,0.0,3
43720,0.0,3
43720,0.0,5
43720,0.0,5
43728,0.0,5
43736,0.0,5
43760,0.0,5
43760,0.0,5
43776,0.0,5
43784,1.0,15
43808,1.0,12
43816,1.0,12
43856,0.0,5
43864,2.0,27
43880,1.0,12
43888,1.0,16
43888,1.0,16
43896,2.0,21
43904,1.0,16
43904,1.0,12
43920,0.0,5
43944,0.0,5
43944,0.0,5
43960,0.0,5
43968,0.0,3
43984,1.0,12
43984,0.0,5
43984,1.0,16
43992,1.0,16
44000,0.0,5
44008,0.0,5
44016,1.0,16
44024,0.0,5
44024,1.0,16
44024,0.0,5
44032,0.0,5
44048,0.0,3
44048,0.0,5
44056,0.0,5
44064,0.0,5
44064,0.0,5
44088,0.0,5
44128,0.0,5
44136,1.0,10
44152,1.0,15
44152,2.0,21
44152,0.0,3
44160,0.0,3
44168,2.0,21
44192,0.0,5
44192,0.0,5
44200,0.0,5
44208,0.0,5
44224,2.0,22
44232,2.0,21
44232,2.0,21
44256,0.0,3
44256,0.0,3
44264,0.0,5
44280,1.0,16
44296,0.0,5
44296,0.0,5
44304,1.0,14
44304,1.0,14
44304,0.0,5
44320,1.0,14
44320,0.0,5
44328,1.0,16
44344,0.0,5
44344,0.0,5
44360,0.0,5
44368,0.0,5
44368,0.0,3
44416,1.0,15
44416,1.0,14
44416,1.0,15
44440,1.0,15
44456,0.0,5
44456,0.0,5
44456,0.0,5
44464,1.0,15
44480,1.0,15
44480,0.0,5
44488,1.0,15
44496,0.0,5
44504,0.0,5
44504,1.0,17
44520,0.0,5
44528,0.0,5
44536,0.0,5
44544,0.0,5
44544,0.0,5
44552,0.0,3
44560,0.0,3
44568,1.0,11
44568,0.0,3
44568,1.0,14
44568,0.0,3
44568,1.0,14
44592,0.0,5
44608,0.0,5
44608,0.0,5
44608,0.0,5
44608,0.0,5
44608,0.0,5
44632,0.0,5
44632,0.0,3
44632,0.0,3
44632,1.0,14
44632,0.0,3
44648,0.0,5
44648,0.0,5
44656,0.0,3
44656,1.0,12
44672,0.0,5
44672,0.0,5
44672,0.0,3
44672,0.0,3
44672,0.0,5
44672,0.0,5
44696,0.0,5
44696,0.0,3
44696,0.0,3
44696,0.0,5
44712,0.0,5
44712,0.0,5
44712,0.0,5
44712,0.0,5
44720,0.0,3
44720,0.0,3
44736,0.0,5
44760,0.0,5
44760,0.0,5
44808,1.0,14
44824,1.0,14
44824,1.0,14
44824,1.0,14
44824,1.0,14
44848,0.0,5
44848,0.0,3
44848,0.0,3
44848,0.0,3
44848,1.0,14
44848,0.0,3
44872,1.0,14
44872,0.0,3
44872,1.0,14
44912,0.0,5
44912,0.0,5
44960,1.0,14
44976,1.0,16
44976,1.0,16
44976,1.0,16
44976,1.0,16
44984,0.0,3
45000,0.0,3
45000,0.0,3
45000,0.0,3
45000,0.0,3
45008,0.0,3
45016,1.0,18
45032,1.0,15
45032,1.0,15
45040,0.0,5
45040,0.0,5
45040,0.0,5
45040,0.0,5
45048,0.0,5
45056,0.0,3
45056,0.0,5
45072,0.0,5
45080,0.0,5
45080,0.0,5
45088,0.0,5
45096,0.0,5
45096,0.0,3
45104,0.0,3
45120,0.0,3
45128,0.0,3
45160,0.0,5
45168,0.0,5
45176,1.0,15
45200,1.0,14
45200,0.0,5
45208,1.0,14
45208,2.0,21
45208,2.0,21
45208,0.0,5
45216,0.0,5
45224,0.0,3
45232,0.0,3
45232,0.0,3
45240,0.0,5
45248,2.0,21
45256,0.0,3
45256,0.0,3
45264,0.0,5
45264,0.0,3
45272,0.0,3
45296,0.0,5
45296,0.0,5
45296,0.0,3
45304,0.0,5
45320,1.0,14
45328,1.0,14
45336,0.0,5
45336,0.0,5
45336,0.0,5
45344,0.0,3
45352,0.0,3
45360,0.0,3
45384,1.0,15
45384,0.0,5
45392,2.0,23
45392,0.0,5
45400,0.0,5
45424,0.0,5
45424,0.0,5
45432,0.0,5
45440,0.0,5
45464,0.0,5
45472,2.0,21
45472,0.0,5
45480,0.0,5
45504,2.0,21
45504,2.0,21
45504,0.0,5
45512,1.0,15
45512,0.0,5
45512,0.0,5
45520,0.0,5
45544,0.0,5
45544,0.0,5
45552,0.0,5
45552,0.0,5
45584,0.0,5
45584,0.0,5
45592,0.0,5
45592,0.0,5
45616,2.0,24
45624,0.0,5
45624,0.0,5
45632,0.0,5
45632,0.0,5
45640,1.0,17
45664,0.0,5
45672,0.0,5
45672,0.0,5
45680,0.0,5
45696,2.0,23
45704,2.0,23
45704,0.0,5
45712,0.0,5
45720,0.0,5
45744,0.0,5
45752,0.0,5
45752,1.0,17
45752,1.0,16
45784,0.0,5
45792,0.0,5
45792,0.0,5
45792,0.0,5
45824,0.0,5
45832,0.0,5
45832,0.0,5
45832,1.0,17
45856,2.0,23
45864,0.0,5
45872,0.0,5
45872,0.0,5
45872,2.0,21
45872,0.0,5
45896,0.0,5
45904,0.0,5
45904,2.0,23
45912,0.0,5
45912,0.0,5
45912,0.0,5
45928,1.0,17
45936,0.0,5
45944,0.0,5
45944,0.0,5
45952,0.0,5
45952,0.0,5
45968,0.0,5
45976,0.0,5
45984,0.0,5
45992,0.0,5
46008,0.0,5
46016,0.0,5
46024,0.0,5
46032,0.0,5
46048,1.0,17
46056,2.0,23
46056,0.0,5
46080,1.0,17
46088,0.0,5
46096,0.0,5
46096,0.0,5
46120,0.0,3
46120,0.0,5
46128,0.0,5
46136,2.0,23
46136,0.0,5
46160,0.0,5
46160,0.0,5
46168,0.0,5
46176,0.0,5
46176,0.0,5
46192,2.0,23
46200,0.0,5
46200,0.0,5
46208,2.0,23
46208,0.0,5
46216,2.0,23
46216,0.0,5
46232,0.0,5
46240,0.0,5
46240,0.0,5
46248,0.0,5
46248,0.0,5
46256,0.0,5
46256,0.0,5
46272,0.0,5
46280,0.0,5
46280,0.0,5
46288,0.0,5
46296,0.0,5
46296,0.0,5
46312,1.0,17
46312,0.0,5
46320,0.0,5
46320,0.0,5
46328,0.0,5
46336,0.0,5
46336,0.0,5
46352,0.0,5
46360,0.0,5
46360,0.0,5
46368,0.0,5
46376,0.0,5
46400,0.0,5
46408,0.0,5
46416,0.0,5
46440,0.0,5
46440,2.0,24
46448,0.0,5
46448,1.0,17
46456,0.0,5
46480,0.0,5
46488,1.0,17
46488,0.0,5
46488,0.0,5
46520,0.0,5
46520,2.0,23
46528,0.0,5
46528,0.0,5
46528,0.0,5
46544,2.0,23
46560,0.0,5
46560,0.0,5
46568,0.0,5
46568,0.0,5
46576,1.0,17
46584,0.0,5
46600,0.0,5
46600,0.0,5
46608,0.0,5
46608,0.0,5
46608,0.0,3
46616,0.0,5
46624,2.0,21
46648,0.0,5
46648,0.0,5
46656,0.0,5
46664,0.0,5
46672,0.0,3
46696,2.0,21
46712,0.0,5
46736,0.0,3
46736,0.0,5
46768,2.0,21
46768,1.0,15
46768,2.0,21
46776,0.0,5
46776,2.0,21
46776,1.0,15
46776,0.0,5
46808,0.0,5
46808,0.0,5
46808,0.0,5
46816,0.0,5
46816,0.0,5
46816,0.0,5
46832,2.0,21
46848,0.0,5
46848,0.0,5
46856,0.0,5
46856,0.0,5
46872,0.0,5
46888,0.0,5
46888,0.0,5
46896,0.0,3
46896,0.0,5
46928,0.0,5
46928,0.0,5
46936,0.0,5
46936,0.0,5
46952,1.0,17
46960,2.0,23
46968,0.0,5
46968,0.0,5
46976,0.0,5
46976,0.0,5
46992,0.0,5
46992,2.0,23
47000,0.0,5
47008,0.0,5
47008,0.0,5
47016,0.0,5
47016,0.0,5
47024,2.0,21
47032,0.0,5
47032,0.0,5
47040,0.0,5
47048,0.0,5
47048,0.0,5
47056,0.0,5
47064,0.0,5
47072,0.0,5
47072,0.0,5
47080,0.0,5
47088,0.0,5
47096,0.0,5
47104,0.0,5
47112,0.0,5
47112,0.0,5
47128,0.0,5
47136,0.0,5
47144,0.0,5
47152,0.0,5
47152,0.0,5
47168,0.0,5
47176,0.0,5
47184,0.0,5
47192,0.0,5
47200,2.0,23
47224,0.0,5
47232,0.0,5
47232,2.0,23
47240,0.0,5
47264,2.0,23
47272,0.0,5
47272,0.0,5
47280,0.0,5
47304,0.0,5
47312,0.0,5
47320,0.0,5
47336,2.0,23
47344,0.0,5
47352,2.0,23
47352,0.0,5
47360,2.0,23
47360,0.0,5
47376,0.0,5
47384,0.0,5
47392,0.0,5
47392,0.0,5
47400,0.0,5
47400,0.0,5
47408,2.0,23
47416,0.0,5
47424,0.0,5
47432,0.0,5
47448,0.0,5
47456,2.0,23
47456,0.0,5
47464,0.0,5
47472,0.0,5
47488,0.0,5
47496,0.0,5
47496,0.0,5
47504,0.0,5
47512,0.0,5
47528,0.0,5
47536,0.0,5
47536,1.0,17
47536,0.0,5
47544,0.0,5
47576,0.0,5
47576,0.0,5
47576,0.0,5
47584,0.0,5
47616,0.0,5
47616,0.0,5
47624,1.0,12
47656,0.0,5
47672,1.0,12
47680,1.0,12
47680,3.0,36
47712,1.0,12
47712,0.0,5
47720,0.0,5
47720,1.0,12
47728,4.0,41
47752,1.0,12
47776,1.0,12
47808,1.0,12
47816,1.0,12
47816,1.0,12
47824,1.0,12
47832,3.0,40
47848,0.0,5
47856,0.0,5
47864,0.0,5
47872,0.0,5
47888,0.0,5
47896,0.0,5
47904,0.0,5
47912,0.0,5
47912,1.0,17
47928,0.0,5
47936,0.0,5
47936,2.0,28
47944,0.0,5
47952,0.0,5
47952,0.0,5
47952,1.0,17
47968,0.0,5
47976,2.0,28
47976,0.0,5
47984,0.0,5
47992,0.0,5
47992,0.0,5
47992,0.0,5
48008,0.0,5
48016,0.0,5
48016,0.0,5
48024,0.0,5
48032,0.0,5
48032,0.0,5
48064,0.0,5
48072,0.0,5
48072,0.0,5
48104,0.0,5
48112,0.0,5
48112,0.0,5
48120,2.0,23
48144,0.0,3
48152,0.0,5
48168,0.0,3
48184,2.0,24
48192,2.0,23
48200,2.0,23
48200,2.0,23
48208,0.0,5
48208,0.0,3
48216,0.0,3
48216,1.0,14
48224,0.0,3
48224,0.0,3
48224,1.0,14
48232,0.0,3
48240,0.0,3
48248,0.0,3
48256,0.0,5
48264,1.0,14
48264,0.0,5
48264,0.0,5
48272,0.0,5
48288,0.0,3
48288,0.0,5
48320,1.0,14
48344,0.0,3
48368,1.0,14
48368,1.0,16
48376,1.0,14
48384,0.0,5
48384,1.0,15
48384,1.0,14
48392,0.0,3
48392,0.0,3
48400,0.0,3
48400,1.0,14
48416,1.0,16
48424,0.0,5
48432,0.0,5
48432,0.0,5
48440,0.0,5
48440,0.0,5
48456,0.0,5
48456,0.0,3
48464,0.0,3
48496,0.0,5
48504,1.0,15
48520,1.0,17
48544,0.0,5
48560,1.0,15
48560,0.0,5
48584,0.0,3
48592,2.0,21
48600,0.0,5
48600,2.0,21
48600,1.0,17
48616,0.0,3
48624,0.0,3
48640,2.0,23
48640,0.0,5
48656,0.0,5
48664,0.0,3
48664,2.0,21
48664,0.0,5
48704,0.0,5
48704,0.0,5
48712,2.0,21
48728,0.0,3
48744,0.0,5
48768,0.0,5
48768,2.0,21
48768,2.0,23
48776,1.0,15
48784,0.0,5
48784,1.0,15
48808,2.0,21
48808,0.0,5
48816,0.0,5
48824,0.0,5
48824,0.0,5
48848,1.0,17
48848,0.0,5
48856,0.0,5
48864,0.0,5
48864,0.0,5
48888,0.0,5
48888,0.0,5
48904,0.0,5
48904,1.0,17
48928,0.0,5
48928,0.0,5
48944,0.0,5
48944,0.0,5
48944,1.0,17
48952,2.0,23
48968,0.0,5
48968,0.0,5
48984,0.0,5
48984,0.0,5
48992,1.0,16
49008,0.0,5
49024,0.0,5
49024,0.0,5
49032,0.0,5
49048,0.0,5
49064,0.0,5
49064,0.0,5
49072,1.0,16
49088,1.0,17
49088,0.0,5
49096,1.0,16
49104,0.0,5
49104,0.0,5
49112,0.0,5
49128,0.0,5
49128,1.0,12
49128,0.0,5
49136,0.0,5
49144,0.0,5
49144,0.0,5
49152,0.0,5
49168,0.0,5
49168,0.0,5
49176,0.0,5
49184,3.0,41
49184,0.0,5
49192,0.0,5
49208,0.0,5
49208,0.0,5
49216,0.0,5
49224,0.0,5
49224,0.0,5
49232,0.0,5
49248,0.0,5
49256,0.0,5
49256,1.0,16
49264,0.0,5
49264,0.0,5
49272,0.0,5
49272,1.0,16
49296,0.0,5
49296,0.0,5
49304,0.0,5
49304,0.0,5
49312,0.0,5
49336,0.0,5
49336,1.0,16
49336,0.0,5
49344,0.0,5
49344,0.0,5
49352,0.0,5
49376,0.0,5
49376,0.0,5
49376,0.0,5
49376,1.0,16
49384,0.0,5
49384,0.0,5
49400,1.0,16
49416,0.0,5
49440,0.0,5
49456,0.0,5
49464,1.0,14
49464,0.0,3
49488,1.0,14
49496,1.0,14
49496,1.0,15
49496,1.0,15
49496,1.0,14
49504,0.0,5
49528,0.0,5
49528,0.0,3
49552,0.0,3
49568,0.0,5
49568,1.0,14
49592,0.0,3
49592,1.0,12
49592,1.0,12
49608,0.0,5
49624,2.0,20
49632,0.0,5
49648,1.0,12
49648,0.0,5
49664,0.0,5
49688,1.0,12
49704,0.0,5
49728,1.0,12
49744,1.0,12
49744,1.0,12
49784,1.0,12
49800,1.0,12
49824,0.0,5
49824,1.0,12
49840,1.0,12
49840,0.0,5
49848,0.0,3
49856,4.0,45
49856,4.0,45
49880,0.0,5
49880,0.0,5
49880,0.0,3
49880,0.0,3
49888,0.0,5
49920,0.0,5
49920,0.0,5
49936,2.0,24
49944,0.0,3
49952,1.0,16
49952,4.0,45
49976,0.0,3
49976,0.0,3
49984,0.0,5
49992,1.0,14
49992,1.0,14
50000,0.0,3
50000,1.0,14
50016,0.0,3
50032,0.0,5
50032,1.0,14
50040,0.0,5
50040,0.0,5
50048,1.0,14
50056,0.0,3
50064,0.0,3
50088,0.0,3
50088,0.0,5
50096,0.0,5
50104,1.0,16
50112,1.0,16
50112,0.0,3
50128,0.0,3
50128,0.0,5
50136,0.0,3
50144,1.0,16
50144,1.0,14
50152,1.0,14
50152,0.0,5
50168,0.0,3
50168,0.0,5
50168,0.0,3
50192,0.0,5
50192,0.0,5
50208,0.0,5
50208,0.0,5
50264,2.0,21
50272,1.0,17
50288,0.0,3
50296,2.0,21
50312,0.0,5
50328,1.0,15
50328,0.0,5
50352,2.0,23
50360,2.0,21
50360,2.0,21
50368,0.0,5
50376,2.0,21
50400,0.0,5
50416,0.0,5
50432,1.0,15
50440,0.0,5
50448,1.0,15
50456,0.0,5
50472,0.0,5
50488,1.0,17
50496,0.0,5
50496,1.0,17
50512,0.0,5
50528,0.0,5
50536,0.0,5
50536,2.0,21
50552,0.0,5
50568,0.0,5
50576,0.0,5
50576,1.0,17
50592,0.0,5
50608,0.0,5
50624,3.0,41
50632,1.0,17
50632,2.0,23
50632,0.0,5
50648,0.0,5
50664,0.0,5
50672,0.0,3
50672,0.0,5
50672,1.0,17
50672,0.0,5
50672,0.0,5
50712,0.0,5
50712,0.0,5
50712,0.0,5
50760,2.0,23
50760,2.0,23
50784,0.0,3
50784,1.0,15
50784,0.0,3
50792,1.0,15
50824,0.0,5
50824,0.0,5
50824,0.0,5
50832,1.0,15
50832,0.0,5
50840,2.0,21
50864,0.0,5
50872,0.0,5
50880,2.0,21
50880,2.0,21
50880,0.0,5
50904,0.0,5
50912,0.0,5
50920,0.0,5
50920,0.0,5
50944,0.0,5
50944,1.0,15
50944,1.0,15
50952,0.0,5
50952,1.0,15
50960,0.0,5
50984,0.0,5
50984,0.0,5
50992,0.0,5
50992,0.0,5
51000,0.0,5
51000,1.0,15
51024,0.0,5
51032,0.0,5
51040,0.0,5
51040,0.0,5
51064,0.0,5
51072,0.0,5
51080,0.0,5
51080,0.0,5
51104,0.0,5
51112,0.0,5
51112,1.0,16
51120,0.0,5
51120,1.0,16
51120,0.0,5
51144,0.0,5
51152,0.0,5
51152,0.0,5
51160,0.0,5
51160,0.0,5
51160,0.0,5
51184,0.0,5
51192,0.0,5
51192,0.0,5
51200,0.0,5
51200,0.0,5
51200,0.0,5
51224,0.0,5
51232,0.0,5
51240,0.0,5
51240,0.0,5
51240,0.0,5
51248,4.0,41
51264,0.0,5
51272,4.0,41
51272,0.0,5
51280,0.0,5
51280,0.0,5
51288,0.0,5
51304,0.0,5
51312,0.0,5
51312,0.0,5
51320,0.0,5
51320,0.0,5
51328,0.0,5
51328,1.0,17
51344,0.0,5
51352,0.0,5
51352,0.0,5
51360,0.0,5
51360,0.0,5
51368,0.0,5
51368,1.0,16
51368,0.0,5
51384,0.0,5
51392,0.0,5
51392,0.0,5
51400,0.0,5
51408,0.0,5
51408,0.0,5
51408,0.0,5
51424,0.0,5
51432,0.0,5
51432,0.0,5
51440,0.0,5
51448,0.0,5
51448,0.0,5
51472,0.0,5
51480,0.0,5
51488,1.0,16
51488,0.0,5
51488,0.0,5
51512,0.0,5
51528,0.0,5
51528,0.0,5
51536,1.0,16
51552,1.0,16
51552,0.0,5
51560,1.0,16
51568,0.0,5
51568,0.0,5
51576,0.0,5
51592,0.0,5
51600,0.0,5
51608,0.0,5
51608,1.0,16
51616,1.0,16
51632,0.0,5
51640,0.0,5
51648,0.0,5
51648,0.0,5
51656,0.0,5
51680,0.0,5
51680,1.0,16
51688,0.0,5
51688,0.0,5
51696,0.0,5
51696,1.0,16
51712,1.0,17
51728,0.0,5
51728,0.0,5
51736,0.0,5
51752,0.0,5
51768,1.0,17
51768,0.0,5
51768,0.0,5
51776,0.0,5
51792,0.0,5
51808,0.0,5
51808,0.0,5
51808,0.0,5
51816,1.0,17
51816,1.0,17
51816,0.0,5
51832,0.0,5
51832,1.0,17
51848,0.0,5
51848,0.0,5
51856,0.0,5
51856,0.0,5
51856,0.0,5
51872,0.0,5
51896,0.0,5
51896,0.0,5
51896,0.0,5
51912,0.0,5
51936,0.0,5
51936,0.0,5
51952,0.0,5
51976,0.0,5
51992,0.0,5
52016,2.0,23
52016,0.0,5
52024,1.0,16
52056,0.0,5
52064,1.0,16
52064,0.0,5
52096,0.0,5
52096,3.0,31
52104,0.0,5
52104,0.0,5
52136,0.0,5
52136,4.0,41
52136,0.0,5
52144,0.0,5
52144,1.0,16
52176,0.0,5
52176,0.0,5
52176,4.0,41
52184,0.0,5
52216,0.0,5
52216,0.0,5
52224,0.0,5
52224,1.0,15
52256,0.0,5
52256,0.0,5
52264,0.0,5
52264,0.0,5
52272,1.0,12
52272,1.0,17
52296,0.0,5
52296,0.0,5
52304,0.0,5
52312,0.0,5
52312,0.0,5
52320,4.0,41
52344,0.0,5
52352,0.0,5
52360,0.0,5
52384,0.0,5
52392,0.0,5
52392,1.0,16
52424,0.0,5
52424,1.0,16
52424,1.0,16
52432,0.0,5
52432,0.0,5
52440,1.0,16
52464,0.0,5
52464,0.0,5
52464,0.0,5
52472,0.0,5
52472,4.0,41
52472,0.0,5
52480,0.0,5
52488,1.0,16
52504,0.0,5
52504,0.0,5
52504,0.0,5
52512,0.0,5
52512,0.0,5
52512,0.0,5
52520,0.0,5
52528,0.0,5
52544,0.0,5
52544,0.0,5
52544,0.0,5
52552,0.0,5
52552,0.0,5
52552,0.0,5
52560,0.0,5
52568,0.0,5
52584,0.0,5
52584,0.0,5
52592,0.0,5
52592,0.0,5
52592,0.0,5
52608,0.0,5
52624,0.0,5
52624,0.0,5
52632,0.0,5
52632,0.0,5
52648,0.0,5
52656,1.0,12
52664,0.0,5
52672,0.0,5
52696,0.0,5
52704,0.0,5
52712,0.0,5
52728,1.0,12
52736,0.0,5
52744,0.0,5
52768,0.0,5
52776,0.0,5
52784,0.0,5
52808,0.0,5
52816,0.0,5
52816,2.0,28
52824,0.0,5
52840,0.0,3
52840,0.0,3
52848,0.0,5
52864,0.0,5
52888,0.0,5
52904,4.0,45
52904,0.0,5
52912,3.0,36
52928,0.0,5
52944,0.0,5
52952,0.0,5
52968,1.0,16
52968,1.0,16
52984,0.0,5
53008,0.0,5
53008,0.0,5
53008,4.0,45
53024,0.0,5
53032,1.0,16
53048,0.0,5
53048,0.0,5
53048,0.0,5
53056,1.0,16
53064,0.0,5
53072,4.0,45
53072,0.0,5
53088,0.0,5
53088,0.0,5
53088,0.0,5
53104,0.0,5
53112,0.0,5
53112,0.0,5
53128,0.0,5
53128,0.0,5
53128,0.0,5
53152,0.0,5
53152,0.0,5
53168,0.0,5
53168,0.0,5
53184,1.0,16
53192,0.0,5
53208,0.0,5
53224,0.0,5
53232,1.0,16
53232,0.0,5
53240,3.0,36
53248,0.0,5
53256,1.0,16
53264,0.0,5
53272,0.0,5
53272,0.0,5
53280,0.0,5
53288,0.0,5
53296,1.0,16
53296,0.0,5
53304,0.0,5
53312,0.0,5
53312,0.0,5
53320,0.0,5
53328,0.0,5
53336,0.0,5
53336,0.0,5
53344,0.0,5
53352,0.0,5
53360,0.0,5
53368,0.0,5
53376,0.0,5
53384,0.0,5
53392,0.0,5
53432,0.0,5
53472,0.0,5
53480,4.0,41
53496,2.0,23
53512,0.0,5
53520,0.0,3
53544,0.0,3
53544,2.0,23
53552,2.0,23
53560,2.0,23
53568,2.0,23
53584,0.0,5
53584,0.0,5
53592,0.0,5
53592,0.0,3
53600,0.0,5
53600,1.0,15
53624,0.0,3
53624,1.0,14
53632,0.0,5
53640,0.0,5
53648,0.0,3
53664,4.0,41
53688,0.0,5
53704,1.0,14
53704,1.0,15
53704,1.0,15
53728,0.0,3
53744,0.0,5
53744,1.0,15
53744,0.0,5
53752,1.0,15
53768,0.0,5
53784,1.0,15
53784,0.0,5
53792,0.0,5
53808,2.0,21
53808,0.0,5
53824,0.0,5
53832,0.0,5
53848,0.0,5
53848,0.0,5
53856,2.0,21
53864,1.0,15
53872,0.0,5
53888,0.0,5
53888,0.0,5
53896,0.0,5
53912,2.0,21
53912,0.0,5
53928,0.0,5
53936,0.0,5
53952,0.0,5
53952,0.0,5
53960,1.0,17
53968,0.0,5
53968,2.0,23
53976,0.0,5
53992,0.0,5
53992,0.0,5
54000,1.0,17
54000,0.0,5
54008,0.0,5
54032,0.0,5
54032,0.0,5
54040,0.0,5
54040,0.0,5
54048,0.0,5
54072,0.0,5
54072,2.0,23
54072,0.0,5
54080,0.0,5
54088,0.0,5
54104,1.0,17
54112,0.0,5
54112,0.0,5
54144,0.0,5
54152,0.0,5
54152,0.0,5
54160,2.0,23
54192,0.0,5
54224,2.0,23
54232,0.0,5
54256,2.0,23
54264,2.0,23
54264,0.0,5
54264,1.0,14
54272,2.0,23
54272,0.0,5
54280,1.0,17
54296,0.0,5
54296,1.0,17
54304,0.0,5
54312,0.0,5
54312,0.0,5
54320,0.0,5
54336,0.0,5
54352,0.0,5
54352,0.0,5
54384,1.0,15
54392,0.0,5
54392,0.0,5
54400,1.0,17
54424,1.0,15
54424,0.0,5
54432,0.0,5
54432,1.0,17
54432,0.0,5
54440,0.0,5
54456,1.0,15
54464,0.0,5
54464,0.0,5
54472,0.0,5
54472,0.0,5
54472,0.0,5
54480,0.0,5
54496,0.0,5
54504,0.0,5
54504,2.0,23
54512,0.0,5
54512,0.0,5
54512,0.0,5
54520,0.0,5
54528,0.0,3
54536,0.0,5
54568,0.0,5
54648,2.0,23
54672,2.0,21
54680,2.0,21
54680,2.0,21
54688,0.0,5
54688,1.0,15
54688,2.0,21
54696,2.0,23
54704,0.0,3
54704,2.0,21
54712,0.0,3
54720,0.0,3
54720,0.0,5
54728,0.0,3
54744,0.0,5
54752,0.0,5
54760,0.0,5
54768,0.0,5
54808,1.0,17
54808,1.0,15
54832,0.0,3
54832,0.0,3
54864,1.0,15
54872,2.0,23
54888,1.0,16
54888,1.0,15
54888,2.0,21
54896,0.0,3
54904,0.0,5
54912,0.0,3
54912,0.0,3
54920,0.0,3
54928,1.0,12
54928,2.0,22
54928,0.0,5
54936,0.0,3
54944,0.0,5
54952,0.0,3
54952,0.0,3
54952,0.0,5
54960,1.0,16
54960,0.0,5
54968,0.0,4
54976,0.0,3
54976,0.0,3
54984,0.0,3
55008,0.0,3
55016,0.0,5
55016,0.0,5
55032,0.0,3
55040,1.0,14
55056,0.0,3
55064,0.0,3
55080,1.0,15
55088,0.0,3
55112,2.0,21
55120,0.0,5
55120,2.0,21
55144,1.0,16
55184,1.0,12
55200,2.0,23
55224,0.0,5
55240,1.0,12
55248,3.0,35
55272,0.0,3
55320,1.0,12
55336,1.0,12
55352,2.0,29
55360,0.0,5
55368,1.0,12
55392,2.0,24
55416,4.0,45
55432,1.0,12
55432,0.0,5
55448,1.0,12
55456,0.0,5
55456,1.0,12
55464,1.0,12
55472,0.0,5
55472,4.0,45
55472,0.0,5
55480,4.0,45
55488,0.0,5
55496,0.0,5
55496,0.0,5
55512,0.0,5
55512,0.0,5
55512,0.0,5
55520,0.0,5
55528,0.0,5
55552,0.0,5
55552,0.0,5
55552,0.0,5
55560,0.0,5
55568,0.0,5
55592,0.0,5
55592,0.0,5
55600,0.0,5
55608,0.0,5
55632,0.0,5
55632,0.0,5
55640,0.0,5
55648,0.0,5
55672,0.0,5
55688,0.0,5
55712,0.0,5
55728,0.0,5
55752,0.0,5
55768,0.0,5
55784,3.0,36
55792,0.0,5
55792,4.0,41
55808,0.0,5
55824,0.0,5
55824,4.0,41
55832,0.0,5
55832,0.0,5
55840,3.0,36
55848,0.0,5
55864,0.0,5
55872,0.0,5
55880,0.0,5
55888,0.0,5
55904,0.0,5
55912,0.0,5
55920,0.0,5
55928,1.0,12
55960,4.0,41
55960,1.0,17
55968,4.0,41
56000,0.0,5
56000,0.0,5
56008,0.0,5
56040,0.0,5
56040,0.0,5
56048,0.0,5
56056,1.0,17
56056,1.0,16
56080,0.0,5
56088,2.0,23
56088,0.0,5
56096,0.0,5
56096,0.0,5
56120,0.0,5
56128,0.0,5
56128,0.0,5
56136,0.0,5
56136,0.0,5
56160,0.0,5
56168,0.0,5
56168,0.0,5
56176,0.0,5
56176,0.0,5
56200,3.0,36
56200,0.0,5
56208,0.0,5
56208,0.0,5
56216,0.0,5
56216,4.0,41
56216,0.0,5
56240,0.0,5
56240,0.0,5
56248,0.0,5
56248,0.0,5
56256,0.0,5
56256,0.0,5
56256,0.0,5
56280,0.0,5
56280,0.0,5
56288,0.0,5
56288,0.0,5
56296,0.0,5
56296,0.0,5
56296,0.0,5
56320,0.0,5
56320,0.0,5
56328,3.0,36
56328,0.0,5
56328,0.0,5
56336,0.0,5
56336,0.0,5
56336,0.0,5
56360,0.0,5
56360,0.0,5
56368,0.0,5
56368,0.0,5
56368,0.0,5
56376,0.0,5
56376,0.0,5
56376,0.0,5
56400,0.0,5
56400,0.0,5
56408,0.0,5
56408,0.0,5
56408,0.0,5
56416,0.0,5
56416,0.0,5
56416,0.0,5
56440,0.0,5
56440,0.0,5
56448,0.0,5
56448,0.0,5
56448,0.0,5
56456,0.0,5
56456,0.0,5
56456,0.0,5
56480,0.0,5
56488,0.0,5
56488,0.0,5
56488,0.0,5
56496,0.0,5
56496,0.0,5
56528,0.0,5
56528,0.0,5
56528,0.0,5
56536,0.0,5
56568,0.0,5
56568,1.0,16
56568,0.0,5
56576,0.0,5
56584,1.0,16
56608,0.0,5
56608,1.0,16
56616,0.0,5
56624,0.0,5
56624,1.0,16
56648,0.0,5
56656,0.0,5
56664,0.0,5
56688,0.0,5
56696,0.0,5
56704,1.0,17
56704,0.0,5
56712,2.0,23
56728,0.0,5
56736,0.0,5
56744,0.0,5
56744,0.0,5
56752,0.0,5
56752,2.0,23
56760,1.0,17
56768,0.0,5
56784,0.0,5
56784,0.0,5
56792,2.0,23
56792,0.0,5
56824,0.0,5
56824,0.0,5
56832,0.0,5
56832,0.0,5
56864,0.0,5
56864,0.0,5
56872,0.0,5
56872,0.0,5
56896,1.0,16
56904,0.0,5
56904,0.0,5
56912,0.0,5
56920,2.0,23
56936,2.0,23
56936,0.0,5
56944,0.0,5
56944,0.0,5
56960,0.0,5
56984,0.0,5
56984,0.0,5
57000,0.0,5
57000,2.0,30
57024,0.0,5
57024,0.0,5
57032,1.0,12
57040,0.0,5
57040,0.0,5
57040,1.0,16
57056,2.0,23
57064,0.0,5
57064,0.0,5
57080,0.0,5
57080,0.0,5
57080,1.0,18
57104,0.0,5
57104,0.0,5
57120,0.0,5
57120,0.0,5
57120,0.0,5
57144,0.0,5
57144,0.0,5
57160,0.0,5
57160,0.0,5
57168,1.0,17
57184,0.0,5
57184,0.0,5
57192,1.0,17
57200,0.0,5
57208,0.0,5
57224,2.0,23
57232,0.0,5
57240,0.0,5
57248,0.0,5
57256,1.0,17
57264,0.0,5
57280,0.0,5
57296,0.0,5
57320,0.0,5
57344,2.0,23
57352,2.0,21
57360,0.0,5
57368,2.0,23
57384,0.0,5
57400,0.0,5
57408,0.0,5
57416,2.0,23
57424,0.0,5
57432,2.0,23
57440,0.0,5
57448,1.0,12
57448,2.0,23
57448,0.0,5
57456,0.0,5
57464,0.0,5
57472,0.0,5
57480,0.0,5
57480,2.0,23
57488,0.0,5
57488,0.0,5
57496,0.0,5
57504,0.0,5
57512,0.0,5
57520,0.0,5
57520,0.0,5
57528,0.0,5
57536,0.0,5
57544,0.0,5
57552,0.0,5
57568,0.0,5
57576,0.0,5
57584,0.0,5
57584,1.0,17
57584,1.0,12
57592,0.0,5
57608,0.0,5
57616,0.0,5
57616,1.0,12
57624,0.0,5
57624,0.0,5
57624,0.0,5
57632,0.0,5
57648,0.0,5
57656,0.0,5
57656,0.0,5
57664,0.0,5
57664,0.0,5
57664,0.0,5
57672,0.0,5
57688,0.0,5
57696,0.0,5
57704,0.0,5
57704,0.0,5
57712,0.0,5
57728,0.0,5
57736,0.0,5
57744,0.0,5
57752,1.0,12
57752,2.0,29
57768,0.0,5
57776,0.0,5
57784,0.0,5
57792,0.0,5
57792,0.0,5
57808,0.0,5
57824,0.0,5
57832,0.0,5
57832,0.0,5
57864,0.0,5
57872,0.0,5
57888,2.0,23
57896,2.0,23
57904,0.0,5
57928,0.0,5
57944,0.0,5
57952,3.0,36
57960,2.0,23
57968,0.0,5
57976,2.0,21
57984,0.0,5
57992,0.0,5
58000,0.0,5
58008,0.0,5
58016,2.0,23
58016,0.0,5
58024,0.0,5
58032,0.0,5
58048,0.0,5
58056,2.0,23
58056,0.0,5
58072,0.0,5
58080,2.0,23
58088,0.0,5
58096,0.0,5
58120,0.0,5
58128,0.0,5
58136,0.0,5
58152,1.0,17
58160,0.0,5
58168,0.0,5
58176,0.0,5
58192,1.0,17
58192,0.0,5
58200,0.0,5
58208,2.0,23
58208,0.0,5
58232,0.0,5
58240,0.0,5
58248,0.0,5
58248,0.0,5
58256,2.0,23
58272,0.0,5
58280,0.0,5
58288,0.0,5
58288,0.0,5
58296,0.0,5
58312,0.0,5
58320,0.0,5
58328,1.0,17
58328,0.0,5
58328,0.0,5
58328,3.0,41
58336,0.0,5
58352,0.0,5
58360,0.0,5
58360,2.0,23
58368,0.0,5
58368,0.0,5
58368,0.0,5
58376,0.0,5
58392,0.0,5
58400,0.0,5
58400,0.0,5
58408,0.0,5
58408,0.0,5
58408,0.0,5
58416,0.0,5
58432,0.0,5
58440,0.0,5
58448,0.0,5
58448,0.0,5
58448,0.0,5
58456,0.0,5
58472,0.0,5
58480,0.0,5
58488,0.0,5
58488,0.0,5
58512,0.0,5
58520,0.0,5
58528,0.0,5
58536,1.0,17
58552,0.0,5
58560,2.0,29
58560,0.0,5
58560,0.0,3
58568,0.0,5
58584,1.0,17
58600,0.0,5
58600,0.0,5
58608,0.0,5
58624,0.0,5
58640,2.0,23
58648,0.0,5
58664,0.0,3
58672,2.0,23
58688,0.0,5
58696,0.0,3
58704,0.0,5
58728,0.0,5
58736,2.0,23
58744,2.0,23
58768,0.0,5
58784,0.0,5
58784,2.0,23
58784,2.0,23
58808,2.0,23
58824,0.0,5
58824,0.0,5
58832,1.0,17
58840,1.0,17
58864,0.0,5
58864,1.0,16
58872,0.0,5
58880,0.0,5
58896,0.0,3
58896,1.0,16
58904,0.0,5
58904,0.0,5
58920,1.0,17
58920,0.0,5
58936,0.0,5
58936,0.0,5
58944,0.0,5
58944,1.0,17
58944,0.0,5
58960,0.0,5
58960,0.0,5
58976,0.0,5
58976,0.0,5
58984,0.0,5
58984,0.0,5
58984,0.0,5
58992,2.0,21
59000,0.0,5
59000,0.0,5
59016,0.0,5
59016,0.0,5
59024,0.0,5
59024,0.0,5
59024,0.0,5
59032,0.0,5
59040,0.0,5
59056,0.0,5
59056,0.0,5
59064,0.0,5
59080,0.0,5
59104,0.0,5
59128,1.0,12
59152,0.0,3
59152,1.0,12
59176,1.0,12
59184,1.0,10
59192,0.0,5
59192,0.0,5
59200,0.0,3
59208,0.0,3
59216,0.0,3
59224,0.0,3
59232,0.0,5
59232,0.0,3
59240,0.0,3
59248,2.0,28
59248,2.0,24
59248,0.0,3
59248,2.0,28
59256,0.0,3
59264,0.0,3
59272,0.0,3
59272,0.0,3
59272,0.0,3
59272,0.0,5
59288,0.0,5
59296,0.0,3
59296,0.0,3
59296,0.0,3
59312,0.0,5
59320,0.0,3
59320,0.0,3
59328,0.0,5
59336,1.0,10
59336,0.0,5
59344,0.0,3
59352,0.0,5
59352,0.0,3
59352,0.0,4
59360,4.0,45
59360,0.0,3
59376,1.0,14
59376,0.0,5
59376,0.0,3
59384,0.0,3
59392,0.0,5
59392,0.0,5
59400,0.0,5
59408,0.0,3
59416,0.0,3
59416,0.0,5
59416,0.0,5
59416,0.0,3
59424,0.0,3
59440,0.0,3
59440,0.0,3
59448,0.0,5
59456,0.0,5
59456,0.0,5
59456,1.0,14
59464,0.0,5
59472,0.0,3
59480,0.0,3
59480,0.0,5
59480,0.0,5
59488,0.0,3
59496,0.0,5
59496,0.0,5
59512,0.0,5
59520,0.0,5
59520,0.0,5
59520,0.0,5
59536,0.0,5
59536,0.0,5
59560,0.0,3
59576,0.0,5
59608,1.0,12
59616,1.0,12
59616,1.0,12
59616,1.0,12
59616,0.0,5
59656,1.0,12
59656,0.0,5
59656,0.0,5
59688,4.0,39
59696,0.0,5
59696,0.0,5
59696,0.0,5
59712,1.0,12
59720,2.0,29
59728,0.0,5
59736,0.0,5
59736,0.0,5
59736,0.0,5
59752,0.0,5
59760,0.0,5
59776,0.0,5
59776,0.0,5
59792,0.0,5
59800,0.0,5
59816,0.0,5
59816,0.0,5
59824,1.0,12
59832,2.0,28
59832,0.0,5
59840,0.0,5
59840,2.0,28
59856,0.0,5
59856,0.0,5
59864,0.0,5
59872,1.0,17
59872,0.0,5
59880,0.0,5
59880,0.0,5
59896,0.0,5
59896,0.0,5
59904,0.0,5
59912,1.0,10
59912,0.0,5
59912,0.0,5
59920,0.0,5
59920,0.0,3
59944,0.0,5
59952,0.0,5
59952,0.0,5
59952,0.0,5
59960,0.0,5
59960,0.0,5
59976,1.0,12
59984,0.0,5
59992,0.0,5
59992,0.0,5
59992,0.0,5
60000,0.0,5
60016,0.0,5
60024,0.0,5
60032,0.0,5
60032,0.0,5
60032,0.0,5
60040,0.0,5
60064,0.0,5
60072,0.0,5
60072,0.0,5
60072,0.0,5
60080,0.0,5
60080,2.0,23
60088,1.0,16
60104,0.0,5
60112,0.0,5
60112,0.0,5
60112,0.0,5
60120,0.0,5
60120,0.0,5
60128,0.0,5
60144,0.0,5
60152,0.0,5
60160,0.0,5
60168,0.0,5
60192,0.0,5
60200,2.0,23
60208,0.0,5
60232,0.0,5
60240,0.0,5
60248,0.0,5
60272,0.0,5
60280,0.0,5
60288,0.0,5
60296,2.0,23
60296,2.0,23
60304,2.0,23
60312,0.0,5
60320,0.0,5
60328,0.0,5
60328,2.0,23
60336,0.0,5
60344,0.0,5
60344,2.0,23
60352,0.0,5
60368,0.0,5
60368,0.0,5
60376,0.0,5
60384,0.0,5
60384,0.0,5
60392,0.0,5
60408,0.0,5
60408,0.0,5
60424,0.0,5
60424,0.0,5
60432,1.0,17
60432,0.0,5
60448,0.0,5
60464,0.0,5
60464,0.0,5
60472,0.0,5
60472,0.0,5
60488,0.0,5
60504,2.0,23
60504,0.0,5
60504,0.0,5
60512,0.0,5
60512,0.0,5
60528,0.0,5
60544,2.0,21
60544,0.0,5
60544,0.0,5
60544,1.0,17
60544,0.0,5
60552,0.0,5
60552,0.0,5
60568,0.0,5
60584,0.0,5
60584,0.0,5
60584,0.0,5
60584,0.0,5
60584,0.0,5
60592,0.0,5
60608,0.0,5
60624,0.0,5
60624,0.0,5
60624,0.0,5
60632,0.0,5
60648,0.0,5
60664,0.0,5
60664,0.0,5
60672,0.0,5
60688,0.0,5
60704,0.0,5
60704,0.0,5
60712,0.0,5
60728,0.0,5
60736,2.0,23
60744,0.0,5
60744,0.0,5
60752,0.0,5
60768,2.0,23
60768,2.0,23
60776,0.0,5
60784,0.0,5
60784,0.0,5
60792,0.0,5
60808,0.0,5
60808,2.0,23
60808,0.0,5
60816,0.0,5
60824,0.0,5
60848,0.0,5
60848,0.0,5
60856,0.0,5
60888,0.0,5
60888,0.0,5
60896,2.0,21
60896,0.0,5
60928,0.0,5
60928,0.0,5
60936,0.0,5
60936,0.0,5
60944,1.0,17
60968,0.0,5
60968,2.0,23
60976,0.0,5
60976,2.0,23
60984,0.0,5
61008,2.0,23
61008,0.0,5
61016,0.0,5
61016,0.0,5
61024,0.0,5
61056,0.0,5
61056,0.0,5
61064,0.0,5
61096,0.0,5
61096,0.0,5
61104,0.0,5
61104,1.0,17
61112,2.0,23
61120,2.0,23
61136,0.0,5
61136,0.0,5
61144,1.0,17
61144,0.0,5
61152,0.0,5
61176,0.0,5
61176,0.0,5
61184,0.0,5
61184,0.0,5
61192,0.0,5
61192,2.0,23
61216,0.0,5
61216,0.0,5
61224,0.0,5
61224,0.0,5
61232,0.0,5
61232,0.0,5
61256,0.0,5
61256,1.0,17
61264,0.0,5
61264,0.0,5
61272,0.0,5
61272,0.0,5
61296,0.0,5
61296,0.0,5
61304,0.0,5
61304,0.0,5
61312,0.0,5
61312,0.0,5
61336,0.0,5
61336,0.0,5
61344,0.0,5
61344,0.0,5
61352,0.0,5
61352,0.0,5
61360,3.0,32
61376,0.0,5
61384,0.0,5
61384,0.0,5
61392,0.0,5
61400,0.0,3
61400,2.0,23
61400,0.0,5
61424,0.0,5
61424,0.0,5
61432,0.0,5
61432,1.0,12
61440,0.0,5
61440,0.0,5
61464,0.0,5
61464,0.0,5
61472,0.0,5
61472,0.0,5
61480,0.0,5
61480,0.0,5
61504,0.0,5
61504,0.0,5
61520,0.0,5
61536,1.0,17
61536,2.0,23
61544,0.0,5
61560,0.0,5
61576,0.0,5
61600,0.0,5
61616,0.0,5
61640,0.0,5
61656,0.0,5
61672,1.0,16
61672,1.0,17
61680,0.0,5
61696,0.0,5
61712,0.0,5
61712,0.0,5
61720,0.0,5
61736,0.0,5
61752,0.0,5
61760,0.0,5
61776,0.0,5
61792,0.0,5
61800,4.0,41
61800,3.0,40
61800,4.0,41
61816,0.0,5
61832,0.0,5
61832,4.0,41
61840,0.0,5
61840,0.0,5
61856,0.0,5
61872,0.0,5
61872,0.0,5
61880,0.0,5
61880,0.0,5
61888,1.0,16
61896,0.0,5
61896,2.0,23
61896,1.0,12
61912,0.0,5
61912,0.0,5
61920,0.0,5
61920,0.0,5
61928,0.0,5
61936,0.0,5
61952,0.0,5
61952,0.0,5
61960,0.0,5
61976,0.0,5
61992,0.0,5
61992,1.0,12
62000,0.0,5
62016,0.0,5
62032,0.0,5
62032,0.0,5
62040,0.0,5
62056,0.0,5
62064,1.0,17
62072,0.0,5
62072,0.0,5
62080,0.0,5
62088,1.0,17
62096,0.0,5
62104,0.0,5
62112,0.0,5
62120,0.0,5
62128,2.0,29
62128,0.0,5
62136,0.0,5
62152,0.0,5
62160,0.0,5
62168,0.0,5
62176,0.0,5
62192,0.0,5
62200,1.0,16
62200,0.0,5
62208,0.0,5
62216,0.0,5
62232,0.0,5
62232,1.0,16
62240,0.0,5
62240,0.0,5
62248,4.0,41
62248,0.0,5
62256,0.0,5
62264,1.0,17
62272,0.0,5
62272,0.0,5
62280,0.0,5
62280,0.0,5
62288,0.0,5
62288,0.0,5
62296,0.0,5
62304,0.0,5
62312,0.0,5
62312,0.0,5
62320,0.0,5
62320,0.0,5
62328,0.0,5
62328,0.0,5
62336,0.0,5
62344,0.0,5
62352,0.0,5
62352,0.0,5
62360,0.0,5
62360,0.0,5
62368,0.0,5
62368,0.0,5
62376,0.0,5
62384,0.0,5
62392,0.0,5
62392,0.0,5
62400,0.0,5
62408,0.0,5
62408,0.0,3
62408,0.0,5
62432,0.0,5
62432,0.0,5
62440,0.0,5
62448,0.0,5
62448,0.0,5
62456,1.0,12
62472,0.0,5
62472,0.0,5
62480,0.0,5
62488,0.0,5
62488,0.0,5
62496,0.0,5
62512,0.0,5
62512,0.0,5
62520,0.0,5
62528,0.0,5
62536,0.0,5
62552,0.0,5
62552,0.0,5
62560,0.0,5
62560,2.0,23
62568,0.0,5
62576,0.0,5
62592,0.0,5
62592,0.0,5
62592,2.0,23
62600,0.0,5
62616,0.0,5
62632,0.0,5
62632,0.0,5
62632,0.0,5
62656,0.0,5
62664,1.0,12
62672,0.0,5
62672,0.0,5
62672,0.0,5
62696,1.0,12
62696,0.0,5
62712,0.0,5
62712,0.0,5
62712,0.0,5
62736,0.0,5
62736,3.0,31
62736,0.0,5
62752,0.0,5
62752,0.0,5
62752,0.0,5
62776,0.0,5
62776,0.0,5
62776,0.0,5
62784,2.0,28
62792,0.0,5
62792,0.0,5
62792,0.0,5
62800,0.0,3
62816,0.0,5
62816,0.0,5
62824,0.0,5
62824,0.0,3
62832,0.0,5
62832,0.0,5
62832,0.0,5
62840,0.0,3
62848,2.0,23
62856,0.0,5
62864,0.0,3
62864,0.0,5
62864,0.0,5
62872,0.0,5
62872,0.0,5
62872,0.0,3
62904,0.0,5
62904,0.0,5
62912,0.0,5
62912,0.0,5
62912,0.0,5
62928,1.0,12
62944,0.0,5
62952,0.0,5
62952,0.0,5
62968,0.0,5
62992,0.0,5
62992,0.0,5
63000,1.0,17
63008,1.0,12
63008,0.0,5
63032,0.0,5
63032,0.0,5
63040,0.0,5
63072,0.0,5
63072,0.0,5
63088,2.0,29
63088,2.0,23
63112,0.0,3
63112,0.0,5
63128,2.0,23
63152,0.0,5
63168,0.0,5
63192,2.0,23
63192,2.0,23
63192,0.0,5
63208,0.0,5
63216,0.0,3
63224,1.0,17
63224,2.0,23
63232,0.0,5
63240,0.0,3
63248,0.0,3
63248,0.0,5
63256,2.0,23
63264,0.0,5
63272,0.0,5
63272,0.0,3
63280,0.0,3
63280,0.0,5
63288,0.0,5
63296,2.0,23
63312,0.0,5
63312,0.0,5
63320,0.0,5
63320,0.0,5
63320,0.0,3
63328,0.0,5
63344,0.0,3
63352,0.0,5
63352,0.0,5
63360,0.0,5
63368,0.0,5
63376,2.0,23
63384,1.0,15
63384,0.0,5
63392,0.0,5
63392,0.0,5
63400,0.0,5
63408,0.0,5
63416,0.0,5
63432,0.0,5
63432,0.0,5
63440,0.0,5
63448,0.0,5
63456,0.0,5
63472,0.0,5
63472,0.0,5
63480,0.0,5
63480,0.0,3
63488,0.0,5
63504,0.0,3
63504,2.0,23
63512,0.0,5
63512,0.0,5
63520,0.0,5
63528,0.0,5
63544,0.0,5
63544,0.0,5
63552,0.0,5
63552,0.0,5
63568,2.0,23
63568,2.0,23
63568,0.0,5
63584,0.0,5
63592,0.0,5
63608,0.0,5
63608,0.0,5
63608,0.0,5
63624,0.0,5
63632,0.0,3
63648,0.0,5
63648,0.0,5
63656,0.0,3
63688,0.0,5
63688,0.0,5
63704,2.0,23
63712,0.0,3
63728,0.0,3
63728,2.0,23
63728,0.0,5
63736,2.0,23
63752,0.0,3
63752,0.0,3
63752,0.0,5
63760,1.0,17
63776,0.0,3
63776,1.0,15
63776,0.0,5
63776,2.0,23
63792,0.0,5
63800,0.0,5
63800,0.0,3
63808,0.0,4
63816,0.0,5
63816,0.0,5
63832,0.0,5
63840,0.0,5
63856,0.0,5
63856,0.0,5
63856,0.0,3
63880,0.0,3
63880,0.0,5
63880,0.0,3
63888,1.0,17
63896,0.0,5
63904,0.0,3
63912,2.0,23
63920,0.0,5
63920,0.0,5
63928,0.0,5
63936,0.0,3
63944,0.0,5
63944,0.0,3
63960,0.0,5
63968,0.0,5
63976,0.0,5
63984,2.0,23
63984,0.0,5
64000,0.0,5
64008,0.0,3
64024,0.0,5
64032,0.0,3
64040,0.0,5
64048,0.0,3
64072,0.0,5
64072,0.0,3
64080,2.0,23
64080,0.0,5
64112,0.0,5
64120,0.0,5
64120,2.0,22
64136,3.0,41
64152,2.0,23
64152,0.0,5
64160,0.0,5
64160,0.0,5
64160,2.0,23
64176,0.0,5
64192,0.0,5
64192,0.0,5
64200,0.0,5
64200,0.0,5
64200,0.0,5
64216,0.0,5
64216,0.0,3
64224,0.0,3
64232,0.0,5
64240,0.0,3
64240,0.0,5
64240,0.0,5
64248,0.0,3
64256,0.0,5
64256,2.0,23
64264,2.0,23
64264,0.0,3
64272,0.0,3
64280,0.0,5
64280,0.0,5
64296,0.0,5
64304,0.0,5
64304,0.0,5
64312,0.0,5
64320,0.0,5
64336,0.0,5
64344,0.0,3
64344,0.0,5
64344,0.0,5
64352,0.0,5
64360,0.0,3
64376,0.0,3
64384,1.0,16
64384,0.0,3
64384,0.0,5
64384,0.0,5
64400,0.0,3
64416,2.0,23
64424,0.0,5
64424,0.0,3
64424,0.0,5
64424,0.0,5
64440,0.0,3
64464,0.0,3
64464,0.0,5
64464,2.0,23
64464,0.0,5
64464,0.0,5
64488,0.0,3
64488,0.0,3
64496,0.0,4
64504,0.0,5
64512,0.0,3
64512,1.0,16
64512,0.0,3
64528,2.0,23
64536,0.0,5
64536,0.0,3
64544,0.0,5
64544,0.0,4
64552,0.0,5
64576,0.0,5
64576,0.0,3
64584,0.0,5
64600,0.0,3
64608,2.0,23
64616,0.0,5
64624,0.0,5
64624,0.0,3
64648,2.0,23
64664,0.0,5
64664,1.0,16
64664,0.0,5
64664,1.0,17
64688,0.0,5
64704,0.0,5
64704,0.0,5
64704,0.0,5
64704,0.0,5
64712,0.0,3
64728,2.0,23
64736,0.0,3
64744,0.0,5
64744,1.0,17
64744,0.0,5
64744,0.0,5
64744,0.0,5
64768,0.0,3
64776,0.0,5
64784,0.0,5
64784,0.0,5
64792,0.0,3
64800,2.0,23
64816,0.0,5
64824,0.0,5
64824,0.0,5
64840,0.0,5
64840,1.0,12
64856,0.0,5
64864,0.0,5
64864,1.0,17
64864,0.0,5
64880,0.0,5
64880,0.0,5
64880,1.0,17
64896,0.0,5
64904,0.0,5
64920,0.0,5
64936,0.0,5
64976,2.0,23
64976,0.0,5
65016,0.0,5
65016,0.0,5
65040,1.0,17
65048,2.0,23
65048,2.0,23
65056,0.0,5
65064,2.0,23
65080,0.0,5
65104,0.0,5
65104,2.0,23
65112,2.0,29
65152,1.0,12
65176,1.0,16
65184,1.0,17
65192,0.0,5
65200,2.0,23
65208,1.0,16
65216,0.0,5
65232,0.0,5
65232,1.0,16
65240,1.0,17
65240,1.0,16
65248,0.0,5
65256,0.0,5
65272,0.0,5
65280,0.0,5
65280,0.0,5
65288,0.0,5
65312,0.0,5
65320,0.0,5
65320,0.0,5
65320,1.0,17
65328,0.0,5
65336,1.0,17
65352,1.0,12
65352,0.0,5
65360,0.0,5
65368,0.0,5
65392,0.0,5
65400,0.0,5
65408,0.0,5
65416,2.0,23
65432,0.0,5
65440,0.0,5
65440,0.0,3
65456,1.0,17
65472,1.0,17
65472,0.0,5
65480,0.0,5
65480,0.0,5
65496,0.0,5
65504,2.0,23
65512,0.0,5
65520,0.0,5
65528,0.0,3
65536,0.0,5
65536,2.0,23
65552,0.0,5
65560,0.0,3
65560,0.0,5
65592,2.0,23
65600,0.0,5
65616,0.0,3
65640,2.0,21
65648,2.0,21
65656,0.0,5
65664,1.0,17
65664,0.0,3
65688,0.0,5
65696,0.0,5
65704,0.0,5
65704,2.0,21
65720,2.0,21
65728,0.0,5
65728,2.0,21
65736,0.0,5
65744,0.0,5
65744,0.0,5
65784,0.0,5
65784,2.0,23
65800,1.0,17
65824,1.0,12
65824,0.0,5
65824,1.0,12
65832,1.0,12
65856,0.0,3
65856,1.0,17
65864,0.0,5
65864,0.0,5
65880,1.0,17
65912,1.0,16
65928,1.0,16
65952,1.0,12
65960,1.0,12
65960,1.0,12
65960,1.0,17
65968,0.0,5
65992,0.0,5
65992,1.0,17
66000,0.0,5
66008,1.0,16
66032,0.0,5
66040,1.0,16
66048,0.0,5
66064,1.0,12
66088,0.0,5
66088,1.0,16
66088,1.0,16
66120,1.0,16
66128,1.0,16
66136,1.0,12
66160,1.0,12
66168,0.0,5
66184,1.0,12
66184,1.0,12
66224,0.0,5
66224,2.0,24
66224,0.0,5
66272,1.0,17
66304,1.0,17
66312,0.0,5
66312,2.0,28
66320,1.0,12
66320,1.0,12
66344,2.0,28
66352,2.0,24
66360,0.0,5
66360,0.0,5
66400,0.0,5
66408,1.0,12
66448,0.0,5
66456,1.0,12
66496,1.0,12
66512,3.0,36
66544,1.0,12
66552,2.0,25
66560,3.0,32
66568,3.0,32
66592,0.0,5
66608,0.0,5
66640,3.0,37
66648,1.0,17
66648,2.0,24
66648,0.0,5
66680,0.0,5
66688,0.0,5
66688,0.0,5
66688,1.0,12
66712,0.0,3
66720,0.0,5
66728,0.0,5
66744,2.0,23
66752,0.0,5
66768,2.0,28
66784,3.0,36
66792,0.0,5
66872,2.0,23
66880,1.0,17
66904,3.0,32
66912,2.0,24
66912,0.0,5
66952,2.0,28
66960,2.0,24
66992,0.0,5
67008,1.0,12
67040,2.0,20
67080,0.0,5
67080,3.0,36
67088,1.0,12
67088,2.0,23
67096,2.0,23
67104,1.0,12
67112,3.0,41
67144,0.0,5
67184,1.0,12
67192,1.0,12
67240,1.0,12
67248,1.0,17
67272,2.0,24
67280,2.0,24
67280,1.0,12
67280,0.0,5
67288,0.0,5
67288,1.0,12
67312,0.0,5
67320,0.0,5
67320,0.0,5
67328,0.0,5
67328,0.0,5
67336,4.0,47
67360,0.0,5
67360,0.0,5
67368,0.0,5
67376,3.0,37
67376,0.0,5
67376,1.0,12
67400,0.0,5
67408,1.0,12
67408,0.0,5
67416,0.0,5
67416,0.0,5
67424,1.0,12
67440,0.0,5
67448,0.0,5
67456,0.0,5
67464,0.0,5
67472,1.0,12
67480,0.0,5
67488,0.0,5
67496,0.0,5
67504,0.0,5
67512,1.0,12
67512,0.0,5
67520,0.0,5
67528,0.0,5
67536,0.0,5
67544,0.0,5
67552,0.0,5
67552,0.0,5
67560,0.0,5
67568,0.0,5
67576,0.0,5
67584,2.0,28
67584,0.0,5
67592,0.0,5
67592,0.0,5
67592,2.0,23
67608,0.0,5
67616,0.0,5
67624,0.0,5
67624,0.0,5
67632,0.0,5
67632,0.0,5
67648,0.0,5
67656,0.0,5
67664,0.0,5
67664,0.0,5
67672,0.0,5
67688,0.0,5
67696,0.0,5
67704,0.0,5
67704,0.0,5
67712,0.0,5
67728,0.0,5
67736,0.0,5
67744,0.0,5
67744,2.0,23
67752,0.0,5
67768,1.0,17
67776,2.0,23
67776,0.0,5
67784,0.0,5
67792,0.0,5
67800,0.0,3
67808,0.0,5
67816,0.0,5
67824,0.0,5
67832,0.0,5
67840,0.0,5
67856,0.0,5
67864,0.0,5
67872,0.0,5
67880,0.0,5
67888,2.0,23
67888,0.0,3
67896,0.0,5
67912,0.0,5
67912,0.0,3
67920,0.0,5
67928,0.0,5
67936,0.0,5
67952,0.0,5
67960,0.0,5
67968,2.0,28
67992,2.0,23
68000,0.0,5
68008,0.0,5
68008,1.0,12
68016,3.0,36
68016,0.0,3
68032,1.0,12
68040,0.0,5
68048,0.0,5
68056,0.0,5
68056,1.0,16
68072,0.0,5
68088,0.0,5
68088,1.0,17
68096,0.0,5
68096,0.0,5
68104,1.0,12
68128,0.0,5
68128,0.0,5
68136,1.0,12
68136,0.0,5
68144,0.0,5
68168,0.0,5
68176,0.0,5
68176,0.0,5
68192,1.0,12
68200,2.0,23
68216,0.0,5
68224,1.0,12
68232,0.0,5
68240,0.0,5
68256,0.0,5
68264,0.0,5
68272,0.0,5
68280,0.0,5
68304,2.0,29
68312,0.0,5
68328,2.0,23
68344,0.0,5
68352,0.0,5
68360,1.0,12
68360,2.0,24
68368,2.0,24
68376,1.0,12
68384,0.0,3
68384,0.0,5
68416,0.0,5
68424,1.0,12
68424,0.0,5
68448,1.0,12
68456,0.0,5
68464,0.0,5
68464,0.0,5
68480,1.0,12
68496,0.0,5
68504,0.0,5
68504,0.0,5
68520,0.0,5
68536,0.0,5
68544,1.0,12
68560,2.0,24
68560,0.0,5
68584,3.0,41
68584,0.0,5
68600,1.0,12
68600,1.0,12
68600,0.0,5
68600,0.0,5
68624,0.0,5
68632,1.0,12
68640,0.0,5
68664,0.0,5
68672,0.0,5
68672,4.0,39
68680,0.0,5
68696,1.0,12
68704,0.0,5
68712,0.0,5
68720,0.0,5
68720,0.0,3
68744,0.0,5
68760,0.0,5
68768,1.0,12
68768,2.0,23
68792,0.0,3
68808,0.0,5
68816,0.0,3
68824,2.0,28
68840,1.0,16
68848,0.0,5
68880,0.0,5
68888,3.0,36
68888,1.0,16
68896,2.0,22
68920,0.0,3
68920,0.0,5
68928,0.0,5
68928,2.0,23
68928,0.0,5
68952,0.0,3
68952,1.0,17
68960,0.0,5
68976,0.0,3
68992,0.0,5
69008,2.0,23
69016,0.0,5
69016,2.0,21
69032,0.0,3
69040,0.0,3
69056,0.0,3
69064,0.0,3
69096,2.0,21
69096,0.0,5
69096,2.0,21
69104,0.0,5
69120,0.0,3
69120,0.0,3
69128,2.0,21
69136,0.0,5
69144,0.0,3
69144,0.0,5
69152,0.0,3
69160,2.0,21
69160,0.0,5
69168,0.0,3
69176,0.0,5
69184,2.0,21
69184,0.0,3
69192,0.0,5
69192,0.0,3
69208,0.0,3
69208,0.0,3
69216,0.0,3
69216,0.0,3
69216,0.0,5
69232,0.0,3
69232,3.0,39
69240,1.0,12
69240,0.0,3
69240,0.0,4
69256,0.0,5
69256,1.0,12
69272,0.0,5
69272,0.0,5
69280,0.0,5
69280,0.0,3
69304,0.0,3
69304,0.0,3
69312,0.0,5
69312,0.0,5
69328,0.0,3
69336,0.0,3
69344,0.0,5
69352,0.0,3
69360,0.0,3
69368,0.0,3
69376,0.0,3
69384,0.0,3
69392,0.0,3
69400,2.0,23
69408,0.0,3
69416,0.0,5
69416,0.0,3
69424,0.0,3
69424,2.0,23
69424,2.0,23
69440,0.0,3
69440,0.0,3
69448,0.0,3
69448,0.0,5
69448,0.0,3
69448,0.0,3
69464,0.0,3
69472,0.0,3
69472,0.0,3
69472,0.0,3
69480,0.0,5
69488,0.0,5
69496,0.0,3
69496,2.0,23
69504,0.0,3
69512,0.0,3
69512,0.0,5
69520,0.0,3
69520,0.0,3
69528,0.0,3
69544,0.0,3
69544,3.0,36
69552,0.0,5
69568,0.0,5
69584,0.0,5
69584,0.0,5
69592,0.0,5
69608,0.0,3
69608,1.0,17
69608,0.0,5
69608,0.0,3
69616,0.0,3
69632,0.0,3
69640,0.0,3
69648,0.0,5
69648,1.0,16
69648,0.0,5
69648,0.0,5
69664,0.0,3
69672,0.0,3
69672,0.0,3
69672,0.0,3
69680,2.0,27
69688,0.0,5
69688,0.0,3
69696,2.0,23
69696,0.0,3
69696,0.0,3
69704,0.0,3
69712,0.0,5
69720,0.0,3
69744,0.0,3
69744,0.0,5
69752,0.0,5
69768,0.0,3
69776,0.0,4
69776,0.0,3
69792,0.0,3
69800,0.0,3
69808,1.0,15
69816,0.0,5
69816,0.0,3
69816,2.0,23
69824,0.0,3
69840,0.0,3
69840,0.0,3
69848,0.0,3
69856,0.0,5
69864,0.0,3
69872,2.0,22
69872,2.0,23
69872,2.0,22
69880,0.0,3
69880,0.0,5
69896,0.0,3
69904,0.0,3
69904,0.0,3
69904,0.0,5
69912,0.0,5
69912,0.0,5
69920,0.0,3
69928,0.0,3
69928,0.0,3
69944,0.0,5
69952,0.0,3
69952,0.0,3
69952,0.0,5
69976,0.0,3
69984,0.0,5
69992,0.0,5
69992,2.0,23
69992,0.0,5
70016,0.0,5
70016,0.0,3
70024,0.0,5
70032,0.0,5
70032,2.0,23
70032,0.0,5
70040,0.0,3
70056,0.0,3
70056,0.0,5
70056,1.0,17
70064,0.0,5
70072,0.0,5
70072,0.0,5
70080,0.0,3
70080,0.0,3
70080,0.0,5
70080,0.0,3
70096,0.0,3
70096,2.0,23
70104,0.0,3
70104,0.0,3
70104,0.0,5
70112,0.0,5
70120,0.0,5
70120,0.0,3
70128,0.0,3
70136,0.0,5
70144,0.0,5
70144,0.0,5
70144,0.0,3
70168,0.0,5
70184,0.0,5
70184,0.0,5
70184,0.0,5
70208,0.0,3
70208,0.0,3
70208,0.0,3
70232,0.0,3
70232,0.0,3
70232,1.0,12
70248,0.0,5
70264,1.0,12
70264,2.0,23
70272,0.0,5
70272,0.0,5
70272,0.0,5
70288,0.0,3
70296,2.0,23
70304,2.0,23
70312,0.0,5
70328,0.0,3
70328,0.0,5
70344,1.0,12
70368,0.0,5
70368,1.0,12
70432,1.0,17
70456,2.0,23
70488,2.0,28
70496,0.0,5
70504,1.0,17
70520,2.0,24
70528,0.0,5
70536,2.0,28
70560,1.0,16
70568,0.0,5
70568,2.0,28
70592,2.0,28
70608,0.0,5
70616,1.0,10
70632,1.0,16
70632,0.0,5
70648,1.0,16
70672,0.0,5
70696,1.0,17
70712,0.0,5
70720,2.0,28
70736,0.0,5
70752,1.0,17
70752,2.0,23
70760,0.0,5
70768,1.0,17
70792,2.0,23
70792,0.0,5
70792,0.0,5
70800,0.0,5
70832,0.0,5
70832,0.0,5
70832,2.0,23
70832,0.0,5
70840,1.0,16
70864,1.0,16
70872,0.0,5
70872,0.0,5
70872,0.0,5
70880,0.0,5
70896,1.0,16
70904,0.0,5
70912,0.0,5
70912,0.0,5
70912,0.0,5
70928,1.0,16
70936,0.0,5
70944,0.0,5
70952,0.0,5
70960,1.0,16
70968,0.0,5
70976,0.0,5
70992,0.0,5
71016,0.0,5
71032,0.0,5
71040,1.0,16
71048,1.0,17
71056,0.0,5
71072,0.0,5
71080,0.0,5
71088,0.0,5
71096,0.0,5
71120,0.0,5
71128,2.0,23
71136,0.0,5
71144,3.0,33
71144,2.0,23
71152,2.0,23
71168,0.0,5
71184,0.0,5
71208,0.0,5
71224,0.0,5
71248,0.0,5
71256,2.0,23
71264,0.0,5
71272,2.0,23
71280,1.0,17
71288,1.0,17
71288,0.0,5
71296,0.0,5
71304,0.0,5
71304,2.0,23
71304,2.0,21
71312,0.0,5
71328,0.0,5
71344,0.0,5
71344,0.0,5
71344,0.0,5
71368,0.0,5
71408,0.0,5
71416,1.0,17
71448,0.0,5
71448,1.0,17
71456,0.0,5
71480,1.0,17
71480,1.0,17
71488,0.0,5
71488,0.0,5
71520,0.0,5
71520,0.0,5
71528,0.0,5
71528,0.0,5
71560,0.0,5
71568,0.0,5
71568,0.0,5
71576,3.0,36
71584,3.0,36
71592,3.0,31
71608,0.0,5
71616,0.0,5
71624,0.0,5
71648,0.0,5
71656,0.0,5
71664,0.0,5
71664,1.0,12
71688,0.0,5
71696,0.0,5
71704,0.0,5
71704,2.0,23
71704,0.0,5
71728,0.0,5
71728,1.0,17
71736,0.0,5
71744,2.0,23
71744,0.0,5
71744,0.0,5
71768,0.0,5
71768,0.0,5
71776,0.0,5
71784,0.0,5
71784,0.0,5
71784,0.0,5
71784,4.0,41
71808,0.0,5
71808,0.0,5
71816,0.0,5
71824,0.0,5
71824,0.0,5
71824,0.0,5
71848,0.0,5
71848,0.0,5
71856,0.0,5
71864,0.0,5
71864,0.0,5
71888,0.0,5
71888,2.0,23
71888,0.0,5
71896,0.0,5
71904,0.0,5
71904,0.0,5
71920,1.0,17
71928,0.0,5
71928,0.0,5
71928,0.0,5
71936,0.0,5
71944,0.0,5
71944,0.0,5
71960,0.0,5
71968,0.0,5
71968,0.0,5
71968,0.0,5
71976,0.0,5
71984,0.0,5
71984,0.0,5
72000,0.0,5
72008,0.0,5
72008,0.0,5
72008,2.0,23
72016,0.0,5
72024,0.0,5
72024,0.0,5
72048,0.0,5
72048,0.0,5
72056,0.0,5
72064,0.0,5
72064,0.0,5
72088,0.0,5
72096,0.0,5
72104,0.0,5
72128,0.0,5
72136,0.0,5
72152,2.0,23
72168,0.0,5
72184,1.0,17
72184,2.0,23
72192,0.0,5
72192,2.0,23
72208,0.0,5
72224,0.0,5
72224,0.0,5
72232,0.0,5
72248,0.0,5
72248,2.0,23
72264,0.0,5
72264,0.0,5
72272,0.0,5
72288,0.0,5
72288,0.0,5
72288,2.0,23
72304,0.0,5
72312,0.0,5
72312,0.0,3
72328,0.0,5
72328,0.0,5
72344,0.0,5
72352,0.0,5
72368,0.0,5
72368,0.0,5
72384,0.0,5
72392,0.0,5
72408,0.0,5
72408,0.0,5
72424,3.0,36
72432,0.0,5
72448,0.0,5
72464,0.0,5
72472,0.0,5
72480,3.0,36
72488,0.0,5
72504,0.0,5
72512,0.0,5
72512,1.0,16
72520,0.0,5
72528,0.0,5
72544,0.0,5
72552,0.0,5
72560,0.0,5
72568,0.0,5
72584,0.0,5
72592,0.0,5
72592,4.0,41
72600,0.0,5
72608,0.0,5
72616,0.0,3
72624,0.0,5
72632,0.0,5
72632,0.0,3
72640,4.0,41
72640,0.0,5
72640,1.0,16
72664,0.0,5
72672,0.0,5
72672,0.0,5
72680,0.0,5
72680,0.0,5
72680,0.0,5
72704,0.0,5
72712,0.0,5
72712,0.0,5
72720,0.0,5
72720,0.0,5
72736,4.0,41
72744,0.0,5
72752,0.0,5
72760,0.0,5
72776,1.0,12
72784,0.0,5
72792,0.0,5
72800,2.0,23
72800,0.0,5
72816,0.0,5
72824,0.0,5
72840,0.0,5
72840,0.0,5
72848,1.0,17
72848,0.0,3
72856,0.0,5
72880,0.0,5
72880,0.0,5
72888,0.0,5
72888,0.0,5
72904,2.0,23
72904,0.0,3
72912,0.0,3
72920,0.0,5
72928,0.0,5
72944,0.0,5
72944,0.0,5
72952,0.0,5
72968,0.0,5
72976,2.0,23
72984,0.0,5
72984,0.0,5
72992,0.0,3
72992,0.0,5
73000,0.0,3
73024,3.0,36
73024,0.0,5
73032,0.0,5
73032,0.0,5
73040,2.0,23
73064,0.0,5
73072,0.0,5
73072,0.0,5
73080,0.0,5
73104,2.0,23
73104,0.0,5
73112,0.0,5
73120,1.0,17
73120,0.0,5
73120,1.0,12
73128,0.0,3
73136,1.0,17
73144,0.0,3
73144,0.0,5
73144,0.0,3
73152,0.0,5
73168,0.0,5
73184,0.0,5
73184,0.0,5
73184,0.0,5
73208,0.0,5
73208,0.0,3
73216,1.0,12
73224,0.0,5
73248,0.0,5
73248,0.0,5
73256,0.0,5
73256,2.0,23
73296,0.0,5
73296,0.0,5
73320,2.0,23
73336,0.0,5
73336,0.0,5
73344,2.0,24
73344,0.0,3
73344,1.0,12
73368,2.0,23
73376,0.0,5
73384,0.0,5
73384,0.0,5
73392,0.0,3
73408,2.0,23
73416,0.0,5
73424,0.0,5
73424,0.0,5
73432,2.0,23
73432,0.0,3
73448,0.0,3
73456,0.0,3
73456,0.0,5
73456,1.0,15
73464,0.0,5
73472,0.0,5
73480,1.0,17
73488,0.0,5
73496,0.0,5
73496,0.0,5
73504,0.0,5
73512,0.0,5
73520,0.0,5
73528,1.0,17
73528,0.0,5
73536,0.0,5
73536,0.0,5
73544,0.0,5
73552,0.0,5
73552,0.0,3
73568,0.0,5
73576,0.0,3
73576,0.0,5
73576,0.0,5
73584,0.0,5
73592,0.0,5
73600,0.0,3
73608,0.0,5
73616,0.0,5
73616,0.0,5
73624,0.0,5
73632,0.0,5
73640,0.0,5
73648,0.0,5
73656,0.0,5
73656,0.0,5
73664,0.0,5
73688,0.0,5
73696,0.0,5
73704,0.0,5
73728,0.0,5
73728,1.0,12
73736,0.0,5
73744,0.0,5
73768,0.0,5
73784,4.0,41
73808,3.0,36
73816,2.0,22
73832,0.0,3
73840,2.0,23
73856,0.0,5
73864,0.0,3
73872,0.0,5
73896,0.0,5
73904,1.0,15
73904,0.0,5
73912,2.0,23
73920,0.0,3
73920,2.0,22
73928,0.0,3
73952,2.0,27
73952,2.0,23
73952,0.0,5
73960,0.0,5
73960,0.0,5
73968,0.0,5
73992,0.0,3
73992,0.0,5
74000,0.0,5
74000,0.0,5
74008,1.0,17
74024,1.0,15
74040,0.0,5
74064,0.0,5
74088,1.0,17
74128,0.0,5
74240,3.0,36
74248,2.0,23
74256,3.0,31
74280,0.0,5
74288,0.0,5
74296,0.0,5
74304,4.0,39
74320,4.0,41
74328,4.0,41
74328,0.0,5
74336,0.0,5
74352,4.0,39
74360,0.0,5
74368,0.0,5
74376,0.0,5
74400,0.0,5
74408,0.0,5
74416,0.0,5
74416,1.0,17
74424,0.0,3
74424,1.0,15
74448,1.0,15
74448,0.0,5
74456,4.0,41
74456,0.0,4
74456,0.0,5
74456,0.0,5
74464,0.0,5
74472,0.0,3
74472,1.0,15
74488,0.0,5
74496,0.0,5
74496,0.0,5
74496,0.0,5
74512,0.0,5
74512,0.0,3
74512,0.0,5
74536,0.0,5
74536,0.0,5
74536,0.0,5
74552,0.0,5
74552,0.0,5
74576,0.0,5
74576,0.0,5
74576,1.0,15
74576,0.0,3
74592,1.0,16
74592,0.0,5
74600,0.0,3
74600,0.0,3
74640,0.0,5
74648,1.0,17
74672,1.0,12
74688,1.0,12
74688,0.0,5
74704,1.0,16
74712,0.0,3
74728,0.0,5
74728,1.0,16
74736,0.0,3
74736,1.0,12
74744,0.0,5
74752,0.0,3
74752,2.0,27
74760,0.0,3
74768,0.0,5
74768,1.0,12
74776,0.0,5
74792,0.0,5
74792,0.0,5
74800,0.0,5
74808,0.0,5
74816,0.0,5
74816,0.0,3
74824,0.0,3
74840,0.0,3
74856,0.0,5
74864,1.0,12
74880,0.0,5
74888,1.0,12
74896,0.0,5
74904,0.0,5
74912,0.0,3
74920,0.0,5
74928,0.0,3
74936,0.0,5
74952,1.0,16
74952,4.0,45
74960,0.0,5
74968,0.0,5
74992,0.0,5
74992,0.0,5
75000,0.0,5
75008,0.0,5
75032,0.0,3
75032,0.0,5
75040,1.0,16
75064,1.0,16
75072,0.0,5
75072,3.0,41
75072,0.0,5
75080,0.0,5
75096,0.0,3
75096,0.0,3
75104,0.0,5
75104,0.0,3
75112,0.0,5
75120,0.0,3
75128,1.0,17
75128,0.0,3
75136,0.0,5
75144,0.0,5
75152,0.0,3
75160,0.0,5
75168,0.0,5
75168,4.0,45
75176,2.0,22
75176,0.0,3
75184,0.0,3
75192,0.0,3
75200,0.0,3
75208,0.0,5
75208,0.0,3
75224,0.0,3
75232,0.0,5
75232,0.0,3
75248,0.0,3
75256,0.0,3
75256,0.0,3
75272,1.0,16
75280,0.0,3
75288,0.0,5
75288,2.0,22
75296,0.0,5
75304,0.0,3
75312,2.0,22
75312,0.0,3
75336,0.0,3
75336,0.0,3
75360,2.0,23
75360,0.0,3
75376,0.0,5
75384,2.0,22
75384,0.0,3
75400,0.0,5
75408,0.0,3
75408,0.0,3
75432,0.0,3
75456,2.0,21
75456,0.0,3
75456,2.0,23
75464,2.0,21
75480,0.0,3
75480,2.0,22
75480,0.0,3
75488,0.0,3
75496,0.0,5
75504,0.0,3
75504,0.0,3
75512,0.0,3
75520,0.0,5
75544,0.0,5
75544,1.0,17
75544,2.0,21
75544,0.0,5
75552,0.0,5
75568,0.0,3
75568,0.0,3
75568,2.0,21
75592,0.0,3
75592,0.0,5
75592,0.0,3
75608,1.0,14
75608,0.0,5
75632,0.0,3
75632,0.0,5
75632,0.0,5
75632,0.0,5
75648,0.0,5
75664,1.0,15
75672,0.0,5
75672,0.0,5
75672,0.0,5
75688,2.0,21
75704,0.0,5
75712,0.0,3
75712,0.0,5
75712,0.0,5
75728,2.0,23
75744,0.0,5
75752,0.0,3
75752,0.0,5
75752,0.0,5
75752,0.0,5
75768,1.0,15
75784,0.0,5
75792,0.0,5
75792,0.0,5
75792,0.0,5
75792,0.0,5
75800,2.0,21
75808,0.0,5
75824,0.0,3
75824,0.0,5
75832,0.0,5
75832,0.0,5
75832,0.0,5
75840,2.0,21
75848,0.0,5
75864,0.0,3
75864,0.0,5
75864,0.0,5
75872,0.0,5
75872,0.0,5
75872,0.0,5
75904,0.0,5
75904,0.0,5
75904,0.0,5
75912,0.0,5
75928,1.0,17
75928,0.0,3
75944,0.0,5
75968,0.0,5
75984,0.0,5
76008,0.0,5
76024,0.0,5
76032,2.0,23
76048,0.0,5
76048,2.0,22
76072,0.0,5
76088,0.0,5
76088,0.0,5
76096,2.0,23
76112,0.0,5
76112,2.0,23
76128,0.0,5
76128,0.0,5
76144,3.0,30
76152,0.0,5
76152,0.0,5
76168,0.0,5
76168,0.0,5
76184,3.0,39
76184,0.0,5
76192,0.0,5
76208,0.0,5
76208,0.0,5
76208,2.0,23
76224,0.0,5
76224,0.0,5
76232,0.0,5
76232,1.0,17
76248,0.0,5
76248,0.0,5
76248,0.0,5
76264,0.0,5
76264,0.0,5
76272,0.0,5
76272,0.0,5
76288,0.0,5
76288,1.0,17
76304,0.0,5
76304,0.0,5
76312,0.0,5
76312,0.0,5
76328,0.0,5
76328,0.0,5
76336,0.0,3
76344,0.0,5
76352,0.0,5
76368,0.0,5
76368,0.0,5
76376,1.0,16
76384,1.0,17
76384,0.0,5
76408,0.0,5
76408,0.0,5
76416,0.0,5
76424,0.0,5
76424,0.0,5
76448,0.0,5
76456,0.0,5
76464,1.0,16
76464,0.0,5
76464,0.0,5
76488,0.0,5
76496,0.0,5
76504,0.0,5
76504,0.0,5
76528,0.0,5
76544,0.0,5
76552,0.0,3
76584,0.0,5
76600,1.0,17
76624,0.0,5
76632,4.0,41
76640,0.0,5
76656,0.0,3
76680,0.0,5
76696,0.0,5
76712,4.0,45
76720,0.0,5
76736,0.0,5
76736,4.0,41
76744,3.0,30
76752,0.0,5
76760,0.0,5
76768,3.0,34
76776,0.0,5
76776,0.0,5
76784,0.0,5
76800,0.0,5
76800,3.0,31
76808,0.0,5
76816,0.0,5
76824,0.0,3
76824,0.0,3
76824,0.0,5
76840,2.0,27
76848,0.0,5
76848,1.0,12
76864,0.0,5
76864,0.0,5
76880,0.0,5
76888,0.0,3
76888,0.0,5
76904,0.0,5
76928,0.0,5
76960,1.0,17
76984,1.0,17
76984,2.0,21
77000,0.0,5
77016,1.0,17
77024,0.0,5
77048,0.0,3
77056,0.0,5
77064,3.0,36
77088,0.0,3
77096,2.0,21
77096,0.0,5
77120,1.0,17
77120,0.0,3
77128,0.0,5
77160,0.0,5
77160,0.0,5
77184,1.0,17
77192,1.0,12
77200,0.0,5
77216,0.0,3
77216,4.0,39
77216,4.0,41
77224,0.0,5
77240,0.0,5
77240,3.0,30
77256,1.0,16
77256,0.0,5
77256,0.0,5
77264,0.0,3
77280,0.0,3
77280,0.0,3
77280,0.0,5
77288,1.0,16
77304,0.0,5
77320,0.0,5
77328,0.0,3
77344,0.0,3
77368,0.0,5
77384,0.0,5
77400,1.0,15
77408,0.0,5
77416,2.0,24
77416,1.0,17
77424,1.0,17
77424,0.0,5
77440,0.0,5
77448,0.0,5
77456,0.0,5
77456,2.0,30
77456,0.0,5
77464,0.0,5
77480,0.0,3
77480,0.0,3
77480,0.0,5
77520,0.0,5
77520,0.0,5
77544,0.0,3
77560,1.0,12
77584,0.0,5
77584,4.0,41
77600,0.0,5
77624,0.0,5
77624,0.0,5
77624,2.0,22
77640,2.0,23
77640,0.0,5
77640,2.0,27
77664,0.0,5
77664,0.0,5
77664,2.0,23
77680,0.0,5
77680,0.0,5
77680,0.0,5
77704,0.0,5
77704,0.0,5
77720,0.0,5
77720,0.0,5
77744,0.0,3
77744,0.0,5
77760,0.0,5
77760,3.0,30
77784,0.0,5
77784,0.0,5
77800,1.0,17
77800,0.0,5
77800,0.0,5
77816,1.0,17
77824,0.0,5
77824,0.0,5
77840,2.0,27
77840,0.0,5
77840,0.0,5
77840,0.0,5
77848,0.0,3
77880,0.0,5
77880,0.0,5
77880,0.0,5
77880,0.0,5
77888,2.0,23
77904,0.0,3
77920,0.0,5
77920,0.0,5
77928,0.0,5
77944,0.0,5
77952,1.0,17
77960,0.0,5
77960,0.0,5
77968,0.0,5
77984,0.0,5
77992,0.0,5
78000,0.0,5
78000,0.0,5
78008,2.0,23
78024,0.0,5
78032,0.0,5
78032,2.0,23
78040,0.0,5
78040,0.0,5
78064,0.0,5
78064,2.0,23
78072,0.0,5
78072,0.0,5
78080,0.0,5
78080,0.0,5
78104,1.0,17
78104,0.0,5
78112,0.0,5
78112,0.0,5
78120,0.0,5
78144,0.0,5
78144,1.0,17
78152,0.0,5
78152,0.0,5
78160,0.0,5
78184,0.0,5
78184,0.0,5
78192,0.0,5
78200,0.0,5
78200,1.0,12
78224,0.0,5
78224,0.0,5
78232,0.0,5
78248,0.0,3
78264,0.0,5
78272,0.0,5
78280,1.0,16
78312,0.0,5
78320,0.0,5
78328,1.0,16
78352,0.0,5
78360,0.0,5
78392,4.0,41
78392,0.0,5
78400,0.0,5
78408,4.0,41
78432,0.0,5
78432,0.0,5
78440,0.0,5
78448,0.0,5
78472,0.0,5
78472,0.0,5
78480,0.0,5
78488,0.0,5
78512,0.0,5
78512,0.0,5
78520,0.0,5
78528,4.0,41
78528,0.0,5
78568,2.0,30
78568,0.0,5
78576,4.0,41
78592,4.0,41
78608,1.0,12
78608,0.0,5
78608,1.0,12
78608,0.0,5
78616,0.0,5
78632,0.0,5
78648,0.0,5
78648,0.0,5
78648,0.0,5
78648,0.0,5
78656,1.0,17
78672,0.0,5
78680,0.0,3
78688,0.0,5
78712,0.0,5
78712,1.0,12
78720,0.0,5
78728,0.0,5
78744,1.0,12
78744,1.0,12
78752,0.0,5
78760,0.0,5
78760,2.0,29
78776,0.0,3
78784,0.0,5
78800,0.0,5
78800,0.0,5
78816,0.0,5
78824,0.0,5
78840,0.0,5
78840,1.0,16
78840,1.0,12
78864,0.0,5
78880,0.0,5
78888,0.0,3
78904,3.0,32
78912,2.0,23
78920,0.0,5
78928,0.0,5
78936,1.0,17
78944,0.0,5
78944,1.0,16
78960,0.0,5
78968,0.0,5
78968,1.0,16
78976,1.0,17
78984,0.0,5
78984,0.0,5
79000,0.0,5
79008,0.0,5
79016,0.0,5
79024,0.0,5
79040,0.0,5
79040,0.0,3
79048,0.0,5
79048,1.0,17
79064,0.0,5
79064,0.0,3
79072,1.0,17
79088,0.0,5
79088,0.0,3
79088,0.0,5
79104,0.0,5
79104,1.0,17
79112,0.0,5
79128,0.0,5
79128,0.0,5
79128,0.0,5
79136,1.0,12
79144,0.0,5
79144,0.0,5
79152,0.0,5
79168,0.0,5
79168,0.0,5
79168,0.0,5
79168,0.0,3
79176,0.0,5
79176,0.0,3
79184,0.0,5
79192,0.0,3
79192,0.0,3
79192,0.0,3
79192,0.0,3
79200,0.0,3
79200,0.0,3
79208,0.0,3
79216,2.0,29
79216,0.0,3
79224,0.0,3
79232,0.0,5
79232,0.0,5
79232,0.0,5
79240,0.0,3
79240,0.0,5
79248,0.0,5
79248,0.0,3
79256,0.0,3
79280,0.0,3
79280,0.0,5
79280,0.0,5
79288,0.0,5
79288,0.0,5
79312,0.0,3
79320,0.0,5
79320,0.0,5
79328,1.0,14
79352,0.0,5
79352,1.0,15
79360,0.0,5
79368,0.0,5
79392,0.0,5
79400,1.0,14
79408,1.0,16
79424,2.0,24
79424,0.0,3
79432,0.0,5
79432,0.0,3
79464,0.0,5
79528,2.0,21
79536,2.0,21
79544,1.0,14
79552,3.0,29
79552,0.0,3
79552,1.0,16
79560,1.0,16
79560,0.0,3
79576,1.0,14
79576,0.0,3
79576,0.0,3
79584,0.0,5
79584,0.0,3
79584,0.0,3
79592,0.0,5
79600,3.0,31
79600,0.0,3
79608,0.0,3
79616,0.0,3
79616,0.0,5
79616,0.0,5
79624,0.0,5
79640,0.0,3
79640,0.0,5
79640,0.0,5
79648,0.0,5
79656,0.0,5
79656,0.0,5
79680,0.0,5
79688,0.0,5
79696,0.0,5
79712,1.0,16
79736,0.0,3
79776,1.0,17
79800,0.0,3
79808,2.0,23
79840,0.0,5
79840,2.0,23
79848,0.0,5
79856,2.0,21
79864,1.0,16
79864,2.0,23
79864,0.0,3
79864,2.0,21
79880,0.0,3
79888,0.0,3
79888,0.0,3
79888,0.0,3
79888,0.0,5
79888,0.0,3
79904,0.0,3
79912,0.0,3
79928,0.0,5
79928,0.0,5
79928,0.0,5
79952,0.0,5
79968,4.0,41
79968,0.0,5
79968,0.0,5
79976,0.0,3
79992,0.0,3
80008,2.0,21
80008,0.0,5
80016,1.0,16
80016,0.0,5
80016,0.0,3
80032,0.0,3
80040,0.0,3
80056,0.0,3
80064,0.0,3
80088,1.0,15
80088,2.0,23
80096,0.0,5
80104,0.0,5
80112,0.0,3
80112,2.0,23
80128,0.0,5
80136,0.0,5
80136,0.0,3
80152,0.0,5
80160,0.0,3
80168,0.0,5
80176,0.0,3
80176,2.0,21
80184,2.0,21
80192,0.0,3
80192,2.0,22
80200,0.0,3
80200,0.0,5
80208,0.0,3
80216,0.0,3
80224,0.0,3
80232,0.0,5
80240,0.0,5
80248,1.0,14
80256,0.0,5
80264,0.0,5
80264,0.0,3
80272,0.0,3
80272,2.0,21
80272,0.0,5
80288,0.0,3
80296,0.0,3
80312,0.0,5
80312,0.0,3
80320,0.0,3
80336,0.0,3
80344,1.0,17
80360,2.0,23
80376,0.0,5
80384,0.0,5
80392,1.0,16
80416,0.0,3
80456,1.0,17
80488,2.0,22
80496,1.0,17
80528,0.0,5
80536,0.0,5
80544,1.0,16
80552,0.0,3
80560,2.0,23
80568,2.0,23
80568,4.0,39
80576,0.0,5
80584,1.0,16
80584,3.0,39
80584,0.0,5
80592,0.0,5
80600,0.0,5
80608,0.0,5
80608,0.0,5
80616,0.0,5
80616,0.0,3
80624,0.0,5
80624,0.0,5
80640,0.0,5
80648,0.0,5
80648,0.0,5
80656,0.0,5
80656,0.0,5
80664,0.0,5
80664,0.0,5
80680,0.0,3
80680,0.0,5
80688,0.0,5
80688,0.0,5
80696,0.0,5
80704,0.0,5
80704,0.0,5
80720,0.0,5
80720,1.0,17
80720,0.0,3
80728,0.0,5
80744,0.0,5
80744,0.0,5
80760,0.0,5
80760,0.0,5
80784,0.0,5
80784,0.0,5
80800,0.0,5
80800,0.0,5
80824,0.0,5
80824,0.0,5
80840,0.0,5
80840,0.0,5
80848,0.0,3
80864,0.0,5
80880,0.0,5
80880,0.0,5
80888,0.0,5
80904,0.0,3
80944,0.0,5
80960,1.0,12
80976,1.0,12
80984,1.0,12
80984,0.0,5
81000,0.0,5
81008,4.0,41
81016,0.0,5
81016,3.0,36
81016,4.0,41
81024,0.0,5
81024,0.0,5
81040,0.0,5
81048,0.0,3
81048,4.0,41
81064,0.0,5
81088,0.0,5
81088,0.0,5
81104,1.0,12
81112,1.0,12
81112,1.0,12
81128,0.0,5
81144,0.0,5
81152,1.0,17
81168,0.0,5
81184,0.0,5
81280,1.0,12
81280,2.0,27
81304,2.0,27
81304,2.0,24
81304,1.0,17
81312,3.0,34
81320,0.0,5
81344,0.0,5
81344,2.0,24
81344,0.0,5
81352,0.0,5
81376,1.0,12
81384,0.0,5
81400,1.0,12
81416,0.0,5
81440,4.0,41
81456,0.0,5
81472,1.0,15
81480,1.0,12
81496,0.0,5
81520,0.0,3
81520,0.0,5
81528,2.0,23
81560,0.0,5
81576,2.0,29
81584,1.0,18
81624,0.0,5
81680,4.0,45
81720,2.0,24
81720,0.0,5
81776,4.0,47
81800,4.0,41
81816,2.0,24
81816,1.0,12
81816,2.0,30
81856,0.0,5
81856,0.0,5
81880,4.0,45
81888,4.0,41
81896,1.0,12
81896,0.0,5
81912,1.0,12
81920,0.0,5
81936,0.0,5
81992,1.0,12
82008,1.0,15
82008,1.0,12
82016,1.0,12
82032,1.0,12
82048,0.0,5
82064,3.0,36
82080,4.0,45
82088,1.0,12
82104,0.0,5
82112,1.0,12
82128,1.0,12
82136,1.0,16
82152,0.0,5
82176,1.0,12
82184,1.0,12
82216,4.0,45
82216,0.0,5
82224,0.0,5
82240,2.0,24
82248,1.0,12
82256,0.0,5
82264,0.0,5
82264,1.0,17
82272,1.0,17
82280,0.0,5
82288,0.0,5
82296,0.0,5
82296,0.0,3
82304,0.0,5
82304,0.0,5
82320,0.0,5
82328,0.0,5
82336,0.0,5
82336,0.0,5
82344,0.0,5
82344,2.0,30
82376,0.0,5
82376,0.0,5
82384,0.0,5
82384,0.0,5
82416,0.0,5
82416,0.0,5
82424,0.0,5
82456,0.0,5
82456,2.0,30
82464,0.0,5
82488,2.0,23
82496,0.0,5
82496,0.0,5
82504,2.0,23
82504,0.0,5
82512,2.0,23
82528,0.0,5
82536,0.0,5
82536,0.0,5
82544,0.0,5
82552,0.0,5
82568,2.0,23
82568,0.0,5
82576,0.0,5
82576,0.0,5
82584,0.0,5
82592,0.0,5
82600,2.0,23
82608,0.0,5
82608,0.0,5
82616,0.0,5
82616,0.0,5
82624,0.0,3
82624,0.0,5
82632,0.0,5
82632,0.0,3
82648,0.0,5
82656,0.0,5
82656,0.0,5
82672,2.0,21
82672,0.0,5
82696,0.0,5
82696,0.0,5
82712,0.0,5
82712,0.0,5
82736,0.0,5
82736,0.0,5
82752,1.0,13
82752,0.0,5
82760,1.0,17
82776,0.0,5
82776,0.0,5
82792,2.0,21
82792,0.0,5
82792,0.0,5
82816,2.0,23
82832,0.0,5
82832,0.0,5
82832,0.0,5
82848,1.0,17
82872,0.0,5
82872,0.0,5
82888,0.0,5
82896,1.0,17
82912,0.0,5
82912,0.0,5
82928,0.0,5
82936,0.0,5
82952,1.0,17
82960,2.0,23
82960,2.0,23
82968,1.0,17
82968,0.0,5
82976,0.0,5
82992,0.0,5
83000,0.0,5
83000,0.0,5
83008,0.0,5
83008,0.0,5
83008,1.0,12
83016,0.0,5
83016,0.0,3
83040,0.0,5
83048,0.0,5
83048,0.0,5
83048,0.0,5
83056,0.0,5
83056,0.0,5
83088,0.0,5
83128,0.0,5
83136,1.0,17
83168,0.0,5
83176,0.0,5
83200,0.0,3
83200,3.0,36
83232,2.0,23
83232,2.0,24
83240,2.0,23
83240,0.0,5
83240,0.0,5
83240,2.0,23
83272,0.0,5
83272,0.0,5
83280,0.0,5
83280,0.0,5
83280,0.0,5
83312,0.0,5
83320,0.0,5
83320,0.0,5
83320,0.0,5
83352,2.0,23
83352,0.0,5
83360,0.0,5
83360,0.0,5
83376,3.0,41
83392,0.0,5
83392,0.0,5
83400,0.0,5
83400,0.0,5
83408,1.0,17
83416,0.0,5
83424,2.0,23
83432,0.0,5
83432,0.0,5
83440,0.0,5
83448,0.0,5
83456,0.0,5
83472,0.0,5
83480,0.0,5
83488,0.0,5
83504,2.0,23
83512,0.0,5
83520,0.0,5
83528,0.0,5
83544,0.0,5
83552,0.0,5
83560,1.0,17
83568,0.0,5
83568,1.0,17
83576,1.0,15
83584,2.0,23
83592,0.0,5
83600,0.0,5
83608,0.0,5
83608,0.0,5
83616,0.0,5
83624,0.0,5
83632,0.0,5
83640,0.0,5
83648,0.0,5
83648,0.0,5
83656,0.0,5
83664,1.0,15
83664,0.0,5
83680,0.0,5
83688,0.0,5
83688,0.0,5
83704,0.0,5
83704,2.0,23
83800,2.0,21
83824,2.0,21
83824,0.0,3
83848,0.0,3
83872,2.0,21
83888,0.0,5
83896,0.0,3
83928,2.0,28
83928,0.0,5
83960,1.0,17
83968,0.0,5
83992,1.0,12
83992,4.0,39
83992,4.0,41
84000,4.0,39
84000,4.0,39
84016,0.0,3
84024,0.0,3
84024,0.0,3
84032,0.0,5
84032,0.0,5
84056,1.0,12
84072,0.0,5
84096,0.0,3
84096,0.0,5
84112,1.0,12
84120,0.0,3
84120,1.0,12
84136,2.0,21
84152,0.0,5
84160,0.0,3
84168,1.0,17
84200,0.0,5
84216,1.0,12
84216,1.0,12
84216,2.0,24
84240,0.0,5
84240,4.0,39
84256,0.0,5
84264,1.0,12
84280,2.0,23
84280,0.0,5
84296,0.0,5
84304,0.0,5
84304,0.0,3
84312,1.0,12
84328,1.0,11
84344,0.0,5
84376,1.0,12
84384,0.0,5
84400,1.0,12
84408,1.0,12
84416,0.0,5
84424,1.0,12
84432,0.0,3
84464,4.0,39
84464,0.0,5
84480,1.0,12
84496,1.0,12
84504,0.0,5
84512,1.0,12
84520,0.0,5
84528,1.0,12
84536,0.0,5
84544,4.0,41
84552,0.0,5
84552,0.0,3
84560,0.0,5
84560,1.0,12
84576,0.0,5
84592,0.0,5
84592,0.0,5
84600,0.0,5
84600,0.0,5
84600,1.0,12
84608,4.0,39
84616,0.0,5
84624,0.0,3
84640,1.0,12
84640,0.0,5
84664,0.0,5
84680,0.0,5
84696,1.0,12
84704,1.0,12
84712,1.0,12
84736,0.0,5
84752,0.0,5
84760,1.0,12
84776,1.0,17
84776,1.0,12
84792,0.0,5
84800,1.0,12
84816,0.0,5
84824,0.0,3
84832,1.0,12
84832,0.0,5
84856,0.0,5
84864,0.0,5
84872,1.0,12
84872,0.0,5
84904,4.0,39
84904,4.0,39
84912,0.0,5
84928,1.0,12
84952,0.0,5
84952,1.0,12
84960,1.0,12
84968,1.0,12
84968,0.0,5
84992,0.0,5
85000,0.0,5
85000,1.0,12
85000,1.0,12
85008,0.0,5
85008,0.0,5
85032,0.0,5
85048,0.0,5
85088,4.0,41
85096,1.0,12
85096,1.0,12
85128,1.0,12
85136,0.0,5
85136,0.0,5
85136,1.0,17
85144,1.0,12
85168,0.0,5
85176,0.0,5
85176,0.0,5
85184,0.0,5
85216,0.0,5
85224,1.0,17
85232,1.0,12
85256,0.0,5
85272,1.0,12
85272,0.0,5
85280,1.0,12
85280,4.0,41
85312,0.0,5
85320,1.0,12
85336,4.0,41
85352,1.0,12
85368,1.0,12
85376,1.0,12
85376,0.0,5
85376,1.0,12
85408,1.0,12
85408,0.0,5
85416,1.0,12
85416,0.0,5
85448,0.0,5
85448,0.0,5
85456,0.0,5
85472,1.0,12
85488,0.0,5
85496,4.0,41
85496,0.0,5
85512,0.0,5
85512,1.0,12
85528,0.0,5
85536,2.0,23
85552,0.0,5
85552,0.0,5
85560,2.0,23
85568,0.0,5
85576,0.0,5
85576,1.0,16
85592,1.0,12
85592,0.0,5
85592,0.0,5
85608,0.0,5
85616,0.0,5
85632,0.0,5
85632,0.0,5
85648,0.0,5
85656,1.0,12
85672,1.0,12
85672,0.0,5
85672,0.0,5
85688,0.0,5
85696,0.0,5
85712,1.0,12
85712,0.0,5
85712,0.0,5
85728,0.0,5
85736,0.0,5
85752,0.0,5
85752,0.0,5
85768,1.0,12
85768,0.0,5
85776,0.0,5
85784,2.0,24
85792,0.0,5
85808,1.0,12
85816,0.0,5
85824,4.0,41
85832,0.0,5
85864,1.0,12
85864,1.0,12
85872,0.0,5
85880,1.0,12
85904,0.0,5
85904,1.0,12
85904,0.0,5
85920,0.0,5
85944,0.0,5
85944,0.0,5
85960,0.0,5
85960,1.0,17
85984,0.0,5
85984,0.0,3
85984,0.0,5
86000,2.0,23
86024,0.0,5
86024,0.0,5
86024,0.0,5
86040,0.0,5
86056,1.0,12
86056,2.0,23
86064,4.0,39
86096,0.0,5
86096,0.0,5
86104,0.0,5
86120,1.0,12
86120,1.0,12
86128,2.0,28
86136,0.0,5
86144,0.0,5
86160,0.0,5
86168,0.0,5
86184,0.0,5
86200,2.0,20
86208,0.0,5
86216,1.0,12
86248,0.0,5
86256,0.0,5
86256,2.0,20
86296,2.0,20
86296,1.0,12
86296,0.0,5
86336,4.0,39
86344,1.0,12
86344,2.0,20
86352,1.0,12
86376,0.0,5
86392,1.0,12
86392,0.0,5
86392,1.0,12
86432,0.0,5
86440,1.0,12
86472,0.0,5
86480,2.0,23
86480,0.0,5
86488,4.0,41
86488,1.0,12
86520,0.0,5
86568,1.0,12
86576,1.0,12
86584,1.0,12
86584,2.0,24
86592,1.0,13
86608,0.0,5
86616,1.0,12
86624,0.0,5
86624,0.0,5
86632,0.0,5
86656,0.0,5
86664,0.0,5
86672,1.0,12
86672,4.0,41
86696,0.0,5
86704,0.0,5
86712,0.0,5
86712,0.0,5
86736,4.0,45
86736,0.0,5
86760,1.0,17
86776,0.0,5
86800,1.0,12
86800,2.0,24
86808,1.0,12
86816,0.0,5
86840,0.0,5
86840,0.0,5
86848,1.0,17
86848,0.0,5
86856,1.0,12
86864,0.0,3
86888,0.0,5
86912,0.0,3
86920,2.0,23
86936,1.0,12
86944,1.0,12
86960,4.0,41
86976,0.0,5
87008,1.0,12
87016,1.0,12
87024,2.0,20
87032,0.0,3
87040,1.0,12
87056,0.0,3
87064,0.0,5
87072,1.0,12
87080,0.0,5
87096,0.0,5
87104,0.0,3
87112,1.0,12
87112,0.0,5
87120,2.0,20
87144,0.0,5
87144,4.0,41
87152,0.0,5
87160,0.0,5
87168,0.0,3
87184,4.0,41
87192,0.0,5
87192,1.0,12
87224,0.0,5
87232,0.0,5
87232,2.0,21
87256,1.0,12
87264,0.0,5
87272,0.0,5
87272,0.0,5
87296,0.0,5
87296,0.0,3
87304,1.0,17
87312,0.0,5
87320,0.0,3
87344,0.0,5
87352,0.0,5
87360,2.0,21
87360,0.0,5
87368,2.0,28
87368,0.0,3
87376,0.0,3
87384,0.0,3
87400,1.0,17
87408,0.0,3
87408,0.0,5
87416,0.0,5
87424,0.0,3
87424,4.0,39
87432,0.0,3
87440,0.0,4
87440,0.0,3
87456,0.0,3
87464,0.0,5
87464,2.0,21
87480,0.0,5
87480,0.0,5
87488,0.0,3
87504,0.0,5
87512,0.0,3
87520,0.0,5
87528,0.0,3
87528,2.0,21
87544,1.0,15
87544,2.0,22
87552,0.0,3
87552,0.0,5
87552,0.0,3
87576,0.0,3
87576,0.0,3
87584,0.0,5
87584,0.0,5
87592,0.0,5
87608,0.0,3
87616,0.0,5
87632,0.0,3
87640,2.0,23
87656,0.0,5
87664,0.0,3
87688,2.0,21
87688,0.0,3
87696,0.0,5
87728,0.0,5
87760,2.0,23
87760,2.0,21
87784,0.0,3
87784,0.0,3
87784,1.0,12
87792,3.0,39
87808,2.0,22
87824,0.0,5
87824,0.0,5
87832,0.0,5
87848,1.0,15
87848,0.0,5
87856,3.0,34
87864,0.0,5
87864,2.0,21
87864,0.0,5
87872,0.0,5
87888,0.0,5
87888,0.0,5
87896,0.0,5
87904,0.0,5
87904,0.0,5
87920,1.0,17
87928,0.0,5
87928,0.0,5
87944,0.0,5
87944,0.0,5
87960,0.0,5
87968,0.0,5
87968,0.0,5
87984,0.0,5
87984,0.0,5
88000,0.0,5
88008,1.0,17
88008,0.0,5
88008,0.0,5
88024,0.0,5
88024,0.0,5
88032,1.0,17
88040,0.0,5
88048,0.0,5
88048,0.0,5
88048,0.0,5
88048,2.0,23
88064,0.0,5
88064,0.0,5
88072,0.0,5
88072,0.0,3
88080,0.0,5
88088,0.0,5
88088,0.0,5
88104,0.0,5
88112,0.0,5
88128,0.0,5
88128,0.0,5
88152,0.0,5
88168,0.0,5
88192,0.0,5
88208,0.0,5
88248,2.0,23
88248,0.0,5
88256,2.0,23
88288,0.0,5
88288,0.0,5
88296,0.0,5
88312,2.0,23
88328,0.0,5
88336,3.0,36
88336,0.0,5
88352,0.0,5
88368,3.0,36
88368,0.0,5
88376,0.0,5
88376,0.0,5
88376,2.0,23
88392,0.0,5
88392,3.0,36
88416,0.0,5
88416,0.0,5
88456,0.0,5
88456,0.0,5
88472,2.0,23
88496,0.0,5
88496,0.0,5
88504,1.0,17
88504,1.0,17
88512,1.0,17
88536,0.0,5
88536,0.0,5
88544,0.0,5
88544,0.0,5
88552,0.0,5
88576,0.0,5
88576,2.0,23
88576,0.0,5
88584,0.0,5
88608,1.0,17
88616,0.0,5
88616,0.0,5
88616,0.0,5
88624,0.0,5
88648,0.0,5
88656,0.0,5
88656,0.0,5
88656,0.0,5
88664,0.0,5
88672,1.0,15
88688,0.0,5
88696,0.0,5
88696,0.0,5
88696,0.0,5
88704,0.0,5
88712,0.0,5
88720,3.0,41
88728,2.0,23
88728,0.0,5
88736,0.0,5
88736,0.0,5
88736,0.0,5
88744,0.0,5
88752,0.0,5
88760,0.0,5
88776,0.0,5
88776,0.0,5
88776,0.0,5
88784,0.0,5
88792,0.0,5
88800,0.0,5
88824,1.0,12
88888,1.0,12
88912,2.0,23
88936,1.0,17
88952,1.0,16
88952,0.0,5
88968,2.0,24
88976,2.0,24
88992,0.0,5
89048,1.0,12
89072,1.0,12
89088,1.0,12
89096,2.0,20
89104,4.0,41
89104,4.0,41
89144,1.0,12
89160,2.0,24
89168,1.0,12
89184,1.0,12
89200,1.0,12
89208,0.0,5
89224,0.0,5
89248,4.0,45
89256,1.0,12
89264,0.0,5
89288,0.0,5
89296,1.0,12
89304,1.0,12
89328,0.0,5
89360,1.0,12
89360,1.0,13
89384,3.0,35
89400,1.0,12
89400,0.0,5
89424,1.0,12
89456,4.0,45
89456,1.0,12
89464,0.0,5
89480,1.0,12
89480,2.0,23
89496,1.0,12
89496,0.0,5
89496,1.0,12
89504,4.0,45
89504,0.0,5
89536,0.0,5
89536,0.0,5
89544,0.0,5
89552,1.0,12
89576,0.0,5
89576,1.0,12
89576,1.0,12
89592,1.0,12
89600,0.0,3
89616,0.0,5
89632,1.0,12
89632,0.0,5
89640,1.0,12
89672,0.0,5
89688,2.0,23
89696,1.0,12
89712,0.0,5
89712,1.0,12
89728,1.0,12
89736,0.0,5
89784,1.0,12
89824,1.0,12
89832,2.0,24
89832,1.0,12
89840,3.0,36
89848,1.0,17
89856,0.0,3
89864,0.0,3
89880,1.0,12
89880,0.0,3
89904,4.0,41
89920,0.0,5
89928,0.0,3
89928,1.0,13
89928,2.0,27
89952,0.0,3
89960,1.0,16
89968,0.0,5
89968,0.0,5
89976,0.0,3
90000,0.0,5
90000,0.0,3
90016,1.0,17
90032,2.0,23
90040,0.0,3
90040,0.0,5
90048,2.0,23
90072,0.0,3
90072,0.0,5
90080,0.0,5
90080,0.0,5
90088,1.0,15
90112,0.0,5
90120,0.0,5
90128,0.0,5
90152,0.0,5
90168,0.0,5
90192,0.0,5
90208,1.0,17
90248,0.0,5
90248,3.0,41
90264,2.0,23
90272,0.0,3
90272,3.0,34
90280,4.0,39
90288,0.0,5
90304,0.0,5
90312,0.0,5
90416,1.0,17
90416,1.0,16
90440,1.0,17
90448,4.0,41
90464,2.0,24
90496,4.0,41
90504,2.0,24
90504,0.0,5
90512,1.0,12
90512,1.0,12
90520,4.0,41
90536,0.0,5
90600,1.0,12
90600,1.0,12
90608,1.0,12
90640,2.0,24
90648,1.0,17
90712,2.0,24
90728,2.0,24
90736,1.0,12
90768,3.0,41
90800,2.0,25
90808,1.0,12
90848,0.0,5
90864,1.0,12
90888,0.0,5
90896,1.0,12
90928,4.0,41
90968,0.0,5
90968,4.0,45
90992,1.0,12
91008,0.0,5
91008,4.0,45
91056,3.0,40
91064,1.0,12
91104,1.0,12
91104,1.0,12
91136,5.0,51
91144,0.0,5
91152,1.0,12
91200,1.0,12
91232,4.0,46
91296,5.0,51
91304,2.0,30
91312,3.0,40
91320,0.0,3
91336,0.0,3
91368,1.0,17
91376,2.0,30
91392,2.0,30
91400,0.0,3
91424,0.0,3
91432,1.0,12
91464,3.0,40
91472,0.0,5
91496,3.0,37
91536,2.0,29
91552,2.0,29
91568,1.0,12
91592,1.0,12
91608,2.0,23
91632,1.0,12
91632,2.0,30
91704,3.0,42
91728,1.0,12
91768,0.0,5
91792,2.0,30
91800,3.0,42
91808,0.0,5
91832,0.0,5
91840,0.0,5
91848,0.0,5
91888,0.0,5
91928,4.0,45
91928,1.0,12
91952,4.0,45
91968,0.0,5
91968,4.0,45
91984,1.0,12
91992,4.0,45
91992,0.0,5
92024,1.0,12
92064,1.0,12
92064,1.0,12
92064,4.0,45
92072,1.0,10
92088,2.0,31
92088,0.0,3
92088,1.0,12
92112,0.0,3
92120,1.0,12
92160,1.0,12
92160,1.0,12
92160,0.0,5
92168,1.0,12
92200,0.0,5
92208,1.0,12
92256,2.0,21
92280,2.0,24
92296,1.0,12
92320,0.0,5
92344,4.0,45
92352,1.0,12
92408,2.0,30
92416,1.0,12
92440,1.0,12
92448,3.0,36
92488,4.0,41
92512,1.0,12
92536,4.0,41
92544,1.0,12
92552,0.0,5
92592,0.0,5
92632,0.0,5
92640,1.0,12
92656,4.0,45
92680,0.0,3
92680,2.0,30
92696,2.0,20
92712,4.0,45
92728,1.0,12
92736,0.0,5
92736,4.0,41
92776,1.0,12
92776,1.0,12
92776,0.0,5
92816,0.0,5
92824,1.0,12
92832,1.0,15
92832,1.0,12
92848,4.0,45
92872,0.0,5
92872,1.0,12
92920,1.0,12
92928,1.0,12
92944,1.0,12
92968,1.0,12
92968,4.0,41
93016,1.0,12
93024,1.0,12
93040,1.0,12
93064,1.0,12
93064,1.0,12
93080,0.0,5
93104,4.0,41
93104,0.0,5
93112,1.0,12
93144,0.0,5
93144,0.0,5
93176,4.0,45
93176,1.0,12
93184,0.0,5
93216,1.0,13
93216,0.0,5
93232,4.0,45
93240,1.0,12
93272,1.0,12
93280,1.0,12
93280,0.0,5
93312,1.0,12
93328,1.0,12
93344,1.0,16
93352,4.0,41
93352,3.0,36
93352,0.0,5
93368,1.0,12
93376,1.0,12
93376,1.0,12
93392,0.0,5
93392,0.0,5
93392,0.0,5
93408,0.0,5
93416,0.0,5
93416,0.0,5
93440,1.0,12
93456,0.0,5
93480,1.0,11
93488,1.0,12
93496,0.0,5
93568,2.0,30
93576,1.0,12
93584,2.0,24
93592,1.0,12
93608,0.0,5
93632,2.0,24
93648,0.0,5
93648,2.0,30
93648,2.0,29
93672,1.0,12
93680,1.0,12
93744,1.0,12
93768,1.0,12
93784,1.0,17
93832,2.0,23
93896,1.0,16
93896,5.0,51
93920,2.0,30
93920,0.0,3
93928,1.0,12
93976,2.0,24
93992,1.0,12
94000,5.0,51
94000,0.0,3
94008,4.0,47
94016,1.0,12
94024,1.0,12
94096,1.0,12
94096,1.0,12
94112,1.0,12
94136,0.0,5
94136,0.0,3
94144,2.0,28
94152,1.0,18
94152,5.0,51
94176,2.0,23
94248,1.0,12
94264,1.0,16
94280,2.0,23
94288,0.0,3
94288,0.0,5
94328,0.0,5
94328,0.0,5
94336,2.0,24
94352,4.0,41
94368,2.0,24
94376,1.0,12
94392,2.0,30
94488,1.0,17
94496,4.0,45
94512,1.0,17
94552,2.0,23
94576,2.0,23
94584,1.0,12
94592,1.0,12
94608,1.0,12
94656,4.0,41
94672,3.0,42
94672,1.0,12
94680,1.0,12
94688,4.0,45
94688,1.0,12
94712,0.0,5
94752,1.0,12
94768,1.0,12
94776,1.0,12
94784,1.0,12
94784,1.0,12
94792,2.0,23
94808,1.0,12
94872,3.0,40
94872,1.0,12
94888,1.0,12
94888,1.0,13
94904,1.0,12
94928,0.0,5
94968,0.0,5
94968,1.0,12
94968,2.0,23
95000,1.0,12
95008,0.0,5
95008,0.0,5
95040,0.0,5
95072,3.0,40
95104,1.0,12
95128,4.0,45
95136,1.0,12
95144,0.0,5
95168,0.0,5
95176,0.0,5
95184,0.0,5
95192,2.0,23
95208,1.0,17
95232,0.0,5
95232,4.0,45
95248,4.0,45
95264,1.0,12
95272,0.0,5
95280,1.0,12
95304,3.0,42
95304,1.0,12
95312,0.0,5
95344,0.0,5
95344,1.0,12
95352,0.0,5
95360,1.0,12
95368,1.0,17
95376,1.0,12
95400,1.0,12
95440,1.0,12
95440,1.0,12
95448,1.0,12
95456,1.0,12
95472,1.0,12
95496,1.0,12
95512,0.0,5
95536,1.0,12
95536,4.0,45
95544,1.0,12
95592,1.0,12
95608,1.0,12
95624,2.0,23
95632,1.0,12
95632,1.0,12
95640,1.0,12
95672,0.0,5
95672,0.0,5
95696,3.0,41
95696,0.0,3
95720,1.0,12
95736,1.0,12
95768,1.0,12
95776,3.0,40
95784,2.0,24
95800,2.0,24
95832,1.0,17
95832,1.0,12
95864,1.0,12
95872,0.0,5
95888,2.0,24
95928,1.0,12
95960,1.0,12
95968,1.0,12
95968,2.0,23
95984,2.0,23
95984,0.0,3
95992,0.0,3
96008,0.0,3
96024,1.0,12
96032,0.0,5
96064,2.0,22
96064,1.0,12
96080,1.0,12
96104,1.0,12
96112,3.0,42
96120,1.0,12
96128,0.0,3
96128,5.0,51
96144,1.0,10
96144,0.0,3
96152,0.0,3
96160,1.0,12
96208,1.0,12
96216,2.0,23
96216,1.0,17
96232,0.0,3
96240,1.0,12
96248,1.0,12
96272,0.0,3
96312,2.0,23
96336,1.0,12
96336,2.0,24
96352,1.0,17
96400,2.0,23
96408,1.0,12
96416,2.0,23
96456,0.0,5
96480,3.0,40
96512,2.0,30
96520,2.0,23
96536,1.0,17
96544,1.0,17
96552,0.0,5
96560,0.0,5
96616,1.0,17
96632,1.0,12
96640,3.0,38
96656,1.0,12
96672,0.0,5
96672,3.0,40
96680,0.0,5
96680,1.0,17
96680,2.0,28
96712,0.0,5
96720,0.0,5
96720,0.0,5
96752,0.0,5
96760,1.0,18
96776,2.0,28
96792,0.0,5
96816,1.0,12
96816,1.0,17
96856,2.0,23
96856,0.0,5
96856,1.0,17
96896,0.0,5
96952,3.0,37
96952,1.0,12
96952,1.0,12
96968,2.0,24
96992,0.0,5
97008,2.0,24
97016,0.0,3
97048,3.0,36
97064,1.0,12
97088,1.0,17
97104,1.0,12
97104,0.0,5
97120,4.0,41
97128,0.0,5
97144,1.0,12
97144,1.0,16
97144,0.0,5
97200,1.0,12
97216,1.0,12
97224,1.0,12
97224,4.0,41
97240,0.0,5
97240,1.0,12
97264,0.0,5
97280,0.0,5
97280,4.0,41
97280,0.0,5
97304,0.0,5
97312,1.0,12
97320,1.0,12
97336,2.0,24
97376,1.0,12
97376,1.0,12
97400,1.0,12
97416,1.0,12
97416,0.0,5
97432,1.0,12
97456,0.0,5
97472,4.0,41
97472,2.0,24
97472,1.0,12
97496,1.0,12
97512,1.0,12
97544,2.0,29
97568,0.0,3
97568,1.0,12
97568,1.0,17
97568,1.0,12
97568,1.0,12
97592,0.0,3
97592,1.0,12
97608,0.0,5
97608,1.0,12
97648,0.0,5
97664,1.0,12
97664,1.0,12
97688,1.0,12
97744,1.0,17
97744,1.0,12
97760,1.0,12
97784,4.0,41
97784,0.0,5
97824,0.0,5
97840,1.0,12
97856,2.0,24
97880,1.0,12
97880,0.0,5
97896,3.0,41
97920,0.0,5
97920,1.0,12
97920,4.0,41
97944,2.0,23
97952,1.0,12
97976,3.0,36
97976,1.0,12
97984,0.0,5
97992,1.0,12
98016,1.0,12
98016,0.0,3
98016,0.0,5
98024,0.0,5
98064,0.0,5
98072,1.0,12
98112,2.0,24
98152,1.0,17
98192,0.0,5
98208,1.0,12
98232,0.0,5
98240,3.0,40
98264,2.0,24
98312,4.0,45
98360,1.0,15
98368,1.0,13
98376,4.0,45
98376,4.0,45
98384,3.0,40
98408,1.0,12
98472,1.0,12
98472,1.0,12
98480,1.0,12
98488,1.0,10
98512,0.0,5
98520,3.0,36
98528,0.0,5
98536,4.0,41
98552,2.0,24
98568,1.0,12
98608,1.0,10
98608,1.0,12
98648,1.0,12
98656,3.0,36
98664,1.0,12
98664,2.0,23
98672,1.0,17
98680,0.0,3
98704,1.0,12
98704,1.0,12
98712,2.0,24
98744,1.0,12
98760,1.0,12
98768,1.0,12
98776,1.0,12
98800,1.0,12
98840,1.0,12
98856,1.0,12
98864,1.0,12
98872,1.0,12
98888,2.0,23
98896,1.0,12
98896,0.0,5
98904,0.0,5
98936,0.0,5
98936,1.0,12
98984,1.0,12
98992,4.0,41
98992,1.0,12
99008,1.0,17
99032,0.0,5
99040,1.0,13
99040,1.0,13
99056,3.0,43
99088,1.0,12
99096,0.0,5
99120,1.0,17
99136,1.0,12
99136,0.0,5
99184,1.0,12
99200,2.0,24
99216,2.0,23
99224,3.0,40
99224,1.0,13
99232,1.0,12
99232,1.0,12
99256,0.0,5
99264,0.0,5
99272,0.0,5
99272,0.0,5
99280,1.0,12
99296,1.0,12
99368,4.0,41
99384,1.0,13
99408,1.0,17
99480,1.0,12
99496,2.0,28
99504,1.0,17
99504,0.0,3
99512,3.0,36
99544,1.0,17
99552,3.0,32
99592,1.0,12
99592,0.0,5
99600,1.0,12
99608,1.0,12
99616,4.0,45
99624,4.0,45
99640,1.0,17
99648,0.0,5
99680,0.0,5
99688,1.0,12
99696,1.0,12
99736,2.0,24
99744,1.0,12
99752,1.0,17
99784,1.0,12
99792,1.0,12
99840,2.0,27
99872,2.0,24
99880,1.0,12
99888,1.0,12
99912,3.0,40
99912,0.0,5
99928,0.0,5
99968,0.0,5
99976,1.0,12
