timesteps,reward,episode_length
40,0.0,5
40,0.0,5
40,0.0,5
40,0.0,5
40,0.0,5
40,0.0,5
64,0.0,3
80,0.0,5
80,0.0,5
128,1.0,16
128,1.0,16
152,0.0,3
152,1.0,14
152,1.0,14
152,1.0,14
168,0.0,5
184,0.0,4
192,1.0,14
192,0.0,5
192,0.0,5
192,0.0,5
208,1.0,16
216,0.0,3
224,0.0,5
232,0.0,5
232,0.0,5
232,0.0,5
240,0.0,3
264,0.0,5
272,0.0,5
280,0.0,5
304,0.0,5
312,0.0,5
320,0.0,5
328,1.0,15
344,0.0,5
352,2.0,23
352,1.0,15
360,1.0,16
368,0.0,5
392,0.0,5
392,0.0,5
392,3.0,41
400,0.0,5
408,0.0,5
424,1.0,14
432,1.0,14
432,0.0,5
440,0.0,5
448,0.0,5
456,0.0,3
464,0.0,5
472,0.0,5
480,0.0,3
488,0.0,5
488,1.0,12
488,1.0,12
504,0.0,5
504,0.0,3
512,2.0,21
528,0.0,5
528,0.0,5
528,0.0,5
536,0.0,3
536,1.0,12
544,0.0,5
544,0.0,5
560,0.0,3
568,0.0,5
568,0.0,5
576,0.0,5
584,0.0,5
600,1.0,16
608,0.0,5
608,0.0,5
616,0.0,5
640,0.0,5
640,1.0,14
648,0.0,5
648,0.0,5
656,0.0,5
664,0.0,3
680,0.0,5
688,0.0,5
688,1.0,16
688,0.0,5
712,1.0,16
720,0.0,5
728,0.0,5
728,2.0,23
752,0.0,3
752,0.0,5
768,1.0,14
768,0.0,5
776,0.0,3
784,1.0,12
792,1.0,16
792,0.0,3
792,0.0,5
808,0.0,5
816,0.0,3
816,0.0,3
824,0.0,5
832,1.0,14
848,0.0,5
856,2.0,21
856,0.0,5
856,0.0,5
872,0.0,5
896,0.0,5
896,0.0,5
912,0.0,5
920,1.0,16
936,0.0,5
936,1.0,14
944,0.0,3
952,0.0,5
960,0.0,3
968,1.0,14
976,1.0,16
976,0.0,5
984,0.0,5
992,1.0,12
1000,0.0,5
1008,0.0,5
1024,0.0,5
1032,0.0,5
1040,0.0,5
1048,0.0,5
1064,3.0,36
1064,0.0,5
1072,0.0,5
1080,0.0,5
1088,0.0,5
1104,0.0,5
1112,0.0,5
1120,2.0,21
1120,0.0,5
1144,0.0,5
1152,0.0,5
1160,2.0,23
1160,2.0,23
1160,0.0,5
1200,0.0,5
1200,1.0,17
1240,0.0,5
1256,1.0,14
1264,1.0,14
1280,0.0,5
1280,1.0,15
1288,2.0,21
1296,1.0,17
1296,0.0,5
1304,0.0,5
1320,0.0,5
1328,0.0,5
1336,0.0,5
1336,0.0,5
1344,0.0,3
1344,0.0,5
1368,0.0,5
1376,0.0,5
1376,0.0,5
1384,0.0,5
1384,0.0,5
1408,0.0,5
1416,0.0,5
1416,4.0,41
1424,0.0,5
1432,2.0,29
1456,0.0,3
1464,2.0,23
1464,0.0,5
1472,1.0,12
1496,0.0,5
1504,0.0,5
1512,0.0,5
1528,1.0,14
1536,0.0,5
1552,2.0,21
1552,1.0,17
1552,0.0,5
1560,1.0,12
1568,0.0,5
1576,0.0,3
1576,0.0,3
1576,0.0,5
1592,0.0,3
1592,2.0,23
1600,0.0,3
1616,0.0,5
1616,0.0,5
1616,0.0,3
1632,1.0,16
1640,0.0,5
1648,1.0,12
1656,0.0,5
1656,0.0,5
1656,0.0,5
1680,0.0,5
1688,0.0,5
1696,0.0,5
1704,1.0,18
1728,0.0,3
1728,1.0,12
1728,0.0,5
1752,1.0,12
1768,1.0,14
1768,0.0,5
1768,0.0,5
1776,0.0,3
1792,0.0,3
1808,0.0,5
1816,0.0,5
1832,0.0,5
1856,0.0,5
1864,2.0,23
1880,1.0,14
1896,2.0,21
1904,0.0,5
1904,0.0,3
1920,4.0,41
1920,2.0,28
1944,0.0,3
1944,0.0,5
1960,1.0,16
1960,0.0,5
1976,2.0,21
1984,0.0,5
2000,0.0,5
2016,0.0,5
2024,0.0,5
2024,2.0,21
2032,1.0,17
2040,1.0,17
2048,0.0,3
2056,0.0,3
2064,0.0,5
2072,1.0,16
2072,0.0,3
2096,0.0,3
2104,0.0,5
2112,0.0,5
2120,0.0,3
2144,2.0,23
2152,1.0,17
2152,0.0,5
2160,0.0,5
2184,0.0,3
2184,0.0,5
2192,0.0,5
2192,0.0,5
2208,0.0,3
2224,2.0,28
2232,0.0,5
2232,0.0,5
2240,2.0,23
2248,0.0,3
2248,0.0,5
2272,0.0,5
2272,2.0,29
2288,0.0,5
2304,1.0,15
2312,0.0,5
2312,0.0,5
2328,0.0,5
2336,1.0,12
2344,0.0,5
2352,0.0,5
2368,0.0,5
2368,0.0,3
2376,1.0,16
2376,0.0,5
2400,2.0,21
2408,0.0,5
2408,0.0,5
2416,0.0,5
2432,4.0,41
2448,0.0,5
2448,0.0,5
2456,0.0,5
2472,0.0,5
2488,0.0,5
2496,0.0,5
2520,2.0,21
2528,0.0,5
2536,0.0,5
2536,1.0,17
2536,2.0,20
2560,0.0,5
2560,1.0,14
2576,0.0,5
2584,3.0,34
2600,1.0,16
2600,0.0,5
2616,0.0,5
2624,0.0,5
2632,1.0,12
2640,1.0,14
2640,0.0,5
2656,0.0,5
2664,1.0,16
2664,0.0,5
2672,0.0,5
2680,0.0,5
2680,0.0,5
2696,1.0,17
2696,0.0,5
2704,0.0,5
2712,0.0,5
2720,0.0,5
2736,0.0,5
2736,0.0,5
2752,0.0,5
2760,0.0,5
2776,0.0,3
2776,0.0,5
2776,0.0,5
2784,1.0,15
2800,1.0,12
2800,0.0,3
2800,1.0,15
2816,0.0,5
2824,0.0,5
2840,0.0,5
2840,0.0,5
2856,0.0,5
2864,0.0,5
2880,0.0,5
2880,0.0,5
2896,1.0,12
2896,0.0,5
2904,0.0,5
2920,0.0,5
2928,0.0,3
2928,3.0,41
2936,0.0,5
2936,0.0,5
2952,0.0,3
2960,0.0,5
2960,2.0,23
2968,0.0,5
2976,0.0,5
2984,0.0,3
2992,1.0,14
3000,0.0,5
3016,0.0,5
3032,0.0,5
3040,0.0,5
3056,0.0,5
3072,1.0,17
3072,1.0,15
3080,0.0,5
3080,0.0,3
3088,4.0,41
3096,1.0,16
3096,0.0,3
3104,0.0,3
3104,0.0,3
3112,0.0,3
3136,0.0,3
3136,0.0,5
3144,0.0,5
3144,0.0,5
3168,1.0,17
3176,0.0,5
3176,2.0,24
3176,0.0,5
3200,0.0,3
3208,0.0,5
3216,0.0,5
3216,0.0,5
3240,0.0,5
3248,0.0,5
3256,0.0,5
3288,0.0,5
3288,2.0,24
3296,0.0,5
3312,2.0,21
3320,3.0,31
3328,2.0,23
3328,0.0,5
3328,0.0,5
3336,1.0,15
3336,0.0,5
3352,1.0,14
3352,0.0,5
3360,0.0,5
3368,0.0,5
3368,0.0,5
3376,0.0,5
3376,0.0,5
3384,0.0,3
3392,0.0,5
3392,0.0,5
3408,0.0,5
3416,0.0,5
3416,0.0,5
3424,0.0,5
3432,0.0,5
3440,0.0,3
3448,0.0,5
3456,1.0,16
3464,0.0,5
3472,0.0,5
3480,0.0,5
3496,0.0,5
3504,0.0,5
3512,1.0,15
3512,0.0,5
3520,0.0,5
3536,0.0,5
3536,2.0,21
3544,0.0,5
3544,1.0,12
3544,1.0,16
3552,0.0,5
3560,0.0,5
3576,0.0,5
3576,0.0,3
3584,0.0,5
3584,0.0,5
3584,0.0,5
3600,0.0,5
3616,0.0,5
3616,0.0,5
3624,0.0,5
3624,0.0,5
3632,1.0,12
3640,0.0,5
3648,1.0,17
3656,0.0,3
3656,0.0,5
3656,0.0,5
3664,0.0,5
3664,0.0,5
3680,0.0,3
3688,0.0,5
3696,0.0,5
3696,0.0,5
3704,0.0,5
3704,0.0,5
3720,0.0,5
3728,0.0,5
3736,0.0,5
3744,0.0,3
3744,0.0,5
3744,0.0,5
3768,0.0,5
3776,0.0,5
3784,0.0,5
3784,0.0,5
3784,0.0,5
3816,2.0,29
3824,0.0,5
3824,0.0,5
3824,0.0,5
3824,2.0,23
3864,0.0,5
3864,0.0,5
3864,0.0,5
3864,0.0,5
3896,1.0,16
3904,0.0,5
3904,0.0,5
3904,0.0,5
3936,0.0,5
3936,1.0,15
3944,0.0,5
3944,0.0,5
3976,0.0,5
3984,0.0,5
4000,2.0,28
4016,0.0,5
4016,1.0,14
4024,0.0,3
4040,0.0,3
4048,2.0,23
4056,0.0,5
4056,5.0,45
4056,1.0,14
4064,0.0,5
4072,0.0,3
4080,0.0,5
4096,0.0,5
4096,0.0,5
4096,0.0,5
4104,0.0,5
4112,0.0,5
4120,2.0,23
4120,0.0,5
4136,0.0,5
4136,0.0,5
4136,0.0,5
4144,0.0,5
4152,2.0,21
4152,0.0,5
4168,0.0,3
4176,0.0,5
4176,0.0,3
4176,0.0,5
4176,0.0,5
4208,0.0,5
4216,0.0,5
4216,1.0,12
4216,0.0,5
4216,0.0,5
4232,1.0,14
4248,0.0,5
4256,0.0,5
4256,0.0,5
4272,1.0,15
4272,0.0,5
4280,0.0,3
4288,0.0,5
4296,0.0,5
4304,1.0,16
4312,0.0,5
4312,0.0,5
4320,0.0,5
4328,0.0,5
4336,0.0,5
4344,0.0,5
4352,0.0,5
4352,0.0,5
4368,0.0,5
4376,0.0,5
4384,2.0,21
4384,0.0,5
4392,0.0,5
4400,2.0,23
4408,0.0,3
4424,0.0,5
4432,0.0,3
4448,1.0,16
4464,0.0,5
4464,1.0,14
4472,0.0,5
4472,1.0,12
4488,0.0,5
4496,1.0,12
4504,0.0,5
4504,1.0,14
4528,0.0,3
4536,0.0,5
4544,0.0,5
4552,2.0,23
4568,0.0,5
4584,1.0,14
4584,0.0,5
4592,0.0,5
4608,0.0,5
4624,0.0,5
4624,0.0,5
4624,1.0,17
4648,2.0,23
4664,0.0,5
4664,0.0,5
4672,1.0,17
4688,0.0,5
4712,0.0,5
4712,1.0,15
4728,0.0,5
4752,0.0,5
4760,3.0,36
4760,1.0,12
4768,0.0,5
4784,1.0,15
4784,0.0,3
4792,2.0,23
4800,0.0,5
4808,0.0,5
4808,2.0,23
4824,0.0,5
4824,0.0,5
4832,0.0,3
4832,0.0,5
4840,0.0,5
4840,1.0,16
4848,0.0,5
4864,0.0,5
4864,0.0,3
4864,1.0,14
4864,0.0,5
4872,0.0,5
4880,0.0,5
4888,0.0,5
4888,0.0,3
4904,0.0,5
4912,0.0,5
4920,0.0,5
4952,0.0,5
4960,0.0,5
4976,1.0,14
4992,0.0,5
5000,0.0,5
5016,0.0,5
5024,1.0,15
5032,0.0,5
5048,2.0,27
5056,0.0,5
5064,0.0,5
5072,0.0,5
5072,0.0,3
5080,2.0,27
5096,0.0,5
5104,0.0,5
5112,0.0,5
5112,0.0,5
5120,0.0,5
5120,2.0,29
5136,0.0,5
5144,0.0,5
5152,0.0,5
5152,0.0,5
5160,0.0,5
5176,0.0,5
5176,0.0,3
5184,2.0,23
5184,0.0,5
5200,0.0,5
5216,0.0,5
5216,3.0,41
5224,0.0,5
5224,0.0,5
5240,0.0,5
5240,0.0,3
5256,0.0,5
5264,0.0,5
5280,0.0,5
5280,0.0,5
5280,1.0,16
5288,1.0,14
5296,0.0,5
5304,0.0,5
5320,0.0,5
5320,0.0,5
5320,0.0,5
5328,0.0,5
5344,0.0,5
5360,0.0,5
5360,0.0,5
5360,0.0,5
5400,0.0,5
5400,0.0,5
5400,0.0,5
5424,1.0,16
5440,2.0,27
5440,0.0,5
5440,0.0,5
5440,0.0,5
5456,1.0,16
5456,3.0,42
5464,0.0,3
5464,0.0,5
5472,1.0,16
5480,0.0,5
5480,0.0,5
5488,0.0,3
5496,0.0,5
5496,0.0,3
5496,0.0,5
5504,0.0,5
5504,0.0,3
5520,0.0,5
5528,0.0,3
5528,0.0,5
5536,0.0,5
5536,0.0,5
5560,0.0,5
5568,0.0,5
5568,1.0,16
5568,0.0,5
5576,0.0,5
5592,1.0,12
5608,0.0,5
5608,0.0,5
5616,0.0,5
5640,1.0,17
5648,0.0,5
5656,1.0,15
5656,0.0,5
5680,1.0,14
5688,0.0,5
5696,0.0,5
5696,0.0,5
5712,0.0,3
5720,0.0,5
5720,1.0,16
5728,2.0,21
5736,0.0,5
5736,1.0,16
5744,0.0,3
5752,0.0,5
5760,0.0,5
5768,0.0,5
5776,0.0,5
5792,0.0,5
5800,0.0,5
5800,0.0,3
5808,1.0,14
5824,0.0,3
5832,0.0,5
5840,0.0,5
5840,1.0,12
5848,0.0,5
5864,1.0,16
5872,0.0,5
5888,0.0,5
5896,1.0,16
5904,0.0,5
5928,0.0,5
5936,0.0,5
5952,0.0,3
5968,1.0,16
5968,4.0,41
5984,1.0,14
5992,0.0,5
6008,2.0,23
6024,0.0,5
6032,1.0,16
6032,0.0,5
6048,0.0,5
6056,1.0,15
6064,1.0,12
6064,0.0,5
6072,0.0,5
6080,0.0,3
6088,0.0,3
6088,0.0,5
6088,1.0,15
6112,0.0,3
6112,0.0,3
6128,0.0,5
6128,3.0,36
6152,0.0,5
6152,0.0,5
6168,1.0,12
6168,0.0,5
6192,0.0,5
6192,1.0,16
6192,0.0,5
6208,0.0,5
6208,0.0,5
6208,1.0,16
6232,0.0,3
6232,0.0,5
6232,0.0,5
6248,0.0,5
6256,0.0,3
6272,0.0,5
6288,0.0,5
6296,0.0,5
6304,1.0,14
6312,2.0,23
6312,0.0,5
6328,3.0,37
6336,0.0,5
6344,0.0,5
6352,0.0,5
6352,1.0,15
6368,0.0,5
6376,0.0,5
6384,0.0,5
6392,0.0,5
6400,2.0,24
6408,0.0,5
6408,1.0,15
6416,0.0,5
6424,0.0,5
6424,1.0,14
6432,0.0,5
6432,0.0,3
6440,0.0,5
6448,0.0,5
6464,0.0,5
6472,0.0,5
6472,0.0,5
6480,0.0,5
6480,1.0,16
6488,0.0,5
6504,0.0,5
6504,0.0,3
6512,0.0,5
6520,0.0,5
6528,0.0,5
6528,1.0,14
6544,0.0,5
6544,0.0,5
6560,0.0,5
6568,0.0,5
6568,0.0,3
6592,0.0,3
6592,0.0,3
6600,0.0,5
6624,0.0,3
6632,0.0,5
6640,1.0,16
6656,2.0,29
6656,2.0,23
6664,1.0,15
6680,0.0,5
6680,0.0,3
6696,0.0,5
6704,0.0,5
6720,0.0,5
6720,1.0,16
6720,0.0,5
6728,1.0,12
6736,0.0,5
6744,0.0,5
6752,0.0,3
6752,1.0,16
6760,0.0,5
6760,0.0,5
6760,2.0,29
6760,0.0,5
6768,0.0,3
6776,0.0,5
6776,0.0,3
6792,0.0,5
6800,0.0,5
6800,0.0,5
6800,0.0,5
6800,0.0,5
6808,0.0,5
6816,0.0,5
6816,0.0,5
6824,0.0,3
6832,0.0,5
6840,0.0,5
6856,0.0,5
6864,0.0,5
6872,0.0,5
6880,0.0,5
6896,0.0,5
6904,0.0,5
6928,1.0,14
6928,1.0,16
6936,0.0,5
6936,1.0,16
6944,0.0,5
6968,0.0,5
6968,0.0,5
6976,1.0,12
6976,0.0,5
6976,0.0,5
6984,0.0,5
7008,0.0,3
7008,0.0,5
7016,0.0,5
7016,0.0,5
7016,0.0,5
7024,2.0,28
7048,0.0,5
7048,0.0,5
7056,2.0,23
7056,0.0,5
7088,1.0,15
7088,0.0,5
7088,0.0,5
7096,0.0,5
7128,0.0,5
7128,0.0,5
7128,0.0,5
7136,0.0,5
7152,1.0,17
7152,1.0,16
7168,0.0,5
7184,2.0,21
7192,0.0,5
7192,0.0,5
7224,0.0,5
7232,0.0,5
7240,1.0,14
7240,2.0,23
7240,1.0,14
7264,0.0,5
7264,0.0,3
7272,0.0,5
7280,1.0,14
7280,0.0,5
7280,0.0,5
7304,2.0,21
7304,0.0,3
7304,0.0,5
7312,0.0,5
7312,1.0,15
7320,0.0,5
7320,0.0,5
7328,0.0,3
7328,0.0,3
7344,0.0,3
7344,0.0,5
7352,0.0,3
7352,0.0,5
7352,0.0,5
7368,0.0,5
7376,0.0,3
7376,0.0,3
7384,0.0,5
7392,0.0,5
7392,1.0,16
7408,0.0,5
7416,0.0,5
7424,0.0,5
7432,0.0,5
7432,1.0,14
7432,0.0,5
7440,0.0,3
7448,0.0,5
7464,0.0,5
7472,0.0,5
7472,0.0,5
7472,0.0,5
7480,0.0,5
7504,0.0,5
7512,0.0,5
7512,0.0,5
7512,0.0,5
7520,0.0,5
7528,0.0,3
7528,2.0,23
7552,0.0,5
7552,0.0,5
7552,0.0,3
7568,0.0,5
7576,1.0,16
7592,0.0,5
7592,0.0,5
7592,0.0,5
7608,0.0,5
7608,2.0,29
7616,0.0,5
7632,1.0,15
7632,1.0,14
7648,0.0,5
7648,0.0,5
7656,0.0,5
7672,0.0,5
7688,0.0,5
7688,1.0,12
7696,0.0,5
7712,0.0,5
7720,1.0,16
7728,0.0,5
7736,0.0,5
7752,0.0,5
7760,1.0,16
7760,0.0,5
7768,0.0,5
7776,0.0,5
7776,1.0,16
7784,2.0,24
7784,1.0,12
7792,0.0,5
7800,0.0,3
7800,0.0,5
7808,0.0,5
7808,0.0,3
7824,0.0,5
7832,0.0,5
7840,0.0,5
7840,0.0,5
7848,0.0,3
7848,0.0,5
7848,0.0,5
7872,0.0,3
7872,0.0,5
7888,0.0,5
7888,1.0,16
7912,0.0,5
7912,0.0,5
7928,0.0,5
7928,0.0,5
7952,0.0,5
7952,1.0,14
7960,1.0,14
7968,0.0,5
7968,0.0,5
7976,1.0,17
7992,1.0,10
7992,0.0,5
8000,0.0,5
8016,0.0,3
8032,0.0,5
8040,0.0,5
8056,0.0,5
8080,1.0,14
8088,1.0,15
8096,0.0,5
8104,4.0,41
8112,1.0,17
8120,2.0,21
8120,0.0,3
8120,0.0,5
8128,0.0,5
8144,0.0,5
8144,0.0,3
8152,0.0,5
8160,0.0,5
8160,0.0,5
8168,0.0,3
8168,0.0,3
8168,0.0,5
8200,0.0,5
8208,0.0,5
8208,0.0,5
8208,0.0,5
8216,2.0,23
8240,0.0,5
8248,0.0,5
8256,0.0,5
8264,1.0,14
8272,1.0,14
8288,0.0,5
8288,0.0,3
8312,0.0,5
8320,1.0,14
8328,0.0,5
8352,4.0,39
8352,1.0,14
8360,0.0,5
8368,0.0,5
8376,2.0,21
8384,1.0,16
8392,0.0,5
8392,0.0,5
8400,0.0,3
8400,1.0,14
8400,0.0,5
8432,0.0,5
8440,0.0,5
8440,1.0,16
8440,0.0,5
8464,0.0,3
8480,0.0,5
8480,1.0,12
8496,1.0,16
8504,0.0,3
8504,0.0,5
8528,1.0,16
8528,0.0,3
8544,0.0,5
8560,1.0,16
8568,0.0,5
8568,0.0,5
8568,2.0,22
8600,0.0,5
8608,0.0,5
8608,1.0,16
8608,2.0,21
8632,0.0,3
8632,0.0,3
8640,0.0,5
8672,1.0,16
8672,0.0,5
8680,0.0,5
8680,2.0,23
8704,1.0,17
8712,0.0,5
8720,0.0,5
8744,0.0,5
8744,1.0,17
8760,1.0,16
8760,0.0,5
8784,2.0,27
8784,0.0,3
8784,0.0,5
8800,0.0,5
8800,1.0,15
8816,1.0,18
8824,0.0,5
8824,0.0,5
8824,0.0,5
8840,0.0,5
8840,0.0,3
8840,0.0,5
8864,0.0,5
8864,0.0,5
8864,0.0,3
8872,1.0,16
8880,2.0,21
8896,0.0,3
8904,0.0,5
8904,0.0,5
8920,0.0,5
8944,0.0,5
8944,0.0,5
8952,1.0,16
8976,1.0,17
8984,0.0,5
8992,1.0,12
8992,0.0,5
9000,1.0,17
9016,0.0,5
9024,0.0,5
9032,0.0,5
9056,1.0,17
9064,0.0,5
9072,0.0,5
9072,1.0,16
9072,2.0,29
9096,0.0,5
9104,0.0,5
9112,1.0,12
9112,0.0,5
9112,1.0,15
9136,0.0,5
9144,0.0,5
9152,0.0,5
9152,0.0,5
9152,0.0,5
9168,1.0,12
9168,0.0,3
9176,2.0,22
9176,0.0,5
9192,0.0,5
9192,0.0,5
9192,0.0,5
9208,0.0,5
9208,0.0,5
9216,0.0,5
9216,0.0,3
9232,0.0,5
9232,0.0,5
9248,0.0,5
9248,0.0,5
9256,0.0,5
9256,0.0,5
9272,0.0,5
9280,0.0,3
9288,1.0,14
9288,0.0,5
9288,0.0,5
9296,0.0,5
9312,0.0,5
9320,0.0,5
9328,0.0,5
9328,0.0,5
9336,0.0,3
9344,3.0,34
9360,0.0,5
9368,0.0,5
9368,0.0,5
9376,0.0,5
9384,0.0,5
9400,1.0,14
9408,0.0,5
9408,0.0,5
9416,0.0,5
9424,0.0,5
9424,0.0,3
9448,0.0,5
9456,0.0,5
9488,0.0,5
9488,1.0,16
9496,0.0,5
9504,3.0,34
9520,1.0,12
9528,0.0,5
9536,0.0,5
9544,0.0,5
9560,0.0,5
9568,0.0,5
9576,2.0,21
9576,0.0,5
9584,0.0,5
9608,0.0,5
9616,0.0,5
9616,2.0,24
9616,0.0,5
9624,4.0,41
9648,0.0,5
9720,1.0,17
9736,1.0,15
9744,1.0,15
9744,1.0,16
9760,0.0,5
9760,0.0,3
9776,1.0,16
9784,0.0,5
9784,0.0,5
9800,0.0,5
9800,2.0,23
9816,3.0,41
9824,0.0,5
9824,0.0,5
9840,0.0,5
9840,0.0,5
9856,0.0,5
9864,0.0,5
9864,0.0,5
9880,0.0,5
9880,0.0,5
9896,0.0,5
9904,0.0,3
9904,0.0,3
9904,0.0,5
9928,4.0,46
9936,0.0,5
9944,0.0,5
9944,0.0,5
9944,0.0,5
9960,1.0,12
9960,2.0,23
9968,0.0,5
9984,2.0,28
9984,0.0,5
10000,0.0,5
10000,0.0,5
10024,0.0,5
10024,0.0,5
10032,1.0,12
10040,0.0,5
10064,0.0,5
10072,1.0,16
10072,1.0,16
10080,0.0,5
10088,1.0,15
10104,0.0,5
10112,0.0,5
10120,1.0,12
10128,1.0,16
10128,0.0,5
10128,1.0,12
10144,0.0,5
10168,1.0,12
10176,1.0,12
10184,0.0,5
10208,1.0,12
10216,1.0,12
10224,1.0,12
10224,1.0,12
10248,0.0,5
10264,1.0,12
10264,0.0,5
10272,1.0,12
10280,1.0,12
10288,0.0,5
10304,0.0,5
10304,0.0,5
10312,2.0,23
10312,1.0,12
10312,0.0,5
10320,0.0,5
10320,1.0,12
10344,0.0,5
10352,0.0,5
10352,0.0,5
10352,0.0,5
10360,0.0,5
10360,0.0,5
10392,0.0,5
10392,0.0,5
10392,0.0,5
10400,0.0,5
10432,0.0,5
10432,0.0,5
10432,1.0,16
10440,0.0,5
10472,0.0,5
10472,0.0,5
10480,0.0,5
10512,0.0,5
10512,0.0,5
10520,2.0,29
10520,0.0,5
10528,2.0,23
10544,2.0,23
10552,0.0,5
10552,0.0,5
10560,0.0,5
10576,2.0,23
10584,0.0,5
10592,0.0,5
10592,0.0,5
10600,0.0,5
10616,2.0,23
10616,0.0,5
10624,0.0,5
10632,0.0,5
10640,0.0,5
10656,0.0,5
10664,0.0,5
10664,1.0,17
10672,0.0,5
10680,0.0,5
10696,0.0,5
10704,0.0,5
10704,2.0,23
10712,0.0,5
10720,0.0,5
10736,0.0,5
10744,0.0,5
10744,0.0,5
10752,1.0,17
10760,0.0,5
10776,2.0,23
10776,0.0,5
10784,0.0,5
10784,0.0,5
10800,0.0,5
10800,1.0,17
10816,0.0,5
10816,0.0,5
10856,0.0,5
10856,0.0,5
10896,0.0,5
10896,0.0,5
10896,2.0,23
10904,1.0,15
10936,0.0,5
10936,2.0,23
10936,0.0,5
10936,1.0,17
10936,0.0,5
10944,0.0,5
10968,2.0,21
10968,2.0,23
10976,0.0,5
10976,0.0,5
10976,0.0,5
10976,0.0,5
10976,0.0,5
10984,0.0,5
11008,0.0,5
11008,0.0,5
11016,0.0,5
11016,0.0,5
11016,0.0,5
11016,0.0,5
11016,0.0,5
11024,0.0,5
11048,0.0,5
11048,0.0,5
11056,0.0,5
11056,0.0,5
11056,0.0,5
11064,0.0,5
11096,0.0,5
11096,0.0,5
11104,0.0,5
11136,0.0,5
11144,0.0,5
11152,1.0,17
11176,0.0,5
11184,1.0,17
11184,0.0,5
11200,2.0,23
11216,0.0,5
11224,0.0,5
11224,0.0,5
11232,2.0,23
11240,0.0,5
11240,2.0,23
11256,0.0,3
11256,0.0,5
11264,0.0,5
11280,2.0,23
11280,0.0,5
11288,1.0,17
11296,0.0,5
11296,0.0,5
11304,0.0,5
11320,0.0,5
11328,0.0,5
11336,0.0,5
11344,0.0,5
11360,0.0,5
11368,0.0,5
11376,0.0,5
11376,1.0,17
11384,0.0,5
11408,0.0,5
11408,2.0,23
11408,1.0,16
11416,0.0,5
11424,0.0,5
11448,0.0,5
11448,0.0,5
11448,0.0,5
11456,0.0,5
11480,2.0,23
11488,1.0,16
11488,0.0,5
11488,0.0,5
11496,0.0,5
11520,0.0,5
11528,0.0,5
11528,0.0,5
11528,0.0,5
11536,0.0,5
11552,1.0,16
11560,2.0,23
11568,0.0,5
11568,0.0,5
11568,0.0,5
11576,1.0,16
11576,0.0,5
11592,0.0,5
11600,0.0,5
11608,0.0,5
11608,0.0,5
11608,0.0,5
11616,0.0,5
11632,0.0,5
11640,0.0,5
11648,0.0,5
11648,0.0,5
11656,0.0,5
11656,1.0,17
11672,0.0,5
11680,0.0,5
11688,0.0,5
11688,0.0,5
11696,0.0,5
11720,0.0,5
11728,0.0,5
11728,0.0,5
11736,0.0,5
11744,1.0,17
11760,0.0,5
11760,2.0,23
11768,0.0,5
11768,0.0,5
11784,0.0,5
11800,0.0,5
11800,0.0,5
11808,0.0,5
11808,0.0,5
11824,0.0,5
11840,0.0,5
11840,0.0,5
11840,2.0,23
11848,0.0,5
11856,2.0,23
11864,0.0,5
11880,0.0,5
11880,0.0,5
11880,0.0,5
11888,0.0,5
11904,0.0,5
11920,0.0,5
11920,0.0,5
11920,2.0,23
11928,0.0,5
11944,0.0,5
11960,0.0,5
11960,0.0,5
11960,0.0,5
11984,0.0,5
11992,2.0,23
11992,1.0,17
12000,0.0,5
12000,0.0,5
12000,0.0,5
12016,1.0,17
12032,0.0,5
12032,0.0,5
12040,0.0,5
12040,0.0,5
12040,0.0,5
12056,0.0,5
12072,0.0,5
12072,0.0,5
12080,0.0,5
12080,0.0,5
12096,0.0,5
12112,1.0,16
12112,2.0,23
12112,0.0,5
12112,0.0,5
12120,0.0,5
12120,0.0,5
12136,0.0,3
12136,0.0,5
12152,0.0,5
12152,0.0,5
12160,0.0,5
12192,0.0,5
12200,0.0,5
12224,2.0,23
12240,0.0,5
12248,1.0,16
12272,1.0,17
12280,2.0,21
12280,0.0,5
12288,0.0,5
12320,0.0,5
12320,2.0,23
12320,0.0,5
12328,1.0,17
12328,0.0,5
12336,2.0,23
12360,1.0,17
12360,0.0,5
12360,0.0,5
12360,0.0,5
12368,0.0,5
12368,0.0,5
12400,0.0,5
12400,0.0,5
12408,0.0,5
12408,0.0,5
12408,1.0,17
12440,0.0,5
12440,0.0,5
12448,0.0,5
12448,0.0,5
12472,1.0,17
12480,0.0,5
12488,0.0,5
12488,0.0,5
12512,0.0,5
12520,0.0,5
12528,0.0,5
12544,2.0,23
12544,2.0,23
12552,0.0,5
12568,0.0,5
12576,1.0,17
12584,0.0,5
12584,0.0,5
12592,0.0,5
12608,0.0,5
12616,0.0,5
12624,0.0,5
12624,0.0,5
12632,0.0,5
12648,0.0,5
12656,0.0,5
12664,0.0,5
12672,2.0,23
12672,0.0,5
12688,0.0,5
12696,0.0,5
12704,2.0,23
12704,0.0,5
12712,0.0,5
12712,0.0,5
12728,0.0,5
12736,0.0,5
12736,3.0,41
12744,0.0,5
12744,0.0,5
12752,0.0,5
12752,0.0,5
12760,1.0,17
12768,0.0,5
12776,0.0,5
12776,0.0,5
12784,0.0,5
12784,0.0,5
12792,0.0,5
12800,0.0,5
12816,0.0,5
12816,0.0,5
12824,0.0,5
12824,0.0,5
12832,0.0,5
12856,0.0,5
12856,0.0,5
12864,0.0,5
12864,0.0,5
12872,0.0,5
12896,0.0,5
12896,0.0,5
12904,0.0,5
12912,0.0,5
12936,2.0,23
12936,0.0,5
12944,0.0,5
12952,2.0,23
12952,0.0,5
12976,0.0,5
12976,0.0,5
12984,2.0,23
13016,0.0,5
13016,0.0,5
13048,2.0,23
13056,0.0,5
13096,0.0,5
13144,1.0,12
13184,3.0,36
13192,1.0,12
13224,0.0,5
13232,0.0,5
13240,2.0,28
13240,1.0,12
13264,0.0,5
13264,0.0,3
13264,3.0,40
13304,3.0,40
13304,0.0,5
13304,0.0,5
13312,4.0,45
13312,4.0,45
13328,1.0,12
13328,0.0,3
13336,0.0,3
13336,0.0,3
13352,0.0,3
13368,0.0,5
13376,0.0,5
13392,0.0,5
13416,0.0,5
13416,2.0,22
13432,2.0,21
13432,0.0,5
13440,0.0,3
13456,0.0,3
13472,2.0,21
13472,2.0,21
13480,0.0,5
13488,1.0,15
13496,0.0,5
13496,0.0,3
13512,0.0,5
13520,0.0,5
13520,2.0,23
13528,0.0,5
13536,0.0,5
13536,0.0,5
13552,0.0,5
13560,0.0,5
13560,0.0,5
13568,0.0,5
13576,0.0,5
13584,2.0,21
13592,0.0,5
13600,2.0,21
13600,0.0,5
13600,0.0,5
13608,0.0,5
13632,0.0,5
13640,0.0,5
13648,0.0,5
13672,0.0,5
13672,1.0,17
13712,0.0,5
13712,0.0,5
13720,1.0,17
13752,0.0,5
13752,0.0,5
13760,2.0,23
13760,0.0,5
13776,1.0,17
13784,2.0,23
13784,2.0,23
13792,0.0,5
13792,0.0,5
13800,0.0,5
13800,0.0,5
13824,0.0,5
13824,0.0,5
13832,2.0,23
13832,0.0,5
13832,0.0,5
13840,0.0,5
13840,0.0,5
13864,0.0,5
13864,0.0,5
13872,0.0,5
13872,0.0,5
13872,0.0,5
13880,0.0,5
13880,0.0,5
13904,0.0,5
13904,0.0,5
13912,1.0,17
13912,0.0,5
13920,0.0,5
13920,0.0,5
13944,0.0,5
13952,0.0,5
13952,0.0,5
13960,0.0,5
13960,0.0,5
13984,0.0,5
13992,0.0,5
13992,0.0,5
14000,0.0,5
14000,0.0,5
14024,0.0,5
14032,0.0,5
14032,0.0,5
14040,0.0,5
14040,0.0,5
14056,2.0,23
14056,2.0,23
14072,0.0,5
14072,0.0,5
14080,0.0,5
14088,2.0,23
14096,0.0,5
14096,0.0,5
14112,0.0,5
14120,0.0,5
14136,0.0,5
14136,0.0,5
14152,0.0,5
14160,0.0,5
14176,0.0,5
14200,0.0,5
14208,2.0,23
14224,2.0,23
14224,1.0,17
14232,0.0,3
14240,0.0,5
14256,2.0,23
14264,0.0,5
14264,0.0,5
14272,1.0,17
14272,0.0,5
14296,0.0,5
14296,1.0,15
14296,0.0,3
14320,2.0,21
14336,0.0,5
14336,0.0,5
14344,0.0,3
14384,0.0,5
14408,2.0,21
14408,0.0,3
14432,2.0,21
14432,0.0,3
14432,2.0,21
14440,2.0,21
14448,1.0,14
14456,0.0,3
14456,0.0,3
14464,2.0,21
14464,0.0,3
14472,0.0,3
14488,0.0,3
14496,0.0,5
14504,2.0,21
14504,0.0,5
14512,0.0,5
14528,0.0,3
14552,0.0,3
14592,1.0,17
14592,2.0,23
14592,0.0,5
14616,1.0,15
14616,0.0,3
14616,0.0,3
14624,1.0,17
14624,1.0,15
14632,1.0,15
14632,0.0,5
14640,0.0,3
14648,0.0,3
14656,0.0,5
14664,2.0,29
14664,0.0,5
14680,0.0,5
14688,0.0,3
14728,0.0,5
14800,2.0,21
14816,2.0,23
14824,2.0,21
14824,0.0,3
14832,2.0,23
14832,2.0,21
14840,1.0,14
14840,0.0,3
14848,0.0,3
14848,2.0,21
14856,0.0,3
14856,0.0,3
14864,0.0,3
14872,0.0,3
14880,0.0,5
14888,0.0,5
14896,0.0,5
14896,0.0,5
14904,0.0,5
14928,0.0,5
14936,0.0,5
14936,0.0,5
14944,4.0,41
14960,1.0,17
14976,0.0,5
14984,0.0,5
15000,1.0,15
15000,0.0,5
15008,1.0,17
15016,0.0,5
15040,1.0,17
15040,0.0,5
15048,0.0,5
15056,0.0,5
15072,1.0,17
15080,0.0,5
15088,0.0,5
15112,0.0,5
15112,2.0,23
15120,1.0,17
15120,0.0,5
15136,1.0,17
15152,0.0,5
15160,0.0,5
15160,0.0,5
15176,0.0,5
15192,0.0,5
15200,0.0,5
15200,0.0,5
15216,0.0,5
15224,2.0,23
15232,0.0,5
15240,0.0,5
15240,2.0,23
15256,0.0,5
15264,0.0,5
15272,0.0,5
15272,2.0,23
15280,0.0,5
15280,0.0,5
15296,2.0,23
15304,0.0,5
15312,0.0,5
15320,0.0,5
15320,0.0,5
15336,0.0,5
15344,0.0,5
15352,0.0,5
15360,0.0,5
15384,2.0,23
15384,0.0,5
15392,0.0,5
15400,0.0,5
15424,0.0,5
15424,0.0,5
15432,0.0,5
15440,2.0,23
15456,2.0,23
15464,0.0,5
15472,1.0,17
15480,0.0,5
15496,0.0,5
15496,1.0,12
15504,2.0,23
15520,0.0,5
15536,0.0,5
15536,0.0,5
15544,0.0,5
15576,0.0,5
15616,1.0,12
15616,2.0,24
15624,2.0,24
15640,1.0,12
15656,2.0,24
15664,1.0,11
15712,1.0,12
15720,1.0,12
15752,1.0,12
15768,1.0,16
15800,3.0,41
15808,1.0,12
15808,2.0,24
15816,1.0,12
15896,4.0,45
15904,1.0,12
15912,1.0,12
15912,1.0,13
15928,1.0,16
15936,0.0,5
15944,0.0,5
15952,0.0,5
15952,0.0,5
15976,2.0,28
15984,0.0,5
16016,0.0,5
16024,4.0,45
16024,0.0,5
16032,1.0,12
16048,1.0,12
16048,1.0,12
16056,3.0,36
16056,1.0,16
16064,0.0,5
16064,0.0,5
16072,0.0,5
16088,0.0,5
16088,0.0,5
16096,0.0,5
16096,0.0,5
16104,0.0,5
16104,0.0,5
16112,0.0,3
16112,0.0,5
16128,0.0,5
16136,0.0,5
16136,0.0,5
16144,1.0,16
16144,0.0,5
16144,0.0,5
16152,0.0,5
16152,0.0,5
16168,0.0,5
16176,0.0,5
16176,0.0,5
16184,0.0,5
16184,0.0,5
16184,0.0,5
16192,0.0,5
16208,0.0,5
16216,0.0,5
16216,0.0,5
16224,0.0,5
16224,0.0,5
16224,0.0,5
16232,0.0,5
16248,0.0,5
16256,0.0,5
16256,0.0,5
16264,0.0,5
16264,0.0,5
16264,0.0,5
16272,0.0,5
16288,0.0,5
16296,0.0,5
16304,0.0,5
16312,0.0,5
16328,0.0,5
16336,0.0,5
16344,0.0,5
16368,0.0,5
16376,0.0,5
16384,0.0,5
16384,1.0,16
16392,1.0,16
16392,1.0,16
16408,0.0,5
16424,0.0,5
16440,1.0,16
16480,1.0,12
16480,4.0,41
16488,1.0,12
16488,1.0,12
16504,1.0,12
16520,0.0,5
16536,1.0,12
16560,0.0,5
16576,1.0,12
16576,0.0,5
16584,1.0,12
16584,1.0,12
16600,1.0,12
16616,2.0,24
16616,0.0,5
16624,0.0,5
16624,0.0,5
16640,0.0,5
16656,0.0,5
16656,1.0,12
16656,0.0,5
16664,0.0,5
16672,1.0,12
16696,0.0,5
16696,0.0,5
16712,0.0,5
16736,0.0,5
16736,0.0,5
16736,4.0,45
16752,0.0,5
16760,1.0,17
16760,1.0,12
16776,0.0,5
16776,0.0,5
16776,1.0,17
16784,1.0,16
16792,0.0,5
16800,0.0,5
16808,0.0,3
16816,0.0,5
16816,0.0,5
16816,0.0,5
16832,0.0,5
16856,0.0,5
16856,0.0,5
16856,0.0,5
16864,1.0,16
16872,0.0,5
16888,1.0,16
16896,0.0,5
16896,0.0,5
16896,0.0,5
16904,0.0,5
16912,0.0,5
16928,0.0,5
16936,0.0,5
16936,0.0,5
16936,1.0,17
16936,0.0,5
16936,1.0,16
16968,0.0,5
16976,0.0,5
16976,0.0,5
17008,0.0,5
17016,0.0,5
17016,0.0,5
17048,0.0,5
17056,0.0,5
17056,0.0,5
17072,1.0,17
17088,0.0,5
17096,0.0,5
17096,0.0,5
17128,0.0,5
17136,0.0,5
17136,0.0,5
17168,0.0,5
17208,1.0,17
17232,4.0,41
17232,1.0,12
17232,1.0,12
17240,4.0,41
17248,0.0,5
17264,4.0,41
17264,4.0,41
17272,0.0,5
17272,0.0,5
17280,0.0,5
17288,0.0,5
17304,0.0,5
17304,0.0,5
17304,1.0,17
17312,0.0,5
17312,0.0,5
17320,0.0,5
17328,0.0,5
17344,0.0,5
17344,0.0,5
17344,0.0,5
17360,1.0,16
17360,0.0,5
17368,0.0,5
17384,0.0,5
17384,0.0,5
17384,0.0,5
17400,0.0,5
17400,0.0,5
17408,1.0,12
17408,1.0,12
17408,0.0,5
17424,0.0,5
17424,0.0,5
17424,0.0,5
17440,0.0,5
17440,0.0,5
17448,0.0,5
17448,0.0,5
17448,0.0,5
17464,0.0,5
17464,0.0,5
17480,0.0,5
17488,0.0,5
17488,0.0,5
17504,0.0,5
17504,0.0,5
17528,0.0,5
17528,0.0,5
17544,0.0,5
17552,1.0,16
17568,0.0,5
17576,1.0,16
17576,1.0,17
17592,0.0,5
17608,1.0,16
17608,0.0,5
17616,0.0,5
17632,1.0,16
17632,0.0,5
17648,0.0,5
17648,0.0,5
17656,0.0,5
17656,1.0,16
17672,0.0,5
17672,0.0,5
17672,1.0,16
17696,0.0,5
17712,1.0,17
17744,1.0,12
17752,1.0,12
17752,0.0,5
17768,1.0,12
17768,1.0,12
17776,1.0,16
17792,1.0,12
17808,0.0,5
17808,0.0,5
17832,0.0,5
17840,1.0,12
17848,0.0,5
17848,1.0,12
17848,0.0,5
17872,0.0,5
17872,1.0,12
17880,0.0,5
17888,0.0,5
17888,0.0,5
17888,0.0,5
17912,0.0,5
17912,0.0,5
17920,0.0,5
17928,0.0,5
17928,0.0,5
17928,0.0,5
17944,0.0,3
17952,0.0,5
17952,0.0,5
17968,0.0,5
17968,0.0,5
17968,0.0,3
17968,0.0,5
17992,0.0,5
17992,0.0,3
17992,0.0,5
18008,0.0,5
18008,0.0,5
18008,0.0,5
18032,4.0,45
18032,0.0,5
18032,0.0,5
18032,0.0,5
18048,0.0,5
18048,0.0,5
18048,0.0,5
18072,0.0,5
18072,0.0,5
18072,0.0,5
18088,0.0,5
18088,0.0,5
18088,0.0,5
18112,4.0,45
18112,0.0,5
18112,0.0,5
18112,0.0,5
18128,0.0,5
18128,0.0,5
18152,0.0,5
18152,0.0,5
18152,0.0,5
18152,0.0,5
18168,0.0,5
18168,0.0,5
18192,0.0,5
18208,0.0,5
18216,2.0,23
18232,0.0,5
18256,0.0,5
18272,0.0,5
18272,2.0,23
18280,1.0,16
18296,0.0,5
18320,0.0,5
18336,2.0,23
18336,2.0,23
18352,2.0,23
18376,0.0,5
18392,2.0,23
18408,1.0,17
18416,0.0,5
18432,1.0,17
18432,0.0,5
18456,0.0,5
18456,2.0,23
18456,1.0,17
18472,0.0,5
18496,0.0,5
18520,2.0,23
18536,2.0,23
18536,1.0,16
18568,1.0,12
18576,0.0,5
18576,0.0,5
18584,1.0,16
18592,1.0,12
18608,0.0,5
18608,0.0,3
18616,0.0,5
18648,1.0,16
18648,0.0,5
18648,0.0,5
18656,2.0,28
18656,0.0,5
18688,0.0,5
18688,0.0,5
18688,0.0,5
18696,0.0,5
18696,0.0,5
18712,1.0,17
18728,0.0,5
18728,0.0,5
18728,0.0,5
18736,0.0,5
18736,3.0,35
18752,0.0,5
18768,0.0,5
18768,0.0,5
18776,2.0,23
18776,0.0,5
18776,0.0,5
18792,0.0,5
18808,0.0,5
18816,0.0,5
18816,0.0,5
18816,0.0,5
18848,0.0,5
18856,0.0,5
18856,0.0,5
18880,2.0,23
18888,0.0,5
18896,0.0,5
18896,0.0,5
18912,2.0,23
18920,0.0,5
18928,0.0,5
18936,0.0,5
18936,0.0,5
18952,2.0,23
18952,0.0,5
18960,0.0,5
18976,0.0,5
18976,2.0,23
18976,0.0,5
18992,0.0,5
18992,0.0,5
19000,0.0,5
19000,2.0,23
19016,0.0,5
19016,0.0,5
19016,0.0,5
19032,0.0,5
19040,0.0,5
19040,0.0,5
19128,1.0,17
19168,0.0,5
19208,2.0,24
19208,2.0,24
19208,0.0,5
19248,0.0,5
19248,0.0,5
19248,0.0,5
19256,4.0,41
19288,0.0,5
19288,0.0,5
19288,0.0,5
19296,0.0,5
19328,0.0,5
19328,0.0,5
19328,0.0,5
19368,0.0,5
19368,0.0,5
19368,0.0,5
19376,4.0,45
19392,4.0,45
19400,4.0,45
19400,4.0,45
19408,0.0,5
19408,0.0,5
19408,0.0,5
19416,0.0,5
19424,1.0,16
19432,0.0,5
19440,0.0,5
19440,0.0,5
19448,0.0,5
19448,0.0,5
19448,0.0,5
19456,0.0,5
19464,0.0,5
19472,0.0,5
19480,0.0,5
19480,0.0,5
19488,0.0,5
19488,0.0,5
19488,0.0,5
19496,0.0,5
19504,0.0,5
19512,0.0,5
19520,0.0,5
19520,0.0,5
19528,0.0,5
19528,0.0,5
19528,0.0,5
19536,0.0,5
19544,0.0,5
19552,0.0,5
19560,0.0,5
19560,0.0,5
19568,0.0,5
19568,0.0,5
19568,0.0,5
19576,0.0,5
19584,0.0,5
19592,0.0,5
19600,0.0,5
19600,0.0,5
19608,0.0,5
19608,0.0,5
19616,0.0,5
19624,0.0,5
19632,0.0,5
19640,0.0,5
19640,0.0,5
19648,0.0,5
19648,0.0,5
19656,0.0,5
19664,0.0,5
19672,0.0,5
19680,0.0,5
19680,0.0,5
19688,0.0,5
19688,0.0,5
19696,0.0,5
19704,0.0,5
19720,0.0,5
19720,0.0,5
19728,0.0,5
19728,0.0,5
19736,0.0,5
19744,0.0,5
19752,2.0,23
19760,0.0,5
19760,0.0,5
19768,0.0,5
19768,0.0,5
19776,0.0,5
19792,0.0,5
19800,1.0,16
19800,0.0,5
19808,0.0,5
19808,0.0,5
19816,0.0,5
19832,0.0,5
19840,0.0,5
19840,0.0,5
19848,0.0,5
19848,0.0,5
19856,1.0,14
19856,0.0,5
19880,0.0,5
19880,0.0,5
19888,0.0,5
19888,0.0,5
19888,1.0,16
19896,0.0,5
19896,0.0,5
19920,0.0,5
19920,0.0,5
19928,0.0,5
19928,0.0,5
19936,0.0,5
19936,0.0,5
19960,1.0,16
19960,0.0,5
19960,0.0,5
19968,0.0,5
19968,0.0,5
19976,0.0,5
19976,0.0,5
19984,1.0,12
20000,0.0,5
20000,0.0,5
20000,0.0,5
20008,0.0,5
20016,0.0,5
20024,0.0,5
20040,0.0,5
20040,0.0,5
20040,0.0,5
20048,0.0,5
20064,0.0,5
20064,1.0,12
20080,0.0,5
20104,0.0,5
20104,0.0,5
20144,1.0,12
20168,2.0,24
20176,1.0,12
20184,0.0,5
20200,1.0,12
20216,0.0,5
20224,0.0,5
20240,0.0,5
20256,0.0,5
20264,0.0,5
20264,1.0,12
20280,0.0,5
20288,0.0,3
20296,0.0,5
20320,0.0,3
20328,2.0,28
20328,0.0,5
20344,0.0,3
20360,3.0,40
20376,1.0,14
20376,4.0,45
20384,0.0,5
20384,0.0,3
20400,0.0,3
20400,4.0,45
20408,1.0,16
20416,0.0,5
20424,0.0,5
20432,0.0,3
20440,0.0,5
20496,2.0,21
20504,2.0,22
20520,0.0,3
20528,1.0,16
20528,0.0,3
20544,0.0,3
20552,2.0,21
20552,0.0,3
20552,0.0,3
20560,1.0,16
20576,0.0,3
20576,0.0,3
20584,2.0,21
20584,0.0,5
20592,2.0,21
20600,0.0,5
20600,0.0,3
20608,0.0,3
20608,2.0,21
20616,0.0,3
20616,0.0,5
20632,0.0,4
20632,0.0,3
20632,0.0,3
20656,0.0,5
20672,0.0,5
20672,0.0,5
20672,0.0,5
20696,0.0,3
20712,1.0,16
20720,1.0,15
20728,1.0,14
20736,2.0,23
20736,0.0,5
20736,0.0,3
20752,0.0,3
20760,0.0,5
20760,0.0,3
20776,1.0,15
20776,0.0,5
20784,1.0,14
20792,0.0,5
20800,0.0,5
20800,1.0,16
20808,0.0,3
20816,0.0,5
20824,0.0,3
20848,0.0,5
20872,0.0,3
20896,1.0,15
20904,2.0,21
20912,0.0,5
20912,1.0,15
20920,1.0,15
20920,0.0,3
20928,2.0,21
20928,0.0,3
20944,0.0,3
20952,0.0,3
20952,0.0,5
20952,0.0,3
20960,1.0,17
20960,0.0,5
20976,0.0,3
20984,2.0,21
20984,0.0,3
20984,0.0,3
20992,0.0,5
21008,0.0,4
21008,0.0,3
21008,0.0,3
21032,0.0,3
21032,0.0,3
21064,1.0,14
21064,1.0,10
21072,1.0,16
21080,2.0,21
21088,0.0,3
21088,1.0,12
21096,0.0,3
21104,0.0,3
21104,0.0,5
21112,0.0,3
21120,0.0,3
21128,0.0,3
21128,1.0,12
21128,0.0,3
21136,0.0,3
21144,0.0,3
21152,1.0,15
21168,0.0,5
21168,0.0,3
21168,1.0,10
21200,2.0,24
21208,1.0,10
21216,1.0,11
21224,0.0,3
21232,0.0,3
21256,0.0,5
21264,0.0,5
21272,0.0,5
21288,1.0,15
21288,1.0,15
21312,0.0,3
21312,0.0,5
21312,0.0,3
21352,0.0,5
21352,0.0,5
21368,1.0,14
21376,1.0,14
21416,0.0,5
21424,1.0,14
21456,0.0,5
21464,0.0,5
21496,0.0,5
21496,4.0,45
21504,1.0,17
21504,0.0,5
21512,4.0,45
21528,4.0,45
21536,2.0,23
21536,0.0,5
21536,2.0,23
21544,0.0,5
21544,0.0,5
21552,0.0,5
21568,0.0,5
21576,0.0,5
21576,0.0,5
21576,0.0,5
21584,0.0,5
21584,0.0,5
21592,0.0,5
21616,0.0,5
21616,0.0,5
21616,0.0,5
21624,0.0,5
21624,0.0,5
21632,0.0,5
21656,0.0,5
21656,0.0,5
21656,0.0,5
21664,0.0,5
21672,0.0,5
21680,2.0,23
21696,0.0,5
21696,0.0,5
21704,0.0,5
21712,0.0,5
21720,0.0,5
21736,0.0,5
21736,2.0,21
21736,0.0,5
21744,0.0,5
21776,0.0,5
21776,0.0,5
21776,0.0,5
21784,1.0,16
21784,0.0,5
21808,2.0,23
21816,0.0,5
21816,0.0,5
21816,0.0,5
21824,0.0,5
21824,0.0,5
21848,0.0,5
21856,1.0,17
21856,0.0,5
21856,0.0,5
21856,0.0,5
21864,0.0,5
21864,0.0,5
21888,0.0,5
21896,0.0,5
21896,0.0,5
21896,0.0,5
21896,0.0,5
21896,2.0,23
21904,0.0,5
21928,0.0,5
21936,0.0,5
21936,0.0,5
21936,0.0,5
21936,0.0,5
21936,0.0,5
21944,0.0,5
21968,0.0,5
21976,0.0,5
21976,0.0,5
21976,0.0,5
21976,0.0,5
21976,0.0,5
21984,0.0,5
22000,1.0,17
22008,0.0,5
22016,0.0,5
22016,0.0,5
22016,0.0,5
22024,0.0,5
22040,0.0,5
22080,0.0,5
22112,1.0,17
22120,1.0,14
22120,0.0,5
22128,1.0,14
22136,1.0,14
22144,0.0,3
22144,2.0,21
22152,0.0,5
22160,0.0,3
22168,0.0,5
22184,2.0,21
22184,0.0,5
22184,2.0,21
22208,0.0,3
22224,0.0,5
22232,1.0,14
22248,0.0,5
22272,1.0,16
22272,0.0,5
22288,1.0,15
22288,1.0,16
22296,1.0,14
22312,0.0,5
22320,2.0,21
22328,0.0,5
22328,0.0,5
22336,0.0,5
22352,0.0,3
22360,0.0,5
22392,2.0,21
22392,1.0,15
22392,0.0,5
22416,2.0,21
22432,0.0,5
22432,0.0,5
22456,1.0,15
22456,0.0,5
22472,0.0,5
22472,0.0,5
22480,2.0,21
22480,1.0,15
22496,2.0,21
22496,0.0,5
22496,0.0,5
22512,0.0,5
22512,0.0,5
22520,0.0,5
22520,0.0,5
22536,0.0,5
22536,0.0,5
22536,0.0,5
22552,0.0,5
22560,0.0,5
22560,2.0,21
22560,0.0,5
22576,0.0,5
22576,0.0,5
22576,0.0,5
22592,0.0,5
22600,0.0,5
22600,0.0,5
22616,0.0,5
22616,0.0,5
22632,0.0,5
22640,0.0,5
22640,0.0,5
22656,0.0,5
22680,0.0,5
22696,2.0,23
22696,1.0,17
22696,0.0,5
22712,1.0,17
22720,0.0,3
22728,1.0,14
22736,0.0,5
22736,0.0,5
22752,0.0,5
22752,0.0,3
22792,0.0,5
22800,2.0,21
22808,2.0,21
22824,0.0,3
22832,0.0,5
22832,0.0,3
22848,0.0,3
22848,2.0,21
22856,1.0,17
22872,0.0,3
22872,0.0,5
22880,0.0,4
22896,0.0,5
22904,2.0,21
22904,2.0,21
22920,0.0,3
22920,2.0,21
22928,0.0,3
22928,0.0,3
22944,0.0,3
22952,0.0,3
22952,0.0,3
22968,0.0,3
23000,1.0,16
23000,2.0,21
23008,0.0,5
23016,1.0,12
23024,0.0,3
23040,1.0,11
23048,1.0,12
23048,0.0,3
23088,2.0,27
23096,1.0,10
23104,1.0,12
23128,0.0,5
23136,1.0,12
23144,1.0,12
23144,1.0,12
23192,1.0,12
23200,1.0,12
23216,0.0,3
23224,2.0,28
23224,1.0,12
23240,1.0,12
23240,4.0,45
23256,1.0,15
23264,0.0,5
23280,0.0,5
23280,0.0,5
23296,1.0,12
23312,1.0,12
23320,0.0,5
23320,1.0,12
23336,0.0,5
23352,0.0,5
23352,1.0,12
23360,1.0,12
23376,0.0,5
23376,1.0,12
23392,0.0,5
23416,1.0,12
23432,0.0,5
23448,1.0,12
23456,0.0,5
23456,1.0,12
23472,0.0,5
23480,1.0,13
23488,0.0,5
23496,0.0,5
23496,0.0,5
23504,4.0,45
23512,0.0,5
23520,0.0,5
23528,0.0,5
23536,0.0,5
23536,0.0,5
23544,0.0,5
23552,0.0,5
23560,0.0,5
23568,0.0,5
23568,2.0,24
23576,0.0,5
23576,0.0,5
23584,0.0,5
23592,0.0,5
23600,0.0,5
23608,0.0,5
23608,0.0,5
23616,0.0,5
23624,0.0,5
23632,0.0,5
23640,0.0,5
23648,0.0,5
23648,0.0,5
23656,0.0,5
23664,0.0,5
23672,0.0,5
23680,0.0,5
23680,4.0,45
23688,0.0,5
23688,0.0,5
23696,0.0,5
23704,1.0,16
23704,0.0,5
23720,0.0,5
23720,0.0,5
23728,0.0,5
23728,0.0,5
23736,0.0,5
23744,0.0,5
23744,0.0,5
23760,0.0,5
23760,0.0,5
23768,0.0,5
23768,0.0,5
23776,0.0,5
23784,0.0,5
23784,0.0,5
23808,0.0,5
23808,0.0,5
23832,0.0,3
23856,0.0,3
23872,1.0,14
23872,1.0,14
23896,2.0,28
23896,0.0,3
23896,1.0,14
23896,0.0,3
23920,1.0,14
23920,0.0,3
23936,0.0,5
23944,0.0,3
23944,2.0,21
23952,2.0,21
23968,0.0,3
23976,0.0,3
23992,0.0,3
24016,0.0,5
24024,1.0,16
24032,0.0,5
24040,2.0,23
24048,1.0,16
24064,0.0,5
24072,1.0,16
24072,2.0,22
24072,0.0,3
24080,0.0,5
24096,0.0,3
24096,0.0,3
24104,2.0,21
24112,0.0,5
24120,0.0,3
24128,0.0,3
24136,0.0,5
24144,1.0,14
24152,0.0,3
24168,0.0,3
24184,2.0,21
24192,0.0,5
24208,0.0,3
24232,2.0,21
24232,0.0,3
24232,0.0,5
24248,2.0,21
24272,0.0,5
24272,0.0,5
24280,2.0,21
24296,1.0,16
24304,2.0,21
24304,2.0,23
24312,0.0,5
24312,0.0,5
24336,0.0,5
24344,0.0,5
24344,0.0,5
24352,0.0,5
24352,0.0,5
24368,1.0,17
24384,0.0,5
24384,0.0,5
24384,1.0,17
24392,0.0,5
24392,0.0,5
24408,0.0,5
24416,1.0,17
24424,0.0,5
24424,0.0,5
24432,0.0,5
24432,0.0,5
24448,0.0,5
24464,1.0,16
24472,0.0,5
24488,0.0,5
24504,1.0,15
24512,1.0,12
24520,1.0,12
24520,1.0,12
24528,1.0,12
24584,1.0,12
24600,1.0,12
24608,1.0,12
24624,1.0,12
24664,0.0,5
24680,1.0,12
24696,1.0,12
24704,1.0,12
24736,0.0,5
24744,0.0,5
24760,1.0,12
24776,0.0,5
24776,1.0,12
24784,0.0,5
24792,3.0,41
24800,0.0,5
24808,3.0,36
24808,3.0,36
24816,0.0,5
24824,0.0,5
24832,0.0,5
24832,4.0,45
24840,0.0,5
24848,0.0,5
24848,0.0,5
24864,0.0,5
24872,0.0,5
24880,0.0,5
24888,0.0,5
24888,0.0,5
24928,0.0,5
24928,0.0,5
24960,2.0,23
24968,0.0,5
24968,0.0,5
25000,2.0,23
25000,0.0,5
25008,0.0,5
25008,0.0,5
25008,1.0,17
25016,2.0,23
25040,0.0,5
25040,0.0,5
25048,0.0,5
25048,0.0,5
25048,2.0,23
25048,0.0,5
25048,2.0,21
25080,0.0,5
25088,0.0,5
25088,0.0,5
25088,0.0,5
25088,0.0,5
25120,0.0,5
25128,0.0,5
25128,0.0,5
25152,1.0,17
25160,0.0,5
25168,0.0,5
25176,1.0,17
25208,0.0,5
25216,0.0,5
25224,1.0,17
25232,2.0,23
25248,0.0,5
25256,0.0,5
25272,0.0,5
25288,1.0,17
25296,0.0,5
25312,2.0,23
25312,0.0,5
25312,0.0,3
25344,2.0,23
25352,0.0,5
25352,0.0,5
25352,0.0,5
25360,1.0,17
25384,0.0,5
25392,0.0,5
25400,0.0,5
25408,1.0,14
25416,3.0,41
25440,0.0,5
25448,0.0,5
25456,0.0,5
25464,1.0,14
25464,1.0,14
25488,0.0,5
25504,0.0,5
25504,1.0,15
25504,1.0,14
25504,0.0,5
25528,0.0,3
25544,0.0,5
25544,0.0,5
25552,1.0,14
25552,1.0,12
25560,4.0,39
25568,0.0,5
25584,1.0,12
25592,1.0,11
25600,0.0,5
25608,0.0,5
25632,1.0,11
25648,1.0,12
25648,1.0,12
25664,1.0,15
25672,0.0,5
25688,1.0,12
25696,1.0,12
25704,1.0,12
25704,0.0,5
25744,1.0,12
25744,1.0,12
25768,1.0,12
25776,2.0,24
25792,1.0,12
25800,1.0,12
25808,0.0,5
25840,1.0,12
25872,1.0,12
25880,0.0,5
25888,1.0,12
25896,1.0,12
25904,1.0,12
25968,1.0,12
25976,1.0,12
25984,1.0,12
26000,1.0,13
26000,1.0,12
26008,0.0,5
26016,0.0,5
26024,0.0,5
26040,0.0,5
26040,0.0,5
26048,0.0,5
26048,4.0,45
26056,0.0,5
26064,0.0,5
26064,4.0,45
26080,0.0,5
26088,0.0,5
26088,0.0,5
26096,0.0,5
26104,0.0,5
26104,0.0,5
26104,4.0,45
26120,0.0,5
26128,0.0,5
26128,0.0,5
26136,0.0,5
26144,0.0,5
26144,0.0,5
26160,0.0,5
26168,0.0,5
26168,0.0,5
26168,1.0,16
26176,0.0,5
26184,0.0,5
26208,0.0,5
26208,0.0,5
26216,0.0,5
26232,1.0,16
26248,0.0,5
26248,0.0,5
26272,1.0,16
26272,0.0,5
26288,1.0,16
26296,1.0,16
26296,1.0,14
26312,0.0,5
26312,0.0,5
26328,0.0,5
26336,0.0,5
26336,0.0,5
26344,1.0,16
26352,0.0,5
26352,0.0,5
26376,1.0,16
26376,0.0,5
26376,0.0,5
26384,0.0,5
26392,1.0,18
26392,0.0,5
26416,0.0,5
26416,0.0,5
26416,0.0,5
26424,0.0,5
26432,0.0,5
26456,0.0,5
26464,0.0,5
26464,1.0,17
26472,0.0,5
26480,1.0,16
26496,0.0,5
26504,0.0,5
26504,0.0,5
26512,0.0,5
26520,0.0,5
26528,1.0,17
26536,0.0,5
26544,1.0,16
26544,0.0,5
26544,1.0,16
26544,0.0,5
26552,0.0,5
26568,0.0,5
26576,0.0,5
26584,0.0,5
26584,0.0,5
26584,0.0,5
26584,0.0,5
26592,0.0,5
26608,0.0,5
26616,0.0,5
26624,0.0,5
26624,0.0,5
26624,0.0,5
26632,0.0,5
26656,1.0,17
26696,0.0,5
26712,1.0,16
26728,1.0,14
26728,1.0,15
26736,0.0,5
26736,1.0,14
26736,1.0,14
26736,1.0,14
26744,1.0,14
26752,0.0,5
26768,0.0,5
26768,0.0,5
26776,0.0,5
26776,0.0,5
26776,0.0,5
26776,0.0,5
26784,0.0,5
26792,0.0,5
26808,0.0,5
26816,0.0,5
26816,0.0,5
26816,0.0,5
26824,0.0,5
26832,0.0,5
26848,0.0,5
26856,0.0,5
26856,0.0,5
26856,0.0,5
26864,0.0,5
26872,0.0,5
26888,0.0,5
26896,0.0,5
26896,0.0,5
26904,1.0,17
26904,0.0,5
26912,0.0,5
26912,1.0,17
26936,0.0,5
26936,0.0,5
26944,0.0,5
26944,0.0,5
26952,0.0,5
26976,0.0,5
26976,0.0,5
26984,0.0,5
26984,0.0,5
27016,0.0,5
27016,1.0,16
27024,0.0,5
27048,1.0,17
27056,0.0,5
27056,0.0,5
27080,1.0,16
27088,0.0,5
27096,0.0,5
27096,0.0,5
27104,1.0,16
27112,1.0,16
27120,0.0,5
27120,0.0,3
27136,0.0,5
27144,0.0,5
27160,0.0,5
27168,4.0,39
27176,0.0,5
27184,1.0,12
27200,0.0,5
27208,1.0,12
27216,1.0,12
27216,0.0,5
27224,0.0,5
27240,0.0,5
27264,1.0,12
27304,1.0,12
27312,1.0,12
27312,1.0,12
27320,1.0,12
27336,1.0,12
27344,0.0,5
27352,3.0,41
27352,0.0,5
27392,0.0,5
27392,0.0,5
27408,1.0,12
27416,1.0,12
27432,1.0,12
27432,0.0,5
27432,0.0,5
27440,1.0,12
27448,0.0,5
27456,0.0,5
27472,0.0,5
27472,0.0,5
27480,0.0,5
27488,0.0,5
27504,4.0,45
27512,0.0,5
27528,1.0,12
27528,0.0,5
27552,0.0,5
27552,1.0,12
27568,0.0,5
27568,1.0,12
27568,0.0,5
27576,1.0,12
27576,0.0,3
27608,0.0,5
27616,0.0,5
27616,0.0,5
27624,4.0,45
27632,1.0,16
27648,0.0,5
27656,0.0,5
27656,0.0,5
27664,1.0,12
27672,0.0,5
27688,1.0,17
27688,0.0,5
27696,1.0,16
27696,0.0,5
27704,0.0,5
27744,0.0,5
27784,1.0,12
27792,1.0,15
27792,1.0,12
27808,0.0,3
27816,1.0,15
27816,2.0,24
27816,1.0,16
27816,0.0,3
27832,0.0,5
27840,0.0,3
27840,0.0,3
27840,1.0,12
27848,0.0,5
27856,0.0,5
27872,0.0,4
27872,0.0,5
27880,0.0,5
27880,0.0,5
27888,2.0,29
27888,0.0,5
27912,0.0,3
27912,0.0,5
27936,0.0,3
27944,1.0,16
27968,0.0,3
27976,1.0,15
27984,1.0,14
27992,1.0,14
28000,0.0,3
28008,0.0,3
28016,0.0,3
28024,1.0,14
28040,0.0,5
28048,0.0,3
28048,2.0,21
28064,2.0,22
28088,0.0,5
28088,0.0,3
28112,0.0,3
28120,2.0,23
28136,1.0,16
28136,0.0,3
28144,1.0,16
28152,1.0,14
28152,2.0,23
28160,0.0,5
28160,0.0,3
28168,0.0,3
28176,0.0,3
28176,0.0,3
28176,0.0,5
28184,1.0,17
28200,0.0,3
28208,0.0,3
28208,0.0,5
28232,0.0,4
28248,0.0,5
28256,2.0,21
28280,0.0,3
28304,0.0,3
28304,1.0,16
28328,0.0,3
28344,0.0,5
28352,1.0,15
28360,1.0,14
28368,0.0,5
28392,0.0,5
28400,0.0,5
28472,4.0,39
28472,1.0,16
28480,1.0,14
28488,4.0,41
28488,4.0,39
28504,1.0,14
28512,0.0,5
28512,0.0,5
28520,1.0,15
28520,0.0,5
28520,4.0,39
28528,0.0,5
28528,0.0,5
28552,0.0,5
28552,0.0,5
28552,0.0,3
28560,0.0,5
28560,0.0,5
28568,0.0,5
28576,0.0,3
28592,0.0,5
28592,0.0,5
28600,1.0,12
28600,0.0,5
28616,1.0,12
28640,0.0,5
28656,0.0,5
28680,0.0,5
28688,1.0,15
28696,0.0,5
28696,1.0,17
28704,1.0,16
28712,1.0,15
28720,0.0,5
28720,1.0,16
28720,1.0,15
28728,0.0,5
28736,0.0,5
28744,0.0,5
28752,0.0,5
28760,0.0,5
28760,0.0,5
28760,0.0,5
28776,0.0,5
28784,0.0,5
28792,0.0,5
28800,0.0,5
28800,0.0,5
28800,0.0,5
28816,0.0,5
28824,0.0,5
28824,1.0,16
28832,0.0,5
28840,0.0,5
28840,0.0,5
28840,0.0,5
28856,0.0,5
28856,1.0,16
28864,0.0,5
28864,0.0,5
28872,0.0,5
28880,0.0,5
28880,0.0,5
28896,0.0,5
28896,0.0,5
28904,0.0,5
28904,0.0,5
28912,0.0,5
28920,0.0,3
28920,0.0,5
28936,0.0,5
28936,1.0,12
28944,0.0,5
28944,0.0,5
28952,0.0,5
28960,0.0,5
28960,0.0,5
28976,0.0,5
28976,0.0,5
28984,0.0,5
28984,0.0,5
28992,0.0,5
29000,0.0,5
29000,0.0,5
29008,1.0,16
29016,0.0,5
29016,0.0,5
29024,0.0,5
29032,0.0,5
29040,0.0,5
29048,0.0,5
29056,0.0,5
29056,0.0,5
29064,0.0,5
29072,0.0,5
29080,0.0,5
29088,0.0,5
29096,0.0,5
29096,0.0,5
29104,0.0,5
29112,0.0,5
29112,1.0,16
29120,0.0,5
29128,1.0,16
29128,0.0,5
29136,0.0,5
29136,0.0,5
29144,0.0,5
29152,0.0,5
29152,0.0,5
29160,0.0,5
29168,0.0,5
29168,0.0,5
29176,0.0,5
29176,0.0,5
29192,0.0,5
29192,0.0,5
29200,0.0,5
29208,0.0,5
29208,0.0,5
29216,0.0,5
29232,0.0,5
29248,0.0,5
29248,0.0,5
29256,0.0,5
29272,1.0,16
29272,1.0,12
29272,0.0,5
29288,0.0,5
29288,0.0,5
29296,0.0,5
29312,0.0,5
29312,0.0,5
29312,0.0,5
29328,1.0,17
29328,1.0,16
29328,0.0,5
29336,0.0,5
29352,0.0,5
29352,0.0,5
29368,0.0,5
29368,0.0,5
29368,0.0,5
29376,0.0,5
29408,0.0,5
29408,0.0,5
29408,0.0,5
29416,1.0,16
29416,0.0,5
29448,1.0,17
29448,1.0,12
29448,1.0,12
29448,0.0,5
29448,0.0,5
29448,0.0,5
29472,0.0,3
29488,0.0,5
29488,0.0,5
29488,0.0,5
29512,0.0,5
29528,1.0,14
29552,1.0,17
29552,0.0,3
29576,1.0,16
29576,0.0,3
29600,0.0,3
29600,0.0,3
29616,2.0,21
29624,0.0,3
29640,0.0,3
29656,2.0,21
29656,2.0,21
29656,2.0,21
29664,0.0,5
29664,0.0,3
29680,0.0,3
29680,0.0,3
29680,0.0,3
29680,1.0,16
29696,2.0,23
29704,0.0,3
29704,0.0,5
29704,0.0,3
29720,0.0,3
29720,0.0,5
29728,1.0,16
29736,0.0,4
29744,0.0,3
29744,0.0,5
29768,0.0,5
29776,0.0,5
29776,0.0,4
29816,1.0,14
29832,2.0,21
29856,0.0,3
29856,1.0,14
29864,2.0,23
29880,1.0,14
29880,0.0,3
29888,1.0,14
29888,2.0,21
29896,1.0,15
29896,0.0,5
29904,0.0,5
29904,0.0,3
29904,1.0,11
29912,0.0,3
29920,0.0,5
29928,0.0,5
29928,0.0,3
29936,0.0,5
29944,0.0,5
29952,0.0,5
29952,0.0,3
29968,0.0,5
29984,0.0,5
29992,0.0,5
30016,1.0,15
30024,1.0,15
30024,0.0,5
30032,1.0,12
30032,0.0,5
30040,1.0,15
30056,0.0,5
30064,0.0,5
30064,0.0,5
30064,1.0,12
30080,0.0,5
30096,0.0,5
30104,0.0,5
30104,0.0,5
30104,0.0,5
30120,0.0,5
30128,1.0,12
30128,1.0,12
30136,0.0,5
30144,0.0,5
30144,0.0,5
30144,0.0,5
30160,0.0,5
30168,0.0,5
30168,0.0,5
30184,2.0,29
30184,0.0,5
30208,0.0,5
30224,0.0,5
30232,1.0,12
30240,1.0,12
30264,0.0,5
30280,0.0,5
30312,1.0,16
30320,0.0,5
30328,1.0,12
30360,1.0,12
30408,1.0,12
30416,1.0,12
30456,1.0,12
30496,0.0,5
30504,1.0,12
30504,4.0,45
30512,1.0,12
30520,4.0,45
30528,4.0,45
30544,0.0,5
30568,4.0,45
30600,1.0,12
30608,1.0,12
30616,1.0,12
30624,1.0,12
30664,1.0,12
30688,4.0,45
30696,1.0,12
30704,1.0,12
30752,1.0,16
30760,1.0,12
30784,1.0,12
30792,0.0,5
30792,1.0,12
30808,1.0,13
30824,0.0,5
30832,0.0,5
30832,0.0,5
30856,4.0,45
30864,0.0,5
30872,3.0,41
30872,0.0,5
30872,0.0,5
30896,0.0,5
30912,0.0,5
30912,0.0,5
30936,1.0,16
30936,0.0,5
30952,0.0,5
30952,0.0,5
30976,0.0,5
30976,0.0,5
30976,4.0,45
30992,1.0,16
30992,0.0,5
30992,0.0,5
31000,1.0,16
31000,2.0,30
31016,0.0,5
31016,0.0,5
31016,0.0,5
31032,0.0,5
31032,0.0,5
31032,0.0,5
31040,0.0,5
31040,0.0,5
31056,0.0,5
31056,0.0,5
31056,0.0,5
31072,0.0,5
31072,0.0,5
31072,0.0,5
31080,0.0,5
31080,0.0,5
31096,0.0,5
31096,0.0,5
31096,0.0,5
31112,0.0,5
31112,0.0,5
31112,0.0,5
31120,0.0,5
31120,0.0,5
31136,0.0,5
31136,0.0,5
31136,0.0,5
31152,0.0,5
31152,0.0,5
31152,0.0,5
31160,0.0,5
31160,0.0,5
31176,0.0,5
31176,0.0,5
31192,0.0,5
31192,0.0,5
31200,0.0,5
31200,0.0,5
31216,0.0,5
31216,0.0,5
31232,0.0,5
31232,0.0,5
31240,0.0,5
31256,0.0,5
31256,0.0,5
31264,1.0,16
31272,0.0,5
31272,0.0,5
31280,0.0,5
31280,1.0,16
31296,0.0,5
31304,0.0,5
31312,1.0,14
31312,0.0,5
31312,0.0,5
31320,0.0,5
31320,0.0,5
31336,0.0,5
31344,0.0,5
31352,0.0,5
31352,0.0,5
31352,0.0,5
31360,0.0,5
31360,0.0,5
31384,0.0,5
31384,1.0,16
31392,0.0,5
31392,0.0,5
31400,0.0,5
31400,0.0,5
31424,0.0,5
31424,0.0,5
31432,0.0,5
31432,0.0,5
31440,0.0,5
31440,0.0,5
31464,0.0,5
31472,0.0,5
31472,0.0,5
31480,0.0,5
31480,0.0,5
31488,1.0,17
31504,0.0,5
31520,2.0,23
31560,1.0,17
31600,1.0,16
31608,1.0,16
31616,1.0,16
31640,0.0,5
31648,1.0,16
31648,0.0,5
31680,0.0,5
31688,0.0,5
31688,1.0,16
31704,2.0,28
31704,2.0,29
31712,1.0,12
31720,0.0,5
31728,0.0,5
31728,2.0,28
31728,0.0,5
31744,0.0,5
31744,0.0,5
31752,0.0,5
31760,0.0,5
31768,0.0,5
31768,0.0,5
31768,0.0,5
31784,0.0,5
31784,1.0,17
31784,0.0,5
31792,0.0,5
31808,0.0,5
31808,0.0,5
31808,0.0,5
31824,0.0,5
31824,0.0,5
31824,0.0,5
31848,0.0,5
31848,0.0,5
31848,0.0,5
31864,0.0,5
31864,0.0,5
31864,0.0,5
31888,1.0,16
31904,0.0,5
31920,1.0,16
31928,0.0,5
31960,0.0,5
31960,1.0,14
31960,1.0,14
31960,1.0,14
31976,1.0,14
31976,1.0,14
32000,0.0,5
32000,0.0,5
32000,0.0,5
32000,0.0,5
32016,0.0,5
32016,1.0,14
32016,0.0,5
32040,1.0,14
32056,0.0,5
32080,0.0,5
32112,1.0,14
32112,1.0,14
32120,1.0,15
32120,1.0,15
32128,1.0,14
32136,1.0,15
32152,0.0,5
32152,0.0,5
32160,0.0,5
32160,0.0,5
32168,0.0,5
32176,0.0,5
32176,1.0,15
32192,0.0,5
32200,1.0,15
32200,0.0,5
32216,0.0,5
32240,0.0,5
32256,0.0,5
32272,1.0,15
32288,1.0,15
32312,1.0,15
32312,0.0,5
32328,2.0,21
32328,0.0,5
32352,0.0,5
32352,0.0,5
32360,2.0,23
32368,0.0,5
32368,0.0,5
32368,2.0,21
32400,0.0,5
32424,2.0,21
32424,2.0,23
32464,0.0,5
32488,1.0,15
32504,0.0,5
32504,1.0,17
32520,1.0,15
32520,2.0,21
32528,0.0,5
32536,2.0,23
32536,2.0,21
32544,0.0,5
32560,0.0,5
32560,1.0,17
32560,0.0,3
32568,0.0,5
32576,0.0,5
32600,0.0,5
32600,0.0,5
32600,0.0,5
32624,1.0,15
32640,0.0,5
32656,1.0,17
32664,0.0,5
32664,1.0,15
32680,0.0,5
32696,1.0,15
32696,0.0,5
32704,0.0,5
32704,0.0,5
32720,0.0,5
32736,0.0,5
32736,2.0,21
32736,0.0,5
32736,1.0,17
32744,0.0,5
32744,0.0,5
32760,0.0,5
32776,0.0,5
32776,0.0,5
32776,0.0,5
32776,0.0,5
32784,2.0,23
32784,0.0,5
32784,0.0,5
32800,0.0,5
32816,0.0,5
32840,0.0,5
32856,0.0,5
32880,0.0,5
32896,1.0,15
32904,1.0,16
32904,1.0,16
32912,1.0,16
32912,1.0,16
32920,0.0,5
32936,0.0,3
32952,1.0,12
33000,1.0,12
33000,1.0,12
33008,1.0,12
33032,1.0,10
33032,1.0,14
33040,0.0,5
33040,0.0,5
33064,0.0,3
33072,0.0,5
33096,4.0,39
33104,1.0,12
33120,2.0,23
33128,1.0,12
33136,1.0,12
33136,0.0,5
33144,0.0,5
33160,0.0,5
33168,0.0,5
33176,0.0,5
33176,0.0,5
33184,1.0,14
33184,0.0,5
33208,0.0,5
33216,0.0,5
33216,0.0,5
33224,0.0,5
33224,3.0,41
33224,0.0,5
33248,0.0,5
33256,0.0,5
33256,0.0,5
33264,0.0,5
33264,0.0,5
33264,0.0,5
33288,0.0,5
33296,0.0,5
33296,0.0,5
33304,0.0,5
33304,0.0,5
33304,0.0,5
33328,0.0,5
33336,0.0,5
33336,0.0,5
33344,0.0,5
33344,0.0,5
33344,0.0,5
33368,0.0,5
33376,0.0,5
33384,0.0,5
33384,0.0,5
33384,0.0,5
33408,0.0,5
33416,0.0,5
33424,0.0,5
33424,4.0,45
33432,1.0,12
33448,0.0,5
33456,0.0,5
33464,0.0,5
33472,0.0,5
33480,1.0,12
33480,1.0,12
33488,0.0,5
33504,0.0,5
33520,4.0,45
33520,1.0,12
33528,0.0,5
33560,0.0,5
33568,1.0,12
33576,1.0,12
33576,1.0,12
33600,1.0,12
33600,0.0,5
33608,0.0,5
33616,0.0,5
33616,1.0,12
33624,1.0,12
33640,0.0,5
33640,0.0,5
33648,2.0,24
33648,0.0,5
33656,0.0,5
33656,0.0,5
33664,0.0,5
33680,0.0,5
33680,0.0,5
33688,0.0,5
33688,0.0,5
33696,0.0,5
33696,0.0,5
33704,1.0,16
33704,0.0,5
33720,0.0,5
33720,0.0,5
33728,0.0,5
33728,0.0,5
33736,0.0,5
33736,0.0,5
33744,0.0,5
33744,0.0,5
33760,0.0,5
33760,0.0,5
33768,0.0,5
33768,0.0,5
33776,0.0,5
33776,0.0,5
33784,0.0,5
33784,0.0,5
33800,0.0,5
33808,0.0,5
33808,0.0,5
33816,0.0,5
33816,0.0,5
33824,0.0,5
33840,0.0,5
33848,0.0,5
33848,0.0,5
33856,0.0,5
33880,0.0,5
33888,0.0,5
33888,1.0,16
33888,0.0,5
33896,0.0,5
33920,1.0,17
33920,0.0,5
33928,0.0,5
33928,0.0,5
33928,0.0,5
33936,0.0,5
33952,1.0,16
33960,0.0,5
33968,0.0,5
33976,0.0,5
33992,0.0,3
34000,2.0,23
34000,0.0,5
34016,0.0,5
34032,0.0,5
34040,0.0,5
34040,1.0,14
34048,1.0,15
34056,0.0,5
34056,1.0,17
34072,0.0,5
34080,0.0,5
34080,1.0,16
34080,0.0,5
34096,0.0,5
34096,0.0,5
34112,0.0,5
34120,0.0,5
34120,0.0,5
34136,1.0,17
34136,0.0,5
34152,0.0,5
34160,0.0,5
34176,0.0,5
34176,1.0,16
34192,0.0,5
34200,0.0,5
34208,1.0,16
34216,0.0,5
34232,0.0,5
34240,0.0,5
34256,0.0,5
34256,1.0,17
34264,1.0,16
34272,1.0,12
34272,0.0,5
34280,2.0,23
34280,0.0,5
34296,0.0,5
34296,0.0,5
34304,0.0,5
34312,0.0,5
34320,0.0,5
34320,0.0,5
34336,0.0,5
34336,0.0,5
34344,0.0,5
34352,0.0,5
34360,0.0,5
34360,0.0,5
34376,0.0,5
34376,0.0,5
34384,0.0,5
34392,0.0,5
34392,2.0,23
34400,0.0,5
34400,0.0,5
34416,0.0,3
34416,0.0,5
34416,0.0,5
34424,0.0,5
34432,0.0,5
34440,0.0,5
34440,0.0,5
34456,0.0,5
34456,2.0,23
34456,0.0,5
34456,0.0,5
34464,0.0,5
34472,0.0,5
34480,0.0,5
34480,0.0,5
34496,0.0,5
34496,0.0,5
34496,0.0,5
34504,0.0,5
34512,0.0,5
34520,0.0,5
34520,0.0,5
34536,0.0,5
34544,0.0,5
34552,0.0,5
34560,0.0,5
34560,0.0,5
34584,0.0,5
34592,0.0,5
34592,1.0,17
34600,0.0,5
34600,0.0,5
34624,0.0,5
34632,0.0,5
34632,1.0,17
34640,0.0,5
34664,2.0,21
34664,0.0,5
34672,0.0,5
34680,0.0,5
34704,0.0,5
34704,0.0,5
34720,2.0,23
34720,0.0,5
34744,0.0,5
34760,0.0,5
34760,0.0,5
34768,2.0,21
34800,0.0,5
34800,0.0,5
34808,0.0,5
34816,2.0,23
34824,2.0,29
34840,0.0,5
34840,0.0,5
34848,0.0,5
34856,0.0,5
34856,2.0,23
34872,2.0,21
34896,0.0,5
34896,0.0,5
34912,2.0,21
34936,0.0,5
34936,0.0,5
34952,0.0,5
34960,1.0,17
34976,0.0,5
34976,0.0,5
34976,1.0,17
34984,1.0,17
34992,0.0,5
35000,0.0,5
35008,1.0,17
35016,0.0,5
35016,0.0,5
35016,0.0,5
35024,0.0,5
35024,2.0,23
35032,0.0,5
35048,0.0,5
35056,0.0,5
35056,0.0,5
35056,0.0,5
35064,0.0,5
35064,0.0,5
35088,0.0,5
35096,0.0,5
35096,0.0,5
35096,0.0,5
35104,0.0,5
35104,0.0,5
35128,1.0,16
35128,0.0,5
35136,0.0,5
35136,0.0,5
35136,0.0,5
35144,0.0,5
35168,0.0,5
35168,0.0,5
35176,0.0,5
35176,0.0,5
35176,0.0,5
35184,0.0,5
35200,2.0,21
35208,0.0,5
35216,0.0,5
35216,0.0,5
35216,0.0,5
35240,0.0,5
35248,0.0,5
35256,0.0,5
35256,0.0,5
35256,0.0,5
35280,0.0,5
35288,0.0,5
35288,2.0,23
35296,0.0,5
35296,0.0,5
35296,0.0,5
35304,1.0,17
35328,0.0,5
35328,0.0,5
35336,0.0,5
35336,0.0,5
35336,0.0,5
35344,0.0,5
35368,2.0,23
35368,0.0,5
35368,0.0,5
35376,0.0,5
35384,0.0,5
35408,0.0,5
35408,0.0,5
35408,0.0,5
35416,0.0,5
35424,0.0,5
35448,0.0,5
35448,0.0,5
35448,0.0,5
35456,0.0,5
35464,0.0,5
35464,2.0,23
35488,0.0,5
35488,0.0,5
35488,0.0,5
35496,0.0,5
35504,0.0,5
35504,0.0,5
35520,2.0,23
35520,2.0,23
35528,0.0,5
35528,0.0,5
35528,0.0,5
35536,0.0,5
35544,0.0,5
35544,0.0,5
35560,0.0,5
35560,0.0,5
35568,0.0,5
35568,0.0,5
35568,0.0,5
35576,0.0,5
35584,0.0,5
35584,0.0,5
35600,0.0,5
35600,0.0,5
35608,0.0,5
35608,0.0,5
35608,0.0,5
35616,0.0,5
35624,0.0,5
35624,0.0,5
35640,0.0,5
35640,0.0,5
35648,0.0,5
35648,0.0,5
35648,0.0,5
35656,0.0,5
35664,0.0,5
35664,0.0,5
35680,0.0,5
35680,0.0,5
35688,0.0,5
35688,0.0,5
35688,0.0,5
35696,0.0,5
35704,0.0,5
35704,0.0,5
35720,0.0,5
35720,0.0,5
35728,0.0,5
35728,0.0,5
35728,0.0,5
35736,0.0,5
35744,0.0,5
35744,0.0,5
35760,0.0,5
35760,0.0,5
35768,0.0,5
35768,0.0,5
35768,0.0,5
35776,0.0,5
35784,0.0,5
35784,0.0,5
35800,0.0,5
35800,0.0,5
35808,0.0,5
35808,0.0,5
35808,0.0,3
35808,0.0,5
35816,0.0,5
35824,0.0,3
35824,0.0,5
35824,0.0,3
35832,0.0,3
35848,0.0,5
35848,0.0,5
35848,0.0,5
35856,0.0,5
35864,0.0,5
35864,0.0,5
35864,0.0,5
35872,0.0,5
35872,0.0,3
35872,0.0,3
35888,0.0,3
35888,0.0,3
35888,0.0,5
35896,0.0,5
35896,0.0,3
35904,0.0,5
35912,0.0,5
35912,0.0,5
35920,0.0,3
35928,0.0,5
35936,0.0,5
35944,0.0,5
35944,0.0,3
35952,0.0,5
35952,0.0,5
35968,0.0,5
35976,0.0,5
35984,0.0,5
35984,0.0,5
35992,0.0,5
35992,0.0,3
35992,0.0,5
36000,1.0,14
36016,1.0,16
36072,1.0,12
36080,1.0,12
36088,1.0,12
36088,1.0,12
36088,1.0,12
36096,1.0,12
36168,1.0,12
36176,1.0,12
36184,1.0,12
36184,1.0,12
36184,1.0,12
36192,1.0,12
36208,2.0,28
36216,0.0,5
36224,0.0,5
36264,1.0,12
36288,1.0,13
36288,1.0,12
36304,1.0,12
36312,1.0,12
36320,1.0,12
36328,0.0,5
36328,0.0,5
36344,3.0,41
36352,0.0,5
36368,0.0,5
36368,1.0,13
36376,2.0,24
36400,1.0,12
36408,0.0,5
36416,1.0,12
36424,1.0,12
36440,1.0,12
36448,0.0,5
36448,1.0,10
36448,1.0,12
36472,1.0,12
36496,1.0,12
36512,1.0,12
36520,1.0,12
36536,1.0,12
36544,1.0,12
36544,1.0,12
36544,1.0,12
36552,0.0,5
36560,0.0,5
36568,1.0,12
36576,0.0,5
36600,1.0,13
36600,0.0,5
36608,0.0,5
36640,1.0,12
36640,1.0,12
36640,1.0,12
36680,0.0,5
36680,0.0,5
36680,0.0,5
36696,1.0,12
36720,0.0,5
36720,0.0,5
36736,0.0,5
36792,1.0,14
36816,0.0,3
36832,1.0,14
36832,1.0,14
36848,1.0,14
36856,0.0,3
36856,0.0,5
36872,0.0,3
36872,0.0,5
36896,0.0,5
36912,4.0,45
36936,0.0,3
36936,4.0,45
36936,3.0,41
36960,4.0,45
36960,0.0,3
36968,1.0,14
36976,0.0,5
36992,0.0,3
36992,1.0,15
37000,0.0,5
37000,1.0,16
37008,1.0,14
37016,0.0,3
37024,0.0,3
37032,0.0,3
37032,0.0,5
37056,0.0,5
37064,1.0,16
37088,1.0,14
37104,0.0,5
37112,1.0,14
37128,0.0,5
37144,0.0,5
37152,1.0,15
37160,1.0,17
37168,1.0,17
37168,0.0,5
37168,1.0,14
37176,2.0,27
37200,0.0,5
37208,0.0,5
37208,0.0,5
37216,0.0,5
37248,1.0,17
37256,0.0,5
37264,1.0,15
37288,0.0,5
37304,0.0,5
37320,1.0,15
37328,1.0,15
37336,1.0,16
37336,2.0,21
37336,2.0,23
37344,0.0,5
37360,0.0,5
37368,0.0,5
37376,0.0,5
37376,0.0,5
37384,0.0,5
37400,0.0,5
37408,0.0,5
37416,0.0,5
37432,2.0,22
37440,0.0,5
37448,0.0,5
37456,0.0,5
37456,2.0,21
37472,1.0,17
37480,0.0,5
37488,0.0,5
37496,1.0,15
37496,0.0,5
37496,0.0,5
37512,0.0,5
37536,0.0,5
37536,0.0,5
37552,0.0,5
37568,2.0,23
37576,0.0,5
37576,0.0,5
37592,0.0,5
37608,0.0,5
37616,0.0,5
37616,2.0,23
37616,0.0,5
37648,0.0,5
37656,0.0,5
37656,0.0,5
37656,0.0,5
37664,2.0,23
37672,2.0,23
37680,2.0,23
37688,0.0,5
37696,0.0,5
37696,0.0,5
37696,0.0,5
37704,0.0,5
37712,0.0,5
37720,0.0,5
37728,0.0,5
37736,0.0,5
37736,0.0,5
37736,0.0,5
37744,0.0,5
37752,0.0,5
37760,2.0,21
37760,0.0,5
37768,0.0,5
37776,0.0,5
37776,0.0,5
37776,0.0,5
37792,0.0,5
37800,0.0,5
37800,0.0,5
37808,0.0,5
37816,0.0,5
37816,0.0,5
37816,0.0,5
37832,0.0,5
37840,0.0,5
37840,0.0,5
37848,0.0,5
37856,0.0,5
37856,0.0,5
37856,0.0,5
37872,0.0,5
37880,0.0,5
37880,0.0,5
37888,0.0,5
37896,0.0,5
37896,0.0,5
37896,0.0,5
37912,0.0,5
37920,0.0,5
37920,0.0,5
37928,0.0,5
37936,0.0,5
37936,0.0,5
37936,0.0,5
37952,0.0,5
37960,0.0,5
37968,0.0,5
37976,0.0,5
37976,0.0,5
37992,0.0,5
38016,1.0,12
38016,0.0,5
38032,1.0,12
38056,1.0,12
38064,1.0,12
38104,4.0,45
38112,1.0,12
38112,1.0,12
38152,1.0,12
38152,0.0,5
38152,0.0,5
38176,0.0,3
38192,0.0,5
38192,0.0,5
38200,1.0,12
38216,0.0,5
38232,0.0,5
38232,0.0,5
38240,0.0,5
38256,0.0,5
38256,2.0,24
38272,0.0,5
38280,0.0,5
38296,0.0,5
38296,0.0,5
38320,3.0,36
38320,0.0,5
38336,4.0,45
38336,0.0,5
38336,0.0,5
38352,4.0,45
38360,1.0,16
38360,0.0,5
38360,0.0,5
38376,0.0,5
38392,0.0,5
38400,0.0,5
38400,1.0,16
38400,0.0,5
38432,0.0,5
38440,0.0,5
38440,0.0,5
38440,0.0,5
38464,1.0,16
38464,1.0,16
38472,0.0,5
38480,0.0,5
38480,0.0,5
38480,0.0,5
38488,1.0,16
38504,1.0,16
38504,0.0,3
38504,0.0,5
38504,0.0,5
38520,0.0,5
38520,0.0,5
38528,0.0,3
38528,0.0,5
38544,0.0,5
38544,0.0,5
38568,0.0,5
38568,0.0,5
38584,0.0,5
38624,0.0,5
38624,1.0,15
38640,2.0,21
38664,0.0,5
38664,0.0,3
38680,1.0,14
38680,1.0,14
38688,2.0,21
38688,2.0,21
38688,0.0,3
38712,0.0,3
38712,0.0,3
38712,2.0,21
38720,0.0,5
38720,0.0,5
38728,0.0,5
38736,0.0,3
38736,0.0,3
38736,0.0,3
38760,0.0,3
38768,0.0,5
38776,0.0,5
38776,0.0,5
38792,2.0,21
38816,0.0,3
38816,0.0,5
38832,2.0,21
38840,0.0,3
38840,1.0,15
38872,0.0,5
38880,0.0,5
38880,0.0,5
38888,2.0,21
38896,1.0,17
38912,0.0,3
38912,0.0,5
38920,0.0,5
38920,0.0,5
38936,2.0,21
38952,0.0,5
38952,0.0,5
38960,0.0,5
38960,2.0,23
38960,0.0,5
38976,0.0,5
38984,2.0,21
38992,0.0,5
38992,0.0,5
39000,0.0,5
39000,0.0,5
39000,0.0,5
39016,0.0,5
39032,0.0,5
39032,0.0,5
39040,0.0,5
39040,0.0,5
39040,0.0,5
39080,0.0,5
39080,2.0,23
39080,0.0,5
39104,0.0,3
39120,0.0,5
39120,1.0,17
39120,0.0,5
39128,0.0,3
39144,0.0,3
39152,1.0,17
39160,1.0,15
39192,0.0,5
39200,0.0,5
39232,1.0,14
39232,1.0,14
39232,0.0,5
39240,0.0,5
39264,1.0,15
39264,1.0,17
39280,0.0,5
39304,0.0,5
39304,0.0,5
39328,1.0,12
39328,1.0,12
39344,4.0,39
39344,0.0,5
39344,4.0,39
39400,1.0,12
39424,1.0,12
39424,1.0,12
39440,1.0,12
39440,1.0,12
39440,1.0,12
39496,1.0,12
39520,1.0,12
39520,1.0,12
39536,1.0,12
39536,1.0,12
39536,1.0,12
39560,0.0,5
39576,0.0,5
39576,0.0,5
39592,1.0,12
39592,4.0,45
39616,0.0,5
39616,1.0,12
39632,0.0,5
39632,1.0,12
39640,0.0,3
39640,4.0,45
39656,1.0,12
39656,0.0,3
39664,0.0,3
39664,0.0,3
39672,0.0,5
39672,1.0,12
39688,1.0,12
39696,0.0,5
39704,0.0,5
39736,1.0,10
39736,1.0,15
39744,0.0,5
39752,1.0,10
39760,0.0,3
39760,1.0,12
39760,0.0,3
39768,1.0,10
39776,0.0,3
39784,1.0,14
39784,0.0,3
39800,0.0,5
39800,0.0,3
39800,0.0,5
39808,0.0,3
39808,1.0,14
39808,0.0,5
39824,0.0,5
39832,0.0,3
39840,0.0,5
39840,0.0,5
39856,1.0,14
39872,0.0,5
39896,0.0,3
39912,1.0,14
39920,1.0,14
39936,1.0,14
39936,0.0,5
39944,1.0,17
39944,0.0,3
39952,1.0,14
39952,1.0,14
39952,0.0,5
39960,0.0,3
39976,0.0,3
39976,0.0,3
39976,0.0,3
40000,0.0,5
40016,0.0,5
40016,0.0,5
40040,2.0,23
40048,1.0,14
40064,0.0,3
40072,0.0,3
40072,1.0,16
40096,0.0,3
40104,1.0,16
40104,0.0,5
40112,0.0,5
40120,1.0,15
40128,2.0,23
40128,1.0,14
40136,1.0,15
40136,0.0,5
40144,0.0,5
40144,0.0,5
40160,0.0,5
40168,0.0,5
40168,0.0,5
40176,0.0,5
40184,0.0,5
40208,0.0,5
40232,1.0,15
40272,0.0,5
40304,2.0,21
40312,2.0,21
40328,2.0,21
40336,2.0,21
40344,2.0,21
40344,0.0,5
40352,2.0,21
40352,0.0,5
40368,0.0,5
40376,2.0,21
40384,0.0,5
40392,0.0,5
40408,0.0,5
40416,0.0,5
40424,0.0,5
40432,0.0,5
40448,0.0,5
40464,2.0,24
40472,1.0,17
40480,1.0,17
40488,0.0,5
40496,1.0,18
40512,1.0,12
40520,1.0,12
40528,1.0,12
40536,0.0,5
40552,0.0,5
40560,1.0,12
40560,0.0,5
40576,0.0,5
40592,0.0,5
40600,1.0,14
40600,0.0,5
40616,0.0,3
40672,1.0,12
40672,1.0,14
40688,1.0,11
40696,1.0,12
40712,0.0,5
40712,1.0,12
40728,0.0,5
40736,0.0,3
40736,0.0,5
40736,0.0,3
40752,0.0,3
40776,0.0,5
40776,0.0,5
40800,3.0,41
40808,3.0,41
40816,0.0,5
40816,0.0,5
40824,0.0,3
40824,1.0,11
40840,0.0,3
40848,0.0,5
40856,0.0,5
40856,2.0,23
40864,0.0,5
40864,0.0,5
40864,0.0,3
40880,1.0,16
40880,0.0,3
40888,4.0,45
40888,0.0,3
40912,0.0,3
40952,0.0,5
40960,1.0,14
40968,1.0,14
40976,1.0,14
40976,1.0,14
40976,1.0,12
41008,1.0,15
41032,0.0,3
41064,1.0,11
41064,2.0,23
41064,1.0,14
41072,1.0,12
41088,0.0,3
41088,0.0,3
41112,0.0,3
41128,1.0,12
41128,0.0,5
41152,2.0,23
41152,0.0,5
41152,1.0,10
41176,0.0,3
41176,0.0,3
41192,0.0,5
41208,1.0,10
41216,0.0,5
41216,0.0,3
41248,2.0,23
41256,0.0,5
41256,0.0,5
41256,3.0,35
41272,0.0,3
41272,3.0,39
41296,0.0,5
41296,1.0,15
41304,1.0,12
41336,0.0,5
41352,1.0,12
41368,1.0,14
41368,1.0,12
41368,1.0,12
41392,1.0,12
41400,1.0,12
41408,0.0,5
41432,1.0,12
41432,1.0,10
41448,0.0,5
41464,1.0,12
41464,1.0,12
41488,0.0,5
41488,4.0,45
41496,1.0,12
41504,0.0,5
41504,0.0,5
41528,1.0,12
41528,0.0,5
41528,0.0,5
41536,0.0,5
41544,0.0,5
41544,0.0,5
41568,0.0,5
41568,0.0,5
41568,0.0,5
41576,0.0,5
41584,0.0,5
41584,0.0,5
41608,0.0,5
41608,0.0,5
41608,0.0,5
41616,0.0,5
41624,0.0,5
41624,0.0,5
41648,0.0,5
41648,0.0,5
41648,0.0,5
41656,0.0,5
41664,2.0,29
41664,0.0,5
41664,0.0,5
41688,0.0,5
41688,0.0,5
41688,0.0,5
41696,0.0,5
41704,0.0,5
41704,0.0,5
41712,3.0,40
41728,0.0,5
41728,0.0,5
41728,0.0,5
41736,0.0,5
41744,0.0,5
41744,0.0,5
41752,0.0,5
41768,0.0,5
41776,0.0,5
41784,0.0,5
41784,0.0,5
41792,0.0,5
41792,1.0,16
41808,0.0,5
41816,0.0,5
41824,0.0,5
41824,0.0,5
41832,0.0,5
41848,0.0,5
41856,1.0,16
41856,1.0,16
41856,0.0,5
41864,0.0,5
41864,0.0,5
41872,0.0,5
41880,0.0,3
41888,0.0,5
41888,1.0,12
41896,0.0,5
41896,0.0,5
41904,0.0,5
41904,0.0,5
41912,0.0,5
41928,0.0,5
41928,0.0,5
41944,0.0,5
41944,0.0,5
42000,1.0,15
42024,1.0,12
42024,1.0,16
42032,1.0,17
42040,1.0,16
42056,1.0,16
42064,0.0,5
42072,1.0,16
42080,1.0,17
42120,0.0,5
42128,1.0,16
42160,1.0,16
42160,0.0,5
42176,1.0,17
42184,2.0,20
42192,1.0,17
42200,1.0,17
42200,0.0,5
42208,1.0,17
42232,0.0,5
42240,0.0,5
42264,1.0,17
42272,0.0,5
42280,0.0,5
42296,1.0,17
42304,0.0,5
42304,1.0,12
42312,1.0,16
42312,0.0,5
42320,0.0,5
42336,0.0,5
42344,0.0,5
42344,0.0,5
42352,0.0,5
42352,0.0,5
42360,0.0,5
42376,0.0,3
42376,0.0,5
42384,0.0,5
42384,0.0,5
42392,0.0,5
42400,0.0,3
42400,0.0,5
42416,0.0,5
42424,0.0,3
42432,2.0,29
42432,0.0,5
42440,0.0,5
42456,0.0,5
42464,0.0,5
42472,0.0,5
42472,0.0,5
42480,0.0,5
42496,0.0,5
42504,0.0,5
42512,0.0,5
42512,0.0,5
42520,0.0,5
42520,4.0,43
42536,0.0,5
42536,0.0,3
42544,0.0,5
42552,2.0,21
42560,0.0,5
42568,2.0,23
42576,0.0,5
42616,1.0,12
42624,1.0,14
42648,1.0,12
42656,0.0,5
42672,1.0,12
42688,0.0,5
42696,0.0,5
42712,0.0,5
42712,1.0,11
42784,1.0,12
42792,1.0,12
42808,1.0,12
42808,1.0,12
42848,0.0,5
42880,1.0,12
42880,3.0,40
42888,0.0,5
42896,4.0,45
42904,0.0,3
42904,1.0,12
42904,4.0,45
42920,0.0,5
42928,4.0,45
42928,0.0,5
42944,0.0,5
42944,0.0,5
42944,0.0,5
42960,0.0,5
42968,0.0,5
42968,0.0,3
42968,0.0,5
42984,0.0,5
42984,2.0,24
42984,0.0,5
42992,0.0,3
43008,0.0,5
43008,0.0,5
43024,0.0,5
43024,0.0,5
43024,0.0,5
43024,1.0,16
43032,0.0,5
43048,0.0,5
43064,0.0,5
43064,0.0,5
43064,0.0,5
43064,0.0,5
43072,0.0,5
43088,0.0,5
43104,0.0,5
43104,1.0,12
43104,0.0,5
43104,0.0,5
43104,0.0,5
43112,0.0,5
43128,0.0,5
43144,0.0,5
43144,0.0,5
43144,0.0,5
43144,0.0,5
43152,2.0,24
43152,0.0,5
43168,0.0,5
43184,0.0,5
43184,0.0,5
43184,0.0,5
43192,0.0,5
43192,0.0,5
43208,0.0,5
43224,0.0,5
43224,0.0,5
43224,0.0,5
43232,0.0,5
43232,0.0,5
43232,1.0,16
43248,0.0,5
43264,0.0,5
43264,0.0,5
43272,1.0,16
43272,0.0,5
43272,0.0,5
43272,0.0,5
43288,0.0,5
43304,0.0,5
43304,0.0,5
43312,0.0,5
43312,0.0,5
43312,0.0,5
43312,0.0,5
43328,0.0,5
43344,0.0,5
43344,0.0,5
43352,0.0,5
43352,0.0,5
43352,0.0,5
43352,0.0,5
43360,1.0,17
43368,0.0,5
43384,0.0,5
43384,0.0,5
43392,0.0,5
43392,0.0,5
43392,0.0,5
43392,0.0,5
43408,0.0,5
43424,0.0,5
43432,0.0,5
43456,1.0,12
43472,0.0,5
43480,1.0,12
43488,1.0,12
43488,1.0,12
43496,0.0,5
43512,0.0,5
43520,0.0,5
43528,0.0,5
43528,0.0,5
43536,1.0,16
43536,0.0,5
43552,0.0,5
43552,1.0,16
43560,0.0,5
43576,0.0,5
43592,2.0,25
43592,0.0,5
43592,0.0,5
43600,0.0,5
43616,0.0,5
43632,0.0,5
43632,0.0,5
43632,0.0,5
43640,0.0,3
43640,0.0,5
43672,0.0,5
43672,0.0,5
43680,0.0,5
43680,0.0,5
43712,2.0,23
43712,2.0,23
43712,0.0,5
43712,0.0,5
43720,0.0,5
43720,0.0,5
43728,2.0,24
43752,0.0,5
43752,0.0,5
43752,0.0,5
43752,0.0,5
43760,0.0,5
43760,0.0,5
43768,0.0,5
43792,0.0,5
43792,0.0,5
43792,0.0,5
43800,0.0,5
43808,0.0,5
43816,2.0,23
43832,0.0,5
43848,0.0,5
43856,0.0,5
43872,0.0,5
43888,1.0,17
43888,0.0,5
43896,0.0,5
43912,0.0,5
43928,0.0,5
43928,1.0,17
43928,0.0,5
43944,2.0,23
43952,0.0,5
43968,0.0,5
43968,0.0,5
43968,0.0,5
43976,2.0,23
43984,0.0,5
43984,2.0,23
43992,0.0,5
44008,0.0,5
44008,0.0,5
44008,0.0,5
44016,0.0,5
44024,0.0,5
44024,0.0,5
44032,0.0,5
44048,0.0,5
44048,0.0,5
44056,0.0,5
44064,0.0,5
44072,0.0,5
44088,0.0,5
44088,0.0,5
44096,0.0,5
44112,0.0,5
44128,0.0,5
44136,0.0,5
44152,0.0,5
44168,0.0,5
44176,2.0,21
44192,0.0,5
44208,0.0,5
44216,0.0,5
44216,2.0,24
44224,3.0,41
44248,2.0,23
44256,0.0,5
44272,2.0,23
44288,0.0,5
44296,0.0,5
44312,0.0,5
44328,0.0,5
44328,2.0,24
44352,0.0,5
44352,1.0,17
44368,1.0,18
44368,0.0,5
44368,0.0,5
44384,2.0,24
44392,0.0,5
44392,0.0,5
44400,2.0,24
44408,0.0,5
44408,0.0,5
44408,0.0,5
44424,0.0,5
44432,0.0,5
44432,0.0,5
44432,1.0,17
44440,0.0,5
44448,0.0,5
44448,0.0,5
44448,0.0,5
44464,0.0,5
44472,0.0,5
44472,0.0,5
44480,0.0,5
44488,0.0,5
44488,0.0,5
44504,0.0,5
44512,0.0,5
44512,0.0,5
44520,0.0,5
44544,0.0,5
44552,0.0,5
44552,0.0,5
44560,0.0,5
44576,1.0,16
44584,0.0,5
44592,0.0,5
44592,0.0,5
44600,0.0,5
44600,2.0,21
44616,1.0,16
44616,0.0,5
44624,0.0,5
44632,0.0,5
44632,0.0,5
44640,0.0,5
44656,0.0,5
44656,0.0,5
44664,0.0,5
44672,0.0,5
44672,2.0,23
44672,0.0,5
44680,0.0,5
44696,0.0,5
44696,1.0,12
44696,0.0,5
44712,0.0,5
44720,0.0,5
44736,0.0,5
44736,0.0,5
44752,0.0,5
44776,0.0,5
44792,1.0,16
44800,1.0,16
44800,1.0,16
44824,1.0,16
44832,0.0,5
44848,1.0,16
44848,1.0,12
44864,0.0,5
44864,1.0,16
44872,0.0,5
44888,0.0,5
44888,0.0,5
44904,1.0,16
44904,0.0,5
44904,0.0,5
44928,0.0,5
44928,0.0,5
44936,1.0,17
44936,1.0,17
44944,0.0,5
44944,0.0,5
44944,0.0,5
44976,0.0,5
44976,0.0,5
44984,0.0,5
44984,0.0,5
45000,1.0,16
45016,0.0,5
45016,0.0,5
45024,0.0,5
45024,0.0,5
45040,0.0,5
45056,1.0,16
45064,1.0,17
45064,0.0,5
45080,0.0,5
45096,0.0,5
45104,0.0,5
45104,0.0,5
45112,2.0,21
45120,0.0,5
45136,0.0,5
45144,0.0,5
45144,0.0,5
45152,0.0,5
45160,0.0,5
45168,0.0,3
45176,0.0,5
45184,0.0,5
45192,0.0,3
45200,2.0,23
45200,0.0,5
45200,2.0,23
45208,2.0,23
45224,0.0,5
45240,0.0,5
45240,0.0,5
45248,0.0,5
45264,0.0,5
45280,0.0,5
45280,0.0,5
45288,0.0,5
45304,0.0,5
45320,0.0,5
45320,0.0,5
45328,0.0,5
45336,2.0,23
45344,2.0,21
45344,0.0,5
45352,0.0,3
45360,0.0,5
45360,0.0,5
45368,2.0,22
45376,0.0,5
45384,0.0,5
45384,0.0,5
45392,0.0,5
45400,0.0,5
45400,0.0,5
45408,0.0,5
45416,0.0,5
45424,0.0,5
45424,0.0,5
45432,0.0,5
45440,0.0,5
45448,0.0,5
45464,0.0,5
45464,0.0,5
45472,0.0,5
45480,0.0,5
45488,0.0,5
45504,0.0,5
45504,0.0,5
45512,0.0,5
45512,1.0,12
45520,0.0,5
45528,4.0,41
45528,0.0,5
45536,0.0,3
45544,0.0,5
45544,0.0,5
45568,0.0,5
45568,0.0,5
45576,0.0,5
45584,2.0,23
45584,0.0,5
45624,1.0,14
45632,1.0,14
45656,1.0,14
45664,0.0,5
45672,0.0,5
45688,1.0,15
45688,1.0,14
45696,1.0,16
45696,0.0,5
45696,1.0,14
45704,0.0,5
45712,0.0,3
45712,0.0,5
45720,1.0,17
45720,0.0,3
45736,0.0,5
45744,0.0,5
45744,0.0,3
45752,0.0,5
45760,0.0,5
45784,0.0,5
45784,0.0,5
45792,0.0,5
45808,1.0,15
45824,1.0,14
45832,1.0,17
45848,0.0,5
45864,0.0,5
45872,0.0,5
45888,0.0,5
45904,1.0,14
45904,2.0,21
45912,0.0,5
45928,0.0,5
45944,0.0,5
45944,0.0,5
45952,0.0,5
45952,2.0,21
45968,2.0,23
45976,0.0,3
45984,0.0,5
45992,0.0,5
46000,0.0,3
46000,1.0,17
46008,0.0,5
46016,3.0,32
46024,0.0,3
46032,0.0,5
46048,0.0,5
46056,0.0,3
46056,1.0,16
46056,0.0,5
46064,1.0,15
46064,0.0,5
46080,0.0,3
46096,0.0,5
46096,0.0,5
46104,0.0,5
46104,1.0,15
46104,0.0,5
46136,1.0,17
46136,0.0,5
46136,0.0,5
46144,0.0,5
46144,0.0,5
46144,0.0,5
46176,1.0,16
46176,0.0,5
46176,0.0,5
46184,0.0,5
46184,0.0,5
46192,1.0,14
46200,0.0,3
46216,0.0,5
46216,0.0,5
46224,0.0,5
46224,0.0,5
46232,0.0,5
46256,0.0,5
46264,0.0,5
46264,1.0,16
46264,0.0,5
46272,1.0,16
46272,0.0,5
46288,0.0,3
46288,0.0,3
46296,0.0,3
46296,0.0,5
46312,0.0,5
46312,0.0,3
46328,1.0,16
46336,0.0,5
46344,1.0,16
46368,0.0,5
46368,0.0,3
46376,0.0,5
46416,1.0,16
46424,1.0,16
46440,1.0,16
46448,0.0,3
46464,0.0,3
46488,2.0,22
46496,1.0,16
46504,0.0,5
46504,1.0,17
46504,1.0,16
46512,0.0,3
46520,0.0,3
46528,0.0,3
46544,0.0,5
46544,0.0,5
46552,1.0,17
46552,0.0,5
46560,0.0,5
46568,0.0,3
46592,4.0,41
46592,0.0,3
46592,0.0,5
46600,0.0,5
46632,2.0,23
46632,0.0,5
46632,0.0,5
46640,0.0,5
46656,1.0,14
46664,1.0,17
46664,1.0,14
46672,0.0,5
46680,0.0,3
46688,0.0,3
46704,0.0,3
46704,1.0,14
46728,0.0,5
46744,0.0,5
46744,1.0,14
46744,0.0,5
46744,1.0,14
46752,0.0,3
46752,1.0,14
46760,1.0,12
46768,0.0,3
46784,0.0,5
46792,1.0,15
46792,0.0,5
46816,0.0,3
46832,0.0,5
46840,1.0,12
46840,1.0,10
46848,1.0,12
46856,0.0,5
46864,0.0,3
46872,1.0,16
46872,0.0,3
46880,1.0,12
46880,0.0,3
46888,1.0,15
46896,0.0,3
46904,0.0,5
46912,0.0,3
46912,0.0,5
46920,0.0,3
46920,0.0,5
46928,1.0,12
46936,0.0,3
46944,0.0,3
46952,0.0,5
46960,0.0,5
46960,0.0,3
46968,0.0,5
46968,1.0,16
46984,0.0,5
46984,0.0,3
46992,0.0,5
46992,0.0,3
47000,1.0,12
47000,1.0,15
47000,0.0,5
47008,0.0,5
47016,0.0,3
47024,0.0,3
47024,0.0,5
47032,0.0,5
47040,0.0,3
47040,0.0,5
47040,0.0,5
47048,0.0,5
47064,0.0,3
47064,0.0,5
47064,0.0,5
47080,0.0,5
47080,0.0,5
47088,0.0,5
47096,1.0,14
47104,0.0,5
47104,0.0,5
47104,0.0,3
47104,0.0,3
47128,0.0,3
47136,0.0,5
47144,0.0,5
47144,0.0,5
47144,0.0,5
47152,0.0,3
47152,1.0,15
47160,0.0,3
47168,0.0,3
47176,1.0,14
47176,0.0,3
47184,0.0,5
47184,0.0,5
47184,0.0,3
47192,0.0,5
47200,1.0,14
47208,0.0,3
47208,0.0,5
47208,0.0,3
47208,0.0,3
47216,0.0,5
47216,0.0,5
47240,0.0,5
47240,0.0,3
47248,0.0,5
47248,0.0,5
47264,0.0,3
47264,0.0,3
47288,0.0,3
47288,0.0,3
47304,1.0,14
47312,0.0,3
47320,1.0,14
47320,1.0,14
47328,1.0,14
47352,0.0,5
47352,0.0,3
47360,1.0,14
47360,0.0,5
47360,1.0,14
47360,0.0,5
47384,0.0,3
47392,0.0,5
47392,0.0,5
47400,1.0,14
47400,0.0,5
47424,0.0,5
47440,0.0,5
47472,1.0,14
47480,1.0,15
47480,0.0,5
47488,2.0,23
47496,0.0,3
47504,1.0,14
47504,0.0,3
47512,1.0,15
47512,0.0,3
47512,1.0,14
47528,0.0,3
47536,1.0,14
47536,0.0,3
47536,0.0,3
47536,0.0,5
47544,0.0,5
47552,0.0,5
47560,0.0,3
47576,0.0,5
47600,0.0,3
47640,0.0,5
47648,2.0,21
47656,1.0,16
47656,1.0,15
47664,1.0,16
47680,0.0,3
47688,1.0,16
47688,0.0,5
47688,0.0,3
47696,0.0,5
47712,0.0,3
47712,2.0,21
47712,0.0,3
47720,0.0,5
47720,2.0,21
47728,0.0,5
47752,0.0,5
47752,1.0,14
47752,0.0,5
47752,0.0,5
47760,0.0,5
47760,0.0,5
47776,0.0,3
47792,0.0,5
47792,0.0,5
47792,0.0,5
47800,0.0,5
47808,1.0,14
47816,0.0,5
47832,0.0,5
47832,0.0,5
47832,0.0,3
47856,0.0,5
47872,0.0,5
47872,0.0,5
47872,0.0,5
47888,1.0,16
47896,0.0,5
47896,2.0,21
47912,0.0,5
47912,0.0,5
47928,0.0,5
47936,1.0,17
47936,0.0,5
47936,0.0,5
47952,0.0,5
47976,0.0,5
47976,2.0,23
47976,0.0,5
47976,0.0,5
47992,0.0,5
48008,1.0,17
48016,0.0,5
48016,0.0,5
48016,0.0,5
48016,0.0,5
48032,0.0,5
48040,0.0,3
48040,1.0,16
48048,0.0,5
48056,0.0,5
48056,0.0,5
48056,0.0,5
48064,1.0,17
48072,0.0,5
48080,0.0,5
48080,0.0,5
48088,0.0,5
48096,0.0,5
48096,0.0,5
48096,0.0,5
48104,0.0,5
48112,0.0,5
48120,0.0,5
48120,0.0,5
48128,0.0,5
48136,0.0,5
48136,0.0,5
48136,0.0,5
48144,0.0,5
48152,0.0,5
48152,0.0,3
48160,0.0,5
48160,0.0,5
48176,0.0,5
48176,0.0,5
48184,0.0,5
48192,0.0,5
48200,0.0,5
48232,1.0,10
48232,1.0,12
48232,0.0,5
48240,0.0,5
48256,1.0,10
48256,1.0,12
48256,0.0,3
48272,1.0,12
48280,1.0,12
48312,0.0,5
48312,1.0,10
48352,1.0,12
48352,1.0,15
48352,1.0,12
48360,1.0,10
48360,1.0,15
48400,0.0,5
48408,1.0,12
48408,1.0,12
48448,1.0,12
48448,1.0,12
48488,1.0,10
48488,0.0,5
48488,0.0,5
48504,1.0,12
48528,0.0,5
48528,0.0,5
48568,0.0,5
48584,1.0,12
48600,1.0,12
48616,4.0,45
48624,2.0,28
48624,0.0,5
48624,1.0,12
48640,0.0,5
48664,0.0,5
48664,1.0,12
48664,0.0,5
48704,0.0,5
48704,0.0,5
48704,0.0,5
48712,4.0,45
48720,4.0,45
48720,1.0,12
48744,0.0,5
48752,1.0,17
48784,0.0,5
48792,0.0,5
48800,1.0,12
48800,1.0,12
48808,1.0,12
48816,1.0,12
48824,0.0,5
48824,0.0,3
48832,0.0,3
48832,0.0,5
48840,0.0,5
48840,0.0,3
48864,0.0,5
48864,0.0,5
48872,0.0,5
48872,0.0,5
48880,0.0,5
48904,0.0,5
48904,0.0,5
48912,0.0,5
48912,0.0,5
48928,0.0,3
48944,0.0,5
48952,0.0,3
48952,0.0,5
48952,0.0,5
48960,2.0,30
48968,0.0,3
48968,3.0,41
48968,1.0,16
48992,0.0,5
48992,0.0,5
49000,0.0,5
49008,1.0,16
49008,0.0,5
49008,0.0,5
49008,0.0,5
49024,0.0,3
49032,0.0,5
49032,0.0,5
49032,0.0,3
49048,0.0,5
49072,0.0,5
49072,0.0,5
49080,1.0,16
49088,0.0,5
49096,0.0,3
49112,0.0,5
49120,0.0,5
49128,0.0,5
49136,0.0,3
49136,0.0,5
49144,0.0,3
49152,1.0,15
49152,1.0,18
49160,1.0,17
49168,0.0,5
49176,0.0,5
49176,0.0,5
49192,0.0,5
49192,0.0,5
49192,0.0,3
49200,0.0,3
49216,0.0,5
49232,0.0,5
49232,0.0,5
49240,0.0,3
49240,0.0,5
49272,0.0,5
49272,0.0,5
49280,0.0,5
49288,1.0,16
49312,0.0,5
49312,0.0,5
49320,1.0,16
49320,4.0,39
49320,0.0,5
49328,0.0,5
49336,2.0,24
49352,0.0,3
49352,0.0,5
49352,0.0,5
49360,0.0,3
49360,0.0,5
49360,0.0,5
49360,0.0,5
49368,1.0,16
49376,0.0,3
49392,0.0,5
49392,0.0,5
49400,0.0,5
49400,0.0,5
49400,0.0,5
49400,0.0,5
49408,0.0,5
49416,0.0,5
49432,0.0,5
49432,0.0,3
49440,0.0,5
49440,0.0,5
49464,0.0,3
49472,0.0,5
49488,1.0,12
49496,1.0,12
49496,1.0,12
49528,0.0,5
49528,1.0,12
49560,1.0,12
49568,0.0,5
49568,0.0,5
49584,0.0,3
49592,0.0,3
49608,1.0,17
49632,0.0,5
49632,2.0,24
49680,1.0,12
49704,0.0,3
49704,1.0,12
49712,1.0,10
49712,1.0,10
49728,0.0,3
49736,0.0,3
49744,0.0,5
49776,4.0,45
49776,0.0,5
49784,0.0,5
49808,1.0,12
49816,3.0,40
49824,1.0,12
49856,4.0,45
49864,1.0,11
49880,0.0,3
49896,1.0,14
49904,0.0,5
49920,0.0,5
49920,0.0,3
49920,1.0,12
49928,4.0,45
49928,0.0,3
49944,0.0,3
49952,0.0,3
49960,0.0,5
49968,0.0,3
49968,0.0,5
49992,0.0,5
50016,2.0,30
50040,0.0,3
50040,2.0,29
50040,2.0,28
50048,1.0,16
50064,0.0,3
50064,0.0,3
50072,1.0,14
50072,0.0,3
50080,1.0,14
50080,1.0,14
50104,0.0,5
50104,1.0,14
50104,0.0,3
50112,0.0,5
50120,0.0,5
50128,0.0,3
50160,0.0,5
50160,1.0,15
50168,0.0,5
50184,1.0,15
50184,0.0,3
50216,1.0,14
50224,0.0,5
50224,1.0,14
50232,1.0,16
50240,0.0,3
50248,2.0,22
50248,0.0,3
50256,0.0,3
50272,0.0,3
50272,1.0,14
50280,0.0,5
50280,1.0,14
50296,0.0,3
50304,0.0,3
50304,1.0,15
50312,0.0,5
50336,1.0,14
50344,0.0,5
50344,0.0,5
50352,0.0,5
50360,0.0,3
50368,0.0,3
50376,1.0,16
50384,1.0,16
50384,0.0,5
50392,1.0,14
50408,0.0,5
50416,0.0,3
50424,1.0,16
50424,0.0,5
50448,0.0,3
50456,0.0,5
50464,1.0,14
50464,1.0,11
50488,1.0,16
50488,0.0,3
50488,0.0,5
50496,1.0,14
50504,0.0,5
50512,0.0,3
50520,1.0,14
50520,0.0,3
50544,1.0,15
50552,0.0,5
50560,0.0,5
50560,0.0,5
50576,1.0,15
50584,0.0,5
50600,1.0,14
50600,0.0,5
50616,1.0,16
50616,1.0,14
50624,0.0,5
50640,0.0,5
50656,0.0,5
50664,0.0,5
50680,0.0,5
50696,0.0,5
50696,1.0,17
50704,0.0,5
50720,0.0,5
50736,2.0,23
50736,0.0,5
50736,0.0,5
50744,0.0,5
50752,1.0,17
50760,0.0,5
50760,2.0,23
50776,0.0,5
50776,0.0,5
50776,0.0,5
50784,0.0,5
50784,2.0,23
50792,0.0,5
50800,0.0,5
50816,0.0,5
50824,0.0,5
50824,0.0,5
50832,0.0,5
50840,0.0,5
50856,0.0,5
50864,0.0,5
50864,0.0,5
50872,0.0,5
50896,0.0,5
50904,1.0,16
50904,0.0,5
50904,0.0,5
50912,0.0,5
50936,0.0,5
50944,2.0,23
50944,0.0,5
50944,0.0,5
50952,0.0,5
50960,1.0,15
50976,0.0,5
50984,0.0,5
50984,0.0,5
50992,0.0,5
51000,0.0,5
51016,2.0,30
51016,0.0,5
51024,0.0,5
51024,0.0,5
51032,0.0,5
51040,0.0,5
51040,1.0,17
51056,0.0,5
51056,0.0,5
51064,0.0,5
51064,0.0,5
51072,0.0,5
51072,1.0,16
51080,0.0,5
51096,0.0,5
51096,0.0,5
51104,0.0,5
51112,0.0,5
51112,0.0,5
51120,0.0,5
51136,1.0,12
51144,0.0,5
51152,0.0,5
51160,1.0,12
51192,1.0,12
51208,1.0,12
51232,0.0,5
51232,1.0,12
51256,1.0,12
51304,1.0,12
51328,2.0,29
51328,1.0,12
51328,1.0,12
51336,2.0,24
51352,2.0,29
51368,0.0,5
51368,0.0,5
51376,0.0,5
51384,2.0,29
51400,1.0,12
51416,0.0,5
51424,0.0,5
51432,1.0,13
51440,0.0,5
51448,1.0,12
51456,0.0,5
51464,1.0,12
51480,0.0,3
51480,0.0,5
51504,0.0,5
51520,1.0,12
51520,0.0,5
51520,0.0,5
51528,1.0,12
51544,0.0,5
51560,2.0,24
51560,0.0,5
51560,0.0,5
51560,0.0,5
51568,0.0,5
51584,0.0,5
51600,0.0,5
51600,0.0,5
51600,0.0,5
51600,0.0,5
51608,0.0,5
51616,4.0,45
51624,0.0,3
51640,0.0,5
51640,0.0,5
51640,2.0,24
51640,0.0,5
51648,0.0,5
51656,0.0,5
51672,0.0,3
51680,1.0,12
51680,0.0,5
51680,0.0,5
51680,0.0,5
51680,0.0,5
51696,0.0,5
51712,0.0,5
51720,0.0,5
51720,0.0,5
51720,0.0,5
51720,0.0,5
51720,0.0,5
51752,0.0,5
51760,0.0,5
51760,0.0,5
51760,0.0,5
51792,0.0,5
51800,0.0,5
51808,2.0,23
51832,0.0,5
51840,0.0,5
51848,0.0,5
51864,2.0,21
51872,0.0,5
51880,0.0,5
51888,0.0,5
51904,2.0,23
51904,2.0,23
51904,0.0,5
51912,0.0,5
51920,0.0,5
51928,0.0,5
51944,0.0,5
51944,2.0,23
51944,0.0,5
51952,0.0,5
51968,0.0,5
51984,0.0,5
51984,0.0,5
51984,0.0,5
51992,0.0,5
52008,0.0,5
52024,0.0,5
52024,0.0,5
52048,0.0,5
52064,0.0,5
52064,0.0,5
52088,0.0,5
52088,2.0,23
52088,3.0,41
52104,2.0,23
52104,0.0,5
52104,0.0,5
52120,1.0,17
52128,0.0,5
52128,0.0,5
52144,0.0,5
52144,0.0,5
52168,0.0,5
52168,0.0,5
52176,2.0,23
52184,0.0,5
52208,0.0,5
52208,0.0,5
52224,0.0,5
52232,1.0,18
52248,0.0,5
52248,0.0,5
52256,1.0,17
52264,0.0,5
52288,2.0,23
52288,0.0,5
52296,0.0,5
52312,2.0,21
52312,1.0,17
52328,0.0,5
52328,0.0,5
52336,0.0,3
52352,0.0,5
52368,0.0,5
52368,1.0,17
52368,0.0,5
52392,0.0,5
52408,0.0,5
52408,0.0,5
52408,0.0,5
52432,0.0,5
52440,2.0,24
52448,0.0,5
52448,2.0,23
52448,0.0,5
52472,1.0,17
52472,0.0,5
52480,0.0,5
52480,2.0,23
52488,0.0,5
52488,0.0,5
52488,0.0,5
52512,0.0,5
52512,0.0,5
52520,0.0,5
52528,0.0,5
52528,0.0,5
52528,0.0,5
52552,0.0,5
52552,0.0,5
52560,0.0,5
52568,0.0,5
52568,0.0,5
52568,0.0,5
52592,0.0,5
52592,0.0,5
52592,2.0,23
52600,1.0,15
52600,0.0,5
52608,0.0,5
52608,0.0,5
52608,0.0,5
52632,0.0,5
52632,0.0,5
52640,0.0,5
52640,0.0,5
52648,0.0,5
52648,0.0,5
52648,0.0,5
52672,0.0,5
52672,0.0,5
52680,0.0,5
52680,0.0,5
52688,0.0,5
52688,0.0,5
52688,0.0,5
52712,0.0,5
52712,0.0,5
52720,0.0,5
52720,0.0,5
52728,0.0,5
52728,0.0,5
52728,0.0,5
52728,1.0,17
52752,0.0,5
52752,0.0,5
52760,0.0,5
52760,0.0,5
52768,0.0,5
52768,0.0,5
52768,0.0,5
52792,0.0,5
52792,0.0,5
52800,0.0,5
52808,0.0,5
52808,0.0,5
52832,0.0,5
52832,0.0,5
52840,0.0,5
52848,0.0,5
52872,0.0,5
52880,0.0,5
52888,0.0,5
52912,2.0,23
52912,0.0,5
52920,0.0,5
52928,0.0,5
52936,0.0,3
52944,2.0,23
52952,0.0,5
52952,2.0,23
52960,0.0,5
52968,0.0,5
52976,0.0,5
52984,0.0,5
52992,2.0,23
52992,0.0,5
52992,0.0,5
53000,0.0,5
53008,0.0,5
53016,2.0,23
53016,0.0,5
53024,0.0,5
53032,0.0,5
53032,0.0,5
53032,0.0,5
53040,0.0,5
53048,0.0,5
53056,0.0,5
53064,0.0,5
53072,0.0,5
53072,0.0,5
53072,0.0,5
53080,0.0,5
53096,0.0,5
53104,0.0,5
53112,0.0,5
53112,0.0,5
53112,0.0,5
53120,0.0,5
53136,0.0,5
53144,0.0,5
53152,0.0,5
53152,0.0,5
53160,0.0,5
53176,0.0,5
53176,1.0,16
53184,0.0,5
53200,2.0,23
53216,0.0,5
53216,0.0,5
53240,0.0,5
53256,0.0,5
53256,0.0,5
53296,0.0,5
53296,2.0,23
53320,2.0,21
53336,1.0,12
53336,2.0,23
53336,0.0,5
53336,0.0,5
53344,2.0,23
53360,0.0,5
53368,2.0,23
53376,0.0,5
53376,0.0,5
53376,0.0,5
53384,0.0,5
53400,0.0,5
53416,0.0,5
53416,0.0,5
53416,0.0,5
53424,0.0,5
53440,0.0,5
53440,2.0,23
53456,0.0,5
53456,0.0,5
53456,0.0,5
53464,0.0,5
53472,1.0,17
53480,0.0,5
53496,0.0,5
53496,0.0,5
53496,0.0,5
53504,0.0,5
53504,1.0,17
53512,0.0,5
53520,0.0,5
53536,0.0,5
53536,0.0,5
53536,0.0,5
53544,0.0,5
53544,0.0,5
53552,0.0,5
53560,0.0,5
53576,0.0,5
53584,0.0,5
53592,0.0,5
53608,2.0,21
53616,0.0,5
53632,0.0,5
53648,0.0,5
53656,0.0,5
53672,0.0,5
53680,1.0,17
53696,0.0,5
53704,2.0,21
53704,2.0,21
53712,0.0,5
53720,0.0,5
53736,0.0,5
53744,2.0,23
53744,0.0,5
53752,0.0,5
53760,0.0,5
53768,2.0,23
53776,0.0,5
53784,0.0,5
53792,0.0,5
53800,1.0,12
53800,0.0,5
53816,0.0,5
53824,0.0,5
53832,2.0,23
53832,0.0,5
53840,1.0,12
53840,0.0,5
53864,0.0,5
53872,0.0,5
53880,0.0,5
53904,0.0,5
53912,1.0,18
53912,0.0,5
53920,0.0,5
53928,1.0,12
53944,0.0,5
53952,0.0,5
53952,0.0,5
53968,0.0,5
53984,2.0,23
53984,0.0,5
53992,0.0,5
54000,2.0,23
54008,0.0,5
54024,2.0,23
54024,0.0,5
54024,0.0,5
54032,0.0,5
54048,0.0,5
54072,0.0,5
54080,2.0,20
54088,0.0,5
54096,1.0,12
54120,0.0,5
54120,1.0,12
54128,0.0,5
54136,2.0,23
54136,0.0,5
54152,1.0,16
54152,1.0,16
54160,0.0,5
54160,0.0,5
54168,0.0,5
54168,1.0,12
54176,0.0,5
54176,0.0,5
54192,0.0,5
54200,0.0,5
54200,0.0,5
54208,0.0,5
54208,0.0,5
54216,0.0,5
54232,0.0,5
54240,0.0,5
54240,0.0,5
54248,0.0,5
54248,0.0,5
54256,0.0,5
54264,0.0,3
54272,0.0,5
54280,0.0,5
54288,0.0,5
54288,0.0,5
54288,1.0,17
54296,0.0,5
54296,0.0,3
54304,1.0,16
54304,0.0,5
54320,0.0,5
54328,0.0,5
54328,0.0,5
54336,0.0,5
54336,0.0,5
54344,0.0,5
54344,0.0,5
54360,0.0,5
54368,0.0,5
54368,0.0,5
54376,0.0,5
54376,0.0,5
54384,0.0,5
54408,0.0,5
54416,0.0,5
54416,0.0,5
54424,0.0,5
54440,1.0,12
54448,0.0,5
54456,0.0,5
54456,0.0,5
54464,1.0,12
54464,0.0,5
54480,2.0,24
54496,0.0,5
54496,0.0,5
54536,0.0,5
54544,1.0,10
54560,1.0,12
54568,1.0,16
54576,1.0,12
54576,0.0,5
54584,0.0,5
54592,2.0,29
54592,1.0,12
54608,0.0,5
54616,0.0,5
54648,0.0,5
54656,1.0,12
54672,1.0,12
54680,1.0,12
54680,2.0,29
54688,1.0,12
54712,1.0,12
54712,0.0,5
54720,0.0,5
54720,0.0,5
54728,0.0,5
54744,1.0,12
54752,1.0,12
54760,0.0,5
54760,0.0,5
54768,0.0,5
54784,2.0,24
54784,0.0,5
54792,0.0,5
54800,0.0,5
54800,0.0,5
54808,1.0,12
54808,1.0,12
54824,0.0,5
54824,0.0,5
54832,0.0,5
54840,0.0,5
54848,0.0,5
54848,0.0,5
54864,1.0,12
54872,0.0,5
54880,0.0,5
54888,0.0,5
54888,0.0,5
54904,0.0,5
54912,0.0,5
54920,0.0,5
54928,0.0,5
54928,0.0,5
54944,0.0,5
54952,1.0,16
54952,1.0,16
54952,0.0,5
54960,0.0,5
54968,0.0,5
54968,0.0,5
54984,0.0,5
54984,2.0,23
54992,0.0,5
54992,0.0,5
54992,0.0,5
55000,0.0,5
55008,0.0,5
55008,0.0,5
55024,0.0,5
55024,0.0,5
55032,0.0,5
55032,0.0,5
55032,0.0,5
55040,0.0,5
55048,0.0,5
55048,0.0,5
55064,0.0,5
55064,0.0,5
55072,0.0,5
55072,0.0,5
55088,0.0,5
55104,0.0,5
55104,0.0,5
55112,0.0,5
55112,0.0,5
55128,0.0,5
55144,0.0,5
55152,0.0,5
55152,0.0,5
55168,1.0,16
55168,0.0,5
55168,1.0,17
55176,1.0,16
55184,0.0,5
55192,0.0,5
55192,0.0,5
55208,0.0,5
55208,0.0,5
55208,0.0,5
55216,0.0,5
55224,0.0,5
55232,0.0,5
55232,0.0,5
55248,0.0,5
55248,0.0,5
55248,0.0,5
55256,0.0,5
55264,0.0,5
55272,0.0,5
55272,0.0,5
55288,2.0,23
55288,0.0,5
55288,0.0,5
55296,0.0,5
55304,0.0,5
55328,0.0,5
55328,0.0,5
55336,0.0,5
55368,1.0,15
55368,0.0,5
55376,0.0,5
55408,0.0,5
55416,0.0,5
55440,2.0,21
55440,2.0,21
55448,0.0,5
55456,0.0,5
55472,2.0,23
55480,0.0,5
55480,0.0,5
55488,2.0,23
55488,0.0,5
55496,0.0,5
55512,2.0,23
55512,0.0,5
55520,0.0,5
55520,0.0,5
55528,0.0,5
55536,0.0,5
55552,2.0,23
55552,0.0,5
55552,0.0,5
55560,0.0,5
55560,0.0,5
55568,0.0,5
55576,0.0,5
55592,0.0,5
55592,0.0,5
55600,0.0,5
55608,0.0,5
55616,0.0,5
55624,1.0,17
55632,0.0,5
55632,0.0,5
55640,0.0,5
55648,0.0,5
55656,0.0,5
55664,0.0,5
55672,0.0,5
55680,0.0,5
55688,0.0,5
55696,0.0,5
55720,0.0,5
55728,2.0,21
55728,0.0,5
55736,2.0,23
55736,0.0,5
55752,1.0,15
55768,0.0,5
55768,0.0,5
55776,0.0,5
55776,0.0,5
55792,0.0,5
55808,0.0,5
55808,0.0,5
55816,0.0,5
55816,0.0,5
55832,0.0,5
55848,0.0,5
55848,0.0,5
55856,2.0,23
55856,0.0,5
55856,2.0,24
55856,0.0,5
55872,0.0,5
55888,0.0,5
55896,0.0,5
55896,0.0,5
55896,0.0,5
55896,0.0,5
55904,2.0,23
55912,0.0,5
55928,0.0,5
55936,0.0,5
55936,0.0,5
55936,0.0,5
55944,0.0,5
55952,0.0,5
55968,0.0,5
55976,0.0,5
55976,0.0,5
55976,0.0,5
55984,0.0,5
56000,0.0,3
56008,0.0,5
56016,0.0,5
56016,0.0,5
56024,0.0,5
56032,2.0,23
56040,0.0,5
56048,0.0,5
56056,0.0,5
56064,0.0,5
56080,0.0,5
56080,2.0,23
56088,0.0,5
56096,0.0,5
56104,0.0,5
56112,1.0,12
56120,0.0,5
56128,0.0,5
56136,0.0,5
56144,0.0,5
56152,0.0,5
56160,0.0,5
56168,0.0,5
56168,1.0,17
56176,0.0,5
56184,2.0,29
56184,0.0,5
56192,0.0,5
56200,0.0,5
56208,0.0,5
56208,0.0,5
56216,0.0,5
56224,0.0,5
56224,0.0,5
56232,0.0,5
56240,0.0,5
56248,0.0,5
56248,0.0,5
56256,0.0,5
56264,0.0,5
56264,2.0,23
56264,0.0,5
56272,0.0,3
56272,0.0,5
56280,0.0,5
56288,0.0,5
56304,0.0,5
56312,0.0,5
56312,0.0,5
56320,0.0,5
56328,0.0,5
56344,0.0,5
56352,0.0,5
56352,0.0,5
56360,0.0,5
56368,0.0,5
56376,0.0,3
56392,0.0,5
56392,1.0,16
56400,1.0,17
56400,0.0,5
56408,0.0,5
56416,0.0,5
56432,0.0,5
56432,0.0,5
56440,0.0,5
56440,0.0,5
56440,2.0,23
56456,0.0,5
56472,1.0,16
56472,0.0,5
56472,0.0,5
56480,0.0,5
56480,0.0,5
56480,0.0,5
56496,0.0,5
56504,1.0,12
56512,0.0,5
56512,0.0,5
56512,0.0,5
56520,0.0,5
56552,0.0,5
56552,0.0,5
56560,0.0,5
56576,1.0,12
56576,1.0,12
56592,0.0,5
56592,0.0,5
56616,0.0,5
56616,0.0,5
56624,1.0,16
56632,0.0,5
56632,0.0,5
56656,0.0,5
56656,0.0,3
56664,0.0,5
56680,2.0,21
56688,2.0,23
56696,0.0,5
56704,0.0,5
56712,1.0,12
56720,0.0,5
56728,0.0,5
56736,0.0,5
56744,2.0,23
56752,0.0,5
56760,0.0,5
56768,0.0,5
56784,0.0,5
56792,0.0,5
56800,2.0,21
56800,0.0,5
56808,0.0,5
56832,1.0,12
56832,0.0,5
56840,0.0,5
56840,0.0,5
56872,0.0,5
56872,2.0,21
56872,0.0,5
56880,0.0,5
56880,0.0,5
56912,0.0,5
56912,0.0,5
56920,0.0,5
56920,0.0,5
56944,1.0,17
56952,0.0,5
56960,0.0,5
56960,0.0,5
56968,2.0,23
56984,0.0,5
56984,3.0,41
56992,0.0,5
57000,0.0,5
57000,0.0,5
57008,0.0,5
57008,1.0,17
57024,0.0,5
57024,0.0,5
57040,0.0,5
57040,0.0,5
57048,0.0,5
57064,0.0,5
57064,0.0,5
57080,0.0,5
57080,0.0,5
57088,0.0,5
57096,2.0,23
57104,0.0,5
57120,0.0,5
57120,0.0,5
57128,0.0,5
57136,0.0,5
57144,1.0,17
57160,0.0,5
57160,0.0,5
57168,0.0,5
57176,2.0,23
57176,0.0,5
57184,0.0,5
57200,0.0,5
57208,0.0,5
57216,0.0,5
57224,0.0,5
57240,0.0,5
57248,2.0,23
57256,0.0,5
57264,0.0,5
57272,1.0,12
57280,0.0,5
57288,2.0,23
57288,0.0,5
57296,0.0,5
57304,0.0,5
57312,0.0,5
57320,0.0,5
57328,2.0,21
57328,0.0,5
57336,0.0,5
57344,0.0,5
57352,0.0,5
57360,0.0,5
57368,0.0,5
57368,0.0,5
57384,0.0,5
57392,0.0,5
57392,2.0,23
57400,0.0,5
57408,0.0,5
57408,0.0,5
57416,1.0,16
57424,0.0,5
57432,0.0,5
57432,0.0,5
57432,1.0,12
57440,0.0,5
57448,0.0,5
57448,0.0,5
57456,0.0,5
57464,0.0,5
57472,0.0,5
57472,0.0,5
57472,0.0,5
57480,0.0,5
57488,0.0,5
57488,0.0,5
57496,0.0,5
57504,0.0,5
57512,0.0,5
57512,0.0,5
57520,0.0,5
57528,0.0,5
57528,0.0,5
57536,0.0,5
57544,0.0,5
57552,0.0,5
57552,0.0,5
57560,0.0,5
57568,0.0,5
57568,0.0,5
57576,0.0,5
57584,0.0,5
57592,0.0,5
57592,0.0,5
57600,0.0,5
57608,0.0,5
57616,0.0,5
57624,0.0,5
57632,0.0,5
57632,0.0,5
57640,0.0,5
57648,0.0,5
57656,0.0,5
57672,0.0,5
57672,0.0,5
57672,0.0,3
57680,0.0,5
57696,0.0,5
57704,1.0,17
57712,0.0,5
57712,0.0,5
57712,0.0,5
57720,0.0,5
57736,0.0,5
57744,0.0,5
57752,0.0,5
57752,0.0,5
57752,0.0,5
57760,0.0,5
57760,1.0,17
57776,0.0,5
57784,0.0,5
57792,3.0,40
57792,0.0,5
57792,0.0,5
57792,0.0,5
57800,0.0,5
57816,0.0,5
57824,0.0,3
57824,0.0,5
57832,0.0,5
57832,0.0,5
57832,0.0,5
57856,1.0,12
57856,0.0,5
57864,0.0,5
57864,0.0,5
57872,0.0,5
57872,0.0,5
57872,0.0,5
57888,1.0,12
57896,0.0,5
57896,0.0,5
57904,0.0,5
57904,0.0,5
57912,0.0,5
57912,0.0,5
57912,0.0,5
57928,0.0,5
57936,0.0,5
57936,0.0,5
57944,0.0,5
57944,0.0,5
57952,0.0,5
57952,0.0,5
57968,0.0,5
57976,0.0,5
57976,0.0,5
57984,0.0,5
57984,0.0,5
57992,0.0,5
57992,0.0,5
58008,1.0,12
58008,0.0,5
58016,0.0,5
58016,0.0,5
58024,0.0,5
58032,0.0,5
58032,0.0,5
58056,0.0,5
58056,0.0,5
58072,0.0,5
58096,0.0,5
58096,0.0,5
58112,0.0,5
58136,0.0,5
58136,0.0,5
58152,0.0,5
58168,1.0,17
58176,0.0,5
58176,0.0,5
58192,2.0,21
58192,0.0,5
58192,2.0,23
58208,0.0,5
58216,0.0,5
58216,0.0,5
58232,0.0,5
58232,0.0,5
58232,0.0,5
58248,0.0,5
58248,4.0,33
58256,0.0,5
58256,0.0,5
58272,0.0,5
58272,0.0,5
58272,0.0,5
58288,0.0,5
58296,0.0,5
58296,3.0,36
58296,0.0,5
58312,0.0,5
58312,0.0,5
58328,0.0,5
58336,0.0,5
58336,0.0,5
58336,0.0,5
58352,0.0,5
58352,0.0,5
58368,1.0,12
58368,0.0,5
58376,0.0,5
58376,1.0,16
58376,0.0,5
58376,0.0,5
58392,0.0,5
58392,0.0,5
58408,0.0,5
58408,0.0,5
58416,0.0,5
58416,0.0,5
58416,0.0,5
58416,0.0,5
58432,0.0,5
58432,0.0,5
58440,0.0,3
58448,0.0,5
58448,0.0,5
58456,0.0,5
58456,0.0,5
58456,0.0,5
58472,0.0,5
58480,0.0,5
58488,0.0,5
58488,0.0,5
58496,0.0,5
58496,0.0,5
58512,0.0,5
58520,0.0,5
58528,0.0,5
58528,0.0,5
58536,0.0,5
58552,0.0,5
58568,0.0,5
58576,0.0,5
58592,0.0,5
58608,0.0,5
58616,0.0,5
58616,2.0,23
58632,0.0,5
58648,2.0,24
58656,0.0,5
58672,2.0,22
58672,0.0,5
58688,0.0,5
58696,0.0,5
58704,2.0,23
58712,2.0,23
58712,0.0,5
58712,0.0,5
58728,0.0,5
58744,0.0,5
58752,1.0,17
58752,0.0,5
58752,0.0,5
58768,0.0,5
58784,0.0,5
58792,2.0,23
58808,0.0,5
58824,0.0,5
58832,0.0,5
58848,1.0,17
58864,0.0,5
58880,2.0,23
58888,1.0,17
58888,0.0,5
58904,0.0,5
58920,0.0,5
58920,2.0,21
58928,0.0,3
58928,0.0,5
58928,0.0,5
58936,2.0,23
58960,0.0,5
58960,0.0,5
58968,0.0,5
58968,0.0,5
58968,0.0,5
58992,2.0,23
59000,0.0,5
59000,0.0,5
59008,0.0,5
59008,0.0,5
59008,0.0,5
59016,2.0,23
59032,0.0,5
59040,0.0,5
59040,0.0,5
59048,0.0,5
59056,0.0,5
59072,0.0,5
59072,1.0,17
59080,0.0,5
59080,0.0,5
59088,0.0,5
59096,0.0,5
59112,0.0,5
59120,0.0,5
59120,0.0,5
59128,0.0,5
59136,0.0,5
59160,0.0,5
59160,0.0,5
59168,0.0,5
59176,0.0,5
59192,2.0,23
59192,2.0,23
59200,0.0,5
59200,0.0,5
59208,0.0,5
59208,1.0,17
59216,0.0,5
59232,0.0,5
59240,0.0,5
59248,0.0,5
59248,0.0,5
59256,0.0,5
59272,0.0,5
59280,0.0,5
59288,0.0,5
59296,0.0,5
59296,2.0,23
59312,0.0,5
59320,0.0,5
59328,0.0,5
59328,1.0,17
59336,0.0,5
59336,0.0,5
59352,0.0,5
59360,0.0,5
59368,0.0,5
59368,0.0,5
59376,0.0,5
59384,2.0,23
59392,0.0,5
59400,0.0,5
59408,0.0,5
59408,0.0,5
59416,0.0,5
59424,0.0,5
59432,0.0,5
59432,2.0,23
59440,0.0,5
59448,0.0,5
59448,0.0,5
59456,0.0,5
59464,0.0,5
59472,1.0,17
59472,0.0,5
59472,0.0,5
59480,0.0,5
59488,0.0,5
59488,0.0,5
59496,0.0,5
59504,0.0,5
59512,0.0,5
59512,0.0,5
59512,0.0,5
59520,0.0,5
59528,0.0,5
59528,0.0,5
59536,0.0,5
59552,0.0,5
59552,0.0,5
59560,0.0,5
59568,0.0,5
59568,0.0,5
59576,0.0,5
59592,0.0,5
59600,0.0,5
59608,0.0,5
59608,0.0,5
59616,0.0,5
59632,0.0,5
59640,0.0,5
59648,0.0,5
59648,0.0,5
59656,0.0,5
59672,0.0,5
59680,0.0,5
59688,2.0,23
59688,1.0,17
59696,0.0,5
59696,2.0,23
59728,0.0,5
59728,0.0,5
59736,0.0,5
59768,0.0,5
59808,0.0,5
59832,2.0,23
59832,2.0,23
59848,0.0,5
59856,2.0,23
59864,2.0,23
59872,1.0,17
59872,0.0,5
59880,2.0,23
59888,0.0,5
59896,0.0,5
59904,0.0,5
59912,0.0,5
59912,0.0,5
59912,2.0,23
59920,0.0,5
59928,0.0,5
59936,0.0,5
59944,0.0,5
59952,0.0,5
59952,0.0,5
59952,0.0,5
59960,0.0,5
59968,1.0,17
59968,0.0,5
59976,0.0,5
59984,0.0,5
59992,0.0,5
59992,0.0,5
60000,0.0,5
60008,0.0,5
60016,0.0,5
60024,0.0,5
60032,0.0,5
60032,0.0,5
60048,0.0,5
60056,0.0,5
60064,0.0,5
60072,0.0,5
60096,0.0,5
60112,0.0,5
60136,0.0,5
60136,2.0,23
60152,2.0,23
60152,0.0,5
60176,0.0,5
60176,0.0,5
60184,2.0,23
60192,0.0,5
60216,0.0,5
60216,2.0,23
60216,0.0,5
60224,0.0,5
60232,2.0,23
60232,0.0,5
60248,2.0,23
60256,0.0,5
60256,0.0,5
60264,0.0,5
60272,0.0,5
60272,0.0,5
60288,1.0,17
60296,0.0,5
60296,0.0,5
60304,0.0,5
60312,0.0,5
60328,0.0,5
60336,0.0,5
60352,0.0,5
60368,0.0,5
60376,0.0,5
60392,0.0,5
60400,2.0,23
60408,1.0,17
60408,0.0,5
60432,2.0,23
60432,0.0,5
60448,0.0,5
60448,0.0,5
60472,0.0,5
60480,2.0,23
60488,2.0,23
60488,0.0,5
60512,0.0,5
60520,0.0,5
60528,0.0,5
60528,0.0,5
60536,0.0,3
60560,2.0,23
60560,0.0,5
60568,0.0,5
60576,0.0,5
60600,0.0,5
60600,0.0,5
60608,0.0,5
60632,2.0,23
60640,0.0,5
60640,0.0,5
60648,0.0,5
60672,0.0,5
60680,0.0,5
60680,0.0,5
60688,0.0,5
60696,3.0,37
60704,1.0,16
60712,0.0,5
60712,2.0,23
60720,0.0,5
60720,0.0,5
60720,3.0,36
60728,0.0,5
60736,0.0,5
60744,0.0,5
60752,0.0,5
60752,0.0,5
60760,0.0,5
60760,0.0,5
60760,0.0,5
60768,0.0,5
60776,0.0,5
60784,0.0,5
60792,0.0,5
60792,0.0,5
60800,0.0,5
60800,0.0,5
60808,0.0,5
60816,0.0,5
60824,0.0,5
60832,0.0,5
60832,0.0,5
60840,0.0,5
60840,0.0,5
60848,0.0,5
60856,0.0,5
60864,0.0,5
60872,0.0,5
60872,0.0,5
60880,0.0,5
60888,0.0,5
60896,0.0,5
60912,0.0,5
60912,0.0,5
60920,0.0,5
60928,0.0,5
60936,0.0,3
60936,0.0,5
60944,2.0,23
60944,0.0,3
60952,0.0,5
60960,0.0,3
60976,0.0,5
60976,0.0,3
60984,0.0,5
60984,0.0,5
61000,0.0,5
61000,0.0,3
61008,0.0,3
61008,0.0,3
61016,0.0,5
61024,2.0,23
61032,0.0,3
61040,0.0,3
61040,0.0,5
61048,2.0,23
61048,0.0,5
61064,0.0,5
61072,0.0,3
61072,0.0,5
61080,0.0,5
61088,0.0,5
61096,2.0,21
61112,0.0,3
61112,0.0,5
61136,0.0,3
61160,0.0,3
61176,2.0,22
61184,1.0,15
61200,0.0,5
61208,2.0,21
61216,0.0,5
61224,0.0,5
61232,1.0,17
61240,2.0,21
61248,2.0,21
61248,0.0,5
61256,0.0,5
61264,0.0,5
61272,0.0,5
61280,2.0,21
61280,0.0,5
61288,0.0,5
61288,0.0,5
61296,0.0,5
61304,0.0,5
61304,0.0,3
61312,0.0,5
61320,0.0,5
61328,0.0,5
61328,0.0,5
61336,0.0,5
61344,0.0,5
61344,0.0,5
61352,0.0,5
61360,0.0,5
61368,0.0,5
61368,0.0,5
61376,0.0,5
61384,2.0,23
61384,0.0,5
61408,0.0,5
61408,0.0,5
61416,0.0,5
61424,0.0,5
61432,0.0,3
61448,0.0,5
61456,0.0,5
61464,0.0,5
61472,0.0,3
61472,0.0,5
61472,1.0,16
61488,0.0,3
61496,1.0,17
61496,0.0,5
61496,0.0,3
61512,0.0,5
61512,0.0,5
61528,0.0,5
61536,0.0,5
61536,0.0,5
61552,0.0,5
61552,0.0,5
61568,0.0,5
61568,2.0,23
61576,0.0,3
61576,0.0,3
61576,0.0,5
61576,0.0,5
61592,0.0,3
61600,0.0,3
61600,0.0,3
61600,0.0,3
61600,0.0,3
61608,0.0,5
61616,0.0,3
61624,0.0,3
61640,0.0,5
61640,0.0,3
61640,0.0,5
61648,0.0,5
61664,0.0,3
61664,2.0,21
61680,0.0,5
61680,4.0,41
61688,0.0,5
61704,0.0,3
61704,0.0,5
61704,0.0,5
61712,0.0,3
61728,0.0,3
61728,0.0,3
61728,0.0,3
61728,1.0,16
61736,0.0,3
61752,0.0,3
61752,0.0,3
61760,0.0,3
61768,0.0,5
61776,0.0,3
61776,0.0,3
61792,0.0,3
61800,1.0,15
61800,0.0,3
61800,0.0,5
61800,0.0,3
61808,2.0,23
61816,0.0,3
61824,2.0,23
61824,0.0,3
61840,1.0,14
61840,0.0,5
61840,0.0,5
61840,0.0,3
61848,0.0,5
61848,0.0,3
61864,0.0,5
61864,0.0,3
61864,0.0,3
61864,0.0,3
61872,0.0,3
61872,0.0,3
61880,0.0,5
61888,0.0,3
61888,0.0,3
61888,0.0,3
61896,0.0,3
61896,0.0,3
61904,0.0,5
61912,0.0,3
61912,0.0,3
61912,0.0,3
61920,0.0,5
61920,0.0,3
61928,0.0,3
61928,1.0,16
61936,0.0,3
61936,0.0,3
61936,0.0,3
61936,0.0,5
61944,0.0,3
61944,0.0,3
61952,0.0,3
61968,0.0,3
61968,0.0,5
61976,0.0,5
61976,0.0,5
61976,0.0,5
61984,0.0,5
61992,0.0,3
62000,0.0,3
62008,0.0,5
62016,0.0,5
62016,0.0,5
62024,0.0,3
62024,0.0,5
62032,0.0,5
62048,1.0,14
62048,0.0,5
62056,0.0,5
62056,0.0,5
62064,0.0,5
62080,0.0,3
62080,0.0,3
62080,1.0,16
62088,0.0,5
62104,0.0,3
62104,0.0,5
62104,0.0,3
62120,0.0,5
62128,0.0,5
62144,0.0,5
62168,0.0,5
62184,0.0,5
62200,2.0,22
62208,0.0,5
62216,2.0,23
62224,0.0,5
62232,2.0,23
62240,0.0,5
62248,0.0,5
62256,0.0,5
62264,0.0,5
62280,0.0,5
62288,2.0,23
62288,0.0,5
62288,2.0,23
62304,0.0,5
62304,2.0,23
62320,0.0,5
62328,0.0,5
62344,0.0,5
62344,0.0,5
62368,0.0,5
62368,1.0,17
62384,0.0,5
62384,0.0,5
62392,1.0,17
62408,0.0,5
62408,0.0,5
62424,0.0,5
62424,0.0,5
62424,1.0,17
62432,0.0,5
62448,0.0,5
62448,0.0,5
62456,2.0,21
62464,0.0,5
62464,0.0,5
62464,0.0,5
62472,0.0,5
62488,0.0,5
62488,0.0,5
62496,0.0,5
62504,0.0,5
62504,0.0,5
62504,2.0,23
62504,0.0,5
62512,0.0,5
62528,0.0,5
62528,0.0,5
62544,0.0,5
62544,0.0,5
62544,0.0,5
62544,0.0,5
62552,0.0,5
62568,0.0,5
62568,0.0,5
62584,0.0,5
62584,0.0,5
62584,0.0,5
62592,0.0,5
62608,0.0,5
62608,0.0,5
62624,0.0,5
62624,0.0,5
62624,0.0,5
62632,0.0,5
62648,0.0,5
62656,0.0,3
62664,0.0,5
62664,0.0,5
62688,0.0,5
62696,0.0,5
62704,0.0,5
62704,0.0,5
62704,1.0,12
62720,1.0,12
62728,2.0,23
62728,0.0,5
62736,0.0,5
62744,0.0,5
62744,0.0,5
62744,0.0,5
62760,0.0,5
62768,0.0,5
62768,0.0,5
62776,0.0,5
62784,0.0,5
62784,0.0,5
62784,0.0,5
62808,0.0,5
62808,0.0,5
62824,0.0,5
62824,0.0,5
62824,0.0,5
62824,4.0,41
62848,0.0,5
62848,0.0,5
62856,1.0,12
62864,0.0,5
62864,0.0,5
62864,0.0,5
62864,0.0,5
62872,1.0,12
62888,0.0,5
62888,0.0,5
62896,0.0,5
62904,0.0,5
62904,0.0,5
62904,0.0,5
62912,0.0,5
62928,0.0,5
62928,0.0,5
62936,0.0,5
62944,0.0,5
62944,0.0,5
62952,0.0,5
62960,1.0,12
62968,0.0,3
62968,0.0,5
62976,0.0,5
62984,0.0,5
62992,0.0,5
63000,0.0,5
63008,0.0,5
63008,0.0,5
63016,0.0,5
63024,0.0,5
63032,0.0,5
63040,0.0,5
63048,0.0,5
63056,0.0,5
63064,0.0,5
63072,0.0,5
63080,0.0,5
63088,0.0,5
63096,0.0,5
63104,1.0,12
63104,0.0,5
63112,0.0,5
63120,0.0,5
63128,0.0,5
63136,0.0,5
63144,0.0,5
63144,0.0,5
63152,0.0,5
63184,0.0,5
63192,0.0,5
63192,3.0,36
63216,1.0,12
63216,3.0,36
63224,0.0,5
63224,1.0,12
63232,0.0,5
63232,1.0,12
63240,1.0,12
63256,0.0,5
63256,0.0,5
63264,0.0,5
63264,0.0,5
63272,0.0,5
63272,0.0,5
63280,0.0,5
63288,1.0,12
63296,0.0,5
63296,0.0,5
63304,0.0,5
63304,0.0,5
63312,0.0,5
63320,0.0,5
63328,0.0,5
63336,0.0,5
63344,0.0,5
63344,0.0,5
63360,0.0,5
63368,0.0,5
63384,0.0,5
63400,0.0,5
63424,0.0,5
63432,1.0,17
63464,2.0,24
63472,0.0,5
63496,2.0,23
63504,0.0,5
63520,2.0,23
63528,2.0,23
63536,0.0,5
63568,2.0,25
63584,2.0,23
63600,1.0,12
63608,0.0,5
63608,2.0,23
63616,1.0,12
63624,1.0,12
63624,0.0,5
63640,0.0,5
63640,2.0,21
63648,0.0,5
63664,0.0,5
63664,0.0,5
63680,0.0,5
63688,0.0,5
63704,2.0,21
63704,0.0,5
63728,0.0,5
63744,0.0,5
63744,0.0,5
63752,1.0,17
63768,0.0,5
63776,2.0,21
63784,1.0,15
63784,0.0,5
63784,0.0,5
63792,0.0,5
63808,2.0,21
63808,0.0,3
63808,0.0,5
63816,0.0,5
63816,1.0,17
63824,0.0,5
63824,0.0,5
63848,0.0,5
63856,0.0,5
63896,0.0,5
63936,1.0,15
63936,0.0,5
63944,1.0,17
63960,0.0,3
63960,2.0,21
63976,0.0,5
63976,2.0,21
63984,0.0,5
63992,2.0,21
63992,2.0,21
64000,0.0,5
64000,0.0,5
64016,2.0,21
64016,0.0,5
64016,0.0,5
64024,0.0,3
64024,0.0,3
64032,0.0,5
64032,0.0,5
64040,0.0,3
64048,0.0,3
64048,0.0,3
64056,0.0,3
64056,0.0,5
64056,0.0,5
64072,0.0,3
64072,0.0,5
64080,0.0,5
64088,0.0,5
64096,0.0,5
64096,0.0,5
64096,0.0,3
64112,0.0,5
64120,1.0,17
64120,0.0,3
64120,0.0,5
64128,0.0,5
64136,0.0,5
64136,0.0,5
64144,0.0,3
64152,0.0,5
64152,1.0,12
64160,0.0,5
64160,0.0,5
64168,0.0,3
64168,0.0,5
64176,0.0,5
64176,0.0,5
64192,0.0,3
64192,0.0,5
64200,0.0,5
64200,0.0,5
64208,0.0,5
64216,0.0,5
64216,0.0,5
64232,0.0,5
64232,0.0,5
64240,0.0,5
64240,0.0,5
64248,0.0,5
64256,0.0,5
64256,0.0,5
64272,0.0,5
64272,0.0,5
64280,0.0,5
64280,0.0,5
64280,1.0,16
64288,0.0,5
64296,0.0,5
64296,0.0,5
64304,0.0,3
64312,0.0,5
64312,0.0,5
64320,0.0,5
64320,0.0,5
64328,0.0,5
64336,0.0,5
64336,0.0,5
64344,0.0,5
64352,0.0,5
64352,0.0,5
64360,0.0,5
64360,0.0,5
64368,0.0,5
64376,0.0,3
64376,0.0,5
64384,0.0,5
64392,0.0,5
64400,0.0,5
64400,0.0,5
64408,0.0,5
64416,0.0,5
64424,0.0,5
64432,0.0,5
64440,0.0,5
64440,0.0,5
64448,0.0,5
64456,0.0,5
64464,0.0,3
64464,1.0,16
64464,0.0,5
64472,0.0,5
64472,1.0,12
64480,0.0,5
64488,0.0,5
64496,0.0,5
64504,0.0,5
64504,0.0,5
64504,0.0,5
64512,0.0,5
64520,0.0,5
64528,0.0,5
64536,0.0,5
64544,0.0,5
64544,0.0,5
64544,0.0,5
64552,0.0,5
64560,0.0,5
64568,0.0,5
64584,0.0,5
64584,0.0,5
64592,0.0,5
64600,0.0,5
64608,0.0,5
64624,0.0,5
64624,0.0,5
64632,0.0,5
64640,0.0,5
64648,1.0,14
64648,0.0,5
64656,2.0,23
64664,0.0,5
64664,0.0,5
64672,0.0,5
64680,0.0,5
64680,1.0,17
64688,0.0,5
64688,0.0,5
64696,0.0,5
64704,0.0,5
64704,0.0,5
64712,0.0,5
64720,0.0,5
64720,0.0,5
64728,0.0,5
64728,0.0,5
64736,0.0,5
64744,0.0,5
64744,0.0,5
64752,0.0,5
64760,0.0,5
64760,0.0,5
64768,0.0,5
64768,0.0,5
64776,0.0,5
64784,0.0,5
64784,0.0,5
64792,0.0,5
64800,0.0,5
64800,0.0,5
64808,0.0,5
64808,0.0,5
64816,0.0,5
64824,0.0,5
64824,0.0,5
64840,0.0,5
64840,0.0,5
64848,0.0,5
64848,0.0,5
64848,0.0,3
64856,0.0,5
64864,0.0,5
64880,0.0,5
64880,0.0,5
64888,0.0,5
64888,1.0,12
64888,0.0,5
64888,0.0,5
64896,0.0,5
64904,0.0,5
64920,0.0,5
64920,0.0,5
64928,0.0,5
64928,0.0,5
64936,0.0,5
64944,0.0,5
64960,0.0,5
64960,0.0,5
64968,0.0,5
64968,0.0,5
64976,0.0,5
64984,0.0,5
65000,0.0,5
65000,0.0,5
65008,0.0,5
65008,0.0,5
65016,0.0,5
65016,1.0,16
65024,0.0,5
65040,0.0,5
65040,0.0,5
65048,0.0,5
65048,0.0,5
65056,0.0,5
65056,0.0,5
65064,0.0,5
65080,2.0,24
65088,0.0,5
65096,0.0,5
65096,0.0,5
65104,0.0,5
65120,0.0,5
65128,0.0,5
65136,0.0,5
65136,0.0,5
65136,1.0,12
65136,1.0,12
65144,0.0,5
65160,0.0,5
65168,0.0,5
65176,0.0,5
65176,0.0,5
65176,0.0,5
65176,0.0,5
65184,0.0,5
65208,0.0,5
65216,0.0,5
65216,0.0,5
65224,0.0,5
65232,2.0,23
65248,0.0,5
65256,0.0,5
65264,0.0,5
65272,0.0,5
65280,0.0,3
65288,0.0,5
65304,0.0,5
65320,0.0,5
65328,0.0,5
65344,2.0,23
65344,0.0,5
65360,0.0,5
65360,2.0,23
65360,2.0,23
65368,0.0,5
65400,0.0,5
65400,2.0,23
65400,0.0,5
65408,1.0,17
65408,0.0,5
65440,0.0,5
65440,0.0,5
65448,0.0,5
65480,1.0,17
65480,0.0,5
65480,0.0,5
65520,0.0,5
65520,0.0,5
65528,2.0,23
65544,2.0,23
65544,1.0,18
65560,0.0,5
65560,0.0,5
65568,0.0,5
65576,1.0,12
65584,0.0,5
65600,2.0,24
65600,0.0,5
65600,0.0,5
65608,0.0,5
65616,0.0,5
65624,0.0,5
65640,0.0,5
65640,0.0,5
65656,0.0,5
65680,2.0,29
65680,0.0,5
65680,0.0,5
65696,0.0,5
65720,0.0,5
65720,0.0,5
65720,0.0,5
65736,1.0,17
65736,0.0,5
65736,2.0,24
65744,1.0,17
65760,1.0,17
65760,0.0,5
65760,0.0,5
65776,0.0,5
65776,0.0,5
65800,0.0,5
65800,0.0,5
65816,0.0,5
65816,0.0,5
65840,0.0,5
65840,0.0,5
65880,0.0,5
65880,0.0,5
65880,1.0,18
65904,2.0,23
65920,0.0,5
65920,0.0,5
65920,0.0,5
65936,2.0,24
65944,2.0,23
65944,0.0,5
65952,1.0,17
65960,0.0,5
65960,0.0,5
65960,0.0,5
65976,0.0,5
65984,0.0,5
65984,0.0,5
65992,0.0,5
66000,0.0,5
66000,0.0,5
66000,0.0,5
66008,2.0,24
66016,0.0,5
66024,0.0,5
66024,0.0,5
66032,0.0,5
66040,0.0,5
66040,0.0,5
66040,0.0,5
66048,0.0,5
66056,0.0,5
66064,0.0,5
66064,0.0,5
66072,0.0,5
66080,0.0,5
66080,0.0,5
66080,0.0,5
66104,0.0,5
66112,0.0,5
66120,0.0,5
66120,0.0,5
66144,0.0,5
66160,0.0,5
66160,0.0,5
66184,0.0,5
66192,1.0,17
66200,0.0,5
66208,1.0,16
66224,0.0,5
66232,2.0,23
66232,0.0,5
66232,0.0,3
66240,0.0,5
66248,2.0,23
66248,0.0,3
66256,0.0,3
66264,0.0,3
66272,0.0,5
66288,0.0,5
66288,0.0,5
66296,2.0,23
66312,0.0,3
66328,2.0,21
66336,0.0,5
66360,0.0,3
66368,0.0,5
66392,1.0,15
66400,0.0,5
66432,0.0,5
66440,0.0,5
66440,2.0,23
66448,2.0,23
66472,0.0,5
66472,2.0,23
66480,0.0,5
66480,0.0,5
66488,3.0,32
66504,1.0,17
66512,0.0,5
66512,0.0,5
66520,0.0,5
66520,0.0,5
66528,0.0,5
66544,2.0,29
66544,0.0,5
66552,0.0,5
66552,0.0,5
66560,0.0,5
66560,0.0,5
66584,1.0,17
66584,0.0,5
66584,0.0,5
66592,0.0,5
66600,0.0,5
66600,0.0,5
66624,0.0,5
66624,0.0,5
66624,0.0,5
66632,0.0,5
66640,0.0,5
66640,0.0,5
66648,1.0,12
66664,0.0,5
66664,0.0,5
66664,0.0,5
66672,0.0,5
66680,0.0,5
66680,0.0,5
66688,0.0,3
66704,0.0,5
66704,0.0,5
66712,0.0,5
66720,0.0,5
66720,0.0,5
66728,0.0,5
66744,0.0,5
66744,0.0,5
66752,0.0,3
66752,0.0,5
66760,0.0,5
66760,0.0,5
66784,1.0,17
66784,0.0,5
66784,0.0,5
66792,0.0,5
66792,0.0,5
66800,0.0,5
66800,0.0,5
66824,0.0,5
66824,0.0,5
66824,0.0,5
66832,0.0,5
66832,0.0,5
66840,0.0,5
66840,0.0,5
66848,0.0,3
66848,0.0,3
66856,4.0,41
66864,0.0,5
66872,0.0,5
66872,0.0,5
66880,0.0,5
66880,0.0,5
66888,0.0,5
66888,0.0,5
66896,0.0,3
66896,0.0,5
66912,0.0,5
66920,0.0,5
66920,0.0,5
66928,0.0,5
66928,0.0,5
66952,0.0,5
66960,0.0,5
66960,0.0,5
66968,0.0,5
66968,0.0,5
66992,0.0,5
67000,0.0,5
67000,0.0,5
67008,0.0,5
67008,0.0,5
67032,0.0,5
67032,1.0,17
67040,0.0,5
67040,0.0,5
67048,0.0,5
67048,0.0,5
67056,2.0,24
67072,0.0,5
67072,0.0,5
67080,0.0,5
67080,0.0,5
67080,0.0,3
67088,0.0,5
67088,0.0,5
67096,0.0,3
67096,0.0,3
67120,0.0,5
67120,0.0,5
67128,2.0,29
67128,0.0,5
67128,0.0,5
67136,0.0,5
67136,0.0,5
67144,0.0,3
67144,0.0,3
67152,0.0,3
67160,0.0,3
67168,0.0,5
67168,0.0,5
67176,0.0,5
67184,0.0,5
67184,0.0,5
67192,0.0,5
67200,0.0,5
67208,0.0,5
67208,0.0,3
67208,0.0,5
67216,0.0,5
67224,0.0,3
67224,0.0,5
67232,0.0,3
67248,0.0,5
67248,2.0,21
67256,0.0,5
67264,0.0,5
67264,0.0,5
67272,0.0,5
67288,0.0,5
67288,0.0,5
67296,0.0,5
67304,0.0,5
67312,0.0,5
67328,0.0,5
67328,0.0,5
67336,0.0,5
67344,0.0,5
67352,0.0,5
67368,0.0,5
67368,0.0,5
67376,0.0,5
67384,0.0,5
67384,2.0,24
67392,2.0,23
67408,0.0,5
67408,0.0,5
67416,0.0,5
67424,0.0,5
67424,0.0,5
67448,0.0,5
67448,2.0,23
67464,0.0,5
67464,0.0,5
67488,0.0,5
67488,0.0,5
67504,0.0,5
67504,0.0,5
67528,0.0,5
67528,0.0,5
67536,2.0,23
67544,0.0,5
67544,0.0,5
67568,0.0,5
67576,2.0,23
67576,0.0,5
67584,0.0,5
67584,0.0,5
67592,2.0,23
67600,2.0,23
67600,0.0,3
67608,0.0,5
67616,0.0,5
67624,0.0,5
67624,0.0,5
67632,0.0,5
67640,0.0,3
67640,0.0,5
67640,0.0,5
67648,0.0,5
67656,0.0,3
67664,0.0,3
67664,0.0,5
67664,0.0,3
67664,1.0,17
67664,0.0,5
67680,0.0,5
67688,0.0,5
67696,0.0,5
67704,0.0,5
67704,0.0,5
67704,0.0,5
67704,0.0,5
67744,0.0,5
67800,1.0,17
67816,1.0,17
67832,1.0,16
67840,1.0,17
67840,0.0,5
67856,0.0,5
67856,0.0,3
67864,0.0,3
67872,2.0,23
67880,2.0,23
67880,0.0,5
67888,2.0,23
67896,0.0,3
67896,0.0,5
67904,0.0,3
67904,0.0,5
67912,0.0,3
67920,0.0,3
67928,0.0,3
67928,2.0,23
67936,0.0,3
67936,0.0,5
67952,0.0,3
67960,0.0,5
67960,0.0,3
67968,0.0,5
67976,0.0,3
67976,0.0,5
68000,0.0,5
68000,0.0,5
68008,0.0,5
68016,0.0,5
68016,0.0,5
68016,1.0,14
68024,2.0,21
68040,0.0,3
68048,0.0,3
68048,2.0,21
68072,0.0,3
68080,0.0,5
68112,0.0,5
68168,2.0,21
68168,2.0,21
68176,2.0,21
68184,1.0,17
68184,2.0,21
68184,2.0,21
68208,0.0,5
68208,0.0,5
68216,0.0,5
68224,0.0,5
68232,1.0,15
68248,2.0,21
68264,0.0,5
68272,0.0,5
68304,1.0,12
68304,0.0,5
68312,1.0,12
68344,0.0,5
68344,1.0,12
68368,1.0,12
68384,1.0,10
68408,0.0,5
68424,1.0,10
68440,1.0,12
68496,3.0,36
68504,1.0,12
68512,3.0,41
68512,1.0,11
68536,1.0,12
68544,4.0,45
68552,0.0,5
68552,0.0,5
68576,1.0,10
68592,0.0,5
68600,1.0,12
68608,2.0,28
68640,0.0,5
68640,1.0,12
68648,1.0,12
68672,4.0,45
68680,0.0,5
68688,1.0,12
68688,0.0,5
68696,1.0,15
68704,1.0,12
68712,0.0,5
68720,0.0,5
68728,0.0,5
68736,1.0,12
68744,0.0,5
68752,0.0,5
68760,0.0,5
68768,0.0,5
68776,0.0,5
68784,0.0,5
68792,0.0,5
68808,0.0,5
68848,0.0,5
68856,3.0,40
68880,2.0,23
68888,0.0,5
68888,2.0,25
68896,0.0,5
68904,1.0,16
68920,1.0,16
68920,0.0,5
68928,0.0,5
68928,0.0,5
68936,0.0,5
68944,0.0,5
68944,2.0,23
68960,0.0,5
68960,0.0,5
68968,0.0,5
68968,2.0,23
68984,0.0,5
68984,0.0,5
69000,0.0,5
69000,0.0,5
69008,0.0,5
69024,0.0,5
69024,0.0,5
69040,0.0,5
69040,0.0,5
69064,0.0,5
69064,0.0,5
69080,0.0,5
69096,1.0,16
69104,2.0,21
69104,0.0,5
69112,2.0,23
69136,0.0,5
69136,1.0,16
69144,0.0,5
69144,0.0,5
69152,0.0,5
69168,1.0,16
69176,0.0,5
69176,0.0,5
69184,0.0,5
69184,0.0,5
69192,0.0,5
69208,0.0,5
69216,0.0,5
69224,0.0,5
69232,0.0,5
69248,0.0,5
69264,2.0,23
69264,0.0,5
69272,0.0,5
69288,0.0,5
69296,2.0,29
69304,0.0,5
69304,0.0,5
69312,1.0,17
69312,1.0,16
69312,0.0,5
69328,0.0,5
69336,0.0,5
69344,0.0,5
69352,1.0,17
69352,0.0,5
69352,0.0,5
69368,0.0,5
69376,0.0,5
69384,0.0,5
69392,0.0,5
69392,0.0,5
69392,0.0,5
69408,0.0,5
69416,0.0,5
69424,0.0,5
69432,1.0,16
69432,0.0,5
69448,1.0,17
69448,0.0,5
69456,0.0,5
69464,0.0,5
69472,0.0,5
69472,0.0,5
69488,0.0,5
69496,0.0,5
69504,0.0,5
69512,0.0,5
69512,0.0,5
69520,1.0,16
69528,0.0,5
69528,1.0,17
69536,0.0,5
69544,0.0,5
69552,0.0,5
69552,0.0,3
69552,0.0,5
69560,0.0,5
69568,0.0,5
69576,0.0,5
69576,1.0,16
69584,0.0,3
69584,0.0,5
69592,0.0,5
69592,0.0,5
69592,0.0,5
69608,0.0,5
69616,0.0,5
69624,0.0,5
69624,0.0,5
69632,0.0,5
69632,0.0,5
69648,0.0,5
69656,0.0,5
69664,0.0,5
69672,0.0,5
69672,0.0,5
69688,0.0,5
69696,0.0,5
69704,0.0,5
69712,0.0,5
69712,0.0,5
69712,1.0,17
69720,1.0,16
69736,0.0,5
69744,0.0,5
69752,0.0,5
69752,1.0,16
69752,0.0,5
69752,0.0,5
69776,0.0,5
69784,0.0,5
69792,0.0,5
69792,0.0,5
69792,0.0,5
69792,0.0,5
69816,1.0,12
69816,0.0,5
69816,0.0,3
69816,1.0,16
69832,0.0,5
69832,0.0,5
69832,0.0,5
69856,0.0,5
69856,0.0,5
69856,0.0,5
69872,0.0,5
69872,0.0,5
69896,0.0,5
69896,0.0,5
69896,0.0,5
69912,0.0,5
69912,0.0,5
69920,1.0,17
69936,0.0,5
69936,0.0,5
69944,1.0,16
69952,0.0,5
69960,0.0,5
69968,1.0,17
69976,0.0,5
69976,0.0,5
69984,0.0,5
69992,0.0,5
70016,0.0,5
70016,0.0,5
70016,0.0,3
70024,1.0,16
70040,1.0,16
70056,0.0,5
70056,0.0,5
70056,0.0,5
70064,0.0,5
70080,0.0,3
70080,0.0,5
70080,0.0,3
70096,1.0,17
70096,0.0,5
70096,1.0,16
70104,0.0,3
70112,1.0,16
70120,0.0,5
70120,0.0,5
70136,0.0,5
70136,0.0,5
70136,0.0,5
70144,0.0,5
70144,0.0,3
70152,0.0,5
70160,0.0,5
70160,0.0,3
70168,0.0,3
70176,0.0,5
70176,0.0,3
70184,0.0,3
70184,0.0,5
70200,0.0,3
70200,1.0,17
70200,0.0,5
70208,0.0,5
70216,0.0,5
70224,0.0,5
70224,0.0,5
70232,0.0,3
70240,0.0,5
70240,0.0,5
70240,0.0,3
70248,0.0,3
70248,0.0,3
70264,0.0,3
70264,0.0,3
70288,0.0,5
70288,0.0,5
70304,0.0,5
70304,2.0,21
70312,0.0,3
70328,0.0,5
70344,0.0,5
70352,0.0,5
70360,1.0,12
70360,1.0,15
70360,1.0,16
70368,2.0,21
70384,0.0,3
70400,1.0,12
70400,0.0,5
70424,1.0,12
70424,0.0,5
70440,1.0,12
70448,0.0,3
70456,1.0,12
70464,1.0,12
70480,1.0,10
70488,0.0,3
70496,1.0,12
70536,1.0,12
70544,1.0,12
70552,1.0,12
70568,0.0,3
70576,1.0,12
70576,0.0,5
70584,2.0,29
70584,1.0,12
70592,1.0,12
70616,0.0,5
70632,0.0,5
70656,0.0,5
70664,1.0,12
70672,0.0,5
70680,1.0,12
70744,3.0,40
70760,1.0,12
70776,2.0,25
70776,2.0,28
70784,0.0,5
70792,1.0,17
70800,0.0,5
70808,1.0,17
70816,0.0,5
70816,0.0,5
70840,0.0,3
70848,0.0,5
70856,0.0,5
70880,0.0,5
70880,1.0,12
70904,2.0,28
70904,3.0,40
70920,0.0,5
70984,2.0,24
70992,1.0,17
71016,1.0,17
71024,2.0,28
71024,0.0,5
71032,2.0,23
71040,0.0,3
71040,1.0,17
71072,0.0,5
71080,0.0,5
71088,2.0,21
71096,0.0,3
71128,0.0,5
71128,1.0,17
71136,0.0,5
71152,0.0,3
71160,0.0,3
71168,0.0,5
71176,1.0,12
71184,1.0,18
71208,2.0,23
71232,3.0,41
71248,1.0,12
71256,1.0,12
71272,0.0,5
71280,0.0,3
71280,1.0,12
71288,0.0,5
71296,1.0,16
71304,3.0,35
71304,1.0,12
71312,0.0,5
71320,0.0,5
71328,0.0,3
71336,0.0,5
71360,0.0,5
71368,2.0,24
71384,0.0,3
71408,1.0,15
71424,0.0,5
71432,1.0,16
71432,1.0,12
71464,1.0,17
71472,0.0,5
71472,2.0,24
71488,0.0,3
71496,0.0,3
71504,1.0,12
71512,0.0,5
71512,0.0,3
71528,0.0,3
71528,1.0,12
71528,2.0,27
71536,0.0,3
71544,2.0,22
71552,0.0,3
71568,0.0,3
71576,1.0,10
71592,0.0,5
71592,2.0,21
71608,0.0,5
71608,1.0,12
71616,1.0,10
71616,0.0,3
71640,0.0,3
71656,0.0,5
71664,0.0,3
71672,1.0,10
71680,0.0,3
71688,1.0,10
71688,1.0,10
71696,0.0,3
71704,0.0,5
71704,0.0,3
71720,2.0,18
71728,0.0,3
71744,0.0,5
71752,0.0,3
71760,0.0,5
71768,0.0,3
71776,1.0,11
71784,0.0,3
71792,1.0,12
71792,0.0,5
71800,0.0,3
71816,0.0,3
71840,0.0,5
71848,3.0,40
71856,0.0,5
71872,0.0,3
71880,0.0,3
71880,0.0,5
71888,4.0,45
71904,0.0,3
71912,0.0,3
71920,2.0,29
71952,0.0,5
71992,0.0,5
72000,1.0,12
72016,0.0,3
72016,1.0,12
72024,0.0,3
72040,0.0,3
72056,0.0,5
72064,0.0,5
72104,4.0,39
72104,0.0,5
72112,2.0,30
72128,4.0,45
72136,1.0,12
72144,4.0,45
72144,0.0,5
72152,1.0,12
72160,0.0,3
72176,0.0,3
72184,0.0,5
72184,0.0,5
72200,1.0,12
72200,0.0,5
72224,0.0,5
72224,1.0,12
72240,4.0,45
72264,0.0,5
72280,1.0,12
72296,1.0,12
72296,1.0,12
72320,0.0,3
72320,1.0,12
72336,1.0,12
72360,0.0,5
72360,3.0,31
72360,0.0,5
72376,0.0,5
72392,1.0,12
72400,0.0,5
72400,0.0,5
72416,0.0,5
72424,0.0,3
72440,0.0,5
72496,3.0,40
72496,1.0,17
72512,1.0,12
72520,1.0,12
72520,1.0,16
72536,1.0,12
72560,0.0,5
72560,0.0,3
72592,3.0,41
72592,1.0,12
72600,3.0,40
72600,0.0,5
72632,1.0,17
72656,1.0,12
72688,1.0,12
72688,1.0,12
72720,2.0,25
72728,0.0,5
72736,2.0,28
72736,1.0,17
72736,1.0,17
72760,1.0,16
72760,0.0,5
72776,0.0,5
72776,0.0,5
72776,0.0,5
72784,1.0,16
72800,0.0,5
72800,0.0,5
72816,0.0,5
72816,0.0,5
72816,0.0,5
72824,0.0,5
72824,1.0,12
72840,0.0,5
72856,0.0,5
72856,0.0,5
72856,0.0,5
72864,0.0,5
72872,2.0,23
72880,0.0,5
72896,0.0,5
72904,0.0,5
72920,0.0,5
72944,0.0,5
72952,1.0,12
72960,0.0,5
72984,0.0,5
72992,0.0,5
73008,1.0,17
73016,2.0,24
73032,0.0,5
73080,1.0,12
73128,2.0,29
73128,1.0,12
73128,2.0,21
73176,4.0,47
73184,4.0,41
73208,1.0,16
73216,0.0,5
73224,1.0,12
73224,0.0,5
73224,1.0,12
73240,2.0,29
73240,2.0,28
73256,0.0,5
73264,0.0,5
73264,0.0,5
73280,0.0,5
73296,0.0,5
73304,0.0,5
73304,0.0,5
73336,1.0,12
73344,0.0,5
73344,0.0,5
73360,2.0,29
73376,0.0,5
73376,1.0,12
73384,0.0,5
73392,2.0,23
73400,0.0,5
73408,2.0,23
73416,0.0,5
73416,0.0,5
73424,0.0,5
73432,0.0,5
73440,0.0,5
73440,1.0,12
73448,0.0,5
73456,0.0,5
73472,0.0,5
73480,0.0,5
73480,2.0,23
73488,0.0,5
73512,1.0,12
73520,1.0,12
73520,0.0,5
73528,0.0,5
73552,0.0,5
73560,0.0,5
73560,0.0,5
73568,0.0,5
73576,1.0,12
73592,0.0,5
73600,0.0,5
73600,0.0,5
73608,0.0,5
73608,1.0,17
73616,0.0,5
73624,2.0,23
73632,0.0,5
73640,2.0,23
73640,0.0,5
73648,0.0,5
73656,0.0,5
73664,0.0,5
73688,0.0,5
73696,0.0,5
73736,0.0,5
73744,1.0,17
73760,1.0,16
73768,1.0,16
73776,0.0,5
73784,1.0,15
73784,2.0,23
73784,0.0,5
73816,1.0,16
73824,0.0,5
73824,0.0,5
73824,0.0,5
73832,2.0,24
73864,0.0,5
73864,0.0,5
73872,0.0,5
73896,1.0,17
73904,1.0,17
73904,0.0,5
73904,0.0,5
73912,0.0,5
73912,1.0,17
73928,0.0,3
73936,0.0,5
73944,0.0,5
73952,0.0,5
73952,1.0,17
73952,0.0,5
73984,0.0,5
73984,2.0,20
73992,0.0,5
73992,0.0,5
74024,0.0,5
74072,2.0,21
74072,1.0,17
74088,1.0,17
74088,1.0,12
74112,1.0,16
74112,0.0,5
74128,0.0,5
74128,0.0,5
74152,0.0,5
74168,0.0,5
74168,0.0,5
74184,2.0,24
74192,0.0,5
74208,0.0,5
74208,0.0,5
74208,1.0,17
74224,0.0,5
74224,3.0,37
74224,2.0,25
74232,0.0,5
74248,0.0,5
74264,0.0,5
74264,0.0,5
74288,0.0,5
74296,2.0,23
74304,0.0,5
74304,0.0,5
74320,0.0,3
74328,0.0,5
74336,1.0,16
74344,0.0,5
74344,0.0,5
74360,1.0,17
74368,0.0,5
74376,0.0,5
74384,0.0,5
74384,0.0,5
74392,2.0,23
74400,0.0,5
74408,0.0,5
74416,2.0,23
74448,0.0,5
74456,0.0,5
74496,0.0,5
74504,2.0,23
74512,1.0,17
74528,1.0,17
74536,0.0,5
74544,0.0,5
74552,0.0,5
74568,0.0,5
74568,2.0,23
74568,2.0,23
74576,0.0,5
74584,0.0,5
74584,2.0,23
74592,0.0,5
74608,0.0,5
74608,0.0,5
74616,0.0,5
74624,0.0,5
74624,0.0,5
74632,2.0,23
74632,0.0,5
74648,0.0,5
74648,0.0,5
74664,0.0,5
74688,0.0,3
74704,1.0,17
74720,1.0,12
74728,0.0,5
74744,0.0,5
74744,1.0,12
74784,0.0,5
74784,0.0,5
74824,2.0,24
74904,2.0,23
74920,1.0,12
74968,2.0,23
74976,2.0,24
74976,4.0,45
74992,4.0,45
75000,1.0,12
75008,0.0,5
75008,4.0,45
75016,3.0,36
75016,1.0,12
75016,0.0,5
75016,0.0,5
75056,0.0,5
75088,1.0,12
75096,1.0,12
75104,1.0,11
75104,1.0,12
75104,1.0,12
75112,1.0,12
75120,0.0,3
75128,0.0,5
75128,0.0,3
75152,0.0,3
75192,0.0,5
75192,1.0,11
75208,2.0,24
75208,1.0,12
75216,1.0,12
75216,0.0,3
75224,1.0,12
75232,0.0,5
75256,0.0,5
75256,2.0,25
75296,0.0,5
75296,2.0,24
75328,1.0,12
75336,0.0,5
75376,0.0,5
75416,0.0,5
75424,1.0,12
75448,2.0,24
75464,0.0,5
75488,0.0,5
75488,2.0,24
75504,0.0,5
75512,1.0,12
75528,0.0,5
75544,0.0,5
75552,0.0,5
75568,4.0,45
75568,0.0,5
75568,4.0,45
75576,4.0,45
75584,0.0,5
75584,1.0,12
75592,0.0,5
75608,0.0,5
75624,0.0,5
75624,0.0,5
75632,5.0,51
75664,0.0,5
75664,1.0,12
75664,1.0,12
75672,1.0,12
75688,1.0,12
75704,0.0,5
75704,1.0,12
75704,0.0,5
75704,0.0,5
75720,1.0,12
75728,1.0,12
75728,0.0,5
75744,0.0,5
75760,0.0,5
75768,1.0,12
75768,0.0,5
75784,0.0,5
75800,1.0,12
75800,1.0,12
75800,1.0,12
75840,0.0,5
75856,1.0,12
75864,1.0,12
75864,1.0,12
75896,1.0,12
75896,1.0,12
75904,0.0,5
75920,1.0,17
75936,1.0,12
75944,0.0,5
75960,0.0,5
75960,1.0,12
75992,1.0,12
75992,1.0,12
76032,1.0,12
76040,1.0,12
76048,3.0,40
76056,1.0,12
76056,1.0,12
76088,1.0,12
76096,0.0,5
76096,1.0,13
76136,1.0,12
76144,1.0,12
76152,1.0,12
76184,0.0,5
76192,1.0,12
76216,4.0,45
76232,1.0,12
76232,0.0,5
76248,1.0,12
76280,1.0,12
76312,1.0,12
76328,1.0,12
76328,1.0,12
76344,1.0,12
76368,0.0,5
76368,0.0,5
76376,1.0,12
76384,0.0,5
76392,4.0,45
76400,0.0,3
76408,1.0,12
76408,0.0,5
76440,0.0,5
76448,4.0,45
76448,0.0,5
76456,4.0,45
76464,1.0,12
76480,0.0,3
76480,0.0,5
76488,0.0,3
76488,1.0,12
76504,1.0,12
76512,0.0,3
76520,0.0,5
76544,1.0,12
76568,0.0,3
76576,1.0,12
76584,1.0,12
76600,0.0,3
76608,0.0,5
76608,0.0,3
76608,1.0,12
76616,1.0,12
76624,2.0,22
76632,1.0,16
76632,0.0,3
76648,0.0,5
76648,0.0,3
76656,0.0,3
76656,0.0,5
76672,0.0,5
76688,0.0,5
76696,0.0,5
76696,1.0,12
76704,1.0,12
76720,0.0,3
76720,0.0,3
76744,1.0,12
76752,1.0,12
76752,4.0,46
76760,0.0,5
76760,0.0,5
76768,1.0,12
76784,1.0,12
76784,0.0,5
76792,0.0,5
76792,0.0,5
76808,0.0,5
76824,0.0,5
76824,0.0,5
76832,0.0,5
76848,0.0,5
76856,1.0,12
76864,0.0,5
76872,0.0,5
76888,2.0,23
76888,1.0,12
76896,0.0,5
76920,1.0,12
76920,2.0,20
76928,0.0,5
76928,0.0,5
76936,0.0,5
76960,0.0,5
76968,0.0,5
76968,1.0,12
77000,0.0,5
77032,1.0,12
77048,2.0,23
77064,1.0,12
77064,1.0,17
77088,0.0,5
77096,1.0,12
77136,3.0,36
77160,2.0,24
77176,0.0,5
77184,1.0,12
77200,0.0,5
77208,3.0,36
77216,0.0,5
77224,0.0,5
77256,0.0,5
77256,2.0,24
77264,0.0,5
77288,2.0,28
77296,1.0,12
77304,1.0,12
77320,3.0,36
77328,2.0,29
77352,1.0,12
77352,1.0,12
77440,1.0,17
77448,1.0,12
77456,1.0,17
77480,1.0,16
77488,2.0,28
77512,2.0,28
77520,2.0,24
77520,2.0,28
77528,0.0,5
77592,1.0,17
77616,1.0,17
77624,1.0,12
77632,2.0,24
77648,1.0,17
77656,1.0,17
77656,1.0,17
77672,2.0,28
77672,0.0,5
77688,0.0,5
77696,0.0,5
77760,1.0,17
77768,1.0,12
77792,1.0,12
77808,1.0,17
77848,2.0,29
77880,2.0,24
77888,1.0,12
77896,1.0,17
77920,4.0,41
77928,0.0,5
77936,0.0,5
77944,0.0,3
77944,1.0,17
77952,4.0,37
77968,2.0,25
78016,1.0,17
78024,1.0,12
78032,1.0,12
78040,1.0,12
78048,1.0,12
78072,0.0,5
78072,0.0,3
78104,3.0,32
78112,1.0,12
78112,0.0,5
78112,0.0,5
78120,1.0,12
78136,1.0,12
78144,2.0,25
78152,0.0,5
78152,0.0,5
78184,0.0,5
78192,0.0,5
78192,0.0,5
78200,1.0,12
78208,2.0,30
78232,0.0,5
78232,1.0,12
78272,1.0,10
78272,0.0,5
78352,1.0,15
78368,1.0,12
78368,1.0,12
78408,0.0,5
78408,2.0,28
78432,3.0,40
78448,0.0,5
78448,0.0,5
78456,3.0,32
78480,0.0,3
78528,1.0,12
78528,5.0,51
78528,3.0,40
78544,1.0,12
78544,1.0,12
78568,0.0,5
78568,0.0,5
78568,0.0,5
78576,2.0,28
78576,1.0,12
78584,0.0,5
78592,2.0,28
78608,0.0,5
78640,1.0,12
78648,0.0,5
78664,1.0,12
78664,1.0,12
78672,1.0,12
78672,1.0,12
78680,1.0,12
78680,0.0,5
78688,1.0,12
78728,0.0,5
78744,1.0,12
78768,0.0,5
78784,0.0,5
78800,1.0,16
78824,0.0,5
78840,0.0,5
78856,2.0,24
78856,2.0,24
78864,0.0,5
78864,2.0,23
78896,0.0,5
78904,2.0,28
78904,0.0,5
78952,2.0,23
78960,1.0,12
78992,1.0,17
79000,3.0,41
79000,0.0,5
79016,1.0,15
79024,1.0,15
79024,2.0,23
79040,0.0,5
79040,0.0,5
79064,0.0,5
79080,0.0,5
79080,0.0,5
79088,2.0,23
79120,1.0,16
79128,0.0,5
79136,2.0,23
79152,1.0,17
79160,1.0,17
79160,0.0,5
79176,0.0,5
79184,1.0,15
79192,0.0,5
79200,1.0,15
79200,0.0,5
79232,0.0,5
79240,0.0,5
79240,0.0,5
79248,2.0,21
79272,0.0,5
79280,0.0,5
79280,0.0,5
79288,0.0,5
79312,2.0,23
79320,0.0,5
79320,1.0,18
79320,0.0,5
79328,2.0,21
79352,0.0,5
79360,0.0,5
79368,1.0,12
79368,2.0,23
79368,0.0,5
79384,1.0,12
79392,0.0,5
79408,0.0,5
79408,0.0,5
79408,0.0,5
79424,0.0,5
79448,0.0,5
79448,0.0,5
79456,1.0,17
79488,0.0,5
79488,0.0,5
79496,1.0,17
79512,2.0,24
79528,1.0,17
79552,1.0,16
79568,0.0,5
79584,1.0,12
79584,1.0,16
79584,1.0,12
79592,0.0,5
79600,2.0,24
79624,0.0,5
79624,0.0,5
79624,1.0,16
79688,1.0,12
79704,2.0,24
79720,1.0,12
79720,1.0,12
79736,1.0,17
79752,2.0,23
79760,1.0,17
79776,2.0,24
79800,0.0,5
79816,1.0,12
79816,1.0,12
79824,0.0,3
79832,1.0,16
79880,1.0,16
79920,2.0,29
79920,0.0,5
79920,2.0,23
79944,0.0,3
79952,1.0,17
79960,2.0,23
79960,1.0,16
79960,0.0,5
79984,0.0,3
79992,0.0,5
80000,0.0,5
80000,2.0,23
80016,2.0,24
80024,0.0,5
80024,0.0,3
80032,0.0,5
80040,0.0,5
80040,1.0,15
80040,1.0,12
80056,0.0,5
80064,0.0,5
80064,0.0,5
80080,0.0,5
80080,1.0,15
80104,0.0,5
80104,0.0,5
80120,0.0,5
80120,0.0,5
80144,0.0,5
80144,0.0,5
80160,0.0,5
80184,0.0,5
80184,0.0,5
80200,0.0,5
80208,2.0,21
80216,2.0,23
80224,0.0,5
80224,0.0,5
80224,2.0,21
80224,2.0,23
80248,0.0,5
80256,0.0,5
80264,0.0,5
80264,0.0,5
80264,0.0,5
80288,0.0,5
80296,1.0,12
80304,0.0,5
80304,2.0,23
80304,0.0,5
80304,0.0,5
80328,0.0,5
80336,0.0,5
80344,0.0,5
80344,0.0,5
80344,0.0,5
80368,0.0,3
80368,0.0,3
80376,0.0,5
80376,1.0,15
80408,0.0,5
80408,2.0,23
80408,0.0,5
80416,0.0,5
80424,1.0,12
80432,0.0,3
80440,1.0,12
80448,0.0,5
80448,0.0,5
80464,0.0,5
80472,0.0,5
80480,0.0,5
80488,2.0,23
80488,0.0,5
80504,0.0,5
80512,0.0,3
80544,0.0,5
80544,1.0,12
80552,0.0,5
80568,0.0,3
80568,2.0,24
80568,1.0,12
80584,0.0,5
80592,0.0,3
80600,2.0,23
80608,0.0,5
80608,0.0,3
80624,0.0,3
80632,0.0,3
80664,0.0,5
80664,1.0,14
80672,0.0,5
80688,1.0,15
80688,0.0,3
80688,0.0,3
80704,2.0,27
80712,0.0,3
80720,1.0,16
80728,0.0,5
80728,0.0,5
80728,0.0,3
80752,0.0,5
80760,0.0,5
80768,0.0,5
80776,2.0,21
80800,0.0,5
80808,4.0,41
80808,0.0,5
80832,0.0,3
80840,1.0,14
80840,0.0,5
80856,1.0,16
80872,0.0,5
80880,0.0,5
80880,0.0,3
80888,2.0,27
80912,0.0,3
80920,0.0,5
80920,2.0,21
80920,0.0,5
80936,0.0,3
80944,0.0,3
80944,0.0,3
80960,2.0,23
80960,0.0,5
80968,0.0,3
80976,0.0,5
80976,1.0,17
80976,2.0,21
80984,0.0,3
80984,0.0,5
80992,1.0,15
81000,0.0,3
81000,0.0,5
81008,0.0,5
81016,0.0,5
81016,0.0,5
81024,0.0,5
81040,0.0,5
81040,0.0,5
81048,0.0,5
81088,0.0,5
81104,1.0,15
81112,0.0,3
81128,1.0,17
81144,1.0,15
81144,0.0,5
81152,0.0,3
81152,0.0,5
81176,0.0,3
81176,0.0,3
81176,1.0,17
81200,0.0,3
81216,0.0,5
81240,1.0,12
81256,1.0,10
81280,1.0,10
81280,0.0,3
81304,0.0,3
81312,1.0,12
81320,1.0,10
81328,4.0,39
81328,4.0,39
81344,0.0,5
81352,0.0,3
81360,0.0,5
81368,2.0,28
81368,0.0,3
81376,1.0,12
81384,0.0,3
81400,4.0,45
81408,0.0,5
81424,0.0,5
81432,1.0,15
81432,0.0,3
81440,1.0,11
81448,1.0,15
81456,1.0,10
81456,0.0,3
81472,0.0,3
81480,0.0,3
81480,0.0,3
81520,1.0,12
81520,1.0,15
81528,1.0,11
81528,1.0,12
81544,0.0,3
81568,1.0,12
81568,0.0,5
81568,0.0,5
81576,1.0,12
81576,1.0,12
81600,1.0,10
81624,1.0,10
81648,3.0,35
81664,1.0,12
81664,1.0,12
81664,0.0,5
81672,1.0,12
81672,1.0,12
81672,0.0,3
81688,0.0,3
81696,1.0,12
81712,0.0,5
81712,0.0,5
81744,1.0,10
81768,1.0,12
81784,0.0,5
81784,1.0,12
81792,1.0,10
81792,1.0,12
81808,1.0,12
81808,0.0,5
81848,0.0,5
81880,1.0,12
81912,1.0,13
81920,0.0,5
81928,4.0,45
81944,1.0,12
81944,0.0,3
81952,3.0,36
81968,2.0,22
81984,2.0,24
81984,0.0,5
81992,0.0,5
82008,2.0,28
82024,0.0,5
82024,1.0,12
82024,0.0,5
82032,0.0,5
82048,0.0,5
82064,1.0,12
82064,0.0,5
82064,0.0,5
82064,0.0,5
82072,0.0,5
82088,0.0,5
82104,0.0,5
82136,2.0,24
82136,2.0,28
82144,0.0,5
82160,1.0,12
82168,1.0,12
82176,0.0,5
82184,0.0,5
82200,0.0,5
82208,0.0,5
82224,0.0,5
82240,0.0,5
82248,2.0,23
82248,2.0,23
82248,0.0,5
82264,0.0,5
82272,1.0,12
82272,2.0,23
82280,0.0,5
82288,0.0,5
82288,0.0,5
82312,0.0,5
82312,0.0,5
82320,2.0,23
82320,0.0,5
82328,0.0,5
82352,0.0,5
82360,0.0,5
82368,0.0,5
82392,0.0,5
82400,0.0,5
82408,0.0,5
82432,0.0,5
82432,2.0,23
82440,0.0,5
82448,2.0,23
82448,0.0,5
82448,1.0,17
82472,0.0,5
82472,2.0,23
82472,0.0,5
82480,0.0,5
82488,0.0,5
82496,0.0,3
82512,0.0,5
82512,2.0,24
82520,0.0,5
82528,0.0,5
82536,0.0,5
82544,1.0,12
82552,0.0,5
82552,0.0,5
82560,0.0,5
82568,0.0,5
82584,0.0,5
82584,1.0,17
82608,0.0,3
82632,1.0,12
82656,1.0,12
82656,2.0,23
82664,1.0,12
82696,0.0,5
82696,0.0,5
82704,0.0,5
82704,1.0,12
82736,2.0,23
82736,0.0,5
82744,0.0,5
82768,2.0,23
82800,1.0,12
82808,3.0,32
82816,2.0,23
82824,1.0,16
82832,1.0,12
82832,1.0,12
82840,1.0,12
82848,0.0,5
82848,0.0,3
82856,0.0,5
82856,0.0,3
82864,0.0,3
82864,1.0,12
82872,0.0,5
82896,1.0,12
82904,0.0,5
82912,0.0,5
82936,0.0,5
82944,1.0,12
82944,1.0,12
82944,0.0,5
82952,1.0,12
82952,1.0,12
82976,0.0,3
83008,1.0,12
83032,1.0,12
83040,1.0,12
83040,1.0,12
83040,1.0,12
83056,2.0,24
83080,0.0,5
83096,0.0,5
83104,1.0,12
83120,0.0,5
83128,1.0,12
83136,1.0,12
83144,0.0,5
83176,0.0,5
83192,1.0,12
83200,2.0,28
83216,0.0,5
83224,2.0,23
83232,0.0,5
83240,0.0,5
83240,1.0,12
83264,0.0,5
83272,3.0,40
83272,0.0,5
83304,0.0,5
83312,1.0,12
83336,1.0,12
83336,1.0,12
83344,2.0,28
83352,2.0,28
83352,1.0,10
83376,0.0,5
83400,1.0,12
83440,0.0,5
83456,2.0,23
83488,1.0,17
83496,2.0,23
83512,1.0,17
83512,0.0,3
83520,2.0,22
83520,2.0,23
83536,1.0,12
83536,2.0,23
83552,0.0,5
83552,0.0,5
83560,0.0,5
83576,0.0,5
83592,0.0,5
83600,1.0,18
83616,1.0,12
83632,1.0,17
83640,0.0,5
83648,1.0,12
83672,1.0,12
83672,1.0,17
83688,1.0,12
83696,1.0,17
83712,0.0,5
83720,0.0,3
83728,0.0,5
83744,1.0,12
83752,0.0,5
83752,1.0,17
83760,1.0,16
83776,1.0,17
83800,0.0,5
83824,1.0,12
83848,1.0,12
83856,2.0,23
83872,1.0,16
83896,1.0,12
83912,2.0,24
83920,1.0,12
83944,2.0,24
83952,1.0,12
83960,2.0,23
83968,1.0,12
84056,1.0,12
84080,1.0,16
84104,2.0,24
84120,0.0,5
84152,1.0,12
84168,3.0,40
84192,0.0,5
84192,2.0,28
84200,3.0,32
84208,3.0,36
84216,1.0,12
84216,3.0,40
84240,0.0,5
84288,1.0,12
84304,1.0,17
84312,1.0,12
84312,1.0,12
84336,1.0,12
84344,2.0,30
84344,1.0,17
84384,0.0,5
84384,1.0,12
84400,2.0,26
84424,0.0,5
84440,1.0,12
84440,0.0,5
84440,1.0,13
84448,1.0,18
84480,0.0,5
84488,0.0,5
84496,2.0,23
84512,2.0,25
84520,1.0,17
84536,1.0,12
84576,0.0,5
84576,1.0,12
84584,1.0,12
84616,0.0,5
84616,1.0,12
84624,2.0,23
84632,1.0,17
84648,2.0,28
84656,0.0,5
84672,0.0,5
84696,0.0,5
84712,1.0,12
84744,1.0,12
84752,0.0,5
84768,1.0,12
84776,2.0,25
84784,0.0,5
84792,0.0,5
84792,1.0,12
84832,3.0,40
84832,0.0,5
84864,1.0,12
84872,1.0,12
84880,1.0,12
84888,1.0,12
84904,3.0,40
84912,3.0,36
84912,0.0,5
84920,0.0,5
84928,1.0,12
84968,0.0,5
84984,1.0,12
85008,1.0,12
85016,2.0,23
85048,2.0,23
85056,0.0,5
85072,0.0,3
85080,1.0,12
85144,2.0,30
85152,2.0,23
85168,2.0,20
85176,1.0,12
85184,0.0,5
85192,0.0,3
85192,0.0,5
85216,0.0,3
85224,0.0,5
85232,3.0,40
85248,2.0,24
85272,0.0,3
85272,1.0,12
85280,1.0,11
85288,4.0,46
85312,0.0,5
85320,1.0,12
85328,0.0,5
85328,1.0,12
85376,1.0,12
85376,1.0,13
85384,4.0,39
85416,0.0,5
85424,1.0,12
85440,1.0,16
85464,1.0,17
85472,1.0,12
85480,0.0,5
85512,1.0,12
85520,0.0,5
85536,3.0,40
85576,2.0,24
85600,1.0,16
85608,1.0,18
85608,1.0,12
85616,1.0,12
85616,2.0,24
85640,0.0,5
85648,3.0,41
85656,0.0,5
85672,1.0,12
85704,1.0,12
85704,1.0,12
85712,1.0,12
85736,1.0,12
85752,1.0,12
85768,1.0,12
85792,0.0,5
85800,1.0,12
85808,1.0,12
85808,0.0,5
85832,1.0,12
85832,0.0,5
85832,2.0,23
85840,0.0,5
85848,0.0,5
85872,3.0,42
85872,0.0,5
85872,0.0,5
85912,0.0,5
85912,0.0,5
85928,1.0,12
85944,1.0,12
85952,0.0,5
85952,0.0,5
85984,0.0,5
85992,3.0,36
86048,1.0,12
86048,1.0,12
86056,2.0,23
86064,1.0,17
86080,1.0,12
86104,0.0,5
86120,4.0,39
86144,1.0,12
86176,1.0,12
86176,2.0,23
86184,0.0,5
86192,1.0,17
86200,0.0,3
86216,1.0,12
86232,0.0,5
86264,6.0,53
86272,1.0,12
86272,0.0,5
86272,2.0,28
86280,1.0,12
86296,2.0,24
86296,1.0,12
86312,0.0,5
86312,0.0,5
86312,1.0,12
86320,0.0,5
86336,0.0,5
86336,0.0,5
86352,0.0,5
86352,0.0,5
86352,0.0,5
86360,0.0,5
86368,1.0,12
86368,1.0,13
86376,0.0,5
86392,0.0,5
86392,0.0,5
86408,0.0,5
86408,0.0,5
86432,1.0,12
86432,0.0,5
86448,0.0,5
86456,0.0,3
86472,0.0,5
86472,1.0,12
86488,1.0,12
86496,1.0,17
86528,0.0,5
86536,0.0,5
86536,2.0,23
86544,1.0,12
86568,1.0,12
86576,0.0,5
86584,0.0,5
86592,2.0,23
86608,0.0,5
86632,1.0,12
86632,0.0,5
86656,2.0,25
86656,2.0,23
86672,0.0,5
86672,1.0,12
86680,1.0,12
86696,0.0,5
86696,0.0,5
86704,1.0,12
86712,0.0,5
86712,2.0,23
86720,0.0,5
86728,1.0,12
86736,0.0,5
86744,0.0,5
86752,0.0,5
86768,1.0,12
86768,0.0,5
86808,0.0,5
86808,0.0,5
86880,2.0,23
86904,1.0,12
86904,2.0,24
86904,1.0,12
86912,2.0,24
86920,2.0,23
86928,2.0,23
86936,2.0,23
86944,0.0,5
86944,0.0,5
86952,0.0,5
86960,0.0,5
86968,0.0,5
86976,0.0,5
86992,0.0,5
87000,1.0,12
87016,1.0,17
87056,0.0,5
87056,1.0,12
87064,1.0,12
87072,1.0,12
87128,2.0,23
87128,2.0,23
87152,1.0,12
87168,1.0,12
87200,1.0,17
87224,1.0,12
87248,1.0,12
87264,1.0,12
87296,1.0,12
87304,1.0,10
87304,0.0,5
87320,4.0,41
87336,4.0,42
87344,1.0,12
87392,1.0,12
87400,1.0,12
87400,1.0,12
87416,4.0,45
87416,1.0,12
87432,1.0,12
87440,1.0,12
87488,4.0,45
87488,1.0,12
87496,1.0,12
87496,1.0,10
87512,1.0,12
87536,1.0,17
87536,0.0,5
87544,1.0,13
87584,1.0,12
87592,1.0,12
87608,1.0,12
87616,1.0,16
87624,1.0,10
87632,1.0,12
87648,0.0,5
87656,0.0,5
87680,1.0,12
87688,0.0,5
87696,0.0,5
87720,1.0,12
87720,1.0,16
87728,0.0,5
87760,4.0,41
87784,1.0,13
87792,1.0,12
87800,0.0,5
87816,1.0,12
87816,1.0,12
87824,1.0,12
87840,0.0,5
87856,0.0,5
87888,1.0,12
87896,4.0,45
87912,1.0,16
87936,1.0,12
87952,1.0,12
87952,1.0,16
87992,4.0,45
87992,0.0,5
88008,1.0,12
88032,1.0,12
88032,0.0,5
88048,1.0,12
88048,2.0,29
88072,0.0,5
88080,2.0,23
88088,1.0,12
88088,0.0,5
88104,1.0,12
88120,0.0,5
88120,2.0,29
88144,1.0,12
88160,0.0,5
88168,1.0,12
88184,1.0,12
88184,1.0,12
88184,0.0,5
88200,0.0,5
88200,1.0,12
88216,1.0,12
88216,2.0,23
88224,0.0,5
88240,0.0,5
88256,0.0,5
88264,1.0,12
88280,1.0,12
88296,1.0,12
88312,1.0,12
88320,0.0,5
88320,1.0,12
88344,2.0,20
88360,0.0,5
88376,1.0,17
88384,0.0,5
88408,1.0,12
88416,0.0,5
88448,2.0,23
88448,2.0,24
88456,0.0,5
88456,1.0,12
88480,2.0,23
88480,1.0,12
88488,0.0,5
88504,2.0,23
88512,1.0,13
88520,0.0,5
88528,0.0,5
88544,0.0,5
88544,1.0,12
88552,0.0,5
88552,1.0,12
88552,1.0,12
88568,0.0,5
88584,0.0,5
88592,0.0,5
88592,0.0,5
88616,1.0,17
88616,1.0,12
88624,0.0,5
88632,0.0,5
88656,0.0,5
88656,0.0,5
88664,1.0,12
88680,1.0,17
88688,1.0,12
88696,0.0,5
88720,1.0,12
88728,1.0,12
88736,2.0,23
88752,1.0,12
88760,1.0,12
88760,0.0,5
88776,0.0,5
88784,1.0,12
88792,0.0,5
88792,1.0,12
88816,1.0,17
88832,0.0,5
88832,0.0,5
88856,1.0,12
88856,1.0,12
88856,1.0,16
88880,1.0,12
88896,0.0,5
88928,1.0,12
88928,1.0,12
88936,0.0,5
88952,1.0,17
88952,1.0,12
88952,1.0,12
88976,0.0,5
88976,1.0,12
89016,0.0,5
89016,0.0,5
89024,1.0,12
89024,1.0,12
89048,1.0,12
89048,1.0,12
89048,1.0,12
89112,1.0,12
89112,1.0,12
89120,1.0,12
89136,4.0,45
89144,1.0,12
89144,1.0,12
89144,1.0,12
89168,0.0,3
89184,0.0,5
89184,0.0,5
89208,1.0,12
89208,0.0,5
89232,1.0,12
89240,1.0,16
89272,0.0,5
89280,1.0,12
89304,1.0,12
89304,1.0,12
89312,1.0,16
89312,0.0,5
89320,0.0,5
89336,1.0,12
89360,0.0,5
89368,3.0,31
89384,4.0,45
89400,1.0,12
89408,1.0,12
89408,1.0,12
89416,1.0,10
89440,1.0,17
89440,0.0,5
89448,0.0,5
89456,1.0,12
89464,1.0,12
89472,0.0,3
89480,0.0,5
89480,1.0,12
89488,0.0,3
89488,1.0,10
89512,1.0,12
89512,0.0,5
89536,0.0,3
89536,1.0,12
89536,1.0,10
89560,1.0,10
89576,0.0,5
89576,0.0,5
89576,0.0,5
89576,1.0,12
89584,1.0,12
89584,1.0,12
89600,0.0,3
89600,0.0,5
89608,1.0,12
89616,0.0,5
89656,0.0,5
89656,1.0,10
89664,1.0,10
89672,1.0,12
89680,1.0,12
89696,1.0,12
89696,0.0,5
89696,1.0,12
89704,0.0,5
89704,1.0,12
89720,0.0,5
89736,0.0,5
89736,0.0,5
89736,0.0,5
89752,1.0,12
89760,0.0,5
89776,0.0,5
89800,0.0,5
89816,0.0,5
89832,1.0,12
89832,1.0,16
89832,1.0,12
89848,1.0,12
89872,0.0,5
89872,0.0,5
89872,0.0,5
89896,1.0,12
89912,0.0,5
89912,1.0,12
89944,1.0,12
89968,1.0,12
89968,1.0,12
89992,1.0,12
90008,1.0,12
90008,1.0,12
90032,4.0,45
90048,0.0,5
90048,0.0,5
90064,4.0,45
90064,1.0,12
90064,1.0,12
90088,0.0,5
90104,0.0,5
90120,1.0,16
90128,1.0,12
90144,0.0,5
90144,1.0,12
90160,1.0,12
90184,0.0,5
90184,1.0,12
90184,0.0,5
90216,1.0,12
90224,1.0,12
90256,1.0,12
90256,0.0,5
90272,4.0,41
90280,1.0,12
90280,1.0,12
90280,1.0,12
90312,0.0,5
90352,1.0,12
90352,1.0,12
90376,1.0,12
90376,1.0,12
90376,1.0,12
90392,0.0,5
90392,4.0,41
90392,0.0,5
90408,1.0,12
90416,0.0,3
90416,0.0,5
90416,0.0,5
90432,0.0,5
90440,0.0,3
90472,1.0,12
90488,1.0,12
90496,1.0,10
90528,1.0,12
90536,0.0,5
90536,1.0,12
90552,4.0,41
90552,1.0,17
90568,0.0,5
90576,0.0,5
90600,2.0,24
90624,1.0,17
90632,1.0,12
90640,0.0,5
90648,1.0,12
90648,1.0,12
90664,1.0,12
90672,0.0,5
90672,1.0,12
90680,0.0,5
90688,0.0,5
90712,0.0,5
90760,3.0,36
90760,1.0,12
90768,1.0,12
90776,1.0,12
90784,1.0,12
90800,0.0,5
90808,0.0,5
90808,1.0,12
90824,0.0,5
90848,0.0,5
90856,1.0,12
90872,1.0,12
90896,0.0,5
90896,0.0,3
90896,1.0,12
90904,1.0,12
90904,3.0,32
90944,0.0,5
90944,1.0,12
90952,3.0,41
90984,0.0,5
90992,1.0,12
90992,1.0,12
90992,1.0,12
91000,1.0,12
91016,0.0,3
91024,0.0,5
91040,1.0,12
91056,2.0,29
91088,1.0,12
91096,1.0,12
91112,1.0,12
91120,1.0,12
91144,2.0,24
91152,1.0,12
91184,1.0,12
91192,1.0,12
91208,0.0,3
91216,1.0,12
91232,1.0,10
91240,1.0,12
91256,0.0,3
91272,1.0,10
91296,2.0,23
91312,1.0,12
91320,1.0,10
91320,0.0,3
91352,0.0,5
91352,4.0,45
91376,0.0,3
91392,2.0,23
91392,1.0,15
91400,4.0,45
91416,0.0,3
91416,1.0,12
91432,0.0,5
91440,0.0,5
91448,1.0,12
91472,1.0,12
91472,0.0,5
91504,2.0,23
91512,1.0,12
91528,0.0,3
91536,1.0,12
91536,1.0,15
91544,3.0,36
91544,1.0,12
91552,1.0,10
91552,0.0,5
91560,0.0,3
91568,1.0,12
91624,1.0,12
91640,1.0,12
91648,1.0,12
91648,1.0,12
91648,1.0,10
91664,1.0,16
91672,1.0,16
91688,0.0,5
91704,0.0,5
91728,1.0,10
91744,1.0,13
91744,1.0,12
91752,1.0,16
91768,0.0,3
91784,1.0,12
91784,0.0,5
91800,1.0,12
91808,0.0,5
91848,1.0,12
91848,1.0,15
91856,2.0,23
91864,1.0,10
91872,0.0,3
91880,1.0,12
91888,0.0,3
91888,4.0,41
91904,1.0,12
91920,1.0,15
91928,1.0,10
91944,0.0,3
91976,1.0,12
91984,1.0,12
91984,0.0,5
91984,1.0,12
91992,1.0,17
92000,1.0,12
92024,1.0,12
92024,0.0,5
92032,0.0,5
92056,2.0,23
92072,1.0,12
92080,1.0,12
92096,1.0,12
92120,1.0,12
92120,1.0,12
92128,1.0,12
92168,0.0,5
92176,1.0,13
92176,2.0,24
92192,0.0,3
92192,1.0,17
92216,0.0,5
92216,0.0,5
92216,1.0,17
92232,0.0,5
92256,0.0,5
92256,0.0,5
92280,2.0,23
92288,1.0,12
92296,0.0,5
92304,2.0,23
92304,2.0,23
92312,1.0,12
92328,0.0,5
92328,1.0,12
92344,0.0,5
92416,1.0,17
92424,1.0,12
92440,1.0,12
92448,2.0,24
92456,0.0,5
92464,1.0,17
92480,0.0,5
92488,0.0,5
92504,2.0,25
92552,1.0,12
92560,1.0,17
92576,1.0,12
92584,1.0,12
92600,1.0,12
92616,0.0,5
92624,0.0,5
92624,4.0,41
92640,4.0,41
92648,2.0,23
92648,1.0,12
92656,1.0,12
92688,0.0,5
92712,1.0,12
92728,0.0,5
92736,1.0,12
92744,1.0,15
92752,1.0,12
92768,0.0,5
92784,2.0,23
92784,1.0,17
92808,2.0,23
92824,0.0,5
92840,1.0,12
92864,0.0,5
92864,1.0,12
92872,1.0,17
92880,1.0,12
92904,1.0,12
92912,2.0,20
92912,0.0,5
92936,1.0,12
92944,0.0,5
92952,0.0,5
92960,1.0,12
92976,1.0,12
92976,0.0,5
92992,0.0,5
93000,0.0,5
93016,0.0,5
93032,0.0,5
93040,4.0,41
93040,0.0,5
93040,1.0,12
93048,2.0,23
93056,0.0,5
93080,0.0,5
93080,0.0,5
93080,0.0,5
93120,0.0,5
93120,0.0,5
93128,1.0,12
93152,1.0,12
93160,0.0,5
93168,0.0,5
93176,1.0,12
93184,1.0,17
93192,0.0,5
93200,0.0,5
93208,0.0,5
93224,0.0,5
93240,3.0,41
93248,0.0,5
93264,3.0,36
93264,0.0,5
93272,1.0,12
93280,0.0,5
93288,0.0,5
93288,1.0,12
93304,0.0,3
93304,2.0,23
93312,0.0,5
93384,2.0,23
93400,1.0,12
93400,1.0,12
93400,1.0,17
93408,1.0,12
93448,2.0,23
93472,2.0,23
93488,0.0,5
93496,1.0,12
93504,1.0,12
93536,0.0,5
93584,2.0,23
93584,1.0,12
93600,1.0,12
93624,0.0,5
93664,4.0,47
93680,1.0,12
93688,0.0,3
93696,1.0,12
93712,4.0,41
93720,2.0,23
93720,1.0,12
93760,4.0,45
93760,3.0,36
93784,0.0,3
93784,1.0,12
93808,1.0,12
93816,1.0,12
93816,1.0,12
93824,0.0,5
93864,2.0,23
93880,2.0,23
93896,1.0,17
93904,0.0,5
93912,1.0,12
93920,1.0,12
93976,2.0,24
94000,2.0,24
94016,1.0,17
94016,1.0,12
94056,0.0,5
94096,0.0,5
94096,2.0,24
94104,2.0,24
94136,1.0,17
94144,0.0,5
94168,2.0,24
94176,4.0,45
94176,0.0,5
94192,1.0,12
94192,1.0,12
94208,4.0,39
94216,0.0,5
94264,1.0,12
94288,1.0,12
94312,1.0,12
94336,1.0,16
94360,1.0,12
94376,4.0,45
94376,2.0,23
94384,1.0,12
94408,1.0,12
94424,0.0,5
94432,1.0,12
94464,1.0,13
94472,4.0,41
94472,0.0,5
94472,1.0,12
94472,1.0,12
94504,3.0,41
94544,1.0,10
94568,1.0,12
94568,1.0,12
94592,0.0,3
94600,2.0,24
94608,0.0,5
94624,2.0,25
94664,2.0,24
94664,0.0,5
94688,2.0,23
94688,1.0,12
94760,3.0,36
94784,1.0,12
94800,1.0,17
94824,1.0,17
94824,0.0,5
94856,2.0,24
94856,1.0,12
94896,1.0,12
94896,0.0,5
94904,4.0,45
94920,1.0,12
94928,4.0,41
94952,1.0,12
94960,0.0,5
94968,4.0,45
94992,1.0,12
94992,1.0,12
94992,0.0,5
95000,1.0,12
95008,0.0,5
95016,2.0,24
95032,0.0,5
95048,0.0,5
95072,0.0,5
95088,1.0,12
95112,1.0,12
95144,1.0,12
95192,1.0,13
95240,1.0,12
95240,2.0,30
95288,4.0,45
95288,4.0,41
95336,1.0,12
95336,1.0,12
95352,4.0,45
95384,1.0,12
95392,0.0,5
95400,4.0,41
95432,1.0,12
95432,1.0,12
95464,1.0,10
95472,4.0,45
95488,1.0,12
95496,1.0,12
95512,0.0,5
95552,4.0,45
95560,1.0,12
95584,1.0,12
95592,0.0,5
95592,1.0,12
95608,1.0,12
95624,0.0,5
95648,4.0,45
95656,1.0,12
95664,0.0,5
95688,1.0,12
95688,1.0,12
95688,0.0,5
95704,1.0,12
95728,0.0,5
95728,0.0,5
95760,1.0,12
95760,4.0,41
95768,0.0,5
95784,1.0,12
95792,4.0,45
95800,1.0,12
95824,1.0,12
95856,1.0,12
95864,1.0,12
95888,1.0,12
95896,1.0,17
95920,1.0,12
95936,0.0,5
95952,1.0,12
95960,0.0,5
95960,1.0,12
95984,1.0,12
95984,0.0,3
95984,0.0,3
96016,4.0,45
96024,0.0,5
96056,0.0,5
96072,1.0,17
96096,0.0,5
96112,0.0,5
96136,2.0,23
96136,0.0,5
96152,4.0,46
96152,0.0,5
96168,2.0,23
96176,0.0,5
96176,2.0,24
96176,0.0,3
96192,0.0,5
96208,2.0,23
96208,5.0,51
96216,0.0,5
96264,1.0,12
96312,1.0,12
96320,1.0,16
96344,1.0,17
96360,2.0,23
96360,1.0,12
96408,1.0,12
96416,1.0,12
96424,3.0,36
96448,0.0,5
96448,2.0,30
96464,0.0,5
96464,3.0,36
96544,1.0,12
96544,1.0,12
96600,2.0,23
96640,1.0,12
96656,2.0,24
96664,0.0,3
96688,4.0,41
96720,4.0,45
96752,1.0,12
96760,5.0,52
96784,1.0,12
96792,1.0,16
96816,1.0,12
96824,4.0,45
96848,1.0,12
96856,1.0,12
96880,1.0,12
96888,1.0,12
96896,0.0,5
96896,1.0,10
96904,4.0,45
96920,1.0,12
96920,0.0,5
96928,0.0,5
96928,4.0,41
96936,0.0,5
96960,0.0,5
96968,0.0,5
96992,1.0,12
97000,1.0,12
97008,0.0,5
97024,1.0,12
97032,0.0,5
97056,1.0,12
97120,1.0,12
97128,1.0,12
97160,0.0,5
97192,2.0,23
97200,0.0,5
97208,4.0,45
97208,3.0,36
97224,1.0,12
97240,0.0,5
97248,0.0,5
97288,3.0,36
97288,1.0,12
97304,1.0,12
97304,4.0,46
97328,0.0,5
97344,3.0,36
97368,0.0,5
97384,1.0,12
97400,1.0,12
97408,2.0,23
97408,0.0,5
97424,0.0,5
97424,2.0,23
97440,0.0,5
97440,1.0,12
97448,0.0,5
97448,0.0,5
97464,0.0,5
97464,0.0,5
97480,0.0,5
97480,0.0,5
97488,2.0,30
97488,0.0,5
97488,0.0,5
97488,2.0,23
97504,0.0,5
97512,0.0,3
97520,0.0,5
97520,0.0,5
97528,0.0,5
97528,0.0,5
97544,0.0,5
97560,0.0,5
97560,0.0,5
97584,0.0,5
97600,0.0,5
97608,1.0,12
97608,0.0,3
97624,1.0,12
97624,1.0,17
97640,0.0,5
97648,0.0,5
97648,2.0,23
97648,0.0,3
97664,1.0,17
97664,0.0,5
97680,0.0,5
97688,0.0,5
97704,1.0,12
97720,0.0,5
97744,1.0,12
97840,1.0,12
97848,2.0,23
97872,0.0,3
97888,4.0,41
97888,2.0,23
97912,0.0,3
97968,1.0,16
97968,1.0,12
98008,4.0,45
98008,1.0,12
98024,4.0,45
98048,0.0,5
98048,4.0,45
98064,1.0,12
98064,1.0,12
98072,2.0,23
98080,4.0,45
98088,0.0,5
98104,0.0,5
98120,1.0,12
98120,0.0,5
98144,1.0,12
98168,1.0,12
98184,0.0,5
98184,1.0,12
98200,1.0,12
98200,1.0,17
98216,1.0,12
98216,1.0,12
98248,1.0,10
98272,0.0,3
98280,1.0,12
98280,1.0,12
98296,1.0,12
98312,0.0,5
98320,0.0,5
98336,0.0,5
98368,4.0,45
98384,2.0,23
98408,0.0,5
98432,1.0,12
98456,2.0,30
98456,2.0,30
98480,2.0,25
98496,2.0,23
98504,1.0,12
98528,1.0,12
98552,1.0,12
98576,1.0,12
98600,1.0,18
98600,1.0,12
98624,1.0,12
98632,1.0,17
98648,1.0,12
98672,1.0,12
98672,0.0,5
98680,4.0,45
98696,1.0,12
98720,1.0,12
98744,4.0,45
98744,1.0,12
98768,1.0,12
98776,1.0,12
98784,2.0,23
98808,0.0,5
98816,1.0,12
98840,1.0,12
98872,1.0,12
98880,0.0,5
98880,2.0,23
98880,1.0,12
98920,1.0,13
98920,0.0,5
98920,0.0,5
98936,2.0,24
98976,1.0,12
98976,0.0,5
99016,1.0,12
99016,0.0,5
99016,1.0,12
99040,4.0,46
99056,2.0,23
99056,0.0,5
99080,0.0,5
99096,3.0,36
99096,0.0,5
99104,2.0,23
99112,1.0,12
99136,0.0,5
99152,0.0,5
99152,1.0,12
99160,2.0,23
99192,0.0,5
99200,1.0,12
99200,2.0,23
99232,1.0,12
99240,0.0,5
99240,0.0,5
99256,1.0,12
99264,2.0,23
99288,1.0,12
99328,0.0,5
99328,1.0,12
99336,1.0,12
99336,1.0,10
99336,2.0,23
99336,1.0,12
99360,1.0,12
99376,0.0,5
99384,3.0,36
99416,1.0,10
99424,1.0,12
99424,1.0,12
99432,1.0,12
99432,1.0,12
99440,1.0,10
99456,0.0,3
99456,0.0,5
99480,1.0,12
99512,1.0,10
99520,1.0,12
99552,1.0,12
99560,1.0,10
99592,0.0,5
99608,1.0,12
99656,2.0,29
99696,3.0,40
99696,0.0,5
99736,0.0,5
99752,2.0,24
99776,1.0,10
99776,0.0,5
99792,0.0,5
99800,0.0,3
99816,2.0,28
99816,0.0,5
99832,0.0,5
99840,0.0,5
99848,5.0,51
99856,0.0,5
99864,5.0,51
99872,0.0,5
99880,0.0,5
99888,0.0,5
99896,0.0,5
99912,0.0,5
99920,0.0,5
99928,0.0,5
99928,5.0,51
99936,4.0,41
99952,0.0,5
99960,0.0,3
99968,0.0,5
99968,0.0,5
99992,0.0,5
100000,2.0,23
